ISO-10303-21;
HEADER;
FILE_DESCRIPTION(('FreeCAD Model'),'2;1');
FILE_NAME('Open CASCADE Shape Model','2026-10-10T17:41:35',(''),(''),
  'Open CASCADE STEP processor 7.8','FreeCAD','Unknown');
FILE_SCHEMA(('AUTOMOTIVE_DESIGN { 1 0 10303 214 1 1 1 1 }'));
ENDSEC;
DATA;
#1 = APPLICATION_PROTOCOL_DEFINITION('international standard',
  'automotive_design',2000,#2);
#2 = APPLICATION_CONTEXT(
  'core data for automotive mechanical design processes');
#3 = SHAPE_DEFINITION_REPRESENTATION(#4,#10);
#4 = PRODUCT_DEFINITION_SHAPE('','',#5);
#5 = PRODUCT_DEFINITION('design','',#6,#9);
#6 = PRODUCT_DEFINITION_FORMATION('','',#7);
#7 = PRODUCT('PiSugar 3 Plus','PiSugar 3 Plus','',(#8));
#8 = PRODUCT_CONTEXT('',#2,'mechanical');
#9 = PRODUCT_DEFINITION_CONTEXT('part definition',#2,'design');
#10 = SHAPE_REPRESENTATION('',(#11,#15,#19,#23,#27),#31);
#11 = AXIS2_PLACEMENT_3D('',#12,#13,#14);
#12 = CARTESIAN_POINT('',(0.,0.,0.));
#13 = DIRECTION('',(0.,0.,1.));
#14 = DIRECTION('',(1.,0.,-0.));
#15 = AXIS2_PLACEMENT_3D('',#16,#17,#18);
#16 = CARTESIAN_POINT('',(52.5,28.,0.));
#17 = DIRECTION('',(0.,-1.,2.22044604925E-16));
#18 = DIRECTION('',(1.,0.,0.));
#19 = AXIS2_PLACEMENT_3D('',#20,#21,#22);
#20 = CARTESIAN_POINT('',(0.,0.,0.));
#21 = DIRECTION('',(0.,0.,1.));
#22 = DIRECTION('',(1.,0.,0.));
#23 = AXIS2_PLACEMENT_3D('',#24,#25,#26);
#24 = CARTESIAN_POINT('',(0.,0.,0.));
#25 = DIRECTION('',(0.,0.,1.));
#26 = DIRECTION('',(1.,0.,0.));
#27 = AXIS2_PLACEMENT_3D('',#28,#29,#30);
#28 = CARTESIAN_POINT('',(0.,0.,0.));
#29 = DIRECTION('',(0.,0.,1.));
#30 = DIRECTION('',(1.,0.,0.));
#31 = ( GEOMETRIC_REPRESENTATION_CONTEXT(3) 
GLOBAL_UNCERTAINTY_ASSIGNED_CONTEXT((#35)) GLOBAL_UNIT_ASSIGNED_CONTEXT(
(#32,#33,#34)) REPRESENTATION_CONTEXT('Context #1',
  '3D Context with UNIT and UNCERTAINTY') );
#32 = ( LENGTH_UNIT() NAMED_UNIT(*) SI_UNIT(.MILLI.,.METRE.) );
#33 = ( NAMED_UNIT(*) PLANE_ANGLE_UNIT() SI_UNIT($,.RADIAN.) );
#34 = ( NAMED_UNIT(*) SI_UNIT($,.STERADIAN.) SOLID_ANGLE_UNIT() );
#35 = UNCERTAINTY_MEASURE_WITH_UNIT(LENGTH_MEASURE(2.E-07),#32,
  'distance_accuracy_value','confusion accuracy');
#36 = PRODUCT_RELATED_PRODUCT_CATEGORY('part',$,(#7));
#37 = SHAPE_DEFINITION_REPRESENTATION(#38,#44);
#38 = PRODUCT_DEFINITION_SHAPE('','',#39);
#39 = PRODUCT_DEFINITION('design','',#40,#43);
#40 = PRODUCT_DEFINITION_FORMATION('','',#41);
#41 = PRODUCT('PiSugar 3 Plus board (vendor)',
  'PiSugar 3 Plus board (vendor)','',(#42));
#42 = PRODUCT_CONTEXT('',#2,'mechanical');
#43 = PRODUCT_DEFINITION_CONTEXT('part definition',#2,'design');
#44 = ADVANCED_BREP_SHAPE_REPRESENTATION('',(#11,#45),#15646);
#45 = MANIFOLD_SOLID_BREP('',#46);
#46 = CLOSED_SHELL('',(#47,#89,#131,#173,#215,#257,#299,#341,#383,#425,
    #467,#509,#551,#593,#635,#677,#719,#761,#803,#845,#887,#929,#971,
    #1013,#1055,#1097,#1139,#1181,#1223,#1265,#1307,#1349,#1391,#1433,
    #1475,#1517,#1559,#1601,#1643,#1685,#1727,#1769,#1811,#1853,#1895,
    #1937,#1979,#2021,#2063,#2105,#2147,#2189,#2231,#2275,#2317,#2359,
    #2401,#2443,#2475,#2517,#2559,#2601,#2643,#2685,#2727,#2769,#2811,
    #2885,#2959,#5479,#5616,#5647,#5755,#5786,#5817,#5862,#5893,#5924,
    #5955,#6435,#6447,#6459,#6471,#6483,#6501,#6521,#6539,#6559,#6577,
    #6597,#6615,#6635,#6653,#6671,#6689,#6707,#6738,#6769,#6800,#6910,
    #6930,#6942,#6954,#6967,#6985,#7001,#7019,#7033,#7051,#7065,#7083,
    #7097,#7115,#7129,#7161,#7185,#7210,#7234,#7259,#7283,#7308,#7325,
    #7341,#7381,#7435,#7466,#7497,#7528,#7630,#7642,#7654,#7667,#7680,
    #7711,#7735,#7759,#7783,#7807,#7831,#7855,#7872,#7888,#7900,#7924,
    #7955,#7972,#7996,#8152,#8169,#8186,#8203,#8220,#8237,#8254,#8266,
    #8283,#8300,#8317,#8334,#8351,#8368,#8380,#8402,#8419,#8436,#8448,
    #8479,#8503,#8527,#8544,#8584,#8615,#8639,#8663,#8680,#8720,#8742,
    #8759,#8776,#8788,#8810,#8827,#8844,#8856,#8868,#8880,#8892,#8904,
    #8916,#8928,#8940,#8952,#8964,#8976,#8988,#9000,#9012,#9024,#9036,
    #9048,#9060,#9072,#9084,#9096,#9108,#9120,#9132,#9144,#9156,#9168,
    #9180,#9192,#9204,#9216,#9228,#9240,#9258,#9270,#9288,#9308,#9326,
    #9346,#9364,#9384,#9402,#9422,#9440,#9460,#9470,#9488,#9508,#9526,
    #9536,#9554,#9564,#9582,#9592,#9610,#9620,#9638,#9648,#9666,#9676,
    #9694,#9704,#9722,#9732,#9750,#9760,#9778,#9788,#9806,#9816,#9834,
    #9844,#9875,#9899,#9923,#9940,#9971,#9995,#10019,#10036,#10048,
    #10079,#10103,#10127,#10144,#10156,#10187,#10211,#10235,#10252,
    #10283,#10307,#10331,#10348,#10360,#10391,#10415,#10439,#10456,
    #10468,#10498,#10522,#10539,#10550,#10562,#10586,#10610,#10627,
    #10639,#10663,#10687,#10704,#10716,#10747,#10771,#10795,#10812,
    #10824,#10855,#10879,#10903,#10920,#10932,#10963,#10987,#11011,
    #11028,#11040,#11064,#11088,#11105,#11129,#11153,#11170,#11201,
    #11225,#11249,#11266,#11278,#11309,#11333,#11357,#11374,#11386,
    #11417,#11441,#11465,#11482,#11494,#11525,#11549,#11573,#11590,
    #11602,#11633,#11657,#11681,#11698,#11710,#11741,#11765,#11789,
    #11806,#11818,#11849,#11873,#11897,#11914,#11926,#11957,#11981,
    #12005,#12022,#12034,#12065,#12089,#12113,#12130,#12142,#12173,
    #12197,#12221,#12238,#12250,#12281,#12305,#12329,#12346,#12358,
    #12389,#12413,#12437,#12454,#12466,#12497,#12521,#12545,#12562,
    #12574,#12605,#12629,#12653,#12670,#12682,#12713,#12737,#12761,
    #12778,#12790,#12821,#12845,#12869,#12886,#12898,#12929,#12953,
    #12977,#12994,#13006,#13037,#13061,#13085,#13102,#13114,#13145,
    #13169,#13193,#13210,#13222,#13253,#13277,#13301,#13318,#13330,
    #13361,#13385,#13409,#13426,#13438,#13469,#13493,#13517,#13534,
    #13546,#13577,#13601,#13625,#13642,#13654,#13685,#13709,#13733,
    #13750,#13762,#13793,#13817,#13841,#13858,#13870,#13901,#13925,
    #13949,#13966,#13978,#14009,#14033,#14057,#14074,#14086,#14117,
    #14141,#14165,#14182,#14194,#14225,#14249,#14273,#14290,#14302,
    #14333,#14357,#14381,#14398,#14410,#14441,#14465,#14489,#14506,
    #14518,#14549,#14573,#14597,#14614,#14626,#14657,#14681,#14705,
    #14722,#14734,#14765,#14789,#14813,#14830,#14842,#14873,#14897,
    #14921,#14938,#14950,#14981,#15005,#15029,#15046,#15058,#15089,
    #15113,#15137,#15154,#15166,#15197,#15221,#15245,#15262,#15274,
    #15305,#15329,#15353,#15370,#15382,#15394,#15406,#15418,#15430,
    #15461,#15485,#15509,#15526,#15538,#15569,#15593,#15617,#15634));
#47 = ADVANCED_FACE('',(#48),#84,.T.);
#48 = FACE_BOUND('',#49,.T.);
#49 = EDGE_LOOP('',(#50,#61,#69,#78));
#50 = ORIENTED_EDGE('',*,*,#51,.F.);
#51 = EDGE_CURVE('',#52,#54,#56,.T.);
#52 = VERTEX_POINT('',#53);
#53 = CARTESIAN_POINT('',(-24.13,3.,23.88));
#54 = VERTEX_POINT('',#55);
#55 = CARTESIAN_POINT('',(-24.13,3.,22.58));
#56 = CIRCLE('',#57,0.65);
#57 = AXIS2_PLACEMENT_3D('',#58,#59,#60);
#58 = CARTESIAN_POINT('',(-24.13,3.,23.23));
#59 = DIRECTION('',(0.,1.,0.));
#60 = DIRECTION('',(0.,-0.,1.));
#61 = ORIENTED_EDGE('',*,*,#62,.T.);
#62 = EDGE_CURVE('',#52,#63,#65,.T.);
#63 = VERTEX_POINT('',#64);
#64 = CARTESIAN_POINT('',(-24.13,1.,23.88));
#65 = LINE('',#66,#67);
#66 = CARTESIAN_POINT('',(-24.13,3.,23.88));
#67 = VECTOR('',#68,1.);
#68 = DIRECTION('',(-0.,-1.,-0.));
#69 = ORIENTED_EDGE('',*,*,#70,.F.);
#70 = EDGE_CURVE('',#71,#63,#73,.T.);
#71 = VERTEX_POINT('',#72);
#72 = CARTESIAN_POINT('',(-24.13,1.,22.58));
#73 = CIRCLE('',#74,0.65);
#74 = AXIS2_PLACEMENT_3D('',#75,#76,#77);
#75 = CARTESIAN_POINT('',(-24.13,1.,23.23));
#76 = DIRECTION('',(0.,-1.,0.));
#77 = DIRECTION('',(0.,0.,1.));
#78 = ORIENTED_EDGE('',*,*,#79,.F.);
#79 = EDGE_CURVE('',#54,#71,#80,.T.);
#80 = LINE('',#81,#82);
#81 = CARTESIAN_POINT('',(-24.13,3.,22.58));
#82 = VECTOR('',#83,1.);
#83 = DIRECTION('',(-0.,-1.,-0.));
#84 = CYLINDRICAL_SURFACE('',#85,0.65);
#85 = AXIS2_PLACEMENT_3D('',#86,#87,#88);
#86 = CARTESIAN_POINT('',(-24.13,3.,23.23));
#87 = DIRECTION('',(-0.,-1.,-0.));
#88 = DIRECTION('',(0.,0.,-1.));
#89 = ADVANCED_FACE('',(#90),#126,.T.);
#90 = FACE_BOUND('',#91,.T.);
#91 = EDGE_LOOP('',(#92,#103,#111,#120));
#92 = ORIENTED_EDGE('',*,*,#93,.F.);
#93 = EDGE_CURVE('',#94,#96,#98,.T.);
#94 = VERTEX_POINT('',#95);
#95 = CARTESIAN_POINT('',(24.13,3.,26.420000000001));
#96 = VERTEX_POINT('',#97);
#97 = CARTESIAN_POINT('',(24.13,3.,25.120000000001));
#98 = CIRCLE('',#99,0.65);
#99 = AXIS2_PLACEMENT_3D('',#100,#101,#102);
#100 = CARTESIAN_POINT('',(24.13,3.,25.770000000001));
#101 = DIRECTION('',(0.,1.,0.));
#102 = DIRECTION('',(0.,-0.,1.));
#103 = ORIENTED_EDGE('',*,*,#104,.T.);
#104 = EDGE_CURVE('',#94,#105,#107,.T.);
#105 = VERTEX_POINT('',#106);
#106 = CARTESIAN_POINT('',(24.13,1.,26.420000000001));
#107 = LINE('',#108,#109);
#108 = CARTESIAN_POINT('',(24.13,3.,26.420000000001));
#109 = VECTOR('',#110,1.);
#110 = DIRECTION('',(-0.,-1.,-0.));
#111 = ORIENTED_EDGE('',*,*,#112,.F.);
#112 = EDGE_CURVE('',#113,#105,#115,.T.);
#113 = VERTEX_POINT('',#114);
#114 = CARTESIAN_POINT('',(24.13,1.,25.120000000001));
#115 = CIRCLE('',#116,0.65);
#116 = AXIS2_PLACEMENT_3D('',#117,#118,#119);
#117 = CARTESIAN_POINT('',(24.13,1.,25.770000000001));
#118 = DIRECTION('',(0.,-1.,0.));
#119 = DIRECTION('',(0.,0.,1.));
#120 = ORIENTED_EDGE('',*,*,#121,.F.);
#121 = EDGE_CURVE('',#96,#113,#122,.T.);
#122 = LINE('',#123,#124);
#123 = CARTESIAN_POINT('',(24.13,3.,25.120000000001));
#124 = VECTOR('',#125,1.);
#125 = DIRECTION('',(-0.,-1.,-0.));
#126 = CYLINDRICAL_SURFACE('',#127,0.65);
#127 = AXIS2_PLACEMENT_3D('',#128,#129,#130);
#128 = CARTESIAN_POINT('',(24.13,3.,25.770000000001));
#129 = DIRECTION('',(-0.,-1.,-0.));
#130 = DIRECTION('',(0.,0.,-1.));
#131 = ADVANCED_FACE('',(#132),#168,.T.);
#132 = FACE_BOUND('',#133,.T.);
#133 = EDGE_LOOP('',(#134,#145,#153,#162));
#134 = ORIENTED_EDGE('',*,*,#135,.F.);
#135 = EDGE_CURVE('',#136,#138,#140,.T.);
#136 = VERTEX_POINT('',#137);
#137 = CARTESIAN_POINT('',(21.59,3.,26.420000000001));
#138 = VERTEX_POINT('',#139);
#139 = CARTESIAN_POINT('',(21.59,3.,25.120000000001));
#140 = CIRCLE('',#141,0.65);
#141 = AXIS2_PLACEMENT_3D('',#142,#143,#144);
#142 = CARTESIAN_POINT('',(21.59,3.,25.770000000001));
#143 = DIRECTION('',(0.,1.,0.));
#144 = DIRECTION('',(0.,-0.,1.));
#145 = ORIENTED_EDGE('',*,*,#146,.T.);
#146 = EDGE_CURVE('',#136,#147,#149,.T.);
#147 = VERTEX_POINT('',#148);
#148 = CARTESIAN_POINT('',(21.59,1.,26.420000000001));
#149 = LINE('',#150,#151);
#150 = CARTESIAN_POINT('',(21.59,3.,26.420000000001));
#151 = VECTOR('',#152,1.);
#152 = DIRECTION('',(-0.,-1.,-0.));
#153 = ORIENTED_EDGE('',*,*,#154,.F.);
#154 = EDGE_CURVE('',#155,#147,#157,.T.);
#155 = VERTEX_POINT('',#156);
#156 = CARTESIAN_POINT('',(21.59,1.,25.120000000001));
#157 = CIRCLE('',#158,0.65);
#158 = AXIS2_PLACEMENT_3D('',#159,#160,#161);
#159 = CARTESIAN_POINT('',(21.59,1.,25.770000000001));
#160 = DIRECTION('',(0.,-1.,0.));
#161 = DIRECTION('',(0.,0.,1.));
#162 = ORIENTED_EDGE('',*,*,#163,.F.);
#163 = EDGE_CURVE('',#138,#155,#164,.T.);
#164 = LINE('',#165,#166);
#165 = CARTESIAN_POINT('',(21.59,3.,25.120000000001));
#166 = VECTOR('',#167,1.);
#167 = DIRECTION('',(-0.,-1.,-0.));
#168 = CYLINDRICAL_SURFACE('',#169,0.65);
#169 = AXIS2_PLACEMENT_3D('',#170,#171,#172);
#170 = CARTESIAN_POINT('',(21.59,3.,25.770000000001));
#171 = DIRECTION('',(-0.,-1.,-0.));
#172 = DIRECTION('',(0.,0.,-1.));
#173 = ADVANCED_FACE('',(#174),#210,.T.);
#174 = FACE_BOUND('',#175,.T.);
#175 = EDGE_LOOP('',(#176,#187,#195,#204));
#176 = ORIENTED_EDGE('',*,*,#177,.F.);
#177 = EDGE_CURVE('',#178,#180,#182,.T.);
#178 = VERTEX_POINT('',#179);
#179 = CARTESIAN_POINT('',(21.59,3.,23.880000000001));
#180 = VERTEX_POINT('',#181);
#181 = CARTESIAN_POINT('',(21.59,3.,22.580000000001));
#182 = CIRCLE('',#183,0.65);
#183 = AXIS2_PLACEMENT_3D('',#184,#185,#186);
#184 = CARTESIAN_POINT('',(21.59,3.,23.230000000001));
#185 = DIRECTION('',(0.,1.,0.));
#186 = DIRECTION('',(0.,-0.,1.));
#187 = ORIENTED_EDGE('',*,*,#188,.T.);
#188 = EDGE_CURVE('',#178,#189,#191,.T.);
#189 = VERTEX_POINT('',#190);
#190 = CARTESIAN_POINT('',(21.59,1.,23.880000000001));
#191 = LINE('',#192,#193);
#192 = CARTESIAN_POINT('',(21.59,3.,23.880000000001));
#193 = VECTOR('',#194,1.);
#194 = DIRECTION('',(-0.,-1.,-0.));
#195 = ORIENTED_EDGE('',*,*,#196,.F.);
#196 = EDGE_CURVE('',#197,#189,#199,.T.);
#197 = VERTEX_POINT('',#198);
#198 = CARTESIAN_POINT('',(21.59,1.,22.580000000001));
#199 = CIRCLE('',#200,0.65);
#200 = AXIS2_PLACEMENT_3D('',#201,#202,#203);
#201 = CARTESIAN_POINT('',(21.59,1.,23.230000000001));
#202 = DIRECTION('',(0.,-1.,0.));
#203 = DIRECTION('',(0.,0.,1.));
#204 = ORIENTED_EDGE('',*,*,#205,.F.);
#205 = EDGE_CURVE('',#180,#197,#206,.T.);
#206 = LINE('',#207,#208);
#207 = CARTESIAN_POINT('',(21.59,3.,22.580000000001));
#208 = VECTOR('',#209,1.);
#209 = DIRECTION('',(-0.,-1.,-0.));
#210 = CYLINDRICAL_SURFACE('',#211,0.65);
#211 = AXIS2_PLACEMENT_3D('',#212,#213,#214);
#212 = CARTESIAN_POINT('',(21.59,3.,23.230000000001));
#213 = DIRECTION('',(-0.,-1.,-0.));
#214 = DIRECTION('',(0.,0.,-1.));
#215 = ADVANCED_FACE('',(#216),#252,.T.);
#216 = FACE_BOUND('',#217,.T.);
#217 = EDGE_LOOP('',(#218,#229,#237,#246));
#218 = ORIENTED_EDGE('',*,*,#219,.F.);
#219 = EDGE_CURVE('',#220,#222,#224,.T.);
#220 = VERTEX_POINT('',#221);
#221 = CARTESIAN_POINT('',(19.05,3.,26.420000000001));
#222 = VERTEX_POINT('',#223);
#223 = CARTESIAN_POINT('',(19.05,3.,25.120000000001));
#224 = CIRCLE('',#225,0.65);
#225 = AXIS2_PLACEMENT_3D('',#226,#227,#228);
#226 = CARTESIAN_POINT('',(19.05,3.,25.770000000001));
#227 = DIRECTION('',(0.,1.,0.));
#228 = DIRECTION('',(0.,-0.,1.));
#229 = ORIENTED_EDGE('',*,*,#230,.T.);
#230 = EDGE_CURVE('',#220,#231,#233,.T.);
#231 = VERTEX_POINT('',#232);
#232 = CARTESIAN_POINT('',(19.05,1.,26.420000000001));
#233 = LINE('',#234,#235);
#234 = CARTESIAN_POINT('',(19.05,3.,26.420000000001));
#235 = VECTOR('',#236,1.);
#236 = DIRECTION('',(-0.,-1.,-0.));
#237 = ORIENTED_EDGE('',*,*,#238,.F.);
#238 = EDGE_CURVE('',#239,#231,#241,.T.);
#239 = VERTEX_POINT('',#240);
#240 = CARTESIAN_POINT('',(19.05,1.,25.120000000001));
#241 = CIRCLE('',#242,0.65);
#242 = AXIS2_PLACEMENT_3D('',#243,#244,#245);
#243 = CARTESIAN_POINT('',(19.05,1.,25.770000000001));
#244 = DIRECTION('',(0.,-1.,0.));
#245 = DIRECTION('',(0.,0.,1.));
#246 = ORIENTED_EDGE('',*,*,#247,.F.);
#247 = EDGE_CURVE('',#222,#239,#248,.T.);
#248 = LINE('',#249,#250);
#249 = CARTESIAN_POINT('',(19.05,3.,25.120000000001));
#250 = VECTOR('',#251,1.);
#251 = DIRECTION('',(-0.,-1.,-0.));
#252 = CYLINDRICAL_SURFACE('',#253,0.65);
#253 = AXIS2_PLACEMENT_3D('',#254,#255,#256);
#254 = CARTESIAN_POINT('',(19.05,3.,25.770000000001));
#255 = DIRECTION('',(-0.,-1.,-0.));
#256 = DIRECTION('',(0.,0.,-1.));
#257 = ADVANCED_FACE('',(#258),#294,.T.);
#258 = FACE_BOUND('',#259,.T.);
#259 = EDGE_LOOP('',(#260,#271,#279,#288));
#260 = ORIENTED_EDGE('',*,*,#261,.F.);
#261 = EDGE_CURVE('',#262,#264,#266,.T.);
#262 = VERTEX_POINT('',#263);
#263 = CARTESIAN_POINT('',(19.05,3.,23.880000000001));
#264 = VERTEX_POINT('',#265);
#265 = CARTESIAN_POINT('',(19.05,3.,22.580000000001));
#266 = CIRCLE('',#267,0.65);
#267 = AXIS2_PLACEMENT_3D('',#268,#269,#270);
#268 = CARTESIAN_POINT('',(19.05,3.,23.230000000001));
#269 = DIRECTION('',(0.,1.,0.));
#270 = DIRECTION('',(0.,-0.,1.));
#271 = ORIENTED_EDGE('',*,*,#272,.T.);
#272 = EDGE_CURVE('',#262,#273,#275,.T.);
#273 = VERTEX_POINT('',#274);
#274 = CARTESIAN_POINT('',(19.05,1.,23.880000000001));
#275 = LINE('',#276,#277);
#276 = CARTESIAN_POINT('',(19.05,3.,23.880000000001));
#277 = VECTOR('',#278,1.);
#278 = DIRECTION('',(-0.,-1.,-0.));
#279 = ORIENTED_EDGE('',*,*,#280,.F.);
#280 = EDGE_CURVE('',#281,#273,#283,.T.);
#281 = VERTEX_POINT('',#282);
#282 = CARTESIAN_POINT('',(19.05,1.,22.580000000001));
#283 = CIRCLE('',#284,0.65);
#284 = AXIS2_PLACEMENT_3D('',#285,#286,#287);
#285 = CARTESIAN_POINT('',(19.05,1.,23.230000000001));
#286 = DIRECTION('',(0.,-1.,0.));
#287 = DIRECTION('',(0.,0.,1.));
#288 = ORIENTED_EDGE('',*,*,#289,.F.);
#289 = EDGE_CURVE('',#264,#281,#290,.T.);
#290 = LINE('',#291,#292);
#291 = CARTESIAN_POINT('',(19.05,3.,22.580000000001));
#292 = VECTOR('',#293,1.);
#293 = DIRECTION('',(-0.,-1.,-0.));
#294 = CYLINDRICAL_SURFACE('',#295,0.65);
#295 = AXIS2_PLACEMENT_3D('',#296,#297,#298);
#296 = CARTESIAN_POINT('',(19.05,3.,23.230000000001));
#297 = DIRECTION('',(-0.,-1.,-0.));
#298 = DIRECTION('',(0.,0.,-1.));
#299 = ADVANCED_FACE('',(#300),#336,.T.);
#300 = FACE_BOUND('',#301,.T.);
#301 = EDGE_LOOP('',(#302,#313,#321,#330));
#302 = ORIENTED_EDGE('',*,*,#303,.F.);
#303 = EDGE_CURVE('',#304,#306,#308,.T.);
#304 = VERTEX_POINT('',#305);
#305 = CARTESIAN_POINT('',(13.97,-2.8,22.355000000001));
#306 = VERTEX_POINT('',#307);
#307 = CARTESIAN_POINT('',(13.97,-2.8,24.105000000001));
#308 = CIRCLE('',#309,0.875);
#309 = AXIS2_PLACEMENT_3D('',#310,#311,#312);
#310 = CARTESIAN_POINT('',(13.97,-2.8,23.230000000001));
#311 = DIRECTION('',(0.,-1.,0.));
#312 = DIRECTION('',(0.,0.,-1.));
#313 = ORIENTED_EDGE('',*,*,#314,.T.);
#314 = EDGE_CURVE('',#304,#315,#317,.T.);
#315 = VERTEX_POINT('',#316);
#316 = CARTESIAN_POINT('',(13.97,-0.8,22.355000000001));
#317 = LINE('',#318,#319);
#318 = CARTESIAN_POINT('',(13.97,-2.8,22.355000000001));
#319 = VECTOR('',#320,1.);
#320 = DIRECTION('',(-0.,1.,0.));
#321 = ORIENTED_EDGE('',*,*,#322,.T.);
#322 = EDGE_CURVE('',#315,#323,#325,.T.);
#323 = VERTEX_POINT('',#324);
#324 = CARTESIAN_POINT('',(13.97,-0.8,24.105000000001));
#325 = CIRCLE('',#326,0.875);
#326 = AXIS2_PLACEMENT_3D('',#327,#328,#329);
#327 = CARTESIAN_POINT('',(13.97,-0.8,23.230000000001));
#328 = DIRECTION('',(0.,-1.,0.));
#329 = DIRECTION('',(0.,0.,-1.));
#330 = ORIENTED_EDGE('',*,*,#331,.F.);
#331 = EDGE_CURVE('',#306,#323,#332,.T.);
#332 = LINE('',#333,#334);
#333 = CARTESIAN_POINT('',(13.97,-2.8,24.105000000001));
#334 = VECTOR('',#335,1.);
#335 = DIRECTION('',(-0.,1.,0.));
#336 = CYLINDRICAL_SURFACE('',#337,0.875);
#337 = AXIS2_PLACEMENT_3D('',#338,#339,#340);
#338 = CARTESIAN_POINT('',(13.97,-2.8,23.230000000001));
#339 = DIRECTION('',(-0.,1.,0.));
#340 = DIRECTION('',(0.,0.,1.));
#341 = ADVANCED_FACE('',(#342),#378,.T.);
#342 = FACE_BOUND('',#343,.T.);
#343 = EDGE_LOOP('',(#344,#355,#363,#372));
#344 = ORIENTED_EDGE('',*,*,#345,.F.);
#345 = EDGE_CURVE('',#346,#348,#350,.T.);
#346 = VERTEX_POINT('',#347);
#347 = CARTESIAN_POINT('',(19.05,-2.8,24.895000000001));
#348 = VERTEX_POINT('',#349);
#349 = CARTESIAN_POINT('',(19.05,-2.8,26.645000000001));
#350 = CIRCLE('',#351,0.875);
#351 = AXIS2_PLACEMENT_3D('',#352,#353,#354);
#352 = CARTESIAN_POINT('',(19.05,-2.8,25.770000000001));
#353 = DIRECTION('',(0.,-1.,0.));
#354 = DIRECTION('',(0.,0.,-1.));
#355 = ORIENTED_EDGE('',*,*,#356,.T.);
#356 = EDGE_CURVE('',#346,#357,#359,.T.);
#357 = VERTEX_POINT('',#358);
#358 = CARTESIAN_POINT('',(19.05,-0.8,24.895000000001));
#359 = LINE('',#360,#361);
#360 = CARTESIAN_POINT('',(19.05,-2.8,24.895000000001));
#361 = VECTOR('',#362,1.);
#362 = DIRECTION('',(-0.,1.,0.));
#363 = ORIENTED_EDGE('',*,*,#364,.T.);
#364 = EDGE_CURVE('',#357,#365,#367,.T.);
#365 = VERTEX_POINT('',#366);
#366 = CARTESIAN_POINT('',(19.05,-0.8,26.645000000001));
#367 = CIRCLE('',#368,0.875);
#368 = AXIS2_PLACEMENT_3D('',#369,#370,#371);
#369 = CARTESIAN_POINT('',(19.05,-0.8,25.770000000001));
#370 = DIRECTION('',(0.,-1.,0.));
#371 = DIRECTION('',(0.,0.,-1.));
#372 = ORIENTED_EDGE('',*,*,#373,.F.);
#373 = EDGE_CURVE('',#348,#365,#374,.T.);
#374 = LINE('',#375,#376);
#375 = CARTESIAN_POINT('',(19.05,-2.8,26.645000000001));
#376 = VECTOR('',#377,1.);
#377 = DIRECTION('',(-0.,1.,0.));
#378 = CYLINDRICAL_SURFACE('',#379,0.875);
#379 = AXIS2_PLACEMENT_3D('',#380,#381,#382);
#380 = CARTESIAN_POINT('',(19.05,-2.8,25.770000000001));
#381 = DIRECTION('',(-0.,1.,0.));
#382 = DIRECTION('',(0.,0.,1.));
#383 = ADVANCED_FACE('',(#384),#420,.T.);
#384 = FACE_BOUND('',#385,.T.);
#385 = EDGE_LOOP('',(#386,#397,#405,#414));
#386 = ORIENTED_EDGE('',*,*,#387,.F.);
#387 = EDGE_CURVE('',#388,#390,#392,.T.);
#388 = VERTEX_POINT('',#389);
#389 = CARTESIAN_POINT('',(21.59,-2.8,22.355000000001));
#390 = VERTEX_POINT('',#391);
#391 = CARTESIAN_POINT('',(21.59,-2.8,24.105000000001));
#392 = CIRCLE('',#393,0.875);
#393 = AXIS2_PLACEMENT_3D('',#394,#395,#396);
#394 = CARTESIAN_POINT('',(21.59,-2.8,23.230000000001));
#395 = DIRECTION('',(0.,-1.,0.));
#396 = DIRECTION('',(0.,0.,-1.));
#397 = ORIENTED_EDGE('',*,*,#398,.T.);
#398 = EDGE_CURVE('',#388,#399,#401,.T.);
#399 = VERTEX_POINT('',#400);
#400 = CARTESIAN_POINT('',(21.59,-0.8,22.355000000001));
#401 = LINE('',#402,#403);
#402 = CARTESIAN_POINT('',(21.59,-2.8,22.355000000001));
#403 = VECTOR('',#404,1.);
#404 = DIRECTION('',(-0.,1.,0.));
#405 = ORIENTED_EDGE('',*,*,#406,.T.);
#406 = EDGE_CURVE('',#399,#407,#409,.T.);
#407 = VERTEX_POINT('',#408);
#408 = CARTESIAN_POINT('',(21.59,-0.8,24.105000000001));
#409 = CIRCLE('',#410,0.875);
#410 = AXIS2_PLACEMENT_3D('',#411,#412,#413);
#411 = CARTESIAN_POINT('',(21.59,-0.8,23.230000000001));
#412 = DIRECTION('',(0.,-1.,0.));
#413 = DIRECTION('',(0.,0.,-1.));
#414 = ORIENTED_EDGE('',*,*,#415,.F.);
#415 = EDGE_CURVE('',#390,#407,#416,.T.);
#416 = LINE('',#417,#418);
#417 = CARTESIAN_POINT('',(21.59,-2.8,24.105000000001));
#418 = VECTOR('',#419,1.);
#419 = DIRECTION('',(-0.,1.,0.));
#420 = CYLINDRICAL_SURFACE('',#421,0.875);
#421 = AXIS2_PLACEMENT_3D('',#422,#423,#424);
#422 = CARTESIAN_POINT('',(21.59,-2.8,23.230000000001));
#423 = DIRECTION('',(-0.,1.,0.));
#424 = DIRECTION('',(0.,0.,1.));
#425 = ADVANCED_FACE('',(#426),#462,.T.);
#426 = FACE_BOUND('',#427,.T.);
#427 = EDGE_LOOP('',(#428,#439,#447,#456));
#428 = ORIENTED_EDGE('',*,*,#429,.F.);
#429 = EDGE_CURVE('',#430,#432,#434,.T.);
#430 = VERTEX_POINT('',#431);
#431 = CARTESIAN_POINT('',(19.05,-2.8,22.355000000001));
#432 = VERTEX_POINT('',#433);
#433 = CARTESIAN_POINT('',(19.05,-2.8,24.105000000001));
#434 = CIRCLE('',#435,0.875);
#435 = AXIS2_PLACEMENT_3D('',#436,#437,#438);
#436 = CARTESIAN_POINT('',(19.05,-2.8,23.230000000001));
#437 = DIRECTION('',(0.,-1.,0.));
#438 = DIRECTION('',(0.,0.,-1.));
#439 = ORIENTED_EDGE('',*,*,#440,.T.);
#440 = EDGE_CURVE('',#430,#441,#443,.T.);
#441 = VERTEX_POINT('',#442);
#442 = CARTESIAN_POINT('',(19.05,-0.8,22.355000000001));
#443 = LINE('',#444,#445);
#444 = CARTESIAN_POINT('',(19.05,-2.8,22.355000000001));
#445 = VECTOR('',#446,1.);
#446 = DIRECTION('',(-0.,1.,0.));
#447 = ORIENTED_EDGE('',*,*,#448,.T.);
#448 = EDGE_CURVE('',#441,#449,#451,.T.);
#449 = VERTEX_POINT('',#450);
#450 = CARTESIAN_POINT('',(19.05,-0.8,24.105000000001));
#451 = CIRCLE('',#452,0.875);
#452 = AXIS2_PLACEMENT_3D('',#453,#454,#455);
#453 = CARTESIAN_POINT('',(19.05,-0.8,23.230000000001));
#454 = DIRECTION('',(0.,-1.,0.));
#455 = DIRECTION('',(0.,0.,-1.));
#456 = ORIENTED_EDGE('',*,*,#457,.F.);
#457 = EDGE_CURVE('',#432,#449,#458,.T.);
#458 = LINE('',#459,#460);
#459 = CARTESIAN_POINT('',(19.05,-2.8,24.105000000001));
#460 = VECTOR('',#461,1.);
#461 = DIRECTION('',(-0.,1.,0.));
#462 = CYLINDRICAL_SURFACE('',#463,0.875);
#463 = AXIS2_PLACEMENT_3D('',#464,#465,#466);
#464 = CARTESIAN_POINT('',(19.05,-2.8,23.230000000001));
#465 = DIRECTION('',(-0.,1.,0.));
#466 = DIRECTION('',(0.,0.,1.));
#467 = ADVANCED_FACE('',(#468),#504,.T.);
#468 = FACE_BOUND('',#469,.T.);
#469 = EDGE_LOOP('',(#470,#481,#489,#498));
#470 = ORIENTED_EDGE('',*,*,#471,.F.);
#471 = EDGE_CURVE('',#472,#474,#476,.T.);
#472 = VERTEX_POINT('',#473);
#473 = CARTESIAN_POINT('',(21.59,-2.8,24.895000000001));
#474 = VERTEX_POINT('',#475);
#475 = CARTESIAN_POINT('',(21.59,-2.8,26.645000000001));
#476 = CIRCLE('',#477,0.875);
#477 = AXIS2_PLACEMENT_3D('',#478,#479,#480);
#478 = CARTESIAN_POINT('',(21.59,-2.8,25.770000000001));
#479 = DIRECTION('',(0.,-1.,0.));
#480 = DIRECTION('',(0.,0.,-1.));
#481 = ORIENTED_EDGE('',*,*,#482,.T.);
#482 = EDGE_CURVE('',#472,#483,#485,.T.);
#483 = VERTEX_POINT('',#484);
#484 = CARTESIAN_POINT('',(21.59,-0.8,24.895000000001));
#485 = LINE('',#486,#487);
#486 = CARTESIAN_POINT('',(21.59,-2.8,24.895000000001));
#487 = VECTOR('',#488,1.);
#488 = DIRECTION('',(-0.,1.,0.));
#489 = ORIENTED_EDGE('',*,*,#490,.T.);
#490 = EDGE_CURVE('',#483,#491,#493,.T.);
#491 = VERTEX_POINT('',#492);
#492 = CARTESIAN_POINT('',(21.59,-0.8,26.645000000001));
#493 = CIRCLE('',#494,0.875);
#494 = AXIS2_PLACEMENT_3D('',#495,#496,#497);
#495 = CARTESIAN_POINT('',(21.59,-0.8,25.770000000001));
#496 = DIRECTION('',(0.,-1.,0.));
#497 = DIRECTION('',(0.,0.,-1.));
#498 = ORIENTED_EDGE('',*,*,#499,.F.);
#499 = EDGE_CURVE('',#474,#491,#500,.T.);
#500 = LINE('',#501,#502);
#501 = CARTESIAN_POINT('',(21.59,-2.8,26.645000000001));
#502 = VECTOR('',#503,1.);
#503 = DIRECTION('',(-0.,1.,0.));
#504 = CYLINDRICAL_SURFACE('',#505,0.875);
#505 = AXIS2_PLACEMENT_3D('',#506,#507,#508);
#506 = CARTESIAN_POINT('',(21.59,-2.8,25.770000000001));
#507 = DIRECTION('',(-0.,1.,0.));
#508 = DIRECTION('',(0.,0.,1.));
#509 = ADVANCED_FACE('',(#510),#546,.T.);
#510 = FACE_BOUND('',#511,.T.);
#511 = EDGE_LOOP('',(#512,#523,#531,#540));
#512 = ORIENTED_EDGE('',*,*,#513,.F.);
#513 = EDGE_CURVE('',#514,#516,#518,.T.);
#514 = VERTEX_POINT('',#515);
#515 = CARTESIAN_POINT('',(24.13,-2.8,24.895000000001));
#516 = VERTEX_POINT('',#517);
#517 = CARTESIAN_POINT('',(24.13,-2.8,26.645000000001));
#518 = CIRCLE('',#519,0.875);
#519 = AXIS2_PLACEMENT_3D('',#520,#521,#522);
#520 = CARTESIAN_POINT('',(24.13,-2.8,25.770000000001));
#521 = DIRECTION('',(0.,-1.,0.));
#522 = DIRECTION('',(0.,0.,-1.));
#523 = ORIENTED_EDGE('',*,*,#524,.T.);
#524 = EDGE_CURVE('',#514,#525,#527,.T.);
#525 = VERTEX_POINT('',#526);
#526 = CARTESIAN_POINT('',(24.13,-0.8,24.895000000001));
#527 = LINE('',#528,#529);
#528 = CARTESIAN_POINT('',(24.13,-2.8,24.895000000001));
#529 = VECTOR('',#530,1.);
#530 = DIRECTION('',(-0.,1.,0.));
#531 = ORIENTED_EDGE('',*,*,#532,.T.);
#532 = EDGE_CURVE('',#525,#533,#535,.T.);
#533 = VERTEX_POINT('',#534);
#534 = CARTESIAN_POINT('',(24.13,-0.8,26.645000000001));
#535 = CIRCLE('',#536,0.875);
#536 = AXIS2_PLACEMENT_3D('',#537,#538,#539);
#537 = CARTESIAN_POINT('',(24.13,-0.8,25.770000000001));
#538 = DIRECTION('',(0.,-1.,0.));
#539 = DIRECTION('',(0.,0.,-1.));
#540 = ORIENTED_EDGE('',*,*,#541,.F.);
#541 = EDGE_CURVE('',#516,#533,#542,.T.);
#542 = LINE('',#543,#544);
#543 = CARTESIAN_POINT('',(24.13,-2.8,26.645000000001));
#544 = VECTOR('',#545,1.);
#545 = DIRECTION('',(-0.,1.,0.));
#546 = CYLINDRICAL_SURFACE('',#547,0.875);
#547 = AXIS2_PLACEMENT_3D('',#548,#549,#550);
#548 = CARTESIAN_POINT('',(24.13,-2.8,25.770000000001));
#549 = DIRECTION('',(-0.,1.,0.));
#550 = DIRECTION('',(0.,0.,1.));
#551 = ADVANCED_FACE('',(#552),#588,.T.);
#552 = FACE_BOUND('',#553,.T.);
#553 = EDGE_LOOP('',(#554,#565,#573,#582));
#554 = ORIENTED_EDGE('',*,*,#555,.F.);
#555 = EDGE_CURVE('',#556,#558,#560,.T.);
#556 = VERTEX_POINT('',#557);
#557 = CARTESIAN_POINT('',(13.97,-0.8,22.080000000001));
#558 = VERTEX_POINT('',#559);
#559 = CARTESIAN_POINT('',(13.97,-0.8,24.380000000001));
#560 = CIRCLE('',#561,1.15);
#561 = AXIS2_PLACEMENT_3D('',#562,#563,#564);
#562 = CARTESIAN_POINT('',(13.97,-0.8,23.230000000001));
#563 = DIRECTION('',(0.,-1.,0.));
#564 = DIRECTION('',(0.,0.,-1.));
#565 = ORIENTED_EDGE('',*,*,#566,.T.);
#566 = EDGE_CURVE('',#556,#567,#569,.T.);
#567 = VERTEX_POINT('',#568);
#568 = CARTESIAN_POINT('',(13.97,0.,22.080000000001));
#569 = LINE('',#570,#571);
#570 = CARTESIAN_POINT('',(13.97,-0.8,22.080000000001));
#571 = VECTOR('',#572,1.);
#572 = DIRECTION('',(-0.,1.,-0.));
#573 = ORIENTED_EDGE('',*,*,#574,.T.);
#574 = EDGE_CURVE('',#567,#575,#577,.T.);
#575 = VERTEX_POINT('',#576);
#576 = CARTESIAN_POINT('',(13.97,0.,24.380000000001));
#577 = CIRCLE('',#578,1.15);
#578 = AXIS2_PLACEMENT_3D('',#579,#580,#581);
#579 = CARTESIAN_POINT('',(13.97,0.,23.230000000001));
#580 = DIRECTION('',(0.,-1.,0.));
#581 = DIRECTION('',(0.,0.,1.));
#582 = ORIENTED_EDGE('',*,*,#583,.F.);
#583 = EDGE_CURVE('',#558,#575,#584,.T.);
#584 = LINE('',#585,#586);
#585 = CARTESIAN_POINT('',(13.97,-0.8,24.380000000001));
#586 = VECTOR('',#587,1.);
#587 = DIRECTION('',(-0.,1.,-0.));
#588 = CYLINDRICAL_SURFACE('',#589,1.15);
#589 = AXIS2_PLACEMENT_3D('',#590,#591,#592);
#590 = CARTESIAN_POINT('',(13.97,-0.8,23.230000000001));
#591 = DIRECTION('',(-0.,1.,-0.));
#592 = DIRECTION('',(0.,0.,1.));
#593 = ADVANCED_FACE('',(#594),#630,.T.);
#594 = FACE_BOUND('',#595,.T.);
#595 = EDGE_LOOP('',(#596,#607,#615,#624));
#596 = ORIENTED_EDGE('',*,*,#597,.F.);
#597 = EDGE_CURVE('',#598,#600,#602,.T.);
#598 = VERTEX_POINT('',#599);
#599 = CARTESIAN_POINT('',(19.05,-0.8,22.080000000001));
#600 = VERTEX_POINT('',#601);
#601 = CARTESIAN_POINT('',(19.05,-0.8,24.380000000001));
#602 = CIRCLE('',#603,1.15);
#603 = AXIS2_PLACEMENT_3D('',#604,#605,#606);
#604 = CARTESIAN_POINT('',(19.05,-0.8,23.230000000001));
#605 = DIRECTION('',(0.,-1.,0.));
#606 = DIRECTION('',(0.,0.,-1.));
#607 = ORIENTED_EDGE('',*,*,#608,.T.);
#608 = EDGE_CURVE('',#598,#609,#611,.T.);
#609 = VERTEX_POINT('',#610);
#610 = CARTESIAN_POINT('',(19.05,0.,22.080000000001));
#611 = LINE('',#612,#613);
#612 = CARTESIAN_POINT('',(19.05,-0.8,22.080000000001));
#613 = VECTOR('',#614,1.);
#614 = DIRECTION('',(-0.,1.,-0.));
#615 = ORIENTED_EDGE('',*,*,#616,.T.);
#616 = EDGE_CURVE('',#609,#617,#619,.T.);
#617 = VERTEX_POINT('',#618);
#618 = CARTESIAN_POINT('',(19.05,0.,24.380000000001));
#619 = CIRCLE('',#620,1.15);
#620 = AXIS2_PLACEMENT_3D('',#621,#622,#623);
#621 = CARTESIAN_POINT('',(19.05,0.,23.230000000001));
#622 = DIRECTION('',(0.,-1.,0.));
#623 = DIRECTION('',(0.,0.,1.));
#624 = ORIENTED_EDGE('',*,*,#625,.F.);
#625 = EDGE_CURVE('',#600,#617,#626,.T.);
#626 = LINE('',#627,#628);
#627 = CARTESIAN_POINT('',(19.05,-0.8,24.380000000001));
#628 = VECTOR('',#629,1.);
#629 = DIRECTION('',(-0.,1.,-0.));
#630 = CYLINDRICAL_SURFACE('',#631,1.15);
#631 = AXIS2_PLACEMENT_3D('',#632,#633,#634);
#632 = CARTESIAN_POINT('',(19.05,-0.8,23.230000000001));
#633 = DIRECTION('',(-0.,1.,-0.));
#634 = DIRECTION('',(0.,0.,1.));
#635 = ADVANCED_FACE('',(#636),#672,.T.);
#636 = FACE_BOUND('',#637,.T.);
#637 = EDGE_LOOP('',(#638,#649,#657,#666));
#638 = ORIENTED_EDGE('',*,*,#639,.F.);
#639 = EDGE_CURVE('',#640,#642,#644,.T.);
#640 = VERTEX_POINT('',#641);
#641 = CARTESIAN_POINT('',(19.05,-0.8,24.620000000001));
#642 = VERTEX_POINT('',#643);
#643 = CARTESIAN_POINT('',(19.05,-0.8,26.920000000001));
#644 = CIRCLE('',#645,1.15);
#645 = AXIS2_PLACEMENT_3D('',#646,#647,#648);
#646 = CARTESIAN_POINT('',(19.05,-0.8,25.770000000001));
#647 = DIRECTION('',(0.,-1.,0.));
#648 = DIRECTION('',(0.,0.,-1.));
#649 = ORIENTED_EDGE('',*,*,#650,.T.);
#650 = EDGE_CURVE('',#640,#651,#653,.T.);
#651 = VERTEX_POINT('',#652);
#652 = CARTESIAN_POINT('',(19.05,0.,24.620000000001));
#653 = LINE('',#654,#655);
#654 = CARTESIAN_POINT('',(19.05,-0.8,24.620000000001));
#655 = VECTOR('',#656,1.);
#656 = DIRECTION('',(-0.,1.,-0.));
#657 = ORIENTED_EDGE('',*,*,#658,.T.);
#658 = EDGE_CURVE('',#651,#659,#661,.T.);
#659 = VERTEX_POINT('',#660);
#660 = CARTESIAN_POINT('',(19.05,0.,26.920000000001));
#661 = CIRCLE('',#662,1.15);
#662 = AXIS2_PLACEMENT_3D('',#663,#664,#665);
#663 = CARTESIAN_POINT('',(19.05,0.,25.770000000001));
#664 = DIRECTION('',(0.,-1.,0.));
#665 = DIRECTION('',(0.,0.,1.));
#666 = ORIENTED_EDGE('',*,*,#667,.F.);
#667 = EDGE_CURVE('',#642,#659,#668,.T.);
#668 = LINE('',#669,#670);
#669 = CARTESIAN_POINT('',(19.05,-0.8,26.920000000001));
#670 = VECTOR('',#671,1.);
#671 = DIRECTION('',(-0.,1.,-0.));
#672 = CYLINDRICAL_SURFACE('',#673,1.15);
#673 = AXIS2_PLACEMENT_3D('',#674,#675,#676);
#674 = CARTESIAN_POINT('',(19.05,-0.8,25.770000000001));
#675 = DIRECTION('',(-0.,1.,-0.));
#676 = DIRECTION('',(0.,0.,1.));
#677 = ADVANCED_FACE('',(#678),#714,.T.);
#678 = FACE_BOUND('',#679,.T.);
#679 = EDGE_LOOP('',(#680,#691,#699,#708));
#680 = ORIENTED_EDGE('',*,*,#681,.F.);
#681 = EDGE_CURVE('',#682,#684,#686,.T.);
#682 = VERTEX_POINT('',#683);
#683 = CARTESIAN_POINT('',(21.59,-0.8,22.080000000001));
#684 = VERTEX_POINT('',#685);
#685 = CARTESIAN_POINT('',(21.59,-0.8,24.380000000001));
#686 = CIRCLE('',#687,1.15);
#687 = AXIS2_PLACEMENT_3D('',#688,#689,#690);
#688 = CARTESIAN_POINT('',(21.59,-0.8,23.230000000001));
#689 = DIRECTION('',(0.,-1.,0.));
#690 = DIRECTION('',(0.,0.,-1.));
#691 = ORIENTED_EDGE('',*,*,#692,.T.);
#692 = EDGE_CURVE('',#682,#693,#695,.T.);
#693 = VERTEX_POINT('',#694);
#694 = CARTESIAN_POINT('',(21.59,0.,22.080000000001));
#695 = LINE('',#696,#697);
#696 = CARTESIAN_POINT('',(21.59,-0.8,22.080000000001));
#697 = VECTOR('',#698,1.);
#698 = DIRECTION('',(-0.,1.,-0.));
#699 = ORIENTED_EDGE('',*,*,#700,.T.);
#700 = EDGE_CURVE('',#693,#701,#703,.T.);
#701 = VERTEX_POINT('',#702);
#702 = CARTESIAN_POINT('',(21.59,0.,24.380000000001));
#703 = CIRCLE('',#704,1.15);
#704 = AXIS2_PLACEMENT_3D('',#705,#706,#707);
#705 = CARTESIAN_POINT('',(21.59,0.,23.230000000001));
#706 = DIRECTION('',(0.,-1.,0.));
#707 = DIRECTION('',(0.,0.,1.));
#708 = ORIENTED_EDGE('',*,*,#709,.F.);
#709 = EDGE_CURVE('',#684,#701,#710,.T.);
#710 = LINE('',#711,#712);
#711 = CARTESIAN_POINT('',(21.59,-0.8,24.380000000001));
#712 = VECTOR('',#713,1.);
#713 = DIRECTION('',(-0.,1.,-0.));
#714 = CYLINDRICAL_SURFACE('',#715,1.15);
#715 = AXIS2_PLACEMENT_3D('',#716,#717,#718);
#716 = CARTESIAN_POINT('',(21.59,-0.8,23.230000000001));
#717 = DIRECTION('',(-0.,1.,-0.));
#718 = DIRECTION('',(0.,0.,1.));
#719 = ADVANCED_FACE('',(#720),#756,.T.);
#720 = FACE_BOUND('',#721,.T.);
#721 = EDGE_LOOP('',(#722,#733,#741,#750));
#722 = ORIENTED_EDGE('',*,*,#723,.F.);
#723 = EDGE_CURVE('',#724,#726,#728,.T.);
#724 = VERTEX_POINT('',#725);
#725 = CARTESIAN_POINT('',(21.59,-0.8,24.620000000001));
#726 = VERTEX_POINT('',#727);
#727 = CARTESIAN_POINT('',(21.59,-0.8,26.920000000001));
#728 = CIRCLE('',#729,1.15);
#729 = AXIS2_PLACEMENT_3D('',#730,#731,#732);
#730 = CARTESIAN_POINT('',(21.59,-0.8,25.770000000001));
#731 = DIRECTION('',(0.,-1.,0.));
#732 = DIRECTION('',(0.,0.,-1.));
#733 = ORIENTED_EDGE('',*,*,#734,.T.);
#734 = EDGE_CURVE('',#724,#735,#737,.T.);
#735 = VERTEX_POINT('',#736);
#736 = CARTESIAN_POINT('',(21.59,0.,24.620000000001));
#737 = LINE('',#738,#739);
#738 = CARTESIAN_POINT('',(21.59,-0.8,24.620000000001));
#739 = VECTOR('',#740,1.);
#740 = DIRECTION('',(-0.,1.,-0.));
#741 = ORIENTED_EDGE('',*,*,#742,.T.);
#742 = EDGE_CURVE('',#735,#743,#745,.T.);
#743 = VERTEX_POINT('',#744);
#744 = CARTESIAN_POINT('',(21.59,0.,26.920000000001));
#745 = CIRCLE('',#746,1.15);
#746 = AXIS2_PLACEMENT_3D('',#747,#748,#749);
#747 = CARTESIAN_POINT('',(21.59,0.,25.770000000001));
#748 = DIRECTION('',(0.,-1.,0.));
#749 = DIRECTION('',(0.,0.,1.));
#750 = ORIENTED_EDGE('',*,*,#751,.F.);
#751 = EDGE_CURVE('',#726,#743,#752,.T.);
#752 = LINE('',#753,#754);
#753 = CARTESIAN_POINT('',(21.59,-0.8,26.920000000001));
#754 = VECTOR('',#755,1.);
#755 = DIRECTION('',(-0.,1.,-0.));
#756 = CYLINDRICAL_SURFACE('',#757,1.15);
#757 = AXIS2_PLACEMENT_3D('',#758,#759,#760);
#758 = CARTESIAN_POINT('',(21.59,-0.8,25.770000000001));
#759 = DIRECTION('',(-0.,1.,-0.));
#760 = DIRECTION('',(0.,0.,1.));
#761 = ADVANCED_FACE('',(#762),#798,.T.);
#762 = FACE_BOUND('',#763,.T.);
#763 = EDGE_LOOP('',(#764,#775,#783,#792));
#764 = ORIENTED_EDGE('',*,*,#765,.F.);
#765 = EDGE_CURVE('',#766,#768,#770,.T.);
#766 = VERTEX_POINT('',#767);
#767 = CARTESIAN_POINT('',(24.13,-0.8,24.620000000001));
#768 = VERTEX_POINT('',#769);
#769 = CARTESIAN_POINT('',(24.13,-0.8,26.920000000001));
#770 = CIRCLE('',#771,1.15);
#771 = AXIS2_PLACEMENT_3D('',#772,#773,#774);
#772 = CARTESIAN_POINT('',(24.13,-0.8,25.770000000001));
#773 = DIRECTION('',(0.,-1.,0.));
#774 = DIRECTION('',(0.,0.,-1.));
#775 = ORIENTED_EDGE('',*,*,#776,.T.);
#776 = EDGE_CURVE('',#766,#777,#779,.T.);
#777 = VERTEX_POINT('',#778);
#778 = CARTESIAN_POINT('',(24.13,0.,24.620000000001));
#779 = LINE('',#780,#781);
#780 = CARTESIAN_POINT('',(24.13,-0.8,24.620000000001));
#781 = VECTOR('',#782,1.);
#782 = DIRECTION('',(-0.,1.,-0.));
#783 = ORIENTED_EDGE('',*,*,#784,.T.);
#784 = EDGE_CURVE('',#777,#785,#787,.T.);
#785 = VERTEX_POINT('',#786);
#786 = CARTESIAN_POINT('',(24.13,0.,26.920000000001));
#787 = CIRCLE('',#788,1.15);
#788 = AXIS2_PLACEMENT_3D('',#789,#790,#791);
#789 = CARTESIAN_POINT('',(24.13,0.,25.770000000001));
#790 = DIRECTION('',(0.,-1.,0.));
#791 = DIRECTION('',(0.,0.,1.));
#792 = ORIENTED_EDGE('',*,*,#793,.F.);
#793 = EDGE_CURVE('',#768,#785,#794,.T.);
#794 = LINE('',#795,#796);
#795 = CARTESIAN_POINT('',(24.13,-0.8,26.920000000001));
#796 = VECTOR('',#797,1.);
#797 = DIRECTION('',(-0.,1.,-0.));
#798 = CYLINDRICAL_SURFACE('',#799,1.15);
#799 = AXIS2_PLACEMENT_3D('',#800,#801,#802);
#800 = CARTESIAN_POINT('',(24.13,-0.8,25.770000000001));
#801 = DIRECTION('',(-0.,1.,-0.));
#802 = DIRECTION('',(0.,0.,1.));
#803 = ADVANCED_FACE('',(#804),#840,.F.);
#804 = FACE_BOUND('',#805,.F.);
#805 = EDGE_LOOP('',(#806,#816,#825,#833));
#806 = ORIENTED_EDGE('',*,*,#807,.T.);
#807 = EDGE_CURVE('',#808,#810,#812,.T.);
#808 = VERTEX_POINT('',#809);
#809 = CARTESIAN_POINT('',(11.43,1.,22.58));
#810 = VERTEX_POINT('',#811);
#811 = CARTESIAN_POINT('',(11.43,0.,22.58));
#812 = LINE('',#813,#814);
#813 = CARTESIAN_POINT('',(11.43,2.838477631085,22.58));
#814 = VECTOR('',#815,1.);
#815 = DIRECTION('',(-0.,-1.,-0.));
#816 = ORIENTED_EDGE('',*,*,#817,.F.);
#817 = EDGE_CURVE('',#818,#810,#820,.T.);
#818 = VERTEX_POINT('',#819);
#819 = CARTESIAN_POINT('',(11.43,0.,23.88));
#820 = CIRCLE('',#821,0.65);
#821 = AXIS2_PLACEMENT_3D('',#822,#823,#824);
#822 = CARTESIAN_POINT('',(11.43,0.,23.23));
#823 = DIRECTION('',(0.,-1.,0.));
#824 = DIRECTION('',(0.,0.,-1.));
#825 = ORIENTED_EDGE('',*,*,#826,.F.);
#826 = EDGE_CURVE('',#827,#818,#829,.T.);
#827 = VERTEX_POINT('',#828);
#828 = CARTESIAN_POINT('',(11.43,1.,23.88));
#829 = LINE('',#830,#831);
#830 = CARTESIAN_POINT('',(11.43,2.838477631085,23.88));
#831 = VECTOR('',#832,1.);
#832 = DIRECTION('',(-0.,-1.,-0.));
#833 = ORIENTED_EDGE('',*,*,#834,.T.);
#834 = EDGE_CURVE('',#827,#808,#835,.T.);
#835 = CIRCLE('',#836,0.65);
#836 = AXIS2_PLACEMENT_3D('',#837,#838,#839);
#837 = CARTESIAN_POINT('',(11.43,1.,23.23));
#838 = DIRECTION('',(0.,-1.,0.));
#839 = DIRECTION('',(0.,0.,1.));
#840 = CYLINDRICAL_SURFACE('',#841,0.65);
#841 = AXIS2_PLACEMENT_3D('',#842,#843,#844);
#842 = CARTESIAN_POINT('',(11.43,2.838477631085,23.23));
#843 = DIRECTION('',(-0.,-1.,-0.));
#844 = DIRECTION('',(0.,0.,-1.));
#845 = ADVANCED_FACE('',(#846),#882,.F.);
#846 = FACE_BOUND('',#847,.F.);
#847 = EDGE_LOOP('',(#848,#858,#867,#875));
#848 = ORIENTED_EDGE('',*,*,#849,.T.);
#849 = EDGE_CURVE('',#850,#852,#854,.T.);
#850 = VERTEX_POINT('',#851);
#851 = CARTESIAN_POINT('',(13.97,1.,22.580000000001));
#852 = VERTEX_POINT('',#853);
#853 = CARTESIAN_POINT('',(13.97,0.,22.580000000001));
#854 = LINE('',#855,#856);
#855 = CARTESIAN_POINT('',(13.97,2.838477631085,22.580000000001));
#856 = VECTOR('',#857,1.);
#857 = DIRECTION('',(-0.,-1.,-0.));
#858 = ORIENTED_EDGE('',*,*,#859,.T.);
#859 = EDGE_CURVE('',#852,#860,#862,.T.);
#860 = VERTEX_POINT('',#861);
#861 = CARTESIAN_POINT('',(13.97,0.,23.880000000001));
#862 = CIRCLE('',#863,0.65);
#863 = AXIS2_PLACEMENT_3D('',#864,#865,#866);
#864 = CARTESIAN_POINT('',(13.97,0.,23.230000000001));
#865 = DIRECTION('',(-0.,1.,0.));
#866 = DIRECTION('',(0.,0.,-1.));
#867 = ORIENTED_EDGE('',*,*,#868,.F.);
#868 = EDGE_CURVE('',#869,#860,#871,.T.);
#869 = VERTEX_POINT('',#870);
#870 = CARTESIAN_POINT('',(13.97,1.,23.880000000001));
#871 = LINE('',#872,#873);
#872 = CARTESIAN_POINT('',(13.97,2.838477631085,23.880000000001));
#873 = VECTOR('',#874,1.);
#874 = DIRECTION('',(-0.,-1.,-0.));
#875 = ORIENTED_EDGE('',*,*,#876,.T.);
#876 = EDGE_CURVE('',#869,#850,#877,.T.);
#877 = CIRCLE('',#878,0.65);
#878 = AXIS2_PLACEMENT_3D('',#879,#880,#881);
#879 = CARTESIAN_POINT('',(13.97,1.,23.230000000001));
#880 = DIRECTION('',(0.,-1.,0.));
#881 = DIRECTION('',(0.,0.,1.));
#882 = CYLINDRICAL_SURFACE('',#883,0.65);
#883 = AXIS2_PLACEMENT_3D('',#884,#885,#886);
#884 = CARTESIAN_POINT('',(13.97,2.838477631085,23.230000000001));
#885 = DIRECTION('',(-0.,-1.,-0.));
#886 = DIRECTION('',(0.,0.,-1.));
#887 = ADVANCED_FACE('',(#888),#924,.F.);
#888 = FACE_BOUND('',#889,.F.);
#889 = EDGE_LOOP('',(#890,#900,#909,#917));
#890 = ORIENTED_EDGE('',*,*,#891,.T.);
#891 = EDGE_CURVE('',#892,#894,#896,.T.);
#892 = VERTEX_POINT('',#893);
#893 = CARTESIAN_POINT('',(16.51,1.,22.580000000001));
#894 = VERTEX_POINT('',#895);
#895 = CARTESIAN_POINT('',(16.51,0.,22.580000000001));
#896 = LINE('',#897,#898);
#897 = CARTESIAN_POINT('',(16.51,2.838477631085,22.580000000001));
#898 = VECTOR('',#899,1.);
#899 = DIRECTION('',(-0.,-1.,-0.));
#900 = ORIENTED_EDGE('',*,*,#901,.F.);
#901 = EDGE_CURVE('',#902,#894,#904,.T.);
#902 = VERTEX_POINT('',#903);
#903 = CARTESIAN_POINT('',(16.51,0.,23.880000000001));
#904 = CIRCLE('',#905,0.65);
#905 = AXIS2_PLACEMENT_3D('',#906,#907,#908);
#906 = CARTESIAN_POINT('',(16.51,0.,23.230000000001));
#907 = DIRECTION('',(0.,-1.,0.));
#908 = DIRECTION('',(0.,0.,-1.));
#909 = ORIENTED_EDGE('',*,*,#910,.F.);
#910 = EDGE_CURVE('',#911,#902,#913,.T.);
#911 = VERTEX_POINT('',#912);
#912 = CARTESIAN_POINT('',(16.51,1.,23.880000000001));
#913 = LINE('',#914,#915);
#914 = CARTESIAN_POINT('',(16.51,2.838477631085,23.880000000001));
#915 = VECTOR('',#916,1.);
#916 = DIRECTION('',(-0.,-1.,-0.));
#917 = ORIENTED_EDGE('',*,*,#918,.T.);
#918 = EDGE_CURVE('',#911,#892,#919,.T.);
#919 = CIRCLE('',#920,0.65);
#920 = AXIS2_PLACEMENT_3D('',#921,#922,#923);
#921 = CARTESIAN_POINT('',(16.51,1.,23.230000000001));
#922 = DIRECTION('',(0.,-1.,0.));
#923 = DIRECTION('',(0.,0.,1.));
#924 = CYLINDRICAL_SURFACE('',#925,0.65);
#925 = AXIS2_PLACEMENT_3D('',#926,#927,#928);
#926 = CARTESIAN_POINT('',(16.51,2.838477631085,23.230000000001));
#927 = DIRECTION('',(-0.,-1.,-0.));
#928 = DIRECTION('',(0.,0.,-1.));
#929 = ADVANCED_FACE('',(#930),#966,.F.);
#930 = FACE_BOUND('',#931,.F.);
#931 = EDGE_LOOP('',(#932,#942,#951,#959));
#932 = ORIENTED_EDGE('',*,*,#933,.T.);
#933 = EDGE_CURVE('',#934,#936,#938,.T.);
#934 = VERTEX_POINT('',#935);
#935 = CARTESIAN_POINT('',(-19.05,1.,25.12));
#936 = VERTEX_POINT('',#937);
#937 = CARTESIAN_POINT('',(-19.05,0.,25.12));
#938 = LINE('',#939,#940);
#939 = CARTESIAN_POINT('',(-19.05,2.838477631085,25.12));
#940 = VECTOR('',#941,1.);
#941 = DIRECTION('',(-0.,-1.,-0.));
#942 = ORIENTED_EDGE('',*,*,#943,.F.);
#943 = EDGE_CURVE('',#944,#936,#946,.T.);
#944 = VERTEX_POINT('',#945);
#945 = CARTESIAN_POINT('',(-19.05,0.,26.42));
#946 = CIRCLE('',#947,0.65);
#947 = AXIS2_PLACEMENT_3D('',#948,#949,#950);
#948 = CARTESIAN_POINT('',(-19.05,0.,25.77));
#949 = DIRECTION('',(0.,-1.,0.));
#950 = DIRECTION('',(0.,0.,-1.));
#951 = ORIENTED_EDGE('',*,*,#952,.F.);
#952 = EDGE_CURVE('',#953,#944,#955,.T.);
#953 = VERTEX_POINT('',#954);
#954 = CARTESIAN_POINT('',(-19.05,1.,26.42));
#955 = LINE('',#956,#957);
#956 = CARTESIAN_POINT('',(-19.05,2.838477631085,26.42));
#957 = VECTOR('',#958,1.);
#958 = DIRECTION('',(-0.,-1.,-0.));
#959 = ORIENTED_EDGE('',*,*,#960,.T.);
#960 = EDGE_CURVE('',#953,#934,#961,.T.);
#961 = CIRCLE('',#962,0.65);
#962 = AXIS2_PLACEMENT_3D('',#963,#964,#965);
#963 = CARTESIAN_POINT('',(-19.05,1.,25.77));
#964 = DIRECTION('',(0.,-1.,0.));
#965 = DIRECTION('',(0.,0.,1.));
#966 = CYLINDRICAL_SURFACE('',#967,0.65);
#967 = AXIS2_PLACEMENT_3D('',#968,#969,#970);
#968 = CARTESIAN_POINT('',(-19.05,2.838477631085,25.77));
#969 = DIRECTION('',(-0.,-1.,-0.));
#970 = DIRECTION('',(0.,0.,-1.));
#971 = ADVANCED_FACE('',(#972),#1008,.F.);
#972 = FACE_BOUND('',#973,.F.);
#973 = EDGE_LOOP('',(#974,#984,#993,#1001));
#974 = ORIENTED_EDGE('',*,*,#975,.T.);
#975 = EDGE_CURVE('',#976,#978,#980,.T.);
#976 = VERTEX_POINT('',#977);
#977 = CARTESIAN_POINT('',(-21.59,1.,25.12));
#978 = VERTEX_POINT('',#979);
#979 = CARTESIAN_POINT('',(-21.59,0.,25.12));
#980 = LINE('',#981,#982);
#981 = CARTESIAN_POINT('',(-21.59,2.838477631085,25.12));
#982 = VECTOR('',#983,1.);
#983 = DIRECTION('',(-0.,-1.,-0.));
#984 = ORIENTED_EDGE('',*,*,#985,.F.);
#985 = EDGE_CURVE('',#986,#978,#988,.T.);
#986 = VERTEX_POINT('',#987);
#987 = CARTESIAN_POINT('',(-21.59,0.,26.42));
#988 = CIRCLE('',#989,0.65);
#989 = AXIS2_PLACEMENT_3D('',#990,#991,#992);
#990 = CARTESIAN_POINT('',(-21.59,0.,25.77));
#991 = DIRECTION('',(0.,-1.,0.));
#992 = DIRECTION('',(0.,0.,-1.));
#993 = ORIENTED_EDGE('',*,*,#994,.F.);
#994 = EDGE_CURVE('',#995,#986,#997,.T.);
#995 = VERTEX_POINT('',#996);
#996 = CARTESIAN_POINT('',(-21.59,1.,26.42));
#997 = LINE('',#998,#999);
#998 = CARTESIAN_POINT('',(-21.59,2.838477631085,26.42));
#999 = VECTOR('',#1000,1.);
#1000 = DIRECTION('',(-0.,-1.,-0.));
#1001 = ORIENTED_EDGE('',*,*,#1002,.T.);
#1002 = EDGE_CURVE('',#995,#976,#1003,.T.);
#1003 = CIRCLE('',#1004,0.65);
#1004 = AXIS2_PLACEMENT_3D('',#1005,#1006,#1007);
#1005 = CARTESIAN_POINT('',(-21.59,1.,25.77));
#1006 = DIRECTION('',(0.,-1.,0.));
#1007 = DIRECTION('',(0.,0.,1.));
#1008 = CYLINDRICAL_SURFACE('',#1009,0.65);
#1009 = AXIS2_PLACEMENT_3D('',#1010,#1011,#1012);
#1010 = CARTESIAN_POINT('',(-21.59,2.838477631085,25.77));
#1011 = DIRECTION('',(-0.,-1.,-0.));
#1012 = DIRECTION('',(0.,0.,-1.));
#1013 = ADVANCED_FACE('',(#1014),#1050,.F.);
#1014 = FACE_BOUND('',#1015,.F.);
#1015 = EDGE_LOOP('',(#1016,#1026,#1035,#1043));
#1016 = ORIENTED_EDGE('',*,*,#1017,.T.);
#1017 = EDGE_CURVE('',#1018,#1020,#1022,.T.);
#1018 = VERTEX_POINT('',#1019);
#1019 = CARTESIAN_POINT('',(-24.13,1.,25.12));
#1020 = VERTEX_POINT('',#1021);
#1021 = CARTESIAN_POINT('',(-24.13,0.,25.12));
#1022 = LINE('',#1023,#1024);
#1023 = CARTESIAN_POINT('',(-24.13,2.838477631085,25.12));
#1024 = VECTOR('',#1025,1.);
#1025 = DIRECTION('',(-0.,-1.,-0.));
#1026 = ORIENTED_EDGE('',*,*,#1027,.F.);
#1027 = EDGE_CURVE('',#1028,#1020,#1030,.T.);
#1028 = VERTEX_POINT('',#1029);
#1029 = CARTESIAN_POINT('',(-24.13,0.,26.42));
#1030 = CIRCLE('',#1031,0.65);
#1031 = AXIS2_PLACEMENT_3D('',#1032,#1033,#1034);
#1032 = CARTESIAN_POINT('',(-24.13,0.,25.77));
#1033 = DIRECTION('',(0.,-1.,0.));
#1034 = DIRECTION('',(0.,0.,-1.));
#1035 = ORIENTED_EDGE('',*,*,#1036,.F.);
#1036 = EDGE_CURVE('',#1037,#1028,#1039,.T.);
#1037 = VERTEX_POINT('',#1038);
#1038 = CARTESIAN_POINT('',(-24.13,1.,26.42));
#1039 = LINE('',#1040,#1041);
#1040 = CARTESIAN_POINT('',(-24.13,2.838477631085,26.42));
#1041 = VECTOR('',#1042,1.);
#1042 = DIRECTION('',(-0.,-1.,-0.));
#1043 = ORIENTED_EDGE('',*,*,#1044,.T.);
#1044 = EDGE_CURVE('',#1037,#1018,#1045,.T.);
#1045 = CIRCLE('',#1046,0.65);
#1046 = AXIS2_PLACEMENT_3D('',#1047,#1048,#1049);
#1047 = CARTESIAN_POINT('',(-24.13,1.,25.77));
#1048 = DIRECTION('',(0.,-1.,0.));
#1049 = DIRECTION('',(0.,0.,1.));
#1050 = CYLINDRICAL_SURFACE('',#1051,0.65);
#1051 = AXIS2_PLACEMENT_3D('',#1052,#1053,#1054);
#1052 = CARTESIAN_POINT('',(-24.13,2.838477631085,25.77));
#1053 = DIRECTION('',(-0.,-1.,-0.));
#1054 = DIRECTION('',(0.,0.,-1.));
#1055 = ADVANCED_FACE('',(#1056),#1092,.F.);
#1056 = FACE_BOUND('',#1057,.F.);
#1057 = EDGE_LOOP('',(#1058,#1068,#1077,#1085));
#1058 = ORIENTED_EDGE('',*,*,#1059,.T.);
#1059 = EDGE_CURVE('',#1060,#1062,#1064,.T.);
#1060 = VERTEX_POINT('',#1061);
#1061 = CARTESIAN_POINT('',(8.89,1.,22.58));
#1062 = VERTEX_POINT('',#1063);
#1063 = CARTESIAN_POINT('',(8.89,0.,22.58));
#1064 = LINE('',#1065,#1066);
#1065 = CARTESIAN_POINT('',(8.89,2.838477631085,22.58));
#1066 = VECTOR('',#1067,1.);
#1067 = DIRECTION('',(-0.,-1.,-0.));
#1068 = ORIENTED_EDGE('',*,*,#1069,.F.);
#1069 = EDGE_CURVE('',#1070,#1062,#1072,.T.);
#1070 = VERTEX_POINT('',#1071);
#1071 = CARTESIAN_POINT('',(8.89,0.,23.88));
#1072 = CIRCLE('',#1073,0.65);
#1073 = AXIS2_PLACEMENT_3D('',#1074,#1075,#1076);
#1074 = CARTESIAN_POINT('',(8.89,0.,23.23));
#1075 = DIRECTION('',(0.,-1.,0.));
#1076 = DIRECTION('',(0.,0.,-1.));
#1077 = ORIENTED_EDGE('',*,*,#1078,.F.);
#1078 = EDGE_CURVE('',#1079,#1070,#1081,.T.);
#1079 = VERTEX_POINT('',#1080);
#1080 = CARTESIAN_POINT('',(8.89,1.,23.88));
#1081 = LINE('',#1082,#1083);
#1082 = CARTESIAN_POINT('',(8.89,2.838477631085,23.88));
#1083 = VECTOR('',#1084,1.);
#1084 = DIRECTION('',(-0.,-1.,-0.));
#1085 = ORIENTED_EDGE('',*,*,#1086,.T.);
#1086 = EDGE_CURVE('',#1079,#1060,#1087,.T.);
#1087 = CIRCLE('',#1088,0.65);
#1088 = AXIS2_PLACEMENT_3D('',#1089,#1090,#1091);
#1089 = CARTESIAN_POINT('',(8.89,1.,23.23));
#1090 = DIRECTION('',(0.,-1.,0.));
#1091 = DIRECTION('',(0.,0.,1.));
#1092 = CYLINDRICAL_SURFACE('',#1093,0.65);
#1093 = AXIS2_PLACEMENT_3D('',#1094,#1095,#1096);
#1094 = CARTESIAN_POINT('',(8.89,2.838477631085,23.23));
#1095 = DIRECTION('',(-0.,-1.,-0.));
#1096 = DIRECTION('',(0.,0.,-1.));
#1097 = ADVANCED_FACE('',(#1098),#1134,.F.);
#1098 = FACE_BOUND('',#1099,.F.);
#1099 = EDGE_LOOP('',(#1100,#1110,#1119,#1127));
#1100 = ORIENTED_EDGE('',*,*,#1101,.T.);
#1101 = EDGE_CURVE('',#1102,#1104,#1106,.T.);
#1102 = VERTEX_POINT('',#1103);
#1103 = CARTESIAN_POINT('',(6.35,1.,22.58));
#1104 = VERTEX_POINT('',#1105);
#1105 = CARTESIAN_POINT('',(6.35,0.,22.58));
#1106 = LINE('',#1107,#1108);
#1107 = CARTESIAN_POINT('',(6.35,2.838477631085,22.58));
#1108 = VECTOR('',#1109,1.);
#1109 = DIRECTION('',(-0.,-1.,-0.));
#1110 = ORIENTED_EDGE('',*,*,#1111,.F.);
#1111 = EDGE_CURVE('',#1112,#1104,#1114,.T.);
#1112 = VERTEX_POINT('',#1113);
#1113 = CARTESIAN_POINT('',(6.35,0.,23.88));
#1114 = CIRCLE('',#1115,0.65);
#1115 = AXIS2_PLACEMENT_3D('',#1116,#1117,#1118);
#1116 = CARTESIAN_POINT('',(6.35,0.,23.23));
#1117 = DIRECTION('',(0.,-1.,0.));
#1118 = DIRECTION('',(0.,0.,-1.));
#1119 = ORIENTED_EDGE('',*,*,#1120,.F.);
#1120 = EDGE_CURVE('',#1121,#1112,#1123,.T.);
#1121 = VERTEX_POINT('',#1122);
#1122 = CARTESIAN_POINT('',(6.35,1.,23.88));
#1123 = LINE('',#1124,#1125);
#1124 = CARTESIAN_POINT('',(6.35,2.838477631085,23.88));
#1125 = VECTOR('',#1126,1.);
#1126 = DIRECTION('',(-0.,-1.,-0.));
#1127 = ORIENTED_EDGE('',*,*,#1128,.T.);
#1128 = EDGE_CURVE('',#1121,#1102,#1129,.T.);
#1129 = CIRCLE('',#1130,0.65);
#1130 = AXIS2_PLACEMENT_3D('',#1131,#1132,#1133);
#1131 = CARTESIAN_POINT('',(6.35,1.,23.23));
#1132 = DIRECTION('',(0.,-1.,0.));
#1133 = DIRECTION('',(0.,0.,1.));
#1134 = CYLINDRICAL_SURFACE('',#1135,0.65);
#1135 = AXIS2_PLACEMENT_3D('',#1136,#1137,#1138);
#1136 = CARTESIAN_POINT('',(6.35,2.838477631085,23.23));
#1137 = DIRECTION('',(-0.,-1.,-0.));
#1138 = DIRECTION('',(0.,0.,-1.));
#1139 = ADVANCED_FACE('',(#1140),#1176,.F.);
#1140 = FACE_BOUND('',#1141,.F.);
#1141 = EDGE_LOOP('',(#1142,#1152,#1161,#1169));
#1142 = ORIENTED_EDGE('',*,*,#1143,.T.);
#1143 = EDGE_CURVE('',#1144,#1146,#1148,.T.);
#1144 = VERTEX_POINT('',#1145);
#1145 = CARTESIAN_POINT('',(3.81,1.,22.58));
#1146 = VERTEX_POINT('',#1147);
#1147 = CARTESIAN_POINT('',(3.81,0.,22.58));
#1148 = LINE('',#1149,#1150);
#1149 = CARTESIAN_POINT('',(3.81,2.838477631085,22.58));
#1150 = VECTOR('',#1151,1.);
#1151 = DIRECTION('',(-0.,-1.,-0.));
#1152 = ORIENTED_EDGE('',*,*,#1153,.F.);
#1153 = EDGE_CURVE('',#1154,#1146,#1156,.T.);
#1154 = VERTEX_POINT('',#1155);
#1155 = CARTESIAN_POINT('',(3.81,0.,23.88));
#1156 = CIRCLE('',#1157,0.65);
#1157 = AXIS2_PLACEMENT_3D('',#1158,#1159,#1160);
#1158 = CARTESIAN_POINT('',(3.81,0.,23.23));
#1159 = DIRECTION('',(0.,-1.,0.));
#1160 = DIRECTION('',(0.,0.,-1.));
#1161 = ORIENTED_EDGE('',*,*,#1162,.F.);
#1162 = EDGE_CURVE('',#1163,#1154,#1165,.T.);
#1163 = VERTEX_POINT('',#1164);
#1164 = CARTESIAN_POINT('',(3.81,1.,23.88));
#1165 = LINE('',#1166,#1167);
#1166 = CARTESIAN_POINT('',(3.81,2.838477631085,23.88));
#1167 = VECTOR('',#1168,1.);
#1168 = DIRECTION('',(-0.,-1.,-0.));
#1169 = ORIENTED_EDGE('',*,*,#1170,.T.);
#1170 = EDGE_CURVE('',#1163,#1144,#1171,.T.);
#1171 = CIRCLE('',#1172,0.65);
#1172 = AXIS2_PLACEMENT_3D('',#1173,#1174,#1175);
#1173 = CARTESIAN_POINT('',(3.81,1.,23.23));
#1174 = DIRECTION('',(0.,-1.,0.));
#1175 = DIRECTION('',(0.,0.,1.));
#1176 = CYLINDRICAL_SURFACE('',#1177,0.65);
#1177 = AXIS2_PLACEMENT_3D('',#1178,#1179,#1180);
#1178 = CARTESIAN_POINT('',(3.81,2.838477631085,23.23));
#1179 = DIRECTION('',(-0.,-1.,-0.));
#1180 = DIRECTION('',(0.,0.,-1.));
#1181 = ADVANCED_FACE('',(#1182),#1218,.F.);
#1182 = FACE_BOUND('',#1183,.F.);
#1183 = EDGE_LOOP('',(#1184,#1194,#1203,#1211));
#1184 = ORIENTED_EDGE('',*,*,#1185,.T.);
#1185 = EDGE_CURVE('',#1186,#1188,#1190,.T.);
#1186 = VERTEX_POINT('',#1187);
#1187 = CARTESIAN_POINT('',(1.27,1.,22.58));
#1188 = VERTEX_POINT('',#1189);
#1189 = CARTESIAN_POINT('',(1.27,0.,22.58));
#1190 = LINE('',#1191,#1192);
#1191 = CARTESIAN_POINT('',(1.27,2.838477631085,22.58));
#1192 = VECTOR('',#1193,1.);
#1193 = DIRECTION('',(-0.,-1.,-0.));
#1194 = ORIENTED_EDGE('',*,*,#1195,.F.);
#1195 = EDGE_CURVE('',#1196,#1188,#1198,.T.);
#1196 = VERTEX_POINT('',#1197);
#1197 = CARTESIAN_POINT('',(1.27,0.,23.88));
#1198 = CIRCLE('',#1199,0.65);
#1199 = AXIS2_PLACEMENT_3D('',#1200,#1201,#1202);
#1200 = CARTESIAN_POINT('',(1.27,0.,23.23));
#1201 = DIRECTION('',(0.,-1.,0.));
#1202 = DIRECTION('',(0.,0.,-1.));
#1203 = ORIENTED_EDGE('',*,*,#1204,.F.);
#1204 = EDGE_CURVE('',#1205,#1196,#1207,.T.);
#1205 = VERTEX_POINT('',#1206);
#1206 = CARTESIAN_POINT('',(1.27,1.,23.88));
#1207 = LINE('',#1208,#1209);
#1208 = CARTESIAN_POINT('',(1.27,2.838477631085,23.88));
#1209 = VECTOR('',#1210,1.);
#1210 = DIRECTION('',(-0.,-1.,-0.));
#1211 = ORIENTED_EDGE('',*,*,#1212,.T.);
#1212 = EDGE_CURVE('',#1205,#1186,#1213,.T.);
#1213 = CIRCLE('',#1214,0.65);
#1214 = AXIS2_PLACEMENT_3D('',#1215,#1216,#1217);
#1215 = CARTESIAN_POINT('',(1.27,1.,23.23));
#1216 = DIRECTION('',(0.,-1.,0.));
#1217 = DIRECTION('',(0.,0.,1.));
#1218 = CYLINDRICAL_SURFACE('',#1219,0.65);
#1219 = AXIS2_PLACEMENT_3D('',#1220,#1221,#1222);
#1220 = CARTESIAN_POINT('',(1.27,2.838477631085,23.23));
#1221 = DIRECTION('',(-0.,-1.,-0.));
#1222 = DIRECTION('',(0.,0.,-1.));
#1223 = ADVANCED_FACE('',(#1224),#1260,.F.);
#1224 = FACE_BOUND('',#1225,.F.);
#1225 = EDGE_LOOP('',(#1226,#1236,#1245,#1253));
#1226 = ORIENTED_EDGE('',*,*,#1227,.T.);
#1227 = EDGE_CURVE('',#1228,#1230,#1232,.T.);
#1228 = VERTEX_POINT('',#1229);
#1229 = CARTESIAN_POINT('',(-1.27,1.,22.58));
#1230 = VERTEX_POINT('',#1231);
#1231 = CARTESIAN_POINT('',(-1.27,0.,22.58));
#1232 = LINE('',#1233,#1234);
#1233 = CARTESIAN_POINT('',(-1.27,2.838477631085,22.58));
#1234 = VECTOR('',#1235,1.);
#1235 = DIRECTION('',(-0.,-1.,-0.));
#1236 = ORIENTED_EDGE('',*,*,#1237,.F.);
#1237 = EDGE_CURVE('',#1238,#1230,#1240,.T.);
#1238 = VERTEX_POINT('',#1239);
#1239 = CARTESIAN_POINT('',(-1.27,0.,23.88));
#1240 = CIRCLE('',#1241,0.65);
#1241 = AXIS2_PLACEMENT_3D('',#1242,#1243,#1244);
#1242 = CARTESIAN_POINT('',(-1.27,0.,23.23));
#1243 = DIRECTION('',(0.,-1.,0.));
#1244 = DIRECTION('',(0.,0.,-1.));
#1245 = ORIENTED_EDGE('',*,*,#1246,.F.);
#1246 = EDGE_CURVE('',#1247,#1238,#1249,.T.);
#1247 = VERTEX_POINT('',#1248);
#1248 = CARTESIAN_POINT('',(-1.27,1.,23.88));
#1249 = LINE('',#1250,#1251);
#1250 = CARTESIAN_POINT('',(-1.27,2.838477631085,23.88));
#1251 = VECTOR('',#1252,1.);
#1252 = DIRECTION('',(-0.,-1.,-0.));
#1253 = ORIENTED_EDGE('',*,*,#1254,.T.);
#1254 = EDGE_CURVE('',#1247,#1228,#1255,.T.);
#1255 = CIRCLE('',#1256,0.65);
#1256 = AXIS2_PLACEMENT_3D('',#1257,#1258,#1259);
#1257 = CARTESIAN_POINT('',(-1.27,1.,23.23));
#1258 = DIRECTION('',(0.,-1.,0.));
#1259 = DIRECTION('',(0.,0.,1.));
#1260 = CYLINDRICAL_SURFACE('',#1261,0.65);
#1261 = AXIS2_PLACEMENT_3D('',#1262,#1263,#1264);
#1262 = CARTESIAN_POINT('',(-1.27,2.838477631085,23.23));
#1263 = DIRECTION('',(-0.,-1.,-0.));
#1264 = DIRECTION('',(0.,0.,-1.));
#1265 = ADVANCED_FACE('',(#1266),#1302,.F.);
#1266 = FACE_BOUND('',#1267,.F.);
#1267 = EDGE_LOOP('',(#1268,#1278,#1287,#1295));
#1268 = ORIENTED_EDGE('',*,*,#1269,.T.);
#1269 = EDGE_CURVE('',#1270,#1272,#1274,.T.);
#1270 = VERTEX_POINT('',#1271);
#1271 = CARTESIAN_POINT('',(-3.81,1.,22.58));
#1272 = VERTEX_POINT('',#1273);
#1273 = CARTESIAN_POINT('',(-3.81,0.,22.58));
#1274 = LINE('',#1275,#1276);
#1275 = CARTESIAN_POINT('',(-3.81,2.838477631085,22.58));
#1276 = VECTOR('',#1277,1.);
#1277 = DIRECTION('',(-0.,-1.,-0.));
#1278 = ORIENTED_EDGE('',*,*,#1279,.F.);
#1279 = EDGE_CURVE('',#1280,#1272,#1282,.T.);
#1280 = VERTEX_POINT('',#1281);
#1281 = CARTESIAN_POINT('',(-3.81,0.,23.88));
#1282 = CIRCLE('',#1283,0.65);
#1283 = AXIS2_PLACEMENT_3D('',#1284,#1285,#1286);
#1284 = CARTESIAN_POINT('',(-3.81,0.,23.23));
#1285 = DIRECTION('',(0.,-1.,0.));
#1286 = DIRECTION('',(0.,0.,-1.));
#1287 = ORIENTED_EDGE('',*,*,#1288,.F.);
#1288 = EDGE_CURVE('',#1289,#1280,#1291,.T.);
#1289 = VERTEX_POINT('',#1290);
#1290 = CARTESIAN_POINT('',(-3.81,1.,23.88));
#1291 = LINE('',#1292,#1293);
#1292 = CARTESIAN_POINT('',(-3.81,2.838477631085,23.88));
#1293 = VECTOR('',#1294,1.);
#1294 = DIRECTION('',(-0.,-1.,-0.));
#1295 = ORIENTED_EDGE('',*,*,#1296,.T.);
#1296 = EDGE_CURVE('',#1289,#1270,#1297,.T.);
#1297 = CIRCLE('',#1298,0.65);
#1298 = AXIS2_PLACEMENT_3D('',#1299,#1300,#1301);
#1299 = CARTESIAN_POINT('',(-3.81,1.,23.23));
#1300 = DIRECTION('',(0.,-1.,0.));
#1301 = DIRECTION('',(0.,0.,1.));
#1302 = CYLINDRICAL_SURFACE('',#1303,0.65);
#1303 = AXIS2_PLACEMENT_3D('',#1304,#1305,#1306);
#1304 = CARTESIAN_POINT('',(-3.81,2.838477631085,23.23));
#1305 = DIRECTION('',(-0.,-1.,-0.));
#1306 = DIRECTION('',(0.,0.,-1.));
#1307 = ADVANCED_FACE('',(#1308),#1344,.F.);
#1308 = FACE_BOUND('',#1309,.F.);
#1309 = EDGE_LOOP('',(#1310,#1320,#1329,#1337));
#1310 = ORIENTED_EDGE('',*,*,#1311,.T.);
#1311 = EDGE_CURVE('',#1312,#1314,#1316,.T.);
#1312 = VERTEX_POINT('',#1313);
#1313 = CARTESIAN_POINT('',(-6.35,1.,22.58));
#1314 = VERTEX_POINT('',#1315);
#1315 = CARTESIAN_POINT('',(-6.35,0.,22.58));
#1316 = LINE('',#1317,#1318);
#1317 = CARTESIAN_POINT('',(-6.35,2.838477631085,22.58));
#1318 = VECTOR('',#1319,1.);
#1319 = DIRECTION('',(-0.,-1.,-0.));
#1320 = ORIENTED_EDGE('',*,*,#1321,.F.);
#1321 = EDGE_CURVE('',#1322,#1314,#1324,.T.);
#1322 = VERTEX_POINT('',#1323);
#1323 = CARTESIAN_POINT('',(-6.35,0.,23.88));
#1324 = CIRCLE('',#1325,0.65);
#1325 = AXIS2_PLACEMENT_3D('',#1326,#1327,#1328);
#1326 = CARTESIAN_POINT('',(-6.35,0.,23.23));
#1327 = DIRECTION('',(0.,-1.,0.));
#1328 = DIRECTION('',(0.,0.,-1.));
#1329 = ORIENTED_EDGE('',*,*,#1330,.F.);
#1330 = EDGE_CURVE('',#1331,#1322,#1333,.T.);
#1331 = VERTEX_POINT('',#1332);
#1332 = CARTESIAN_POINT('',(-6.35,1.,23.88));
#1333 = LINE('',#1334,#1335);
#1334 = CARTESIAN_POINT('',(-6.35,2.838477631085,23.88));
#1335 = VECTOR('',#1336,1.);
#1336 = DIRECTION('',(-0.,-1.,-0.));
#1337 = ORIENTED_EDGE('',*,*,#1338,.T.);
#1338 = EDGE_CURVE('',#1331,#1312,#1339,.T.);
#1339 = CIRCLE('',#1340,0.65);
#1340 = AXIS2_PLACEMENT_3D('',#1341,#1342,#1343);
#1341 = CARTESIAN_POINT('',(-6.35,1.,23.23));
#1342 = DIRECTION('',(0.,-1.,0.));
#1343 = DIRECTION('',(0.,0.,1.));
#1344 = CYLINDRICAL_SURFACE('',#1345,0.65);
#1345 = AXIS2_PLACEMENT_3D('',#1346,#1347,#1348);
#1346 = CARTESIAN_POINT('',(-6.35,2.838477631085,23.23));
#1347 = DIRECTION('',(-0.,-1.,-0.));
#1348 = DIRECTION('',(0.,0.,-1.));
#1349 = ADVANCED_FACE('',(#1350),#1386,.F.);
#1350 = FACE_BOUND('',#1351,.F.);
#1351 = EDGE_LOOP('',(#1352,#1362,#1371,#1379));
#1352 = ORIENTED_EDGE('',*,*,#1353,.T.);
#1353 = EDGE_CURVE('',#1354,#1356,#1358,.T.);
#1354 = VERTEX_POINT('',#1355);
#1355 = CARTESIAN_POINT('',(-8.89,1.,22.58));
#1356 = VERTEX_POINT('',#1357);
#1357 = CARTESIAN_POINT('',(-8.89,0.,22.58));
#1358 = LINE('',#1359,#1360);
#1359 = CARTESIAN_POINT('',(-8.89,2.838477631085,22.58));
#1360 = VECTOR('',#1361,1.);
#1361 = DIRECTION('',(-0.,-1.,-0.));
#1362 = ORIENTED_EDGE('',*,*,#1363,.F.);
#1363 = EDGE_CURVE('',#1364,#1356,#1366,.T.);
#1364 = VERTEX_POINT('',#1365);
#1365 = CARTESIAN_POINT('',(-8.89,0.,23.88));
#1366 = CIRCLE('',#1367,0.65);
#1367 = AXIS2_PLACEMENT_3D('',#1368,#1369,#1370);
#1368 = CARTESIAN_POINT('',(-8.89,0.,23.23));
#1369 = DIRECTION('',(0.,-1.,0.));
#1370 = DIRECTION('',(0.,0.,-1.));
#1371 = ORIENTED_EDGE('',*,*,#1372,.F.);
#1372 = EDGE_CURVE('',#1373,#1364,#1375,.T.);
#1373 = VERTEX_POINT('',#1374);
#1374 = CARTESIAN_POINT('',(-8.89,1.,23.88));
#1375 = LINE('',#1376,#1377);
#1376 = CARTESIAN_POINT('',(-8.89,2.838477631085,23.88));
#1377 = VECTOR('',#1378,1.);
#1378 = DIRECTION('',(-0.,-1.,-0.));
#1379 = ORIENTED_EDGE('',*,*,#1380,.T.);
#1380 = EDGE_CURVE('',#1373,#1354,#1381,.T.);
#1381 = CIRCLE('',#1382,0.65);
#1382 = AXIS2_PLACEMENT_3D('',#1383,#1384,#1385);
#1383 = CARTESIAN_POINT('',(-8.89,1.,23.23));
#1384 = DIRECTION('',(0.,-1.,0.));
#1385 = DIRECTION('',(0.,0.,1.));
#1386 = CYLINDRICAL_SURFACE('',#1387,0.65);
#1387 = AXIS2_PLACEMENT_3D('',#1388,#1389,#1390);
#1388 = CARTESIAN_POINT('',(-8.89,2.838477631085,23.23));
#1389 = DIRECTION('',(-0.,-1.,-0.));
#1390 = DIRECTION('',(0.,0.,-1.));
#1391 = ADVANCED_FACE('',(#1392),#1428,.F.);
#1392 = FACE_BOUND('',#1393,.F.);
#1393 = EDGE_LOOP('',(#1394,#1404,#1413,#1421));
#1394 = ORIENTED_EDGE('',*,*,#1395,.T.);
#1395 = EDGE_CURVE('',#1396,#1398,#1400,.T.);
#1396 = VERTEX_POINT('',#1397);
#1397 = CARTESIAN_POINT('',(-16.51,1.,25.12));
#1398 = VERTEX_POINT('',#1399);
#1399 = CARTESIAN_POINT('',(-16.51,0.,25.12));
#1400 = LINE('',#1401,#1402);
#1401 = CARTESIAN_POINT('',(-16.51,2.838477631085,25.12));
#1402 = VECTOR('',#1403,1.);
#1403 = DIRECTION('',(-0.,-1.,-0.));
#1404 = ORIENTED_EDGE('',*,*,#1405,.F.);
#1405 = EDGE_CURVE('',#1406,#1398,#1408,.T.);
#1406 = VERTEX_POINT('',#1407);
#1407 = CARTESIAN_POINT('',(-16.51,0.,26.42));
#1408 = CIRCLE('',#1409,0.65);
#1409 = AXIS2_PLACEMENT_3D('',#1410,#1411,#1412);
#1410 = CARTESIAN_POINT('',(-16.51,0.,25.77));
#1411 = DIRECTION('',(0.,-1.,0.));
#1412 = DIRECTION('',(0.,0.,-1.));
#1413 = ORIENTED_EDGE('',*,*,#1414,.F.);
#1414 = EDGE_CURVE('',#1415,#1406,#1417,.T.);
#1415 = VERTEX_POINT('',#1416);
#1416 = CARTESIAN_POINT('',(-16.51,1.,26.42));
#1417 = LINE('',#1418,#1419);
#1418 = CARTESIAN_POINT('',(-16.51,2.838477631085,26.42));
#1419 = VECTOR('',#1420,1.);
#1420 = DIRECTION('',(-0.,-1.,-0.));
#1421 = ORIENTED_EDGE('',*,*,#1422,.T.);
#1422 = EDGE_CURVE('',#1415,#1396,#1423,.T.);
#1423 = CIRCLE('',#1424,0.65);
#1424 = AXIS2_PLACEMENT_3D('',#1425,#1426,#1427);
#1425 = CARTESIAN_POINT('',(-16.51,1.,25.77));
#1426 = DIRECTION('',(0.,-1.,0.));
#1427 = DIRECTION('',(0.,0.,1.));
#1428 = CYLINDRICAL_SURFACE('',#1429,0.65);
#1429 = AXIS2_PLACEMENT_3D('',#1430,#1431,#1432);
#1430 = CARTESIAN_POINT('',(-16.51,2.838477631085,25.77));
#1431 = DIRECTION('',(-0.,-1.,-0.));
#1432 = DIRECTION('',(0.,0.,-1.));
#1433 = ADVANCED_FACE('',(#1434),#1470,.F.);
#1434 = FACE_BOUND('',#1435,.F.);
#1435 = EDGE_LOOP('',(#1436,#1446,#1455,#1463));
#1436 = ORIENTED_EDGE('',*,*,#1437,.T.);
#1437 = EDGE_CURVE('',#1438,#1440,#1442,.T.);
#1438 = VERTEX_POINT('',#1439);
#1439 = CARTESIAN_POINT('',(-13.97,1.,25.12));
#1440 = VERTEX_POINT('',#1441);
#1441 = CARTESIAN_POINT('',(-13.97,0.,25.12));
#1442 = LINE('',#1443,#1444);
#1443 = CARTESIAN_POINT('',(-13.97,2.838477631085,25.12));
#1444 = VECTOR('',#1445,1.);
#1445 = DIRECTION('',(-0.,-1.,-0.));
#1446 = ORIENTED_EDGE('',*,*,#1447,.F.);
#1447 = EDGE_CURVE('',#1448,#1440,#1450,.T.);
#1448 = VERTEX_POINT('',#1449);
#1449 = CARTESIAN_POINT('',(-13.97,0.,26.42));
#1450 = CIRCLE('',#1451,0.65);
#1451 = AXIS2_PLACEMENT_3D('',#1452,#1453,#1454);
#1452 = CARTESIAN_POINT('',(-13.97,0.,25.77));
#1453 = DIRECTION('',(0.,-1.,0.));
#1454 = DIRECTION('',(0.,0.,-1.));
#1455 = ORIENTED_EDGE('',*,*,#1456,.F.);
#1456 = EDGE_CURVE('',#1457,#1448,#1459,.T.);
#1457 = VERTEX_POINT('',#1458);
#1458 = CARTESIAN_POINT('',(-13.97,1.,26.42));
#1459 = LINE('',#1460,#1461);
#1460 = CARTESIAN_POINT('',(-13.97,2.838477631085,26.42));
#1461 = VECTOR('',#1462,1.);
#1462 = DIRECTION('',(-0.,-1.,-0.));
#1463 = ORIENTED_EDGE('',*,*,#1464,.T.);
#1464 = EDGE_CURVE('',#1457,#1438,#1465,.T.);
#1465 = CIRCLE('',#1466,0.65);
#1466 = AXIS2_PLACEMENT_3D('',#1467,#1468,#1469);
#1467 = CARTESIAN_POINT('',(-13.97,1.,25.77));
#1468 = DIRECTION('',(0.,-1.,0.));
#1469 = DIRECTION('',(0.,0.,1.));
#1470 = CYLINDRICAL_SURFACE('',#1471,0.65);
#1471 = AXIS2_PLACEMENT_3D('',#1472,#1473,#1474);
#1472 = CARTESIAN_POINT('',(-13.97,2.838477631085,25.77));
#1473 = DIRECTION('',(-0.,-1.,-0.));
#1474 = DIRECTION('',(0.,0.,-1.));
#1475 = ADVANCED_FACE('',(#1476),#1512,.F.);
#1476 = FACE_BOUND('',#1477,.F.);
#1477 = EDGE_LOOP('',(#1478,#1488,#1497,#1505));
#1478 = ORIENTED_EDGE('',*,*,#1479,.T.);
#1479 = EDGE_CURVE('',#1480,#1482,#1484,.T.);
#1480 = VERTEX_POINT('',#1481);
#1481 = CARTESIAN_POINT('',(-11.43,1.,25.12));
#1482 = VERTEX_POINT('',#1483);
#1483 = CARTESIAN_POINT('',(-11.43,0.,25.12));
#1484 = LINE('',#1485,#1486);
#1485 = CARTESIAN_POINT('',(-11.43,2.838477631085,25.12));
#1486 = VECTOR('',#1487,1.);
#1487 = DIRECTION('',(-0.,-1.,-0.));
#1488 = ORIENTED_EDGE('',*,*,#1489,.F.);
#1489 = EDGE_CURVE('',#1490,#1482,#1492,.T.);
#1490 = VERTEX_POINT('',#1491);
#1491 = CARTESIAN_POINT('',(-11.43,0.,26.42));
#1492 = CIRCLE('',#1493,0.65);
#1493 = AXIS2_PLACEMENT_3D('',#1494,#1495,#1496);
#1494 = CARTESIAN_POINT('',(-11.43,0.,25.77));
#1495 = DIRECTION('',(0.,-1.,0.));
#1496 = DIRECTION('',(0.,0.,-1.));
#1497 = ORIENTED_EDGE('',*,*,#1498,.F.);
#1498 = EDGE_CURVE('',#1499,#1490,#1501,.T.);
#1499 = VERTEX_POINT('',#1500);
#1500 = CARTESIAN_POINT('',(-11.43,1.,26.42));
#1501 = LINE('',#1502,#1503);
#1502 = CARTESIAN_POINT('',(-11.43,2.838477631085,26.42));
#1503 = VECTOR('',#1504,1.);
#1504 = DIRECTION('',(-0.,-1.,-0.));
#1505 = ORIENTED_EDGE('',*,*,#1506,.T.);
#1506 = EDGE_CURVE('',#1499,#1480,#1507,.T.);
#1507 = CIRCLE('',#1508,0.65);
#1508 = AXIS2_PLACEMENT_3D('',#1509,#1510,#1511);
#1509 = CARTESIAN_POINT('',(-11.43,1.,25.77));
#1510 = DIRECTION('',(0.,-1.,0.));
#1511 = DIRECTION('',(0.,0.,1.));
#1512 = CYLINDRICAL_SURFACE('',#1513,0.65);
#1513 = AXIS2_PLACEMENT_3D('',#1514,#1515,#1516);
#1514 = CARTESIAN_POINT('',(-11.43,2.838477631085,25.77));
#1515 = DIRECTION('',(-0.,-1.,-0.));
#1516 = DIRECTION('',(0.,0.,-1.));
#1517 = ADVANCED_FACE('',(#1518),#1554,.F.);
#1518 = FACE_BOUND('',#1519,.F.);
#1519 = EDGE_LOOP('',(#1520,#1530,#1539,#1547));
#1520 = ORIENTED_EDGE('',*,*,#1521,.T.);
#1521 = EDGE_CURVE('',#1522,#1524,#1526,.T.);
#1522 = VERTEX_POINT('',#1523);
#1523 = CARTESIAN_POINT('',(-8.89,1.,25.12));
#1524 = VERTEX_POINT('',#1525);
#1525 = CARTESIAN_POINT('',(-8.89,0.,25.12));
#1526 = LINE('',#1527,#1528);
#1527 = CARTESIAN_POINT('',(-8.89,2.838477631085,25.12));
#1528 = VECTOR('',#1529,1.);
#1529 = DIRECTION('',(-0.,-1.,-0.));
#1530 = ORIENTED_EDGE('',*,*,#1531,.F.);
#1531 = EDGE_CURVE('',#1532,#1524,#1534,.T.);
#1532 = VERTEX_POINT('',#1533);
#1533 = CARTESIAN_POINT('',(-8.89,0.,26.42));
#1534 = CIRCLE('',#1535,0.65);
#1535 = AXIS2_PLACEMENT_3D('',#1536,#1537,#1538);
#1536 = CARTESIAN_POINT('',(-8.89,0.,25.77));
#1537 = DIRECTION('',(0.,-1.,0.));
#1538 = DIRECTION('',(0.,0.,-1.));
#1539 = ORIENTED_EDGE('',*,*,#1540,.F.);
#1540 = EDGE_CURVE('',#1541,#1532,#1543,.T.);
#1541 = VERTEX_POINT('',#1542);
#1542 = CARTESIAN_POINT('',(-8.89,1.,26.42));
#1543 = LINE('',#1544,#1545);
#1544 = CARTESIAN_POINT('',(-8.89,2.838477631085,26.42));
#1545 = VECTOR('',#1546,1.);
#1546 = DIRECTION('',(-0.,-1.,-0.));
#1547 = ORIENTED_EDGE('',*,*,#1548,.T.);
#1548 = EDGE_CURVE('',#1541,#1522,#1549,.T.);
#1549 = CIRCLE('',#1550,0.65);
#1550 = AXIS2_PLACEMENT_3D('',#1551,#1552,#1553);
#1551 = CARTESIAN_POINT('',(-8.89,1.,25.77));
#1552 = DIRECTION('',(0.,-1.,0.));
#1553 = DIRECTION('',(0.,0.,1.));
#1554 = CYLINDRICAL_SURFACE('',#1555,0.65);
#1555 = AXIS2_PLACEMENT_3D('',#1556,#1557,#1558);
#1556 = CARTESIAN_POINT('',(-8.89,2.838477631085,25.77));
#1557 = DIRECTION('',(-0.,-1.,-0.));
#1558 = DIRECTION('',(0.,0.,-1.));
#1559 = ADVANCED_FACE('',(#1560),#1596,.F.);
#1560 = FACE_BOUND('',#1561,.F.);
#1561 = EDGE_LOOP('',(#1562,#1572,#1581,#1589));
#1562 = ORIENTED_EDGE('',*,*,#1563,.T.);
#1563 = EDGE_CURVE('',#1564,#1566,#1568,.T.);
#1564 = VERTEX_POINT('',#1565);
#1565 = CARTESIAN_POINT('',(-6.35,1.,25.12));
#1566 = VERTEX_POINT('',#1567);
#1567 = CARTESIAN_POINT('',(-6.35,0.,25.12));
#1568 = LINE('',#1569,#1570);
#1569 = CARTESIAN_POINT('',(-6.35,2.838477631085,25.12));
#1570 = VECTOR('',#1571,1.);
#1571 = DIRECTION('',(-0.,-1.,-0.));
#1572 = ORIENTED_EDGE('',*,*,#1573,.F.);
#1573 = EDGE_CURVE('',#1574,#1566,#1576,.T.);
#1574 = VERTEX_POINT('',#1575);
#1575 = CARTESIAN_POINT('',(-6.35,0.,26.42));
#1576 = CIRCLE('',#1577,0.65);
#1577 = AXIS2_PLACEMENT_3D('',#1578,#1579,#1580);
#1578 = CARTESIAN_POINT('',(-6.35,0.,25.77));
#1579 = DIRECTION('',(0.,-1.,0.));
#1580 = DIRECTION('',(0.,0.,-1.));
#1581 = ORIENTED_EDGE('',*,*,#1582,.F.);
#1582 = EDGE_CURVE('',#1583,#1574,#1585,.T.);
#1583 = VERTEX_POINT('',#1584);
#1584 = CARTESIAN_POINT('',(-6.35,1.,26.42));
#1585 = LINE('',#1586,#1587);
#1586 = CARTESIAN_POINT('',(-6.35,2.838477631085,26.42));
#1587 = VECTOR('',#1588,1.);
#1588 = DIRECTION('',(-0.,-1.,-0.));
#1589 = ORIENTED_EDGE('',*,*,#1590,.T.);
#1590 = EDGE_CURVE('',#1583,#1564,#1591,.T.);
#1591 = CIRCLE('',#1592,0.65);
#1592 = AXIS2_PLACEMENT_3D('',#1593,#1594,#1595);
#1593 = CARTESIAN_POINT('',(-6.35,1.,25.77));
#1594 = DIRECTION('',(0.,-1.,0.));
#1595 = DIRECTION('',(0.,0.,1.));
#1596 = CYLINDRICAL_SURFACE('',#1597,0.65);
#1597 = AXIS2_PLACEMENT_3D('',#1598,#1599,#1600);
#1598 = CARTESIAN_POINT('',(-6.35,2.838477631085,25.77));
#1599 = DIRECTION('',(-0.,-1.,-0.));
#1600 = DIRECTION('',(0.,0.,-1.));
#1601 = ADVANCED_FACE('',(#1602),#1638,.F.);
#1602 = FACE_BOUND('',#1603,.F.);
#1603 = EDGE_LOOP('',(#1604,#1614,#1623,#1631));
#1604 = ORIENTED_EDGE('',*,*,#1605,.T.);
#1605 = EDGE_CURVE('',#1606,#1608,#1610,.T.);
#1606 = VERTEX_POINT('',#1607);
#1607 = CARTESIAN_POINT('',(-3.81,1.,25.12));
#1608 = VERTEX_POINT('',#1609);
#1609 = CARTESIAN_POINT('',(-3.81,0.,25.12));
#1610 = LINE('',#1611,#1612);
#1611 = CARTESIAN_POINT('',(-3.81,2.838477631085,25.12));
#1612 = VECTOR('',#1613,1.);
#1613 = DIRECTION('',(-0.,-1.,-0.));
#1614 = ORIENTED_EDGE('',*,*,#1615,.F.);
#1615 = EDGE_CURVE('',#1616,#1608,#1618,.T.);
#1616 = VERTEX_POINT('',#1617);
#1617 = CARTESIAN_POINT('',(-3.81,0.,26.42));
#1618 = CIRCLE('',#1619,0.65);
#1619 = AXIS2_PLACEMENT_3D('',#1620,#1621,#1622);
#1620 = CARTESIAN_POINT('',(-3.81,0.,25.77));
#1621 = DIRECTION('',(0.,-1.,0.));
#1622 = DIRECTION('',(0.,0.,-1.));
#1623 = ORIENTED_EDGE('',*,*,#1624,.F.);
#1624 = EDGE_CURVE('',#1625,#1616,#1627,.T.);
#1625 = VERTEX_POINT('',#1626);
#1626 = CARTESIAN_POINT('',(-3.81,1.,26.42));
#1627 = LINE('',#1628,#1629);
#1628 = CARTESIAN_POINT('',(-3.81,2.838477631085,26.42));
#1629 = VECTOR('',#1630,1.);
#1630 = DIRECTION('',(-0.,-1.,-0.));
#1631 = ORIENTED_EDGE('',*,*,#1632,.T.);
#1632 = EDGE_CURVE('',#1625,#1606,#1633,.T.);
#1633 = CIRCLE('',#1634,0.65);
#1634 = AXIS2_PLACEMENT_3D('',#1635,#1636,#1637);
#1635 = CARTESIAN_POINT('',(-3.81,1.,25.77));
#1636 = DIRECTION('',(0.,-1.,0.));
#1637 = DIRECTION('',(0.,0.,1.));
#1638 = CYLINDRICAL_SURFACE('',#1639,0.65);
#1639 = AXIS2_PLACEMENT_3D('',#1640,#1641,#1642);
#1640 = CARTESIAN_POINT('',(-3.81,2.838477631085,25.77));
#1641 = DIRECTION('',(-0.,-1.,-0.));
#1642 = DIRECTION('',(0.,0.,-1.));
#1643 = ADVANCED_FACE('',(#1644),#1680,.F.);
#1644 = FACE_BOUND('',#1645,.F.);
#1645 = EDGE_LOOP('',(#1646,#1656,#1665,#1673));
#1646 = ORIENTED_EDGE('',*,*,#1647,.T.);
#1647 = EDGE_CURVE('',#1648,#1650,#1652,.T.);
#1648 = VERTEX_POINT('',#1649);
#1649 = CARTESIAN_POINT('',(-1.27,1.,25.12));
#1650 = VERTEX_POINT('',#1651);
#1651 = CARTESIAN_POINT('',(-1.27,0.,25.12));
#1652 = LINE('',#1653,#1654);
#1653 = CARTESIAN_POINT('',(-1.27,2.838477631085,25.12));
#1654 = VECTOR('',#1655,1.);
#1655 = DIRECTION('',(-0.,-1.,-0.));
#1656 = ORIENTED_EDGE('',*,*,#1657,.F.);
#1657 = EDGE_CURVE('',#1658,#1650,#1660,.T.);
#1658 = VERTEX_POINT('',#1659);
#1659 = CARTESIAN_POINT('',(-1.27,0.,26.42));
#1660 = CIRCLE('',#1661,0.65);
#1661 = AXIS2_PLACEMENT_3D('',#1662,#1663,#1664);
#1662 = CARTESIAN_POINT('',(-1.27,0.,25.77));
#1663 = DIRECTION('',(0.,-1.,0.));
#1664 = DIRECTION('',(0.,0.,-1.));
#1665 = ORIENTED_EDGE('',*,*,#1666,.F.);
#1666 = EDGE_CURVE('',#1667,#1658,#1669,.T.);
#1667 = VERTEX_POINT('',#1668);
#1668 = CARTESIAN_POINT('',(-1.27,1.,26.42));
#1669 = LINE('',#1670,#1671);
#1670 = CARTESIAN_POINT('',(-1.27,2.838477631085,26.42));
#1671 = VECTOR('',#1672,1.);
#1672 = DIRECTION('',(-0.,-1.,-0.));
#1673 = ORIENTED_EDGE('',*,*,#1674,.T.);
#1674 = EDGE_CURVE('',#1667,#1648,#1675,.T.);
#1675 = CIRCLE('',#1676,0.65);
#1676 = AXIS2_PLACEMENT_3D('',#1677,#1678,#1679);
#1677 = CARTESIAN_POINT('',(-1.27,1.,25.77));
#1678 = DIRECTION('',(0.,-1.,0.));
#1679 = DIRECTION('',(0.,0.,1.));
#1680 = CYLINDRICAL_SURFACE('',#1681,0.65);
#1681 = AXIS2_PLACEMENT_3D('',#1682,#1683,#1684);
#1682 = CARTESIAN_POINT('',(-1.27,2.838477631085,25.77));
#1683 = DIRECTION('',(-0.,-1.,-0.));
#1684 = DIRECTION('',(0.,0.,-1.));
#1685 = ADVANCED_FACE('',(#1686),#1722,.F.);
#1686 = FACE_BOUND('',#1687,.F.);
#1687 = EDGE_LOOP('',(#1688,#1698,#1707,#1715));
#1688 = ORIENTED_EDGE('',*,*,#1689,.T.);
#1689 = EDGE_CURVE('',#1690,#1692,#1694,.T.);
#1690 = VERTEX_POINT('',#1691);
#1691 = CARTESIAN_POINT('',(1.27,1.,25.12));
#1692 = VERTEX_POINT('',#1693);
#1693 = CARTESIAN_POINT('',(1.27,0.,25.12));
#1694 = LINE('',#1695,#1696);
#1695 = CARTESIAN_POINT('',(1.27,2.838477631085,25.12));
#1696 = VECTOR('',#1697,1.);
#1697 = DIRECTION('',(-0.,-1.,-0.));
#1698 = ORIENTED_EDGE('',*,*,#1699,.F.);
#1699 = EDGE_CURVE('',#1700,#1692,#1702,.T.);
#1700 = VERTEX_POINT('',#1701);
#1701 = CARTESIAN_POINT('',(1.27,0.,26.42));
#1702 = CIRCLE('',#1703,0.65);
#1703 = AXIS2_PLACEMENT_3D('',#1704,#1705,#1706);
#1704 = CARTESIAN_POINT('',(1.27,0.,25.77));
#1705 = DIRECTION('',(0.,-1.,0.));
#1706 = DIRECTION('',(0.,0.,-1.));
#1707 = ORIENTED_EDGE('',*,*,#1708,.F.);
#1708 = EDGE_CURVE('',#1709,#1700,#1711,.T.);
#1709 = VERTEX_POINT('',#1710);
#1710 = CARTESIAN_POINT('',(1.27,1.,26.42));
#1711 = LINE('',#1712,#1713);
#1712 = CARTESIAN_POINT('',(1.27,2.838477631085,26.42));
#1713 = VECTOR('',#1714,1.);
#1714 = DIRECTION('',(-0.,-1.,-0.));
#1715 = ORIENTED_EDGE('',*,*,#1716,.T.);
#1716 = EDGE_CURVE('',#1709,#1690,#1717,.T.);
#1717 = CIRCLE('',#1718,0.65);
#1718 = AXIS2_PLACEMENT_3D('',#1719,#1720,#1721);
#1719 = CARTESIAN_POINT('',(1.27,1.,25.77));
#1720 = DIRECTION('',(0.,-1.,0.));
#1721 = DIRECTION('',(0.,0.,1.));
#1722 = CYLINDRICAL_SURFACE('',#1723,0.65);
#1723 = AXIS2_PLACEMENT_3D('',#1724,#1725,#1726);
#1724 = CARTESIAN_POINT('',(1.27,2.838477631085,25.77));
#1725 = DIRECTION('',(-0.,-1.,-0.));
#1726 = DIRECTION('',(0.,0.,-1.));
#1727 = ADVANCED_FACE('',(#1728),#1764,.F.);
#1728 = FACE_BOUND('',#1729,.F.);
#1729 = EDGE_LOOP('',(#1730,#1740,#1749,#1757));
#1730 = ORIENTED_EDGE('',*,*,#1731,.T.);
#1731 = EDGE_CURVE('',#1732,#1734,#1736,.T.);
#1732 = VERTEX_POINT('',#1733);
#1733 = CARTESIAN_POINT('',(3.81,1.,25.12));
#1734 = VERTEX_POINT('',#1735);
#1735 = CARTESIAN_POINT('',(3.81,0.,25.12));
#1736 = LINE('',#1737,#1738);
#1737 = CARTESIAN_POINT('',(3.81,2.838477631085,25.12));
#1738 = VECTOR('',#1739,1.);
#1739 = DIRECTION('',(-0.,-1.,-0.));
#1740 = ORIENTED_EDGE('',*,*,#1741,.F.);
#1741 = EDGE_CURVE('',#1742,#1734,#1744,.T.);
#1742 = VERTEX_POINT('',#1743);
#1743 = CARTESIAN_POINT('',(3.81,0.,26.42));
#1744 = CIRCLE('',#1745,0.65);
#1745 = AXIS2_PLACEMENT_3D('',#1746,#1747,#1748);
#1746 = CARTESIAN_POINT('',(3.81,0.,25.77));
#1747 = DIRECTION('',(0.,-1.,0.));
#1748 = DIRECTION('',(0.,0.,-1.));
#1749 = ORIENTED_EDGE('',*,*,#1750,.F.);
#1750 = EDGE_CURVE('',#1751,#1742,#1753,.T.);
#1751 = VERTEX_POINT('',#1752);
#1752 = CARTESIAN_POINT('',(3.81,1.,26.42));
#1753 = LINE('',#1754,#1755);
#1754 = CARTESIAN_POINT('',(3.81,2.838477631085,26.42));
#1755 = VECTOR('',#1756,1.);
#1756 = DIRECTION('',(-0.,-1.,-0.));
#1757 = ORIENTED_EDGE('',*,*,#1758,.T.);
#1758 = EDGE_CURVE('',#1751,#1732,#1759,.T.);
#1759 = CIRCLE('',#1760,0.65);
#1760 = AXIS2_PLACEMENT_3D('',#1761,#1762,#1763);
#1761 = CARTESIAN_POINT('',(3.81,1.,25.77));
#1762 = DIRECTION('',(0.,-1.,0.));
#1763 = DIRECTION('',(0.,0.,1.));
#1764 = CYLINDRICAL_SURFACE('',#1765,0.65);
#1765 = AXIS2_PLACEMENT_3D('',#1766,#1767,#1768);
#1766 = CARTESIAN_POINT('',(3.81,2.838477631085,25.77));
#1767 = DIRECTION('',(-0.,-1.,-0.));
#1768 = DIRECTION('',(0.,0.,-1.));
#1769 = ADVANCED_FACE('',(#1770),#1806,.F.);
#1770 = FACE_BOUND('',#1771,.F.);
#1771 = EDGE_LOOP('',(#1772,#1782,#1791,#1799));
#1772 = ORIENTED_EDGE('',*,*,#1773,.T.);
#1773 = EDGE_CURVE('',#1774,#1776,#1778,.T.);
#1774 = VERTEX_POINT('',#1775);
#1775 = CARTESIAN_POINT('',(6.35,1.,25.12));
#1776 = VERTEX_POINT('',#1777);
#1777 = CARTESIAN_POINT('',(6.35,0.,25.12));
#1778 = LINE('',#1779,#1780);
#1779 = CARTESIAN_POINT('',(6.35,2.838477631085,25.12));
#1780 = VECTOR('',#1781,1.);
#1781 = DIRECTION('',(-0.,-1.,-0.));
#1782 = ORIENTED_EDGE('',*,*,#1783,.F.);
#1783 = EDGE_CURVE('',#1784,#1776,#1786,.T.);
#1784 = VERTEX_POINT('',#1785);
#1785 = CARTESIAN_POINT('',(6.35,0.,26.42));
#1786 = CIRCLE('',#1787,0.65);
#1787 = AXIS2_PLACEMENT_3D('',#1788,#1789,#1790);
#1788 = CARTESIAN_POINT('',(6.35,0.,25.77));
#1789 = DIRECTION('',(0.,-1.,0.));
#1790 = DIRECTION('',(0.,0.,-1.));
#1791 = ORIENTED_EDGE('',*,*,#1792,.F.);
#1792 = EDGE_CURVE('',#1793,#1784,#1795,.T.);
#1793 = VERTEX_POINT('',#1794);
#1794 = CARTESIAN_POINT('',(6.35,1.,26.42));
#1795 = LINE('',#1796,#1797);
#1796 = CARTESIAN_POINT('',(6.35,2.838477631085,26.42));
#1797 = VECTOR('',#1798,1.);
#1798 = DIRECTION('',(-0.,-1.,-0.));
#1799 = ORIENTED_EDGE('',*,*,#1800,.T.);
#1800 = EDGE_CURVE('',#1793,#1774,#1801,.T.);
#1801 = CIRCLE('',#1802,0.65);
#1802 = AXIS2_PLACEMENT_3D('',#1803,#1804,#1805);
#1803 = CARTESIAN_POINT('',(6.35,1.,25.77));
#1804 = DIRECTION('',(0.,-1.,0.));
#1805 = DIRECTION('',(0.,0.,1.));
#1806 = CYLINDRICAL_SURFACE('',#1807,0.65);
#1807 = AXIS2_PLACEMENT_3D('',#1808,#1809,#1810);
#1808 = CARTESIAN_POINT('',(6.35,2.838477631085,25.77));
#1809 = DIRECTION('',(-0.,-1.,-0.));
#1810 = DIRECTION('',(0.,0.,-1.));
#1811 = ADVANCED_FACE('',(#1812),#1848,.F.);
#1812 = FACE_BOUND('',#1813,.F.);
#1813 = EDGE_LOOP('',(#1814,#1824,#1833,#1841));
#1814 = ORIENTED_EDGE('',*,*,#1815,.T.);
#1815 = EDGE_CURVE('',#1816,#1818,#1820,.T.);
#1816 = VERTEX_POINT('',#1817);
#1817 = CARTESIAN_POINT('',(8.89,1.,25.12));
#1818 = VERTEX_POINT('',#1819);
#1819 = CARTESIAN_POINT('',(8.89,0.,25.12));
#1820 = LINE('',#1821,#1822);
#1821 = CARTESIAN_POINT('',(8.89,2.838477631085,25.12));
#1822 = VECTOR('',#1823,1.);
#1823 = DIRECTION('',(-0.,-1.,-0.));
#1824 = ORIENTED_EDGE('',*,*,#1825,.F.);
#1825 = EDGE_CURVE('',#1826,#1818,#1828,.T.);
#1826 = VERTEX_POINT('',#1827);
#1827 = CARTESIAN_POINT('',(8.89,0.,26.42));
#1828 = CIRCLE('',#1829,0.65);
#1829 = AXIS2_PLACEMENT_3D('',#1830,#1831,#1832);
#1830 = CARTESIAN_POINT('',(8.89,0.,25.77));
#1831 = DIRECTION('',(0.,-1.,0.));
#1832 = DIRECTION('',(0.,0.,-1.));
#1833 = ORIENTED_EDGE('',*,*,#1834,.F.);
#1834 = EDGE_CURVE('',#1835,#1826,#1837,.T.);
#1835 = VERTEX_POINT('',#1836);
#1836 = CARTESIAN_POINT('',(8.89,1.,26.42));
#1837 = LINE('',#1838,#1839);
#1838 = CARTESIAN_POINT('',(8.89,2.838477631085,26.42));
#1839 = VECTOR('',#1840,1.);
#1840 = DIRECTION('',(-0.,-1.,-0.));
#1841 = ORIENTED_EDGE('',*,*,#1842,.T.);
#1842 = EDGE_CURVE('',#1835,#1816,#1843,.T.);
#1843 = CIRCLE('',#1844,0.65);
#1844 = AXIS2_PLACEMENT_3D('',#1845,#1846,#1847);
#1845 = CARTESIAN_POINT('',(8.89,1.,25.77));
#1846 = DIRECTION('',(0.,-1.,0.));
#1847 = DIRECTION('',(0.,0.,1.));
#1848 = CYLINDRICAL_SURFACE('',#1849,0.65);
#1849 = AXIS2_PLACEMENT_3D('',#1850,#1851,#1852);
#1850 = CARTESIAN_POINT('',(8.89,2.838477631085,25.77));
#1851 = DIRECTION('',(-0.,-1.,-0.));
#1852 = DIRECTION('',(0.,0.,-1.));
#1853 = ADVANCED_FACE('',(#1854),#1890,.F.);
#1854 = FACE_BOUND('',#1855,.F.);
#1855 = EDGE_LOOP('',(#1856,#1866,#1875,#1883));
#1856 = ORIENTED_EDGE('',*,*,#1857,.T.);
#1857 = EDGE_CURVE('',#1858,#1860,#1862,.T.);
#1858 = VERTEX_POINT('',#1859);
#1859 = CARTESIAN_POINT('',(11.43,1.,25.12));
#1860 = VERTEX_POINT('',#1861);
#1861 = CARTESIAN_POINT('',(11.43,0.,25.12));
#1862 = LINE('',#1863,#1864);
#1863 = CARTESIAN_POINT('',(11.43,2.838477631085,25.12));
#1864 = VECTOR('',#1865,1.);
#1865 = DIRECTION('',(-0.,-1.,-0.));
#1866 = ORIENTED_EDGE('',*,*,#1867,.F.);
#1867 = EDGE_CURVE('',#1868,#1860,#1870,.T.);
#1868 = VERTEX_POINT('',#1869);
#1869 = CARTESIAN_POINT('',(11.43,0.,26.42));
#1870 = CIRCLE('',#1871,0.65);
#1871 = AXIS2_PLACEMENT_3D('',#1872,#1873,#1874);
#1872 = CARTESIAN_POINT('',(11.43,0.,25.77));
#1873 = DIRECTION('',(0.,-1.,0.));
#1874 = DIRECTION('',(0.,0.,-1.));
#1875 = ORIENTED_EDGE('',*,*,#1876,.F.);
#1876 = EDGE_CURVE('',#1877,#1868,#1879,.T.);
#1877 = VERTEX_POINT('',#1878);
#1878 = CARTESIAN_POINT('',(11.43,1.,26.42));
#1879 = LINE('',#1880,#1881);
#1880 = CARTESIAN_POINT('',(11.43,2.838477631085,26.42));
#1881 = VECTOR('',#1882,1.);
#1882 = DIRECTION('',(-0.,-1.,-0.));
#1883 = ORIENTED_EDGE('',*,*,#1884,.T.);
#1884 = EDGE_CURVE('',#1877,#1858,#1885,.T.);
#1885 = CIRCLE('',#1886,0.65);
#1886 = AXIS2_PLACEMENT_3D('',#1887,#1888,#1889);
#1887 = CARTESIAN_POINT('',(11.43,1.,25.77));
#1888 = DIRECTION('',(0.,-1.,0.));
#1889 = DIRECTION('',(0.,0.,1.));
#1890 = CYLINDRICAL_SURFACE('',#1891,0.65);
#1891 = AXIS2_PLACEMENT_3D('',#1892,#1893,#1894);
#1892 = CARTESIAN_POINT('',(11.43,2.838477631085,25.77));
#1893 = DIRECTION('',(-0.,-1.,-0.));
#1894 = DIRECTION('',(0.,0.,-1.));
#1895 = ADVANCED_FACE('',(#1896),#1932,.F.);
#1896 = FACE_BOUND('',#1897,.F.);
#1897 = EDGE_LOOP('',(#1898,#1908,#1917,#1925));
#1898 = ORIENTED_EDGE('',*,*,#1899,.T.);
#1899 = EDGE_CURVE('',#1900,#1902,#1904,.T.);
#1900 = VERTEX_POINT('',#1901);
#1901 = CARTESIAN_POINT('',(13.97,1.,25.120000000001));
#1902 = VERTEX_POINT('',#1903);
#1903 = CARTESIAN_POINT('',(13.97,0.,25.120000000001));
#1904 = LINE('',#1905,#1906);
#1905 = CARTESIAN_POINT('',(13.97,2.838477631085,25.120000000001));
#1906 = VECTOR('',#1907,1.);
#1907 = DIRECTION('',(-0.,-1.,-0.));
#1908 = ORIENTED_EDGE('',*,*,#1909,.F.);
#1909 = EDGE_CURVE('',#1910,#1902,#1912,.T.);
#1910 = VERTEX_POINT('',#1911);
#1911 = CARTESIAN_POINT('',(13.97,0.,26.420000000001));
#1912 = CIRCLE('',#1913,0.65);
#1913 = AXIS2_PLACEMENT_3D('',#1914,#1915,#1916);
#1914 = CARTESIAN_POINT('',(13.97,0.,25.770000000001));
#1915 = DIRECTION('',(0.,-1.,0.));
#1916 = DIRECTION('',(0.,0.,-1.));
#1917 = ORIENTED_EDGE('',*,*,#1918,.F.);
#1918 = EDGE_CURVE('',#1919,#1910,#1921,.T.);
#1919 = VERTEX_POINT('',#1920);
#1920 = CARTESIAN_POINT('',(13.97,1.,26.420000000001));
#1921 = LINE('',#1922,#1923);
#1922 = CARTESIAN_POINT('',(13.97,2.838477631085,26.420000000001));
#1923 = VECTOR('',#1924,1.);
#1924 = DIRECTION('',(-0.,-1.,-0.));
#1925 = ORIENTED_EDGE('',*,*,#1926,.T.);
#1926 = EDGE_CURVE('',#1919,#1900,#1927,.T.);
#1927 = CIRCLE('',#1928,0.65);
#1928 = AXIS2_PLACEMENT_3D('',#1929,#1930,#1931);
#1929 = CARTESIAN_POINT('',(13.97,1.,25.770000000001));
#1930 = DIRECTION('',(0.,-1.,0.));
#1931 = DIRECTION('',(0.,0.,1.));
#1932 = CYLINDRICAL_SURFACE('',#1933,0.65);
#1933 = AXIS2_PLACEMENT_3D('',#1934,#1935,#1936);
#1934 = CARTESIAN_POINT('',(13.97,2.838477631085,25.770000000001));
#1935 = DIRECTION('',(-0.,-1.,-0.));
#1936 = DIRECTION('',(0.,0.,-1.));
#1937 = ADVANCED_FACE('',(#1938),#1974,.F.);
#1938 = FACE_BOUND('',#1939,.F.);
#1939 = EDGE_LOOP('',(#1940,#1950,#1959,#1967));
#1940 = ORIENTED_EDGE('',*,*,#1941,.T.);
#1941 = EDGE_CURVE('',#1942,#1944,#1946,.T.);
#1942 = VERTEX_POINT('',#1943);
#1943 = CARTESIAN_POINT('',(16.51,1.,25.120000000001));
#1944 = VERTEX_POINT('',#1945);
#1945 = CARTESIAN_POINT('',(16.51,0.,25.120000000001));
#1946 = LINE('',#1947,#1948);
#1947 = CARTESIAN_POINT('',(16.51,2.838477631085,25.120000000001));
#1948 = VECTOR('',#1949,1.);
#1949 = DIRECTION('',(-0.,-1.,-0.));
#1950 = ORIENTED_EDGE('',*,*,#1951,.F.);
#1951 = EDGE_CURVE('',#1952,#1944,#1954,.T.);
#1952 = VERTEX_POINT('',#1953);
#1953 = CARTESIAN_POINT('',(16.51,0.,26.420000000001));
#1954 = CIRCLE('',#1955,0.65);
#1955 = AXIS2_PLACEMENT_3D('',#1956,#1957,#1958);
#1956 = CARTESIAN_POINT('',(16.51,0.,25.770000000001));
#1957 = DIRECTION('',(0.,-1.,0.));
#1958 = DIRECTION('',(0.,0.,-1.));
#1959 = ORIENTED_EDGE('',*,*,#1960,.F.);
#1960 = EDGE_CURVE('',#1961,#1952,#1963,.T.);
#1961 = VERTEX_POINT('',#1962);
#1962 = CARTESIAN_POINT('',(16.51,1.,26.420000000001));
#1963 = LINE('',#1964,#1965);
#1964 = CARTESIAN_POINT('',(16.51,2.838477631085,26.420000000001));
#1965 = VECTOR('',#1966,1.);
#1966 = DIRECTION('',(-0.,-1.,-0.));
#1967 = ORIENTED_EDGE('',*,*,#1968,.T.);
#1968 = EDGE_CURVE('',#1961,#1942,#1969,.T.);
#1969 = CIRCLE('',#1970,0.65);
#1970 = AXIS2_PLACEMENT_3D('',#1971,#1972,#1973);
#1971 = CARTESIAN_POINT('',(16.51,1.,25.770000000001));
#1972 = DIRECTION('',(0.,-1.,0.));
#1973 = DIRECTION('',(0.,0.,1.));
#1974 = CYLINDRICAL_SURFACE('',#1975,0.65);
#1975 = AXIS2_PLACEMENT_3D('',#1976,#1977,#1978);
#1976 = CARTESIAN_POINT('',(16.51,2.838477631085,25.770000000001));
#1977 = DIRECTION('',(-0.,-1.,-0.));
#1978 = DIRECTION('',(0.,0.,-1.));
#1979 = ADVANCED_FACE('',(#1980),#2016,.F.);
#1980 = FACE_BOUND('',#1981,.F.);
#1981 = EDGE_LOOP('',(#1982,#1992,#2001,#2009));
#1982 = ORIENTED_EDGE('',*,*,#1983,.T.);
#1983 = EDGE_CURVE('',#1984,#1986,#1988,.T.);
#1984 = VERTEX_POINT('',#1985);
#1985 = CARTESIAN_POINT('',(24.13,1.,22.580000000001));
#1986 = VERTEX_POINT('',#1987);
#1987 = CARTESIAN_POINT('',(24.13,0.,22.580000000001));
#1988 = LINE('',#1989,#1990);
#1989 = CARTESIAN_POINT('',(24.13,2.838477631085,22.580000000001));
#1990 = VECTOR('',#1991,1.);
#1991 = DIRECTION('',(-0.,-1.,-0.));
#1992 = ORIENTED_EDGE('',*,*,#1993,.F.);
#1993 = EDGE_CURVE('',#1994,#1986,#1996,.T.);
#1994 = VERTEX_POINT('',#1995);
#1995 = CARTESIAN_POINT('',(24.13,0.,23.880000000001));
#1996 = CIRCLE('',#1997,0.65);
#1997 = AXIS2_PLACEMENT_3D('',#1998,#1999,#2000);
#1998 = CARTESIAN_POINT('',(24.13,0.,23.230000000001));
#1999 = DIRECTION('',(0.,-1.,0.));
#2000 = DIRECTION('',(0.,0.,-1.));
#2001 = ORIENTED_EDGE('',*,*,#2002,.F.);
#2002 = EDGE_CURVE('',#2003,#1994,#2005,.T.);
#2003 = VERTEX_POINT('',#2004);
#2004 = CARTESIAN_POINT('',(24.13,1.,23.880000000001));
#2005 = LINE('',#2006,#2007);
#2006 = CARTESIAN_POINT('',(24.13,2.838477631085,23.880000000001));
#2007 = VECTOR('',#2008,1.);
#2008 = DIRECTION('',(-0.,-1.,-0.));
#2009 = ORIENTED_EDGE('',*,*,#2010,.T.);
#2010 = EDGE_CURVE('',#2003,#1984,#2011,.T.);
#2011 = CIRCLE('',#2012,0.65);
#2012 = AXIS2_PLACEMENT_3D('',#2013,#2014,#2015);
#2013 = CARTESIAN_POINT('',(24.13,1.,23.230000000001));
#2014 = DIRECTION('',(0.,-1.,0.));
#2015 = DIRECTION('',(0.,0.,1.));
#2016 = CYLINDRICAL_SURFACE('',#2017,0.65);
#2017 = AXIS2_PLACEMENT_3D('',#2018,#2019,#2020);
#2018 = CARTESIAN_POINT('',(24.13,2.838477631085,23.230000000001));
#2019 = DIRECTION('',(-0.,-1.,-0.));
#2020 = DIRECTION('',(0.,0.,-1.));
#2021 = ADVANCED_FACE('',(#2022),#2058,.F.);
#2022 = FACE_BOUND('',#2023,.F.);
#2023 = EDGE_LOOP('',(#2024,#2034,#2043,#2051));
#2024 = ORIENTED_EDGE('',*,*,#2025,.T.);
#2025 = EDGE_CURVE('',#2026,#2028,#2030,.T.);
#2026 = VERTEX_POINT('',#2027);
#2027 = CARTESIAN_POINT('',(-21.59,1.,22.58));
#2028 = VERTEX_POINT('',#2029);
#2029 = CARTESIAN_POINT('',(-21.59,0.,22.58));
#2030 = LINE('',#2031,#2032);
#2031 = CARTESIAN_POINT('',(-21.59,2.838477631085,22.58));
#2032 = VECTOR('',#2033,1.);
#2033 = DIRECTION('',(-0.,-1.,-0.));
#2034 = ORIENTED_EDGE('',*,*,#2035,.F.);
#2035 = EDGE_CURVE('',#2036,#2028,#2038,.T.);
#2036 = VERTEX_POINT('',#2037);
#2037 = CARTESIAN_POINT('',(-21.59,0.,23.88));
#2038 = CIRCLE('',#2039,0.65);
#2039 = AXIS2_PLACEMENT_3D('',#2040,#2041,#2042);
#2040 = CARTESIAN_POINT('',(-21.59,0.,23.23));
#2041 = DIRECTION('',(0.,-1.,0.));
#2042 = DIRECTION('',(0.,0.,-1.));
#2043 = ORIENTED_EDGE('',*,*,#2044,.F.);
#2044 = EDGE_CURVE('',#2045,#2036,#2047,.T.);
#2045 = VERTEX_POINT('',#2046);
#2046 = CARTESIAN_POINT('',(-21.59,1.,23.88));
#2047 = LINE('',#2048,#2049);
#2048 = CARTESIAN_POINT('',(-21.59,2.838477631085,23.88));
#2049 = VECTOR('',#2050,1.);
#2050 = DIRECTION('',(-0.,-1.,-0.));
#2051 = ORIENTED_EDGE('',*,*,#2052,.T.);
#2052 = EDGE_CURVE('',#2045,#2026,#2053,.T.);
#2053 = CIRCLE('',#2054,0.65);
#2054 = AXIS2_PLACEMENT_3D('',#2055,#2056,#2057);
#2055 = CARTESIAN_POINT('',(-21.59,1.,23.23));
#2056 = DIRECTION('',(0.,-1.,0.));
#2057 = DIRECTION('',(0.,0.,1.));
#2058 = CYLINDRICAL_SURFACE('',#2059,0.65);
#2059 = AXIS2_PLACEMENT_3D('',#2060,#2061,#2062);
#2060 = CARTESIAN_POINT('',(-21.59,2.838477631085,23.23));
#2061 = DIRECTION('',(-0.,-1.,-0.));
#2062 = DIRECTION('',(0.,0.,-1.));
#2063 = ADVANCED_FACE('',(#2064),#2100,.F.);
#2064 = FACE_BOUND('',#2065,.F.);
#2065 = EDGE_LOOP('',(#2066,#2076,#2085,#2093));
#2066 = ORIENTED_EDGE('',*,*,#2067,.T.);
#2067 = EDGE_CURVE('',#2068,#2070,#2072,.T.);
#2068 = VERTEX_POINT('',#2069);
#2069 = CARTESIAN_POINT('',(-19.05,1.,22.58));
#2070 = VERTEX_POINT('',#2071);
#2071 = CARTESIAN_POINT('',(-19.05,0.,22.58));
#2072 = LINE('',#2073,#2074);
#2073 = CARTESIAN_POINT('',(-19.05,2.838477631085,22.58));
#2074 = VECTOR('',#2075,1.);
#2075 = DIRECTION('',(-0.,-1.,-0.));
#2076 = ORIENTED_EDGE('',*,*,#2077,.F.);
#2077 = EDGE_CURVE('',#2078,#2070,#2080,.T.);
#2078 = VERTEX_POINT('',#2079);
#2079 = CARTESIAN_POINT('',(-19.05,0.,23.88));
#2080 = CIRCLE('',#2081,0.65);
#2081 = AXIS2_PLACEMENT_3D('',#2082,#2083,#2084);
#2082 = CARTESIAN_POINT('',(-19.05,0.,23.23));
#2083 = DIRECTION('',(0.,-1.,0.));
#2084 = DIRECTION('',(0.,0.,-1.));
#2085 = ORIENTED_EDGE('',*,*,#2086,.F.);
#2086 = EDGE_CURVE('',#2087,#2078,#2089,.T.);
#2087 = VERTEX_POINT('',#2088);
#2088 = CARTESIAN_POINT('',(-19.05,1.,23.88));
#2089 = LINE('',#2090,#2091);
#2090 = CARTESIAN_POINT('',(-19.05,2.838477631085,23.88));
#2091 = VECTOR('',#2092,1.);
#2092 = DIRECTION('',(-0.,-1.,-0.));
#2093 = ORIENTED_EDGE('',*,*,#2094,.T.);
#2094 = EDGE_CURVE('',#2087,#2068,#2095,.T.);
#2095 = CIRCLE('',#2096,0.65);
#2096 = AXIS2_PLACEMENT_3D('',#2097,#2098,#2099);
#2097 = CARTESIAN_POINT('',(-19.05,1.,23.23));
#2098 = DIRECTION('',(0.,-1.,0.));
#2099 = DIRECTION('',(0.,0.,1.));
#2100 = CYLINDRICAL_SURFACE('',#2101,0.65);
#2101 = AXIS2_PLACEMENT_3D('',#2102,#2103,#2104);
#2102 = CARTESIAN_POINT('',(-19.05,2.838477631085,23.23));
#2103 = DIRECTION('',(-0.,-1.,-0.));
#2104 = DIRECTION('',(0.,0.,-1.));
#2105 = ADVANCED_FACE('',(#2106),#2142,.F.);
#2106 = FACE_BOUND('',#2107,.F.);
#2107 = EDGE_LOOP('',(#2108,#2118,#2127,#2135));
#2108 = ORIENTED_EDGE('',*,*,#2109,.T.);
#2109 = EDGE_CURVE('',#2110,#2112,#2114,.T.);
#2110 = VERTEX_POINT('',#2111);
#2111 = CARTESIAN_POINT('',(-16.51,1.,22.58));
#2112 = VERTEX_POINT('',#2113);
#2113 = CARTESIAN_POINT('',(-16.51,0.,22.58));
#2114 = LINE('',#2115,#2116);
#2115 = CARTESIAN_POINT('',(-16.51,2.838477631085,22.58));
#2116 = VECTOR('',#2117,1.);
#2117 = DIRECTION('',(-0.,-1.,-0.));
#2118 = ORIENTED_EDGE('',*,*,#2119,.F.);
#2119 = EDGE_CURVE('',#2120,#2112,#2122,.T.);
#2120 = VERTEX_POINT('',#2121);
#2121 = CARTESIAN_POINT('',(-16.51,0.,23.88));
#2122 = CIRCLE('',#2123,0.65);
#2123 = AXIS2_PLACEMENT_3D('',#2124,#2125,#2126);
#2124 = CARTESIAN_POINT('',(-16.51,0.,23.23));
#2125 = DIRECTION('',(0.,-1.,0.));
#2126 = DIRECTION('',(0.,0.,-1.));
#2127 = ORIENTED_EDGE('',*,*,#2128,.F.);
#2128 = EDGE_CURVE('',#2129,#2120,#2131,.T.);
#2129 = VERTEX_POINT('',#2130);
#2130 = CARTESIAN_POINT('',(-16.51,1.,23.88));
#2131 = LINE('',#2132,#2133);
#2132 = CARTESIAN_POINT('',(-16.51,2.838477631085,23.88));
#2133 = VECTOR('',#2134,1.);
#2134 = DIRECTION('',(-0.,-1.,-0.));
#2135 = ORIENTED_EDGE('',*,*,#2136,.T.);
#2136 = EDGE_CURVE('',#2129,#2110,#2137,.T.);
#2137 = CIRCLE('',#2138,0.65);
#2138 = AXIS2_PLACEMENT_3D('',#2139,#2140,#2141);
#2139 = CARTESIAN_POINT('',(-16.51,1.,23.23));
#2140 = DIRECTION('',(0.,-1.,0.));
#2141 = DIRECTION('',(0.,0.,1.));
#2142 = CYLINDRICAL_SURFACE('',#2143,0.65);
#2143 = AXIS2_PLACEMENT_3D('',#2144,#2145,#2146);
#2144 = CARTESIAN_POINT('',(-16.51,2.838477631085,23.23));
#2145 = DIRECTION('',(-0.,-1.,-0.));
#2146 = DIRECTION('',(0.,0.,-1.));
#2147 = ADVANCED_FACE('',(#2148),#2184,.F.);
#2148 = FACE_BOUND('',#2149,.F.);
#2149 = EDGE_LOOP('',(#2150,#2160,#2169,#2177));
#2150 = ORIENTED_EDGE('',*,*,#2151,.T.);
#2151 = EDGE_CURVE('',#2152,#2154,#2156,.T.);
#2152 = VERTEX_POINT('',#2153);
#2153 = CARTESIAN_POINT('',(-13.97,1.,22.58));
#2154 = VERTEX_POINT('',#2155);
#2155 = CARTESIAN_POINT('',(-13.97,0.,22.58));
#2156 = LINE('',#2157,#2158);
#2157 = CARTESIAN_POINT('',(-13.97,2.838477631085,22.58));
#2158 = VECTOR('',#2159,1.);
#2159 = DIRECTION('',(-0.,-1.,-0.));
#2160 = ORIENTED_EDGE('',*,*,#2161,.F.);
#2161 = EDGE_CURVE('',#2162,#2154,#2164,.T.);
#2162 = VERTEX_POINT('',#2163);
#2163 = CARTESIAN_POINT('',(-13.97,0.,23.88));
#2164 = CIRCLE('',#2165,0.65);
#2165 = AXIS2_PLACEMENT_3D('',#2166,#2167,#2168);
#2166 = CARTESIAN_POINT('',(-13.97,0.,23.23));
#2167 = DIRECTION('',(0.,-1.,0.));
#2168 = DIRECTION('',(0.,0.,-1.));
#2169 = ORIENTED_EDGE('',*,*,#2170,.F.);
#2170 = EDGE_CURVE('',#2171,#2162,#2173,.T.);
#2171 = VERTEX_POINT('',#2172);
#2172 = CARTESIAN_POINT('',(-13.97,1.,23.88));
#2173 = LINE('',#2174,#2175);
#2174 = CARTESIAN_POINT('',(-13.97,2.838477631085,23.88));
#2175 = VECTOR('',#2176,1.);
#2176 = DIRECTION('',(-0.,-1.,-0.));
#2177 = ORIENTED_EDGE('',*,*,#2178,.T.);
#2178 = EDGE_CURVE('',#2171,#2152,#2179,.T.);
#2179 = CIRCLE('',#2180,0.65);
#2180 = AXIS2_PLACEMENT_3D('',#2181,#2182,#2183);
#2181 = CARTESIAN_POINT('',(-13.97,1.,23.23));
#2182 = DIRECTION('',(0.,-1.,0.));
#2183 = DIRECTION('',(0.,0.,1.));
#2184 = CYLINDRICAL_SURFACE('',#2185,0.65);
#2185 = AXIS2_PLACEMENT_3D('',#2186,#2187,#2188);
#2186 = CARTESIAN_POINT('',(-13.97,2.838477631085,23.23));
#2187 = DIRECTION('',(-0.,-1.,-0.));
#2188 = DIRECTION('',(0.,0.,-1.));
#2189 = ADVANCED_FACE('',(#2190),#2226,.F.);
#2190 = FACE_BOUND('',#2191,.F.);
#2191 = EDGE_LOOP('',(#2192,#2202,#2211,#2219));
#2192 = ORIENTED_EDGE('',*,*,#2193,.T.);
#2193 = EDGE_CURVE('',#2194,#2196,#2198,.T.);
#2194 = VERTEX_POINT('',#2195);
#2195 = CARTESIAN_POINT('',(-11.43,1.,22.58));
#2196 = VERTEX_POINT('',#2197);
#2197 = CARTESIAN_POINT('',(-11.43,0.,22.58));
#2198 = LINE('',#2199,#2200);
#2199 = CARTESIAN_POINT('',(-11.43,2.838477631085,22.58));
#2200 = VECTOR('',#2201,1.);
#2201 = DIRECTION('',(-0.,-1.,-0.));
#2202 = ORIENTED_EDGE('',*,*,#2203,.F.);
#2203 = EDGE_CURVE('',#2204,#2196,#2206,.T.);
#2204 = VERTEX_POINT('',#2205);
#2205 = CARTESIAN_POINT('',(-11.43,0.,23.88));
#2206 = CIRCLE('',#2207,0.65);
#2207 = AXIS2_PLACEMENT_3D('',#2208,#2209,#2210);
#2208 = CARTESIAN_POINT('',(-11.43,0.,23.23));
#2209 = DIRECTION('',(0.,-1.,0.));
#2210 = DIRECTION('',(0.,0.,-1.));
#2211 = ORIENTED_EDGE('',*,*,#2212,.F.);
#2212 = EDGE_CURVE('',#2213,#2204,#2215,.T.);
#2213 = VERTEX_POINT('',#2214);
#2214 = CARTESIAN_POINT('',(-11.43,1.,23.88));
#2215 = LINE('',#2216,#2217);
#2216 = CARTESIAN_POINT('',(-11.43,2.838477631085,23.88));
#2217 = VECTOR('',#2218,1.);
#2218 = DIRECTION('',(-0.,-1.,-0.));
#2219 = ORIENTED_EDGE('',*,*,#2220,.T.);
#2220 = EDGE_CURVE('',#2213,#2194,#2221,.T.);
#2221 = CIRCLE('',#2222,0.65);
#2222 = AXIS2_PLACEMENT_3D('',#2223,#2224,#2225);
#2223 = CARTESIAN_POINT('',(-11.43,1.,23.23));
#2224 = DIRECTION('',(0.,-1.,0.));
#2225 = DIRECTION('',(0.,0.,1.));
#2226 = CYLINDRICAL_SURFACE('',#2227,0.65);
#2227 = AXIS2_PLACEMENT_3D('',#2228,#2229,#2230);
#2228 = CARTESIAN_POINT('',(-11.43,2.838477631085,23.23));
#2229 = DIRECTION('',(-0.,-1.,-0.));
#2230 = DIRECTION('',(0.,0.,-1.));
#2231 = ADVANCED_FACE('',(#2232),#2270,.T.);
#2232 = FACE_BOUND('',#2233,.T.);
#2233 = EDGE_LOOP('',(#2234,#2245,#2254,#2263));
#2234 = ORIENTED_EDGE('',*,*,#2235,.F.);
#2235 = EDGE_CURVE('',#2236,#2238,#2240,.T.);
#2236 = VERTEX_POINT('',#2237);
#2237 = CARTESIAN_POINT('',(-17.5,-1.8,7.));
#2238 = VERTEX_POINT('',#2239);
#2239 = CARTESIAN_POINT('',(-17.5,-1.8,-7.));
#2240 = CIRCLE('',#2241,7.);
#2241 = AXIS2_PLACEMENT_3D('',#2242,#2243,#2244);
#2242 = CARTESIAN_POINT('',(-17.5,-1.8,6.938893903907E-15));
#2243 = DIRECTION('',(-0.,1.,0.));
#2244 = DIRECTION('',(0.,0.,-1.));
#2245 = ORIENTED_EDGE('',*,*,#2246,.T.);
#2246 = EDGE_CURVE('',#2236,#2247,#2249,.T.);
#2247 = VERTEX_POINT('',#2248);
#2248 = CARTESIAN_POINT('',(-17.5,-2.,6.8));
#2249 = CIRCLE('',#2250,0.2);
#2250 = AXIS2_PLACEMENT_3D('',#2251,#2252,#2253);
#2251 = CARTESIAN_POINT('',(-17.5,-1.8,6.8));
#2252 = DIRECTION('',(1.,0.,-1.224646799147E-16));
#2253 = DIRECTION('',(-1.224646799147E-16,-0.,-1.));
#2254 = ORIENTED_EDGE('',*,*,#2255,.F.);
#2255 = EDGE_CURVE('',#2256,#2247,#2258,.T.);
#2256 = VERTEX_POINT('',#2257);
#2257 = CARTESIAN_POINT('',(-17.5,-2.,-6.8));
#2258 = CIRCLE('',#2259,6.8);
#2259 = AXIS2_PLACEMENT_3D('',#2260,#2261,#2262);
#2260 = CARTESIAN_POINT('',(-17.5,-2.,6.938893903907E-15));
#2261 = DIRECTION('',(0.,-1.,0.));
#2262 = DIRECTION('',(0.,0.,-1.));
#2263 = ORIENTED_EDGE('',*,*,#2264,.F.);
#2264 = EDGE_CURVE('',#2238,#2256,#2265,.T.);
#2265 = CIRCLE('',#2266,0.2);
#2266 = AXIS2_PLACEMENT_3D('',#2267,#2268,#2269);
#2267 = CARTESIAN_POINT('',(-17.5,-1.8,-6.8));
#2268 = DIRECTION('',(-1.,0.,-0.));
#2269 = DIRECTION('',(-0.,0.,1.));
#2270 = TOROIDAL_SURFACE('',#2271,6.8,0.2);
#2271 = AXIS2_PLACEMENT_3D('',#2272,#2273,#2274);
#2272 = CARTESIAN_POINT('',(-17.5,-1.8,6.938893903907E-15));
#2273 = DIRECTION('',(0.,-1.,0.));
#2274 = DIRECTION('',(0.,0.,-1.));
#2275 = ADVANCED_FACE('',(#2276),#2312,.T.);
#2276 = FACE_BOUND('',#2277,.T.);
#2277 = EDGE_LOOP('',(#2278,#2289,#2297,#2306));
#2278 = ORIENTED_EDGE('',*,*,#2279,.F.);
#2279 = EDGE_CURVE('',#2280,#2282,#2284,.T.);
#2280 = VERTEX_POINT('',#2281);
#2281 = CARTESIAN_POINT('',(-29.03072733998,-0.5,22.506545585421));
#2282 = VERTEX_POINT('',#2283);
#2283 = CARTESIAN_POINT('',(-29.03072733998,-0.5,26.506545585421));
#2284 = CIRCLE('',#2285,2.);
#2285 = AXIS2_PLACEMENT_3D('',#2286,#2287,#2288);
#2286 = CARTESIAN_POINT('',(-29.03072733998,-0.5,24.506545585421));
#2287 = DIRECTION('',(0.,-1.,0.));
#2288 = DIRECTION('',(0.,0.,-1.));
#2289 = ORIENTED_EDGE('',*,*,#2290,.T.);
#2290 = EDGE_CURVE('',#2280,#2291,#2293,.T.);
#2291 = VERTEX_POINT('',#2292);
#2292 = CARTESIAN_POINT('',(-29.03072733998,0.,22.506545585421));
#2293 = LINE('',#2294,#2295);
#2294 = CARTESIAN_POINT('',(-29.03072733998,-0.5,22.506545585421));
#2295 = VECTOR('',#2296,1.);
#2296 = DIRECTION('',(-0.,1.,-0.));
#2297 = ORIENTED_EDGE('',*,*,#2298,.T.);
#2298 = EDGE_CURVE('',#2291,#2299,#2301,.T.);
#2299 = VERTEX_POINT('',#2300);
#2300 = CARTESIAN_POINT('',(-29.03072733998,0.,26.506545585421));
#2301 = CIRCLE('',#2302,2.);
#2302 = AXIS2_PLACEMENT_3D('',#2303,#2304,#2305);
#2303 = CARTESIAN_POINT('',(-29.03072733998,0.,24.506545585421));
#2304 = DIRECTION('',(0.,-1.,0.));
#2305 = DIRECTION('',(0.,0.,1.));
#2306 = ORIENTED_EDGE('',*,*,#2307,.F.);
#2307 = EDGE_CURVE('',#2282,#2299,#2308,.T.);
#2308 = LINE('',#2309,#2310);
#2309 = CARTESIAN_POINT('',(-29.03072733998,-0.5,26.506545585421));
#2310 = VECTOR('',#2311,1.);
#2311 = DIRECTION('',(-0.,1.,-0.));
#2312 = CYLINDRICAL_SURFACE('',#2313,2.);
#2313 = AXIS2_PLACEMENT_3D('',#2314,#2315,#2316);
#2314 = CARTESIAN_POINT('',(-29.03072733998,-0.5,24.506545585421));
#2315 = DIRECTION('',(-0.,1.,-0.));
#2316 = DIRECTION('',(0.,0.,1.));
#2317 = ADVANCED_FACE('',(#2318),#2354,.T.);
#2318 = FACE_BOUND('',#2319,.T.);
#2319 = EDGE_LOOP('',(#2320,#2331,#2339,#2348));
#2320 = ORIENTED_EDGE('',*,*,#2321,.F.);
#2321 = EDGE_CURVE('',#2322,#2324,#2326,.T.);
#2322 = VERTEX_POINT('',#2323);
#2323 = CARTESIAN_POINT('',(-29.03072733998,-0.5,-26.52866700815));
#2324 = VERTEX_POINT('',#2325);
#2325 = CARTESIAN_POINT('',(-29.03072733998,-0.5,-22.52866700815));
#2326 = CIRCLE('',#2327,2.);
#2327 = AXIS2_PLACEMENT_3D('',#2328,#2329,#2330);
#2328 = CARTESIAN_POINT('',(-29.03072733998,-0.5,-24.52866700815));
#2329 = DIRECTION('',(0.,-1.,0.));
#2330 = DIRECTION('',(0.,0.,-1.));
#2331 = ORIENTED_EDGE('',*,*,#2332,.T.);
#2332 = EDGE_CURVE('',#2322,#2333,#2335,.T.);
#2333 = VERTEX_POINT('',#2334);
#2334 = CARTESIAN_POINT('',(-29.03072733998,0.,-26.52866700815));
#2335 = LINE('',#2336,#2337);
#2336 = CARTESIAN_POINT('',(-29.03072733998,-0.5,-26.52866700815));
#2337 = VECTOR('',#2338,1.);
#2338 = DIRECTION('',(-0.,1.,-0.));
#2339 = ORIENTED_EDGE('',*,*,#2340,.T.);
#2340 = EDGE_CURVE('',#2333,#2341,#2343,.T.);
#2341 = VERTEX_POINT('',#2342);
#2342 = CARTESIAN_POINT('',(-29.03072733998,0.,-22.52866700815));
#2343 = CIRCLE('',#2344,2.);
#2344 = AXIS2_PLACEMENT_3D('',#2345,#2346,#2347);
#2345 = CARTESIAN_POINT('',(-29.03072733998,0.,-24.52866700815));
#2346 = DIRECTION('',(0.,-1.,0.));
#2347 = DIRECTION('',(0.,0.,1.));
#2348 = ORIENTED_EDGE('',*,*,#2349,.F.);
#2349 = EDGE_CURVE('',#2324,#2341,#2350,.T.);
#2350 = LINE('',#2351,#2352);
#2351 = CARTESIAN_POINT('',(-29.03072733998,-0.5,-22.52866700815));
#2352 = VECTOR('',#2353,1.);
#2353 = DIRECTION('',(-0.,1.,-0.));
#2354 = CYLINDRICAL_SURFACE('',#2355,2.);
#2355 = AXIS2_PLACEMENT_3D('',#2356,#2357,#2358);
#2356 = CARTESIAN_POINT('',(-29.03072733998,-0.5,-24.52866700815));
#2357 = DIRECTION('',(-0.,1.,-0.));
#2358 = DIRECTION('',(0.,0.,1.));
#2359 = ADVANCED_FACE('',(#2360),#2396,.T.);
#2360 = FACE_BOUND('',#2361,.T.);
#2361 = EDGE_LOOP('',(#2362,#2373,#2381,#2390));
#2362 = ORIENTED_EDGE('',*,*,#2363,.F.);
#2363 = EDGE_CURVE('',#2364,#2366,#2368,.T.);
#2364 = VERTEX_POINT('',#2365);
#2365 = CARTESIAN_POINT('',(28.980840432142,-0.5,-26.52866700815));
#2366 = VERTEX_POINT('',#2367);
#2367 = CARTESIAN_POINT('',(28.980840432142,-0.5,-22.52866700815));
#2368 = CIRCLE('',#2369,2.);
#2369 = AXIS2_PLACEMENT_3D('',#2370,#2371,#2372);
#2370 = CARTESIAN_POINT('',(28.980840432142,-0.5,-24.52866700815));
#2371 = DIRECTION('',(0.,-1.,0.));
#2372 = DIRECTION('',(0.,0.,-1.));
#2373 = ORIENTED_EDGE('',*,*,#2374,.T.);
#2374 = EDGE_CURVE('',#2364,#2375,#2377,.T.);
#2375 = VERTEX_POINT('',#2376);
#2376 = CARTESIAN_POINT('',(28.980840432142,0.,-26.52866700815));
#2377 = LINE('',#2378,#2379);
#2378 = CARTESIAN_POINT('',(28.980840432142,-0.5,-26.52866700815));
#2379 = VECTOR('',#2380,1.);
#2380 = DIRECTION('',(-0.,1.,-0.));
#2381 = ORIENTED_EDGE('',*,*,#2382,.T.);
#2382 = EDGE_CURVE('',#2375,#2383,#2385,.T.);
#2383 = VERTEX_POINT('',#2384);
#2384 = CARTESIAN_POINT('',(28.980840432142,0.,-22.52866700815));
#2385 = CIRCLE('',#2386,2.);
#2386 = AXIS2_PLACEMENT_3D('',#2387,#2388,#2389);
#2387 = CARTESIAN_POINT('',(28.980840432142,0.,-24.52866700815));
#2388 = DIRECTION('',(0.,-1.,0.));
#2389 = DIRECTION('',(0.,0.,1.));
#2390 = ORIENTED_EDGE('',*,*,#2391,.F.);
#2391 = EDGE_CURVE('',#2366,#2383,#2392,.T.);
#2392 = LINE('',#2393,#2394);
#2393 = CARTESIAN_POINT('',(28.980840432142,-0.5,-22.52866700815));
#2394 = VECTOR('',#2395,1.);
#2395 = DIRECTION('',(-0.,1.,-0.));
#2396 = CYLINDRICAL_SURFACE('',#2397,2.);
#2397 = AXIS2_PLACEMENT_3D('',#2398,#2399,#2400);
#2398 = CARTESIAN_POINT('',(28.980840432142,-0.5,-24.52866700815));
#2399 = DIRECTION('',(-0.,1.,-0.));
#2400 = DIRECTION('',(0.,0.,1.));
#2401 = ADVANCED_FACE('',(#2402),#2438,.T.);
#2402 = FACE_BOUND('',#2403,.T.);
#2403 = EDGE_LOOP('',(#2404,#2415,#2423,#2432));
#2404 = ORIENTED_EDGE('',*,*,#2405,.F.);
#2405 = EDGE_CURVE('',#2406,#2408,#2410,.T.);
#2406 = VERTEX_POINT('',#2407);
#2407 = CARTESIAN_POINT('',(28.980840432142,-0.5,22.506545585421));
#2408 = VERTEX_POINT('',#2409);
#2409 = CARTESIAN_POINT('',(28.980840432142,-0.5,26.506545585421));
#2410 = CIRCLE('',#2411,2.);
#2411 = AXIS2_PLACEMENT_3D('',#2412,#2413,#2414);
#2412 = CARTESIAN_POINT('',(28.980840432142,-0.5,24.506545585421));
#2413 = DIRECTION('',(0.,-1.,0.));
#2414 = DIRECTION('',(0.,0.,-1.));
#2415 = ORIENTED_EDGE('',*,*,#2416,.T.);
#2416 = EDGE_CURVE('',#2406,#2417,#2419,.T.);
#2417 = VERTEX_POINT('',#2418);
#2418 = CARTESIAN_POINT('',(28.980840432142,0.,22.506545585421));
#2419 = LINE('',#2420,#2421);
#2420 = CARTESIAN_POINT('',(28.980840432142,-0.5,22.506545585421));
#2421 = VECTOR('',#2422,1.);
#2422 = DIRECTION('',(-0.,1.,-0.));
#2423 = ORIENTED_EDGE('',*,*,#2424,.T.);
#2424 = EDGE_CURVE('',#2417,#2425,#2427,.T.);
#2425 = VERTEX_POINT('',#2426);
#2426 = CARTESIAN_POINT('',(28.980840432142,0.,26.506545585421));
#2427 = CIRCLE('',#2428,2.);
#2428 = AXIS2_PLACEMENT_3D('',#2429,#2430,#2431);
#2429 = CARTESIAN_POINT('',(28.980840432142,0.,24.506545585421));
#2430 = DIRECTION('',(0.,-1.,0.));
#2431 = DIRECTION('',(0.,0.,1.));
#2432 = ORIENTED_EDGE('',*,*,#2433,.F.);
#2433 = EDGE_CURVE('',#2408,#2425,#2434,.T.);
#2434 = LINE('',#2435,#2436);
#2435 = CARTESIAN_POINT('',(28.980840432142,-0.5,26.506545585421));
#2436 = VECTOR('',#2437,1.);
#2437 = DIRECTION('',(-0.,1.,-0.));
#2438 = CYLINDRICAL_SURFACE('',#2439,2.);
#2439 = AXIS2_PLACEMENT_3D('',#2440,#2441,#2442);
#2440 = CARTESIAN_POINT('',(28.980840432142,-0.5,24.506545585421));
#2441 = DIRECTION('',(-0.,1.,-0.));
#2442 = DIRECTION('',(0.,0.,1.));
#2443 = ADVANCED_FACE('',(#2444),#2470,.T.);
#2444 = FACE_BOUND('',#2445,.T.);
#2445 = EDGE_LOOP('',(#2446,#2447,#2455,#2464));
#2446 = ORIENTED_EDGE('',*,*,#2235,.T.);
#2447 = ORIENTED_EDGE('',*,*,#2448,.T.);
#2448 = EDGE_CURVE('',#2238,#2449,#2451,.T.);
#2449 = VERTEX_POINT('',#2450);
#2450 = CARTESIAN_POINT('',(-17.5,0.,-7.));
#2451 = LINE('',#2452,#2453);
#2452 = CARTESIAN_POINT('',(-17.5,-2.,-7.));
#2453 = VECTOR('',#2454,1.);
#2454 = DIRECTION('',(-0.,1.,-0.));
#2455 = ORIENTED_EDGE('',*,*,#2456,.T.);
#2456 = EDGE_CURVE('',#2449,#2457,#2459,.T.);
#2457 = VERTEX_POINT('',#2458);
#2458 = CARTESIAN_POINT('',(-17.5,0.,7.));
#2459 = CIRCLE('',#2460,7.);
#2460 = AXIS2_PLACEMENT_3D('',#2461,#2462,#2463);
#2461 = CARTESIAN_POINT('',(-17.5,0.,6.938893903907E-15));
#2462 = DIRECTION('',(0.,-1.,0.));
#2463 = DIRECTION('',(0.,0.,1.));
#2464 = ORIENTED_EDGE('',*,*,#2465,.F.);
#2465 = EDGE_CURVE('',#2236,#2457,#2466,.T.);
#2466 = LINE('',#2467,#2468);
#2467 = CARTESIAN_POINT('',(-17.5,-2.,7.));
#2468 = VECTOR('',#2469,1.);
#2469 = DIRECTION('',(-0.,1.,-0.));
#2470 = CYLINDRICAL_SURFACE('',#2471,7.);
#2471 = AXIS2_PLACEMENT_3D('',#2472,#2473,#2474);
#2472 = CARTESIAN_POINT('',(-17.5,-2.,6.938893903907E-15));
#2473 = DIRECTION('',(-0.,1.,-0.));
#2474 = DIRECTION('',(0.,0.,1.));
#2475 = ADVANCED_FACE('',(#2476),#2512,.F.);
#2476 = FACE_BOUND('',#2477,.F.);
#2477 = EDGE_LOOP('',(#2478,#2488,#2497,#2505));
#2478 = ORIENTED_EDGE('',*,*,#2479,.T.);
#2479 = EDGE_CURVE('',#2480,#2482,#2484,.T.);
#2480 = VERTEX_POINT('',#2481);
#2481 = CARTESIAN_POINT('',(-29.03072733998,-0.5,-23.52866700815));
#2482 = VERTEX_POINT('',#2483);
#2483 = CARTESIAN_POINT('',(-29.03072733998,2.6,-23.52866700815));
#2484 = LINE('',#2485,#2486);
#2485 = CARTESIAN_POINT('',(-29.03072733998,-1.E-03,-23.52866700815));
#2486 = VECTOR('',#2487,1.);
#2487 = DIRECTION('',(-0.,1.,-0.));
#2488 = ORIENTED_EDGE('',*,*,#2489,.F.);
#2489 = EDGE_CURVE('',#2490,#2482,#2492,.T.);
#2490 = VERTEX_POINT('',#2491);
#2491 = CARTESIAN_POINT('',(-29.03072733998,2.6,-25.52866700815));
#2492 = CIRCLE('',#2493,1.);
#2493 = AXIS2_PLACEMENT_3D('',#2494,#2495,#2496);
#2494 = CARTESIAN_POINT('',(-29.03072733998,2.6,-24.52866700815));
#2495 = DIRECTION('',(0.,1.,0.));
#2496 = DIRECTION('',(0.,-0.,1.));
#2497 = ORIENTED_EDGE('',*,*,#2498,.F.);
#2498 = EDGE_CURVE('',#2499,#2490,#2501,.T.);
#2499 = VERTEX_POINT('',#2500);
#2500 = CARTESIAN_POINT('',(-29.03072733998,-0.5,-25.52866700815));
#2501 = LINE('',#2502,#2503);
#2502 = CARTESIAN_POINT('',(-29.03072733998,-1.E-03,-25.52866700815));
#2503 = VECTOR('',#2504,1.);
#2504 = DIRECTION('',(-0.,1.,-0.));
#2505 = ORIENTED_EDGE('',*,*,#2506,.T.);
#2506 = EDGE_CURVE('',#2499,#2480,#2507,.T.);
#2507 = CIRCLE('',#2508,1.);
#2508 = AXIS2_PLACEMENT_3D('',#2509,#2510,#2511);
#2509 = CARTESIAN_POINT('',(-29.03072733998,-0.5,-24.52866700815));
#2510 = DIRECTION('',(-0.,1.,0.));
#2511 = DIRECTION('',(0.,0.,-1.));
#2512 = CYLINDRICAL_SURFACE('',#2513,1.);
#2513 = AXIS2_PLACEMENT_3D('',#2514,#2515,#2516);
#2514 = CARTESIAN_POINT('',(-29.03072733998,-1.E-03,-24.52866700815));
#2515 = DIRECTION('',(-0.,1.,-0.));
#2516 = DIRECTION('',(0.,0.,1.));
#2517 = ADVANCED_FACE('',(#2518),#2554,.F.);
#2518 = FACE_BOUND('',#2519,.F.);
#2519 = EDGE_LOOP('',(#2520,#2530,#2539,#2547));
#2520 = ORIENTED_EDGE('',*,*,#2521,.T.);
#2521 = EDGE_CURVE('',#2522,#2524,#2526,.T.);
#2522 = VERTEX_POINT('',#2523);
#2523 = CARTESIAN_POINT('',(28.980840432142,-0.5,-23.52866700815));
#2524 = VERTEX_POINT('',#2525);
#2525 = CARTESIAN_POINT('',(28.980840432142,2.6,-23.52866700815));
#2526 = LINE('',#2527,#2528);
#2527 = CARTESIAN_POINT('',(28.980840432142,-1.E-03,-23.52866700815));
#2528 = VECTOR('',#2529,1.);
#2529 = DIRECTION('',(-0.,1.,-0.));
#2530 = ORIENTED_EDGE('',*,*,#2531,.F.);
#2531 = EDGE_CURVE('',#2532,#2524,#2534,.T.);
#2532 = VERTEX_POINT('',#2533);
#2533 = CARTESIAN_POINT('',(28.980840432142,2.6,-25.52866700815));
#2534 = CIRCLE('',#2535,1.);
#2535 = AXIS2_PLACEMENT_3D('',#2536,#2537,#2538);
#2536 = CARTESIAN_POINT('',(28.980840432142,2.6,-24.52866700815));
#2537 = DIRECTION('',(0.,1.,0.));
#2538 = DIRECTION('',(0.,-0.,1.));
#2539 = ORIENTED_EDGE('',*,*,#2540,.F.);
#2540 = EDGE_CURVE('',#2541,#2532,#2543,.T.);
#2541 = VERTEX_POINT('',#2542);
#2542 = CARTESIAN_POINT('',(28.980840432142,-0.5,-25.52866700815));
#2543 = LINE('',#2544,#2545);
#2544 = CARTESIAN_POINT('',(28.980840432142,-1.E-03,-25.52866700815));
#2545 = VECTOR('',#2546,1.);
#2546 = DIRECTION('',(-0.,1.,-0.));
#2547 = ORIENTED_EDGE('',*,*,#2548,.T.);
#2548 = EDGE_CURVE('',#2541,#2522,#2549,.T.);
#2549 = CIRCLE('',#2550,1.);
#2550 = AXIS2_PLACEMENT_3D('',#2551,#2552,#2553);
#2551 = CARTESIAN_POINT('',(28.980840432142,-0.5,-24.52866700815));
#2552 = DIRECTION('',(-0.,1.,0.));
#2553 = DIRECTION('',(0.,0.,-1.));
#2554 = CYLINDRICAL_SURFACE('',#2555,1.);
#2555 = AXIS2_PLACEMENT_3D('',#2556,#2557,#2558);
#2556 = CARTESIAN_POINT('',(28.980840432142,-1.E-03,-24.52866700815));
#2557 = DIRECTION('',(-0.,1.,-0.));
#2558 = DIRECTION('',(0.,0.,1.));
#2559 = ADVANCED_FACE('',(#2560),#2596,.F.);
#2560 = FACE_BOUND('',#2561,.F.);
#2561 = EDGE_LOOP('',(#2562,#2572,#2581,#2589));
#2562 = ORIENTED_EDGE('',*,*,#2563,.T.);
#2563 = EDGE_CURVE('',#2564,#2566,#2568,.T.);
#2564 = VERTEX_POINT('',#2565);
#2565 = CARTESIAN_POINT('',(-29.03072733998,-0.5,25.506545585421));
#2566 = VERTEX_POINT('',#2567);
#2567 = CARTESIAN_POINT('',(-29.03072733998,2.6,25.506545585421));
#2568 = LINE('',#2569,#2570);
#2569 = CARTESIAN_POINT('',(-29.03072733998,-1.E-03,25.506545585421));
#2570 = VECTOR('',#2571,1.);
#2571 = DIRECTION('',(-0.,1.,-0.));
#2572 = ORIENTED_EDGE('',*,*,#2573,.F.);
#2573 = EDGE_CURVE('',#2574,#2566,#2576,.T.);
#2574 = VERTEX_POINT('',#2575);
#2575 = CARTESIAN_POINT('',(-29.03072733998,2.6,23.506545585421));
#2576 = CIRCLE('',#2577,1.);
#2577 = AXIS2_PLACEMENT_3D('',#2578,#2579,#2580);
#2578 = CARTESIAN_POINT('',(-29.03072733998,2.6,24.506545585421));
#2579 = DIRECTION('',(0.,1.,0.));
#2580 = DIRECTION('',(0.,-0.,1.));
#2581 = ORIENTED_EDGE('',*,*,#2582,.F.);
#2582 = EDGE_CURVE('',#2583,#2574,#2585,.T.);
#2583 = VERTEX_POINT('',#2584);
#2584 = CARTESIAN_POINT('',(-29.03072733998,-0.5,23.506545585421));
#2585 = LINE('',#2586,#2587);
#2586 = CARTESIAN_POINT('',(-29.03072733998,-1.E-03,23.506545585421));
#2587 = VECTOR('',#2588,1.);
#2588 = DIRECTION('',(-0.,1.,-0.));
#2589 = ORIENTED_EDGE('',*,*,#2590,.T.);
#2590 = EDGE_CURVE('',#2583,#2564,#2591,.T.);
#2591 = CIRCLE('',#2592,1.);
#2592 = AXIS2_PLACEMENT_3D('',#2593,#2594,#2595);
#2593 = CARTESIAN_POINT('',(-29.03072733998,-0.5,24.506545585421));
#2594 = DIRECTION('',(-0.,1.,0.));
#2595 = DIRECTION('',(0.,0.,-1.));
#2596 = CYLINDRICAL_SURFACE('',#2597,1.);
#2597 = AXIS2_PLACEMENT_3D('',#2598,#2599,#2600);
#2598 = CARTESIAN_POINT('',(-29.03072733998,-1.E-03,24.506545585421));
#2599 = DIRECTION('',(-0.,1.,-0.));
#2600 = DIRECTION('',(0.,0.,1.));
#2601 = ADVANCED_FACE('',(#2602),#2638,.F.);
#2602 = FACE_BOUND('',#2603,.F.);
#2603 = EDGE_LOOP('',(#2604,#2614,#2623,#2631));
#2604 = ORIENTED_EDGE('',*,*,#2605,.T.);
#2605 = EDGE_CURVE('',#2606,#2608,#2610,.T.);
#2606 = VERTEX_POINT('',#2607);
#2607 = CARTESIAN_POINT('',(28.980840432142,-0.5,25.506545585421));
#2608 = VERTEX_POINT('',#2609);
#2609 = CARTESIAN_POINT('',(28.980840432142,2.6,25.506545585421));
#2610 = LINE('',#2611,#2612);
#2611 = CARTESIAN_POINT('',(28.980840432142,-1.E-03,25.506545585421));
#2612 = VECTOR('',#2613,1.);
#2613 = DIRECTION('',(-0.,1.,-0.));
#2614 = ORIENTED_EDGE('',*,*,#2615,.F.);
#2615 = EDGE_CURVE('',#2616,#2608,#2618,.T.);
#2616 = VERTEX_POINT('',#2617);
#2617 = CARTESIAN_POINT('',(28.980840432142,2.6,23.506545585421));
#2618 = CIRCLE('',#2619,1.);
#2619 = AXIS2_PLACEMENT_3D('',#2620,#2621,#2622);
#2620 = CARTESIAN_POINT('',(28.980840432142,2.6,24.506545585421));
#2621 = DIRECTION('',(0.,1.,0.));
#2622 = DIRECTION('',(0.,-0.,1.));
#2623 = ORIENTED_EDGE('',*,*,#2624,.F.);
#2624 = EDGE_CURVE('',#2625,#2616,#2627,.T.);
#2625 = VERTEX_POINT('',#2626);
#2626 = CARTESIAN_POINT('',(28.980840432142,-0.5,23.506545585421));
#2627 = LINE('',#2628,#2629);
#2628 = CARTESIAN_POINT('',(28.980840432142,-1.E-03,23.506545585421));
#2629 = VECTOR('',#2630,1.);
#2630 = DIRECTION('',(-0.,1.,-0.));
#2631 = ORIENTED_EDGE('',*,*,#2632,.T.);
#2632 = EDGE_CURVE('',#2625,#2606,#2633,.T.);
#2633 = CIRCLE('',#2634,1.);
#2634 = AXIS2_PLACEMENT_3D('',#2635,#2636,#2637);
#2635 = CARTESIAN_POINT('',(28.980840432142,-0.5,24.506545585421));
#2636 = DIRECTION('',(-0.,1.,0.));
#2637 = DIRECTION('',(0.,0.,-1.));
#2638 = CYLINDRICAL_SURFACE('',#2639,1.);
#2639 = AXIS2_PLACEMENT_3D('',#2640,#2641,#2642);
#2640 = CARTESIAN_POINT('',(28.980840432142,-1.E-03,24.506545585421));
#2641 = DIRECTION('',(-0.,1.,-0.));
#2642 = DIRECTION('',(0.,0.,1.));
#2643 = ADVANCED_FACE('',(#2644),#2680,.T.);
#2644 = FACE_BOUND('',#2645,.T.);
#2645 = EDGE_LOOP('',(#2646,#2657,#2665,#2674));
#2646 = ORIENTED_EDGE('',*,*,#2647,.F.);
#2647 = EDGE_CURVE('',#2648,#2650,#2652,.T.);
#2648 = VERTEX_POINT('',#2649);
#2649 = CARTESIAN_POINT('',(28.980840432142,2.6,27.256545585421));
#2650 = VERTEX_POINT('',#2651);
#2651 = CARTESIAN_POINT('',(28.980840432142,2.6,21.756545585421));
#2652 = CIRCLE('',#2653,2.75);
#2653 = AXIS2_PLACEMENT_3D('',#2654,#2655,#2656);
#2654 = CARTESIAN_POINT('',(28.980840432142,2.6,24.506545585421));
#2655 = DIRECTION('',(0.,1.,0.));
#2656 = DIRECTION('',(0.,-0.,1.));
#2657 = ORIENTED_EDGE('',*,*,#2658,.T.);
#2658 = EDGE_CURVE('',#2648,#2659,#2661,.T.);
#2659 = VERTEX_POINT('',#2660);
#2660 = CARTESIAN_POINT('',(28.980840432142,1.,27.256545585421));
#2661 = LINE('',#2662,#2663);
#2662 = CARTESIAN_POINT('',(28.980840432142,2.6,27.256545585421));
#2663 = VECTOR('',#2664,1.);
#2664 = DIRECTION('',(-0.,-1.,-0.));
#2665 = ORIENTED_EDGE('',*,*,#2666,.T.);
#2666 = EDGE_CURVE('',#2659,#2667,#2669,.T.);
#2667 = VERTEX_POINT('',#2668);
#2668 = CARTESIAN_POINT('',(28.980840432142,1.,21.756545585421));
#2669 = CIRCLE('',#2670,2.75);
#2670 = AXIS2_PLACEMENT_3D('',#2671,#2672,#2673);
#2671 = CARTESIAN_POINT('',(28.980840432142,1.,24.506545585421));
#2672 = DIRECTION('',(0.,1.,0.));
#2673 = DIRECTION('',(0.,-0.,1.));
#2674 = ORIENTED_EDGE('',*,*,#2675,.F.);
#2675 = EDGE_CURVE('',#2650,#2667,#2676,.T.);
#2676 = LINE('',#2677,#2678);
#2677 = CARTESIAN_POINT('',(28.980840432142,2.6,21.756545585421));
#2678 = VECTOR('',#2679,1.);
#2679 = DIRECTION('',(-0.,-1.,-0.));
#2680 = CYLINDRICAL_SURFACE('',#2681,2.75);
#2681 = AXIS2_PLACEMENT_3D('',#2682,#2683,#2684);
#2682 = CARTESIAN_POINT('',(28.980840432142,2.6,24.506545585421));
#2683 = DIRECTION('',(-0.,-1.,-0.));
#2684 = DIRECTION('',(0.,0.,-1.));
#2685 = ADVANCED_FACE('',(#2686),#2722,.T.);
#2686 = FACE_BOUND('',#2687,.T.);
#2687 = EDGE_LOOP('',(#2688,#2699,#2707,#2716));
#2688 = ORIENTED_EDGE('',*,*,#2689,.F.);
#2689 = EDGE_CURVE('',#2690,#2692,#2694,.T.);
#2690 = VERTEX_POINT('',#2691);
#2691 = CARTESIAN_POINT('',(-29.03072733998,2.6,27.256545585421));
#2692 = VERTEX_POINT('',#2693);
#2693 = CARTESIAN_POINT('',(-29.03072733998,2.6,21.756545585421));
#2694 = CIRCLE('',#2695,2.75);
#2695 = AXIS2_PLACEMENT_3D('',#2696,#2697,#2698);
#2696 = CARTESIAN_POINT('',(-29.03072733998,2.6,24.506545585421));
#2697 = DIRECTION('',(0.,1.,0.));
#2698 = DIRECTION('',(0.,-0.,1.));
#2699 = ORIENTED_EDGE('',*,*,#2700,.T.);
#2700 = EDGE_CURVE('',#2690,#2701,#2703,.T.);
#2701 = VERTEX_POINT('',#2702);
#2702 = CARTESIAN_POINT('',(-29.03072733998,1.,27.256545585421));
#2703 = LINE('',#2704,#2705);
#2704 = CARTESIAN_POINT('',(-29.03072733998,2.6,27.256545585421));
#2705 = VECTOR('',#2706,1.);
#2706 = DIRECTION('',(-0.,-1.,-0.));
#2707 = ORIENTED_EDGE('',*,*,#2708,.T.);
#2708 = EDGE_CURVE('',#2701,#2709,#2711,.T.);
#2709 = VERTEX_POINT('',#2710);
#2710 = CARTESIAN_POINT('',(-29.03072733998,1.,21.756545585421));
#2711 = CIRCLE('',#2712,2.75);
#2712 = AXIS2_PLACEMENT_3D('',#2713,#2714,#2715);
#2713 = CARTESIAN_POINT('',(-29.03072733998,1.,24.506545585421));
#2714 = DIRECTION('',(0.,1.,0.));
#2715 = DIRECTION('',(0.,-0.,1.));
#2716 = ORIENTED_EDGE('',*,*,#2717,.F.);
#2717 = EDGE_CURVE('',#2692,#2709,#2718,.T.);
#2718 = LINE('',#2719,#2720);
#2719 = CARTESIAN_POINT('',(-29.03072733998,2.6,21.756545585421));
#2720 = VECTOR('',#2721,1.);
#2721 = DIRECTION('',(-0.,-1.,-0.));
#2722 = CYLINDRICAL_SURFACE('',#2723,2.75);
#2723 = AXIS2_PLACEMENT_3D('',#2724,#2725,#2726);
#2724 = CARTESIAN_POINT('',(-29.03072733998,2.6,24.506545585421));
#2725 = DIRECTION('',(-0.,-1.,-0.));
#2726 = DIRECTION('',(0.,0.,-1.));
#2727 = ADVANCED_FACE('',(#2728),#2764,.T.);
#2728 = FACE_BOUND('',#2729,.T.);
#2729 = EDGE_LOOP('',(#2730,#2741,#2749,#2758));
#2730 = ORIENTED_EDGE('',*,*,#2731,.F.);
#2731 = EDGE_CURVE('',#2732,#2734,#2736,.T.);
#2732 = VERTEX_POINT('',#2733);
#2733 = CARTESIAN_POINT('',(28.980840432142,2.6,-21.77866700815));
#2734 = VERTEX_POINT('',#2735);
#2735 = CARTESIAN_POINT('',(28.980840432142,2.6,-27.27866700815));
#2736 = CIRCLE('',#2737,2.75);
#2737 = AXIS2_PLACEMENT_3D('',#2738,#2739,#2740);
#2738 = CARTESIAN_POINT('',(28.980840432142,2.6,-24.52866700815));
#2739 = DIRECTION('',(0.,1.,0.));
#2740 = DIRECTION('',(0.,-0.,1.));
#2741 = ORIENTED_EDGE('',*,*,#2742,.T.);
#2742 = EDGE_CURVE('',#2732,#2743,#2745,.T.);
#2743 = VERTEX_POINT('',#2744);
#2744 = CARTESIAN_POINT('',(28.980840432142,1.,-21.77866700815));
#2745 = LINE('',#2746,#2747);
#2746 = CARTESIAN_POINT('',(28.980840432142,2.6,-21.77866700815));
#2747 = VECTOR('',#2748,1.);
#2748 = DIRECTION('',(-0.,-1.,-0.));
#2749 = ORIENTED_EDGE('',*,*,#2750,.T.);
#2750 = EDGE_CURVE('',#2743,#2751,#2753,.T.);
#2751 = VERTEX_POINT('',#2752);
#2752 = CARTESIAN_POINT('',(28.980840432142,1.,-27.27866700815));
#2753 = CIRCLE('',#2754,2.75);
#2754 = AXIS2_PLACEMENT_3D('',#2755,#2756,#2757);
#2755 = CARTESIAN_POINT('',(28.980840432142,1.,-24.52866700815));
#2756 = DIRECTION('',(0.,1.,0.));
#2757 = DIRECTION('',(0.,-0.,1.));
#2758 = ORIENTED_EDGE('',*,*,#2759,.F.);
#2759 = EDGE_CURVE('',#2734,#2751,#2760,.T.);
#2760 = LINE('',#2761,#2762);
#2761 = CARTESIAN_POINT('',(28.980840432142,2.6,-27.27866700815));
#2762 = VECTOR('',#2763,1.);
#2763 = DIRECTION('',(-0.,-1.,-0.));
#2764 = CYLINDRICAL_SURFACE('',#2765,2.75);
#2765 = AXIS2_PLACEMENT_3D('',#2766,#2767,#2768);
#2766 = CARTESIAN_POINT('',(28.980840432142,2.6,-24.52866700815));
#2767 = DIRECTION('',(-0.,-1.,-0.));
#2768 = DIRECTION('',(0.,0.,-1.));
#2769 = ADVANCED_FACE('',(#2770),#2806,.T.);
#2770 = FACE_BOUND('',#2771,.T.);
#2771 = EDGE_LOOP('',(#2772,#2783,#2791,#2800));
#2772 = ORIENTED_EDGE('',*,*,#2773,.F.);
#2773 = EDGE_CURVE('',#2774,#2776,#2778,.T.);
#2774 = VERTEX_POINT('',#2775);
#2775 = CARTESIAN_POINT('',(-29.03072733998,2.6,-21.77866700815));
#2776 = VERTEX_POINT('',#2777);
#2777 = CARTESIAN_POINT('',(-29.03072733998,2.6,-27.27866700815));
#2778 = CIRCLE('',#2779,2.75);
#2779 = AXIS2_PLACEMENT_3D('',#2780,#2781,#2782);
#2780 = CARTESIAN_POINT('',(-29.03072733998,2.6,-24.52866700815));
#2781 = DIRECTION('',(0.,1.,0.));
#2782 = DIRECTION('',(0.,-0.,1.));
#2783 = ORIENTED_EDGE('',*,*,#2784,.T.);
#2784 = EDGE_CURVE('',#2774,#2785,#2787,.T.);
#2785 = VERTEX_POINT('',#2786);
#2786 = CARTESIAN_POINT('',(-29.03072733998,1.,-21.77866700815));
#2787 = LINE('',#2788,#2789);
#2788 = CARTESIAN_POINT('',(-29.03072733998,2.6,-21.77866700815));
#2789 = VECTOR('',#2790,1.);
#2790 = DIRECTION('',(-0.,-1.,-0.));
#2791 = ORIENTED_EDGE('',*,*,#2792,.T.);
#2792 = EDGE_CURVE('',#2785,#2793,#2795,.T.);
#2793 = VERTEX_POINT('',#2794);
#2794 = CARTESIAN_POINT('',(-29.03072733998,1.,-27.27866700815));
#2795 = CIRCLE('',#2796,2.75);
#2796 = AXIS2_PLACEMENT_3D('',#2797,#2798,#2799);
#2797 = CARTESIAN_POINT('',(-29.03072733998,1.,-24.52866700815));
#2798 = DIRECTION('',(0.,1.,0.));
#2799 = DIRECTION('',(0.,-0.,1.));
#2800 = ORIENTED_EDGE('',*,*,#2801,.F.);
#2801 = EDGE_CURVE('',#2776,#2793,#2802,.T.);
#2802 = LINE('',#2803,#2804);
#2803 = CARTESIAN_POINT('',(-29.03072733998,2.6,-27.27866700815));
#2804 = VECTOR('',#2805,1.);
#2805 = DIRECTION('',(-0.,-1.,-0.));
#2806 = CYLINDRICAL_SURFACE('',#2807,2.75);
#2807 = AXIS2_PLACEMENT_3D('',#2808,#2809,#2810);
#2808 = CARTESIAN_POINT('',(-29.03072733998,2.6,-24.52866700815));
#2809 = DIRECTION('',(-0.,-1.,-0.));
#2810 = DIRECTION('',(0.,0.,-1.));
#2811 = ADVANCED_FACE('',(#2812,#2846),#2880,.F.);
#2812 = FACE_BOUND('',#2813,.T.);
#2813 = EDGE_LOOP('',(#2814,#2824,#2832,#2840));
#2814 = ORIENTED_EDGE('',*,*,#2815,.T.);
#2815 = EDGE_CURVE('',#2816,#2818,#2820,.T.);
#2816 = VERTEX_POINT('',#2817);
#2817 = CARTESIAN_POINT('',(2.850265867511E-16,0.,-27.30047239644));
#2818 = VERTEX_POINT('',#2819);
#2819 = CARTESIAN_POINT('',(4.69875361007,0.,-27.30047239644));
#2820 = LINE('',#2821,#2822);
#2821 = CARTESIAN_POINT('',(4.69875361007,0.,-27.30047239644));
#2822 = VECTOR('',#2823,1.);
#2823 = DIRECTION('',(1.,-0.,-0.));
#2824 = ORIENTED_EDGE('',*,*,#2825,.F.);
#2825 = EDGE_CURVE('',#2826,#2818,#2828,.T.);
#2826 = VERTEX_POINT('',#2827);
#2827 = CARTESIAN_POINT('',(4.69875361007,-1.6,-27.30047239644));
#2828 = LINE('',#2829,#2830);
#2829 = CARTESIAN_POINT('',(4.69875361007,-0.6,-27.30047239644));
#2830 = VECTOR('',#2831,1.);
#2831 = DIRECTION('',(-0.,1.,-0.));
#2832 = ORIENTED_EDGE('',*,*,#2833,.F.);
#2833 = EDGE_CURVE('',#2834,#2826,#2836,.T.);
#2834 = VERTEX_POINT('',#2835);
#2835 = CARTESIAN_POINT('',(2.850278304064E-16,-1.6,-27.30047239644));
#2836 = LINE('',#2837,#2838);
#2837 = CARTESIAN_POINT('',(2.850278304064E-16,-1.6,-27.30047239644));
#2838 = VECTOR('',#2839,1.);
#2839 = DIRECTION('',(1.,0.,0.));
#2840 = ORIENTED_EDGE('',*,*,#2841,.T.);
#2841 = EDGE_CURVE('',#2834,#2816,#2842,.T.);
#2842 = LINE('',#2843,#2844);
#2843 = CARTESIAN_POINT('',(2.850278304064E-16,-0.6,-27.30047239644));
#2844 = VECTOR('',#2845,1.);
#2845 = DIRECTION('',(-0.,1.,-0.));
#2846 = FACE_BOUND('',#2847,.T.);
#2847 = EDGE_LOOP('',(#2848,#2858,#2866,#2874));
#2848 = ORIENTED_EDGE('',*,*,#2849,.F.);
#2849 = EDGE_CURVE('',#2850,#2852,#2854,.T.);
#2850 = VERTEX_POINT('',#2851);
#2851 = CARTESIAN_POINT('',(3.549376805035,-0.296123007338,
    -27.30047239644));
#2852 = VERTEX_POINT('',#2853);
#2853 = CARTESIAN_POINT('',(3.549376805035,-1.303876992662,
    -27.30047239644));
#2854 = LINE('',#2855,#2856);
#2855 = CARTESIAN_POINT('',(3.549376805035,-1.303876992662,
    -27.30047239644));
#2856 = VECTOR('',#2857,1.);
#2857 = DIRECTION('',(-0.,-1.,-0.));
#2858 = ORIENTED_EDGE('',*,*,#2859,.F.);
#2859 = EDGE_CURVE('',#2860,#2850,#2862,.T.);
#2860 = VERTEX_POINT('',#2861);
#2861 = CARTESIAN_POINT('',(1.149376805035,-0.296123007338,
    -27.30047239644));
#2862 = LINE('',#2863,#2864);
#2863 = CARTESIAN_POINT('',(1.149376805035,-0.296123007338,
    -27.30047239644));
#2864 = VECTOR('',#2865,1.);
#2865 = DIRECTION('',(1.,-1.129377263006E-16,0.));
#2866 = ORIENTED_EDGE('',*,*,#2867,.F.);
#2867 = EDGE_CURVE('',#2868,#2860,#2870,.T.);
#2868 = VERTEX_POINT('',#2869);
#2869 = CARTESIAN_POINT('',(1.149376805035,-1.303876992662,
    -27.30047239644));
#2870 = LINE('',#2871,#2872);
#2871 = CARTESIAN_POINT('',(1.149376805035,-1.303876992662,
    -27.30047239644));
#2872 = VECTOR('',#2873,1.);
#2873 = DIRECTION('',(0.,1.,0.));
#2874 = ORIENTED_EDGE('',*,*,#2875,.F.);
#2875 = EDGE_CURVE('',#2852,#2868,#2876,.T.);
#2876 = LINE('',#2877,#2878);
#2877 = CARTESIAN_POINT('',(1.149376805035,-1.303876992662,
    -27.30047239644));
#2878 = VECTOR('',#2879,1.);
#2879 = DIRECTION('',(-1.,-0.,-0.));
#2880 = PLANE('',#2881);
#2881 = AXIS2_PLACEMENT_3D('',#2882,#2883,#2884);
#2882 = CARTESIAN_POINT('',(4.69875361007,-0.6,-27.30047239644));
#2883 = DIRECTION('',(0.,0.,1.));
#2884 = DIRECTION('',(1.,0.,-0.));
#2885 = ADVANCED_FACE('',(#2886,#2920),#2954,.F.);
#2886 = FACE_BOUND('',#2887,.T.);
#2887 = EDGE_LOOP('',(#2888,#2898,#2906,#2914));
#2888 = ORIENTED_EDGE('',*,*,#2889,.T.);
#2889 = EDGE_CURVE('',#2890,#2892,#2894,.T.);
#2890 = VERTEX_POINT('',#2891);
#2891 = CARTESIAN_POINT('',(8.393085134426,0.,-27.30047239644));
#2892 = VERTEX_POINT('',#2893);
#2893 = CARTESIAN_POINT('',(13.158772800846,0.,-27.30047239644));
#2894 = LINE('',#2895,#2896);
#2895 = CARTESIAN_POINT('',(13.158772800846,0.,-27.30047239644));
#2896 = VECTOR('',#2897,1.);
#2897 = DIRECTION('',(1.,-0.,-0.));
#2898 = ORIENTED_EDGE('',*,*,#2899,.F.);
#2899 = EDGE_CURVE('',#2900,#2892,#2902,.T.);
#2900 = VERTEX_POINT('',#2901);
#2901 = CARTESIAN_POINT('',(13.158772800846,-1.6,-27.30047239644));
#2902 = LINE('',#2903,#2904);
#2903 = CARTESIAN_POINT('',(13.158772800846,-0.6,-27.30047239644));
#2904 = VECTOR('',#2905,1.);
#2905 = DIRECTION('',(-0.,1.,-0.));
#2906 = ORIENTED_EDGE('',*,*,#2907,.F.);
#2907 = EDGE_CURVE('',#2908,#2900,#2910,.T.);
#2908 = VERTEX_POINT('',#2909);
#2909 = CARTESIAN_POINT('',(8.393085134426,-1.6,-27.30047239644));
#2910 = LINE('',#2911,#2912);
#2911 = CARTESIAN_POINT('',(8.393085134426,-1.6,-27.30047239644));
#2912 = VECTOR('',#2913,1.);
#2913 = DIRECTION('',(1.,0.,0.));
#2914 = ORIENTED_EDGE('',*,*,#2915,.T.);
#2915 = EDGE_CURVE('',#2908,#2890,#2916,.T.);
#2916 = LINE('',#2917,#2918);
#2917 = CARTESIAN_POINT('',(8.393085134426,-0.6,-27.30047239644));
#2918 = VECTOR('',#2919,1.);
#2919 = DIRECTION('',(-0.,1.,-0.));
#2920 = FACE_BOUND('',#2921,.T.);
#2921 = EDGE_LOOP('',(#2922,#2932,#2940,#2948));
#2922 = ORIENTED_EDGE('',*,*,#2923,.F.);
#2923 = EDGE_CURVE('',#2924,#2926,#2928,.T.);
#2924 = VERTEX_POINT('',#2925);
#2925 = CARTESIAN_POINT('',(11.975928967636,-0.296123007338,
    -27.30047239644));
#2926 = VERTEX_POINT('',#2927);
#2927 = CARTESIAN_POINT('',(11.975928967636,-1.303876992662,
    -27.30047239644));
#2928 = LINE('',#2929,#2930);
#2929 = CARTESIAN_POINT('',(11.975928967636,-1.303876992662,
    -27.30047239644));
#2930 = VECTOR('',#2931,1.);
#2931 = DIRECTION('',(-0.,-1.,-0.));
#2932 = ORIENTED_EDGE('',*,*,#2933,.F.);
#2933 = EDGE_CURVE('',#2934,#2924,#2936,.T.);
#2934 = VERTEX_POINT('',#2935);
#2935 = CARTESIAN_POINT('',(9.575928967636,-0.296123007338,
    -27.30047239644));
#2936 = LINE('',#2937,#2938);
#2937 = CARTESIAN_POINT('',(9.575928967636,-0.296123007338,
    -27.30047239644));
#2938 = VECTOR('',#2939,1.);
#2939 = DIRECTION('',(1.,-1.129377263006E-16,0.));
#2940 = ORIENTED_EDGE('',*,*,#2941,.F.);
#2941 = EDGE_CURVE('',#2942,#2934,#2944,.T.);
#2942 = VERTEX_POINT('',#2943);
#2943 = CARTESIAN_POINT('',(9.575928967636,-1.303876992662,
    -27.30047239644));
#2944 = LINE('',#2945,#2946);
#2945 = CARTESIAN_POINT('',(9.575928967636,-1.303876992662,
    -27.30047239644));
#2946 = VECTOR('',#2947,1.);
#2947 = DIRECTION('',(0.,1.,0.));
#2948 = ORIENTED_EDGE('',*,*,#2949,.F.);
#2949 = EDGE_CURVE('',#2926,#2942,#2950,.T.);
#2950 = LINE('',#2951,#2952);
#2951 = CARTESIAN_POINT('',(9.575928967636,-1.303876992662,
    -27.30047239644));
#2952 = VECTOR('',#2953,1.);
#2953 = DIRECTION('',(-1.,9.035018104046E-17,-0.));
#2954 = PLANE('',#2955);
#2955 = AXIS2_PLACEMENT_3D('',#2956,#2957,#2958);
#2956 = CARTESIAN_POINT('',(13.158772800846,-0.6,-27.30047239644));
#2957 = DIRECTION('',(0.,0.,1.));
#2958 = DIRECTION('',(1.,0.,-0.));
#2959 = ADVANCED_FACE('',(#2960,#2994,#3028,#3062,#3096,#3130,#3164,
    #3198,#3232,#3266,#3300,#3334,#3368,#3402,#3436,#3470,#3504,#3538,
    #3572,#3606,#3631,#3665,#3699,#3733,#3767,#3801,#3963,#3973,#3983,
    #3993,#4003,#4013,#4023,#4033,#4043,#4053,#4063,#4073,#4083,#4093,
    #4103,#4113,#4123,#4133,#4143,#4153,#4163,#4173,#4183,#4193,#4203,
    #4213,#4223,#4233,#4243,#4253,#4263,#4273,#4283,#4293,#4303,#4313,
    #4323,#4333,#4343,#4353,#4363,#4373,#4383,#4393,#4403,#4437,#4471,
    #4505,#4735,#4769,#4794,#4828,#4862,#4896,#4930,#4964,#4998,#5032,
    #5066,#5100,#5134,#5168,#5202,#5236,#5270,#5304,#5338,#5372,#5406,
    #5440),#5474,.F.);
#2960 = FACE_BOUND('',#2961,.T.);
#2961 = EDGE_LOOP('',(#2962,#2972,#2980,#2988));
#2962 = ORIENTED_EDGE('',*,*,#2963,.F.);
#2963 = EDGE_CURVE('',#2964,#2966,#2968,.T.);
#2964 = VERTEX_POINT('',#2965);
#2965 = CARTESIAN_POINT('',(-22.44191701821,-0.,-18.36303143257));
#2966 = VERTEX_POINT('',#2967);
#2967 = CARTESIAN_POINT('',(-22.44191701821,0.,-16.69048280411));
#2968 = LINE('',#2969,#2970);
#2969 = CARTESIAN_POINT('',(-22.44191701821,-0.,-16.69048280411));
#2970 = VECTOR('',#2971,1.);
#2971 = DIRECTION('',(-0.,-0.,1.));
#2972 = ORIENTED_EDGE('',*,*,#2973,.F.);
#2973 = EDGE_CURVE('',#2974,#2964,#2976,.T.);
#2974 = VERTEX_POINT('',#2975);
#2975 = CARTESIAN_POINT('',(-23.39321494416,0.,-18.36303143257));
#2976 = LINE('',#2977,#2978);
#2977 = CARTESIAN_POINT('',(-22.44191701821,-0.,-18.36303143257));
#2978 = VECTOR('',#2979,1.);
#2979 = DIRECTION('',(1.,-0.,-0.));
#2980 = ORIENTED_EDGE('',*,*,#2981,.F.);
#2981 = EDGE_CURVE('',#2982,#2974,#2984,.T.);
#2982 = VERTEX_POINT('',#2983);
#2983 = CARTESIAN_POINT('',(-23.39321494416,0.,-16.69048280411));
#2984 = LINE('',#2985,#2986);
#2985 = CARTESIAN_POINT('',(-23.39321494416,-0.,-16.69048280411));
#2986 = VECTOR('',#2987,1.);
#2987 = DIRECTION('',(0.,0.,-1.));
#2988 = ORIENTED_EDGE('',*,*,#2989,.F.);
#2989 = EDGE_CURVE('',#2966,#2982,#2990,.T.);
#2990 = LINE('',#2991,#2992);
#2991 = CARTESIAN_POINT('',(-22.44191701821,-0.,-16.69048280411));
#2992 = VECTOR('',#2993,1.);
#2993 = DIRECTION('',(-1.,0.,0.));
#2994 = FACE_BOUND('',#2995,.T.);
#2995 = EDGE_LOOP('',(#2996,#3006,#3014,#3022));
#2996 = ORIENTED_EDGE('',*,*,#2997,.F.);
#2997 = EDGE_CURVE('',#2998,#3000,#3002,.T.);
#2998 = VERTEX_POINT('',#2999);
#2999 = CARTESIAN_POINT('',(-19.4652827797,-0.,-18.36303143257));
#3000 = VERTEX_POINT('',#3001);
#3001 = CARTESIAN_POINT('',(-19.4652827797,0.,-16.69048280411));
#3002 = LINE('',#3003,#3004);
#3003 = CARTESIAN_POINT('',(-19.4652827797,-0.,-16.69048280411));
#3004 = VECTOR('',#3005,1.);
#3005 = DIRECTION('',(-0.,-0.,1.));
#3006 = ORIENTED_EDGE('',*,*,#3007,.F.);
#3007 = EDGE_CURVE('',#3008,#2998,#3010,.T.);
#3008 = VERTEX_POINT('',#3009);
#3009 = CARTESIAN_POINT('',(-20.41102535111,0.,-18.36303143257));
#3010 = LINE('',#3011,#3012);
#3011 = CARTESIAN_POINT('',(-19.4652827797,-0.,-18.36303143257));
#3012 = VECTOR('',#3013,1.);
#3013 = DIRECTION('',(1.,-0.,-0.));
#3014 = ORIENTED_EDGE('',*,*,#3015,.F.);
#3015 = EDGE_CURVE('',#3016,#3008,#3018,.T.);
#3016 = VERTEX_POINT('',#3017);
#3017 = CARTESIAN_POINT('',(-20.41102535111,0.,-16.69048280411));
#3018 = LINE('',#3019,#3020);
#3019 = CARTESIAN_POINT('',(-20.41102535111,-0.,-16.69048280411));
#3020 = VECTOR('',#3021,1.);
#3021 = DIRECTION('',(0.,0.,-1.));
#3022 = ORIENTED_EDGE('',*,*,#3023,.F.);
#3023 = EDGE_CURVE('',#3000,#3016,#3024,.T.);
#3024 = LINE('',#3025,#3026);
#3025 = CARTESIAN_POINT('',(-19.4652827797,-0.,-16.69048280411));
#3026 = VECTOR('',#3027,1.);
#3027 = DIRECTION('',(-1.,0.,0.));
#3028 = FACE_BOUND('',#3029,.T.);
#3029 = EDGE_LOOP('',(#3030,#3040,#3048,#3056));
#3030 = ORIENTED_EDGE('',*,*,#3031,.F.);
#3031 = EDGE_CURVE('',#3032,#3034,#3036,.T.);
#3032 = VERTEX_POINT('',#3033);
#3033 = CARTESIAN_POINT('',(-14.20119661546,-0.,-16.5384329288));
#3034 = VERTEX_POINT('',#3035);
#3035 = CARTESIAN_POINT('',(-14.20119661546,0.,-14.6160880766));
#3036 = LINE('',#3037,#3038);
#3037 = CARTESIAN_POINT('',(-14.20119661546,-0.,-14.6160880766));
#3038 = VECTOR('',#3039,1.);
#3039 = DIRECTION('',(-0.,-0.,1.));
#3040 = ORIENTED_EDGE('',*,*,#3041,.F.);
#3041 = EDGE_CURVE('',#3042,#3032,#3044,.T.);
#3042 = VERTEX_POINT('',#3043);
#3043 = CARTESIAN_POINT('',(-17.36166188093,0.,-16.5384329288));
#3044 = LINE('',#3045,#3046);
#3045 = CARTESIAN_POINT('',(-14.20119661546,-0.,-16.5384329288));
#3046 = VECTOR('',#3047,1.);
#3047 = DIRECTION('',(1.,-0.,-0.));
#3048 = ORIENTED_EDGE('',*,*,#3049,.F.);
#3049 = EDGE_CURVE('',#3050,#3042,#3052,.T.);
#3050 = VERTEX_POINT('',#3051);
#3051 = CARTESIAN_POINT('',(-17.36166188093,0.,-14.6160880766));
#3052 = LINE('',#3053,#3054);
#3053 = CARTESIAN_POINT('',(-17.36166188093,-0.,-14.6160880766));
#3054 = VECTOR('',#3055,1.);
#3055 = DIRECTION('',(0.,0.,-1.));
#3056 = ORIENTED_EDGE('',*,*,#3057,.F.);
#3057 = EDGE_CURVE('',#3034,#3050,#3058,.T.);
#3058 = LINE('',#3059,#3060);
#3059 = CARTESIAN_POINT('',(-14.20119661546,-0.,-14.6160880766));
#3060 = VECTOR('',#3061,1.);
#3061 = DIRECTION('',(-1.,0.,0.));
#3062 = FACE_BOUND('',#3063,.T.);
#3063 = EDGE_LOOP('',(#3064,#3074,#3082,#3090));
#3064 = ORIENTED_EDGE('',*,*,#3065,.F.);
#3065 = EDGE_CURVE('',#3066,#3068,#3070,.T.);
#3066 = VERTEX_POINT('',#3067);
#3067 = CARTESIAN_POINT('',(-26.43652786171,0.,14.81511795284));
#3068 = VERTEX_POINT('',#3069);
#3069 = CARTESIAN_POINT('',(-26.43652786171,0.,18.130942285315));
#3070 = LINE('',#3071,#3072);
#3071 = CARTESIAN_POINT('',(-26.43652786171,0.,18.130942285315));
#3072 = VECTOR('',#3073,1.);
#3073 = DIRECTION('',(-0.,-0.,1.));
#3074 = ORIENTED_EDGE('',*,*,#3075,.F.);
#3075 = EDGE_CURVE('',#3076,#3066,#3078,.T.);
#3076 = VERTEX_POINT('',#3077);
#3077 = CARTESIAN_POINT('',(-28.12302472047,0.,14.81511795284));
#3078 = LINE('',#3079,#3080);
#3079 = CARTESIAN_POINT('',(-26.43652786171,0.,14.81511795284));
#3080 = VECTOR('',#3081,1.);
#3081 = DIRECTION('',(1.,-0.,-0.));
#3082 = ORIENTED_EDGE('',*,*,#3083,.F.);
#3083 = EDGE_CURVE('',#3084,#3076,#3086,.T.);
#3084 = VERTEX_POINT('',#3085);
#3085 = CARTESIAN_POINT('',(-28.12302472047,0.,18.130942285315));
#3086 = LINE('',#3087,#3088);
#3087 = CARTESIAN_POINT('',(-28.12302472047,0.,18.130942285315));
#3088 = VECTOR('',#3089,1.);
#3089 = DIRECTION('',(0.,0.,-1.));
#3090 = ORIENTED_EDGE('',*,*,#3091,.F.);
#3091 = EDGE_CURVE('',#3068,#3084,#3092,.T.);
#3092 = LINE('',#3093,#3094);
#3093 = CARTESIAN_POINT('',(-26.43652786171,0.,18.130942285315));
#3094 = VECTOR('',#3095,1.);
#3095 = DIRECTION('',(-1.,0.,0.));
#3096 = FACE_BOUND('',#3097,.T.);
#3097 = EDGE_LOOP('',(#3098,#3108,#3116,#3124));
#3098 = ORIENTED_EDGE('',*,*,#3099,.F.);
#3099 = EDGE_CURVE('',#3100,#3102,#3104,.T.);
#3100 = VERTEX_POINT('',#3101);
#3101 = CARTESIAN_POINT('',(5.37545705772,0.,3.063479463397));
#3102 = VERTEX_POINT('',#3103);
#3103 = CARTESIAN_POINT('',(5.37545705772,0.,4.814174835362));
#3104 = LINE('',#3105,#3106);
#3105 = CARTESIAN_POINT('',(5.37545705772,0.,3.063479463397));
#3106 = VECTOR('',#3107,1.);
#3107 = DIRECTION('',(0.,0.,1.));
#3108 = ORIENTED_EDGE('',*,*,#3109,.F.);
#3109 = EDGE_CURVE('',#3110,#3100,#3112,.T.);
#3110 = VERTEX_POINT('',#3111);
#3111 = CARTESIAN_POINT('',(4.494154625574,0.,3.063479463397));
#3112 = LINE('',#3113,#3114);
#3113 = CARTESIAN_POINT('',(5.37545705772,0.,3.063479463397));
#3114 = VECTOR('',#3115,1.);
#3115 = DIRECTION('',(1.,-0.,-0.));
#3116 = ORIENTED_EDGE('',*,*,#3117,.F.);
#3117 = EDGE_CURVE('',#3118,#3110,#3120,.T.);
#3118 = VERTEX_POINT('',#3119);
#3119 = CARTESIAN_POINT('',(4.494154625574,0.,4.814174835362));
#3120 = LINE('',#3121,#3122);
#3121 = CARTESIAN_POINT('',(4.494154625574,0.,3.063479463397));
#3122 = VECTOR('',#3123,1.);
#3123 = DIRECTION('',(-0.,-0.,-1.));
#3124 = ORIENTED_EDGE('',*,*,#3125,.F.);
#3125 = EDGE_CURVE('',#3102,#3118,#3126,.T.);
#3126 = LINE('',#3127,#3128);
#3127 = CARTESIAN_POINT('',(5.37545705772,0.,4.814174835362));
#3128 = VECTOR('',#3129,1.);
#3129 = DIRECTION('',(-1.,0.,0.));
#3130 = FACE_BOUND('',#3131,.T.);
#3131 = EDGE_LOOP('',(#3132,#3142,#3150,#3158));
#3132 = ORIENTED_EDGE('',*,*,#3133,.F.);
#3133 = EDGE_CURVE('',#3134,#3136,#3138,.T.);
#3134 = VERTEX_POINT('',#3135);
#3135 = CARTESIAN_POINT('',(4.922136464712,0.,-1.405559287037));
#3136 = VERTEX_POINT('',#3137);
#3137 = CARTESIAN_POINT('',(4.922136464712,0.,0.228737507661));
#3138 = LINE('',#3139,#3140);
#3139 = CARTESIAN_POINT('',(4.922136464712,0.,0.228737507661));
#3140 = VECTOR('',#3141,1.);
#3141 = DIRECTION('',(-0.,-0.,1.));
#3142 = ORIENTED_EDGE('',*,*,#3143,.F.);
#3143 = EDGE_CURVE('',#3144,#3134,#3146,.T.);
#3144 = VERTEX_POINT('',#3145);
#3145 = CARTESIAN_POINT('',(4.05736431486,0.,-1.405559287037));
#3146 = LINE('',#3147,#3148);
#3147 = CARTESIAN_POINT('',(4.922136464712,0.,-1.405559287037));
#3148 = VECTOR('',#3149,1.);
#3149 = DIRECTION('',(1.,-0.,-0.));
#3150 = ORIENTED_EDGE('',*,*,#3151,.F.);
#3151 = EDGE_CURVE('',#3152,#3144,#3154,.T.);
#3152 = VERTEX_POINT('',#3153);
#3153 = CARTESIAN_POINT('',(4.05736431486,0.,0.228737507661));
#3154 = LINE('',#3155,#3156);
#3155 = CARTESIAN_POINT('',(4.05736431486,0.,0.228737507661));
#3156 = VECTOR('',#3157,1.);
#3157 = DIRECTION('',(0.,0.,-1.));
#3158 = ORIENTED_EDGE('',*,*,#3159,.F.);
#3159 = EDGE_CURVE('',#3136,#3152,#3160,.T.);
#3160 = LINE('',#3161,#3162);
#3161 = CARTESIAN_POINT('',(4.922136464712,0.,0.228737507661));
#3162 = VECTOR('',#3163,1.);
#3163 = DIRECTION('',(-1.,0.,0.));
#3164 = FACE_BOUND('',#3165,.T.);
#3165 = EDGE_LOOP('',(#3166,#3176,#3184,#3192));
#3166 = ORIENTED_EDGE('',*,*,#3167,.F.);
#3167 = EDGE_CURVE('',#3168,#3170,#3172,.T.);
#3168 = VERTEX_POINT('',#3169);
#3169 = CARTESIAN_POINT('',(6.57455939297,0.,-0.923361218348));
#3170 = VERTEX_POINT('',#3171);
#3171 = CARTESIAN_POINT('',(6.57455939297,0.,0.563217782953));
#3172 = LINE('',#3173,#3174);
#3173 = CARTESIAN_POINT('',(6.57455939297,0.,0.563217782953));
#3174 = VECTOR('',#3175,1.);
#3175 = DIRECTION('',(-0.,-0.,1.));
#3176 = ORIENTED_EDGE('',*,*,#3177,.F.);
#3177 = EDGE_CURVE('',#3178,#3168,#3180,.T.);
#3178 = VERTEX_POINT('',#3179);
#3179 = CARTESIAN_POINT('',(5.608283042124,0.,-0.923361218348));
#3180 = LINE('',#3181,#3182);
#3181 = CARTESIAN_POINT('',(6.57455939297,0.,-0.923361218348));
#3182 = VECTOR('',#3183,1.);
#3183 = DIRECTION('',(1.,-0.,-0.));
#3184 = ORIENTED_EDGE('',*,*,#3185,.F.);
#3185 = EDGE_CURVE('',#3186,#3178,#3188,.T.);
#3186 = VERTEX_POINT('',#3187);
#3187 = CARTESIAN_POINT('',(5.608283042124,0.,0.563217782953));
#3188 = LINE('',#3189,#3190);
#3189 = CARTESIAN_POINT('',(5.608283042124,0.,0.563217782953));
#3190 = VECTOR('',#3191,1.);
#3191 = DIRECTION('',(0.,0.,-1.));
#3192 = ORIENTED_EDGE('',*,*,#3193,.F.);
#3193 = EDGE_CURVE('',#3170,#3186,#3194,.T.);
#3194 = LINE('',#3195,#3196);
#3195 = CARTESIAN_POINT('',(6.57455939297,0.,0.563217782953));
#3196 = VECTOR('',#3197,1.);
#3197 = DIRECTION('',(-1.,0.,0.));
#3198 = FACE_BOUND('',#3199,.T.);
#3199 = EDGE_LOOP('',(#3200,#3210,#3218,#3226));
#3200 = ORIENTED_EDGE('',*,*,#3201,.F.);
#3201 = EDGE_CURVE('',#3202,#3204,#3206,.T.);
#3202 = VERTEX_POINT('',#3203);
#3203 = CARTESIAN_POINT('',(10.030855570996,0.,-2.215961346065));
#3204 = VERTEX_POINT('',#3205);
#3205 = CARTESIAN_POINT('',(10.030855570996,0.,-0.36589409286));
#3206 = LINE('',#3207,#3208);
#3207 = CARTESIAN_POINT('',(10.030855570996,0.,-0.36589409286));
#3208 = VECTOR('',#3209,1.);
#3209 = DIRECTION('',(-0.,-0.,1.));
#3210 = ORIENTED_EDGE('',*,*,#3211,.F.);
#3211 = EDGE_CURVE('',#3212,#3202,#3214,.T.);
#3212 = VERTEX_POINT('',#3213);
#3213 = CARTESIAN_POINT('',(8.91592132002,0.,-2.215961346065));
#3214 = LINE('',#3215,#3216);
#3215 = CARTESIAN_POINT('',(10.030855570996,0.,-2.215961346065));
#3216 = VECTOR('',#3217,1.);
#3217 = DIRECTION('',(1.,-0.,-0.));
#3218 = ORIENTED_EDGE('',*,*,#3219,.F.);
#3219 = EDGE_CURVE('',#3220,#3212,#3222,.T.);
#3220 = VERTEX_POINT('',#3221);
#3221 = CARTESIAN_POINT('',(8.91592132002,0.,-0.36589409286));
#3222 = LINE('',#3223,#3224);
#3223 = CARTESIAN_POINT('',(8.91592132002,0.,-0.36589409286));
#3224 = VECTOR('',#3225,1.);
#3225 = DIRECTION('',(0.,0.,-1.));
#3226 = ORIENTED_EDGE('',*,*,#3227,.F.);
#3227 = EDGE_CURVE('',#3204,#3220,#3228,.T.);
#3228 = LINE('',#3229,#3230);
#3229 = CARTESIAN_POINT('',(10.030855570996,0.,-0.36589409286));
#3230 = VECTOR('',#3231,1.);
#3231 = DIRECTION('',(-1.,0.,0.));
#3232 = FACE_BOUND('',#3233,.T.);
#3233 = EDGE_LOOP('',(#3234,#3244,#3252,#3260));
#3234 = ORIENTED_EDGE('',*,*,#3235,.F.);
#3235 = EDGE_CURVE('',#3236,#3238,#3240,.T.);
#3236 = VERTEX_POINT('',#3237);
#3237 = CARTESIAN_POINT('',(12.149230647851,0.,0.563217782953));
#3238 = VERTEX_POINT('',#3239);
#3239 = CARTESIAN_POINT('',(12.149230647851,0.,1.46980586478));
#3240 = LINE('',#3241,#3242);
#3241 = CARTESIAN_POINT('',(12.149230647851,0.,1.46980586478));
#3242 = VECTOR('',#3243,1.);
#3243 = DIRECTION('',(-0.,-0.,1.));
#3244 = ORIENTED_EDGE('',*,*,#3245,.F.);
#3245 = EDGE_CURVE('',#3246,#3236,#3248,.T.);
#3246 = VERTEX_POINT('',#3247);
#3247 = CARTESIAN_POINT('',(10.402500321321,0.,0.563217782953));
#3248 = LINE('',#3249,#3250);
#3249 = CARTESIAN_POINT('',(12.149230647851,0.,0.563217782953));
#3250 = VECTOR('',#3251,1.);
#3251 = DIRECTION('',(1.,-0.,-0.));
#3252 = ORIENTED_EDGE('',*,*,#3253,.F.);
#3253 = EDGE_CURVE('',#3254,#3246,#3256,.T.);
#3254 = VERTEX_POINT('',#3255);
#3255 = CARTESIAN_POINT('',(10.402500321321,0.,1.46980586478));
#3256 = LINE('',#3257,#3258);
#3257 = CARTESIAN_POINT('',(10.402500321321,0.,1.46980586478));
#3258 = VECTOR('',#3259,1.);
#3259 = DIRECTION('',(0.,0.,-1.));
#3260 = ORIENTED_EDGE('',*,*,#3261,.F.);
#3261 = EDGE_CURVE('',#3238,#3254,#3262,.T.);
#3262 = LINE('',#3263,#3264);
#3263 = CARTESIAN_POINT('',(12.149230647851,0.,1.46980586478));
#3264 = VECTOR('',#3265,1.);
#3265 = DIRECTION('',(-1.,0.,0.));
#3266 = FACE_BOUND('',#3267,.T.);
#3267 = EDGE_LOOP('',(#3268,#3278,#3286,#3294));
#3268 = ORIENTED_EDGE('',*,*,#3269,.F.);
#3269 = EDGE_CURVE('',#3270,#3272,#3274,.T.);
#3270 = VERTEX_POINT('',#3271);
#3271 = CARTESIAN_POINT('',(11.67867545944,0.,6.95550748855));
#3272 = VERTEX_POINT('',#3273);
#3273 = CARTESIAN_POINT('',(11.67867545944,0.,7.884619364363));
#3274 = LINE('',#3275,#3276);
#3275 = CARTESIAN_POINT('',(11.67867545944,0.,7.884619364363));
#3276 = VECTOR('',#3277,1.);
#3277 = DIRECTION('',(-0.,-0.,1.));
#3278 = ORIENTED_EDGE('',*,*,#3279,.F.);
#3279 = EDGE_CURVE('',#3280,#3270,#3282,.T.);
#3280 = VERTEX_POINT('',#3281);
#3281 = CARTESIAN_POINT('',(10.030855570996,0.,6.95550748855));
#3282 = LINE('',#3283,#3284);
#3283 = CARTESIAN_POINT('',(11.67867545944,0.,6.95550748855));
#3284 = VECTOR('',#3285,1.);
#3285 = DIRECTION('',(1.,-0.,-0.));
#3286 = ORIENTED_EDGE('',*,*,#3287,.F.);
#3287 = EDGE_CURVE('',#3288,#3280,#3290,.T.);
#3288 = VERTEX_POINT('',#3289);
#3289 = CARTESIAN_POINT('',(10.030855570996,0.,7.884619364363));
#3290 = LINE('',#3291,#3292);
#3291 = CARTESIAN_POINT('',(10.030855570996,0.,7.884619364363));
#3292 = VECTOR('',#3293,1.);
#3293 = DIRECTION('',(0.,0.,-1.));
#3294 = ORIENTED_EDGE('',*,*,#3295,.F.);
#3295 = EDGE_CURVE('',#3272,#3288,#3296,.T.);
#3296 = LINE('',#3297,#3298);
#3297 = CARTESIAN_POINT('',(11.67867545944,0.,7.884619364363));
#3298 = VECTOR('',#3299,1.);
#3299 = DIRECTION('',(-1.,0.,0.));
#3300 = FACE_BOUND('',#3301,.T.);
#3301 = EDGE_LOOP('',(#3302,#3312,#3320,#3328));
#3302 = ORIENTED_EDGE('',*,*,#3303,.F.);
#3303 = EDGE_CURVE('',#3304,#3306,#3308,.T.);
#3304 = VERTEX_POINT('',#3305);
#3305 = CARTESIAN_POINT('',(-10.18799033565,-0.,-5.727699244782));
#3306 = VERTEX_POINT('',#3307);
#3307 = CARTESIAN_POINT('',(-10.18799033565,0.,-3.895538788147));
#3308 = LINE('',#3309,#3310);
#3309 = CARTESIAN_POINT('',(-10.18799033565,-0.,-3.895538788147));
#3310 = VECTOR('',#3311,1.);
#3311 = DIRECTION('',(-0.,-0.,1.));
#3312 = ORIENTED_EDGE('',*,*,#3313,.F.);
#3313 = EDGE_CURVE('',#3314,#3304,#3316,.T.);
#3314 = VERTEX_POINT('',#3315);
#3315 = CARTESIAN_POINT('',(-11.21254506466,0.,-5.727699244782));
#3316 = LINE('',#3317,#3318);
#3317 = CARTESIAN_POINT('',(-10.18799033565,-0.,-5.727699244782));
#3318 = VECTOR('',#3319,1.);
#3319 = DIRECTION('',(1.,-0.,-0.));
#3320 = ORIENTED_EDGE('',*,*,#3321,.F.);
#3321 = EDGE_CURVE('',#3322,#3314,#3324,.T.);
#3322 = VERTEX_POINT('',#3323);
#3323 = CARTESIAN_POINT('',(-11.21254506466,0.,-3.895538788147));
#3324 = LINE('',#3325,#3326);
#3325 = CARTESIAN_POINT('',(-11.21254506466,-0.,-3.895538788147));
#3326 = VECTOR('',#3327,1.);
#3327 = DIRECTION('',(0.,0.,-1.));
#3328 = ORIENTED_EDGE('',*,*,#3329,.F.);
#3329 = EDGE_CURVE('',#3306,#3322,#3330,.T.);
#3330 = LINE('',#3331,#3332);
#3331 = CARTESIAN_POINT('',(-10.18799033565,-0.,-3.895538788147));
#3332 = VECTOR('',#3333,1.);
#3333 = DIRECTION('',(-1.,0.,0.));
#3334 = FACE_BOUND('',#3335,.T.);
#3335 = EDGE_LOOP('',(#3336,#3346,#3354,#3362));
#3336 = ORIENTED_EDGE('',*,*,#3337,.F.);
#3337 = EDGE_CURVE('',#3338,#3340,#3342,.T.);
#3338 = VERTEX_POINT('',#3339);
#3339 = CARTESIAN_POINT('',(-7.634069699134,-0.,-5.727699244782));
#3340 = VERTEX_POINT('',#3341);
#3341 = CARTESIAN_POINT('',(-7.634069699134,0.,-3.895538788147));
#3342 = LINE('',#3343,#3344);
#3343 = CARTESIAN_POINT('',(-7.634069699134,-0.,-3.895538788147));
#3344 = VECTOR('',#3345,1.);
#3345 = DIRECTION('',(-0.,-0.,1.));
#3346 = ORIENTED_EDGE('',*,*,#3347,.F.);
#3347 = EDGE_CURVE('',#3348,#3338,#3350,.T.);
#3348 = VERTEX_POINT('',#3349);
#3349 = CARTESIAN_POINT('',(-8.503883249253,0.,-5.727699244782));
#3350 = LINE('',#3351,#3352);
#3351 = CARTESIAN_POINT('',(-7.634069699134,-0.,-5.727699244782));
#3352 = VECTOR('',#3353,1.);
#3353 = DIRECTION('',(1.,-0.,-0.));
#3354 = ORIENTED_EDGE('',*,*,#3355,.F.);
#3355 = EDGE_CURVE('',#3356,#3348,#3358,.T.);
#3356 = VERTEX_POINT('',#3357);
#3357 = CARTESIAN_POINT('',(-8.503883249253,0.,-3.895538788147));
#3358 = LINE('',#3359,#3360);
#3359 = CARTESIAN_POINT('',(-8.503883249253,-0.,-3.895538788147));
#3360 = VECTOR('',#3361,1.);
#3361 = DIRECTION('',(0.,0.,-1.));
#3362 = ORIENTED_EDGE('',*,*,#3363,.F.);
#3363 = EDGE_CURVE('',#3340,#3356,#3364,.T.);
#3364 = LINE('',#3365,#3366);
#3365 = CARTESIAN_POINT('',(-7.634069699134,-0.,-3.895538788147));
#3366 = VECTOR('',#3367,1.);
#3367 = DIRECTION('',(-1.,0.,0.));
#3368 = FACE_BOUND('',#3369,.T.);
#3369 = EDGE_LOOP('',(#3370,#3380,#3388,#3396));
#3370 = ORIENTED_EDGE('',*,*,#3371,.F.);
#3371 = EDGE_CURVE('',#3372,#3374,#3376,.T.);
#3372 = VERTEX_POINT('',#3373);
#3373 = CARTESIAN_POINT('',(-4.640094284402,-0.,-4.516004946799));
#3374 = VERTEX_POINT('',#3375);
#3375 = CARTESIAN_POINT('',(-4.640094284402,0.,-2.75807583953));
#3376 = LINE('',#3377,#3378);
#3377 = CARTESIAN_POINT('',(-4.640094284402,-0.,-2.75807583953));
#3378 = VECTOR('',#3379,1.);
#3379 = DIRECTION('',(-0.,-0.,1.));
#3380 = ORIENTED_EDGE('',*,*,#3381,.F.);
#3381 = EDGE_CURVE('',#3382,#3372,#3384,.T.);
#3382 = VERTEX_POINT('',#3383);
#3383 = CARTESIAN_POINT('',(-5.534427697429,0.,-4.516004946799));
#3384 = LINE('',#3385,#3386);
#3385 = CARTESIAN_POINT('',(-4.640094284402,-0.,-4.516004946799));
#3386 = VECTOR('',#3387,1.);
#3387 = DIRECTION('',(1.,-0.,-0.));
#3388 = ORIENTED_EDGE('',*,*,#3389,.F.);
#3389 = EDGE_CURVE('',#3390,#3382,#3392,.T.);
#3390 = VERTEX_POINT('',#3391);
#3391 = CARTESIAN_POINT('',(-5.534427697429,0.,-2.75807583953));
#3392 = LINE('',#3393,#3394);
#3393 = CARTESIAN_POINT('',(-5.534427697429,-0.,-2.75807583953));
#3394 = VECTOR('',#3395,1.);
#3395 = DIRECTION('',(0.,0.,-1.));
#3396 = ORIENTED_EDGE('',*,*,#3397,.F.);
#3397 = EDGE_CURVE('',#3374,#3390,#3398,.T.);
#3398 = LINE('',#3399,#3400);
#3399 = CARTESIAN_POINT('',(-4.640094284402,-0.,-2.75807583953));
#3400 = VECTOR('',#3401,1.);
#3401 = DIRECTION('',(-1.,0.,0.));
#3402 = FACE_BOUND('',#3403,.T.);
#3403 = EDGE_LOOP('',(#3404,#3414,#3422,#3430));
#3404 = ORIENTED_EDGE('',*,*,#3405,.F.);
#3405 = EDGE_CURVE('',#3406,#3408,#3410,.T.);
#3406 = VERTEX_POINT('',#3407);
#3407 = CARTESIAN_POINT('',(-1.223282014118,0.,1.828249355482));
#3408 = VERTEX_POINT('',#3409);
#3409 = CARTESIAN_POINT('',(-1.223282014118,0.,3.593984555562));
#3410 = LINE('',#3411,#3412);
#3411 = CARTESIAN_POINT('',(-1.223282014118,0.,3.593984555562));
#3412 = VECTOR('',#3413,1.);
#3413 = DIRECTION('',(-0.,-0.,1.));
#3414 = ORIENTED_EDGE('',*,*,#3415,.F.);
#3415 = EDGE_CURVE('',#3416,#3406,#3418,.T.);
#3416 = VERTEX_POINT('',#3417);
#3417 = CARTESIAN_POINT('',(-2.667974450547,0.,1.828249355482));
#3418 = LINE('',#3419,#3420);
#3419 = CARTESIAN_POINT('',(-1.223282014118,0.,1.828249355482));
#3420 = VECTOR('',#3421,1.);
#3421 = DIRECTION('',(1.,-0.,-0.));
#3422 = ORIENTED_EDGE('',*,*,#3423,.F.);
#3423 = EDGE_CURVE('',#3424,#3416,#3426,.T.);
#3424 = VERTEX_POINT('',#3425);
#3425 = CARTESIAN_POINT('',(-2.667974450547,0.,3.593984555562));
#3426 = LINE('',#3427,#3428);
#3427 = CARTESIAN_POINT('',(-2.667974450547,0.,3.593984555562));
#3428 = VECTOR('',#3429,1.);
#3429 = DIRECTION('',(0.,0.,-1.));
#3430 = ORIENTED_EDGE('',*,*,#3431,.F.);
#3431 = EDGE_CURVE('',#3408,#3424,#3432,.T.);
#3432 = LINE('',#3433,#3434);
#3433 = CARTESIAN_POINT('',(-1.223282014118,0.,3.593984555562));
#3434 = VECTOR('',#3435,1.);
#3435 = DIRECTION('',(-1.,0.,0.));
#3436 = FACE_BOUND('',#3437,.T.);
#3437 = EDGE_LOOP('',(#3438,#3448,#3456,#3464));
#3438 = ORIENTED_EDGE('',*,*,#3439,.F.);
#3439 = EDGE_CURVE('',#3440,#3442,#3444,.T.);
#3440 = VERTEX_POINT('',#3441);
#3441 = CARTESIAN_POINT('',(0.654462268665,0.,-19.68345262977));
#3442 = VERTEX_POINT('',#3443);
#3443 = CARTESIAN_POINT('',(0.654462268665,0.,-17.81559116569));
#3444 = LINE('',#3445,#3446);
#3445 = CARTESIAN_POINT('',(0.654462268665,0.,-17.81559116569));
#3446 = VECTOR('',#3447,1.);
#3447 = DIRECTION('',(-2.20571403965E-15,-0.,1.));
#3448 = ORIENTED_EDGE('',*,*,#3449,.F.);
#3449 = EDGE_CURVE('',#3450,#3440,#3452,.T.);
#3450 = VERTEX_POINT('',#3451);
#3451 = CARTESIAN_POINT('',(-0.8398269026,0.,-19.68345262977));
#3452 = LINE('',#3453,#3454);
#3453 = CARTESIAN_POINT('',(0.654462268665,0.,-19.68345262977));
#3454 = VECTOR('',#3455,1.);
#3455 = DIRECTION('',(1.,0.,-0.));
#3456 = ORIENTED_EDGE('',*,*,#3457,.F.);
#3457 = EDGE_CURVE('',#3458,#3450,#3460,.T.);
#3458 = VERTEX_POINT('',#3459);
#3459 = CARTESIAN_POINT('',(-0.8398269026,0.,-17.81559116569));
#3460 = LINE('',#3461,#3462);
#3461 = CARTESIAN_POINT('',(-0.8398269026,-0.,-17.81559116569));
#3462 = VECTOR('',#3463,1.);
#3463 = DIRECTION('',(1.160902126132E-16,0.,-1.));
#3464 = ORIENTED_EDGE('',*,*,#3465,.F.);
#3465 = EDGE_CURVE('',#3442,#3458,#3466,.T.);
#3466 = LINE('',#3467,#3468);
#3467 = CARTESIAN_POINT('',(0.654462268665,0.,-17.81559116569));
#3468 = VECTOR('',#3469,1.);
#3469 = DIRECTION('',(-1.,-0.,0.));
#3470 = FACE_BOUND('',#3471,.T.);
#3471 = EDGE_LOOP('',(#3472,#3482,#3490,#3498));
#3472 = ORIENTED_EDGE('',*,*,#3473,.F.);
#3473 = EDGE_CURVE('',#3474,#3476,#3478,.T.);
#3474 = VERTEX_POINT('',#3475);
#3475 = CARTESIAN_POINT('',(-11.21254506466,-0.,-26.74526816436));
#3476 = VERTEX_POINT('',#3477);
#3477 = CARTESIAN_POINT('',(-11.21254506466,0.,-24.59871804796));
#3478 = LINE('',#3479,#3480);
#3479 = CARTESIAN_POINT('',(-11.21254506466,-0.,-24.59871804796));
#3480 = VECTOR('',#3481,1.);
#3481 = DIRECTION('',(-0.,-0.,1.));
#3482 = ORIENTED_EDGE('',*,*,#3483,.F.);
#3483 = EDGE_CURVE('',#3484,#3474,#3486,.T.);
#3484 = VERTEX_POINT('',#3485);
#3485 = CARTESIAN_POINT('',(-12.51254506466,0.,-26.74526816436));
#3486 = LINE('',#3487,#3488);
#3487 = CARTESIAN_POINT('',(-11.21254506466,-0.,-26.74526816436));
#3488 = VECTOR('',#3489,1.);
#3489 = DIRECTION('',(1.,-0.,-0.));
#3490 = ORIENTED_EDGE('',*,*,#3491,.F.);
#3491 = EDGE_CURVE('',#3492,#3484,#3494,.T.);
#3492 = VERTEX_POINT('',#3493);
#3493 = CARTESIAN_POINT('',(-12.51254506466,0.,-24.59871804796));
#3494 = LINE('',#3495,#3496);
#3495 = CARTESIAN_POINT('',(-12.51254506466,-0.,-24.59871804796));
#3496 = VECTOR('',#3497,1.);
#3497 = DIRECTION('',(8.081448752234E-16,0.,-1.));
#3498 = ORIENTED_EDGE('',*,*,#3499,.F.);
#3499 = EDGE_CURVE('',#3476,#3492,#3500,.T.);
#3500 = LINE('',#3501,#3502);
#3501 = CARTESIAN_POINT('',(-11.21254506466,-0.,-24.59871804796));
#3502 = VECTOR('',#3503,1.);
#3503 = DIRECTION('',(-1.,0.,-2.668805347657E-15));
#3504 = FACE_BOUND('',#3505,.T.);
#3505 = EDGE_LOOP('',(#3506,#3516,#3524,#3532));
#3506 = ORIENTED_EDGE('',*,*,#3507,.F.);
#3507 = EDGE_CURVE('',#3508,#3510,#3512,.T.);
#3508 = VERTEX_POINT('',#3509);
#3509 = CARTESIAN_POINT('',(-4.909467442707,-0.,-26.74526816436));
#3510 = VERTEX_POINT('',#3511);
#3511 = CARTESIAN_POINT('',(-4.909467442707,0.,-24.59871804796));
#3512 = LINE('',#3513,#3514);
#3513 = CARTESIAN_POINT('',(-4.909467442707,-0.,-24.59871804796));
#3514 = VECTOR('',#3515,1.);
#3515 = DIRECTION('',(-4.040724376117E-16,-0.,1.));
#3516 = ORIENTED_EDGE('',*,*,#3517,.F.);
#3517 = EDGE_CURVE('',#3518,#3508,#3520,.T.);
#3518 = VERTEX_POINT('',#3519);
#3519 = CARTESIAN_POINT('',(-6.209467442707,0.,-26.74526816436));
#3520 = LINE('',#3521,#3522);
#3521 = CARTESIAN_POINT('',(-4.909467442707,-0.,-26.74526816436));
#3522 = VECTOR('',#3523,1.);
#3523 = DIRECTION('',(1.,-0.,2.668805347657E-15));
#3524 = ORIENTED_EDGE('',*,*,#3525,.F.);
#3525 = EDGE_CURVE('',#3526,#3518,#3528,.T.);
#3526 = VERTEX_POINT('',#3527);
#3527 = CARTESIAN_POINT('',(-6.209467442707,0.,-24.59871804796));
#3528 = LINE('',#3529,#3530);
#3529 = CARTESIAN_POINT('',(-6.209467442707,-0.,-24.59871804796));
#3530 = VECTOR('',#3531,1.);
#3531 = DIRECTION('',(0.,0.,-1.));
#3532 = ORIENTED_EDGE('',*,*,#3533,.F.);
#3533 = EDGE_CURVE('',#3510,#3526,#3534,.T.);
#3534 = LINE('',#3535,#3536);
#3535 = CARTESIAN_POINT('',(-4.909467442707,-0.,-24.59871804796));
#3536 = VECTOR('',#3537,1.);
#3537 = DIRECTION('',(-1.,0.,0.));
#3538 = FACE_BOUND('',#3539,.T.);
#3539 = EDGE_LOOP('',(#3540,#3550,#3558,#3566));
#3540 = ORIENTED_EDGE('',*,*,#3541,.F.);
#3541 = EDGE_CURVE('',#3542,#3544,#3546,.T.);
#3542 = VERTEX_POINT('',#3543);
#3543 = CARTESIAN_POINT('',(-1.557175337034,-0.,-27.30047239644));
#3544 = VERTEX_POINT('',#3545);
#3545 = CARTESIAN_POINT('',(-1.557175337034,0.,-24.16589385377));
#3546 = LINE('',#3547,#3548);
#3547 = CARTESIAN_POINT('',(-1.557175337034,-0.,-24.16589385377));
#3548 = VECTOR('',#3549,1.);
#3549 = DIRECTION('',(-2.697899200886E-15,-0.,1.));
#3550 = ORIENTED_EDGE('',*,*,#3551,.F.);
#3551 = EDGE_CURVE('',#3552,#3542,#3554,.T.);
#3552 = VERTEX_POINT('',#3553);
#3553 = CARTESIAN_POINT('',(-3.367605477606,0.,-27.30047239644));
#3554 = LINE('',#3555,#3556);
#3555 = CARTESIAN_POINT('',(-1.557175337034,-0.,-27.30047239644));
#3556 = VECTOR('',#3557,1.);
#3557 = DIRECTION('',(1.,-0.,-0.));
#3558 = ORIENTED_EDGE('',*,*,#3559,.F.);
#3559 = EDGE_CURVE('',#3560,#3552,#3562,.T.);
#3560 = VERTEX_POINT('',#3561);
#3561 = CARTESIAN_POINT('',(-3.367605477606,0.,-24.16589385377));
#3562 = LINE('',#3563,#3564);
#3563 = CARTESIAN_POINT('',(-3.367605477606,-0.,-24.16589385377));
#3564 = VECTOR('',#3565,1.);
#3565 = DIRECTION('',(1.383538051736E-16,0.,-1.));
#3566 = ORIENTED_EDGE('',*,*,#3567,.F.);
#3567 = EDGE_CURVE('',#3544,#3560,#3568,.T.);
#3568 = LINE('',#3569,#3570);
#3569 = CARTESIAN_POINT('',(-1.557175337034,-0.,-24.16589385377));
#3570 = VECTOR('',#3571,1.);
#3571 = DIRECTION('',(-1.,0.,0.));
#3572 = FACE_BOUND('',#3573,.T.);
#3573 = EDGE_LOOP('',(#3574,#3584,#3592,#3600));
#3574 = ORIENTED_EDGE('',*,*,#3575,.F.);
#3575 = EDGE_CURVE('',#3576,#3578,#3580,.T.);
#3576 = VERTEX_POINT('',#3577);
#3577 = CARTESIAN_POINT('',(8.393085134426,0.,9.03180380124));
#3578 = VERTEX_POINT('',#3579);
#3579 = CARTESIAN_POINT('',(8.393085134426,0.,11.722129990172));
#3580 = LINE('',#3581,#3582);
#3581 = CARTESIAN_POINT('',(8.393085134426,0.,11.722129990172));
#3582 = VECTOR('',#3583,1.);
#3583 = DIRECTION('',(-0.,-0.,1.));
#3584 = ORIENTED_EDGE('',*,*,#3585,.F.);
#3585 = EDGE_CURVE('',#3586,#3576,#3588,.T.);
#3586 = VERTEX_POINT('',#3587);
#3587 = CARTESIAN_POINT('',(4.922136464712,0.,9.03180380124));
#3588 = LINE('',#3589,#3590);
#3589 = CARTESIAN_POINT('',(8.393085134426,0.,9.03180380124));
#3590 = VECTOR('',#3591,1.);
#3591 = DIRECTION('',(1.,-0.,-0.));
#3592 = ORIENTED_EDGE('',*,*,#3593,.F.);
#3593 = EDGE_CURVE('',#3594,#3586,#3596,.T.);
#3594 = VERTEX_POINT('',#3595);
#3595 = CARTESIAN_POINT('',(4.922136464712,0.,11.722129990172));
#3596 = LINE('',#3597,#3598);
#3597 = CARTESIAN_POINT('',(4.922136464712,0.,11.722129990172));
#3598 = VECTOR('',#3599,1.);
#3599 = DIRECTION('',(0.,0.,-1.));
#3600 = ORIENTED_EDGE('',*,*,#3601,.F.);
#3601 = EDGE_CURVE('',#3578,#3594,#3602,.T.);
#3602 = LINE('',#3603,#3604);
#3603 = CARTESIAN_POINT('',(8.393085134426,0.,11.722129990172));
#3604 = VECTOR('',#3605,1.);
#3605 = DIRECTION('',(-1.,0.,0.));
#3606 = FACE_BOUND('',#3607,.T.);
#3607 = EDGE_LOOP('',(#3608,#3616,#3617,#3625));
#3608 = ORIENTED_EDGE('',*,*,#3609,.F.);
#3609 = EDGE_CURVE('',#2818,#3610,#3612,.T.);
#3610 = VERTEX_POINT('',#3611);
#3611 = CARTESIAN_POINT('',(4.69875361007,0.,-24.9730435361));
#3612 = LINE('',#3613,#3614);
#3613 = CARTESIAN_POINT('',(4.69875361007,0.,-24.9730435361));
#3614 = VECTOR('',#3615,1.);
#3615 = DIRECTION('',(-2.236016969885E-15,-0.,1.));
#3616 = ORIENTED_EDGE('',*,*,#2815,.F.);
#3617 = ORIENTED_EDGE('',*,*,#3618,.F.);
#3618 = EDGE_CURVE('',#3619,#2816,#3621,.T.);
#3619 = VERTEX_POINT('',#3620);
#3620 = CARTESIAN_POINT('',(0.,0.,-24.9730435361));
#3621 = LINE('',#3622,#3623);
#3622 = CARTESIAN_POINT('',(0.,0.,-24.9730435361));
#3623 = VECTOR('',#3624,1.);
#3624 = DIRECTION('',(1.224646799147E-16,0.,-1.));
#3625 = ORIENTED_EDGE('',*,*,#3626,.F.);
#3626 = EDGE_CURVE('',#3610,#3619,#3627,.T.);
#3627 = LINE('',#3628,#3629);
#3628 = CARTESIAN_POINT('',(4.69875361007,0.,-24.9730435361));
#3629 = VECTOR('',#3630,1.);
#3630 = DIRECTION('',(-1.,0.,0.));
#3631 = FACE_BOUND('',#3632,.T.);
#3632 = EDGE_LOOP('',(#3633,#3643,#3651,#3659));
#3633 = ORIENTED_EDGE('',*,*,#3634,.F.);
#3634 = EDGE_CURVE('',#3635,#3637,#3639,.T.);
#3635 = VERTEX_POINT('',#3636);
#3636 = CARTESIAN_POINT('',(19.247433138988,0.,-2.215961346065));
#3637 = VERTEX_POINT('',#3638);
#3638 = CARTESIAN_POINT('',(19.247433138988,0.,-0.610919884907));
#3639 = LINE('',#3640,#3641);
#3640 = CARTESIAN_POINT('',(19.247433138988,0.,-0.610919884907));
#3641 = VECTOR('',#3642,1.);
#3642 = DIRECTION('',(-0.,-0.,1.));
#3643 = ORIENTED_EDGE('',*,*,#3644,.F.);
#3644 = EDGE_CURVE('',#3645,#3635,#3647,.T.);
#3645 = VERTEX_POINT('',#3646);
#3646 = CARTESIAN_POINT('',(18.404723565433,0.,-2.215961346065));
#3647 = LINE('',#3648,#3649);
#3648 = CARTESIAN_POINT('',(19.247433138988,0.,-2.215961346065));
#3649 = VECTOR('',#3650,1.);
#3650 = DIRECTION('',(1.,-0.,-0.));
#3651 = ORIENTED_EDGE('',*,*,#3652,.F.);
#3652 = EDGE_CURVE('',#3653,#3645,#3655,.T.);
#3653 = VERTEX_POINT('',#3654);
#3654 = CARTESIAN_POINT('',(18.404723565433,0.,-0.610919884907));
#3655 = LINE('',#3656,#3657);
#3656 = CARTESIAN_POINT('',(18.404723565433,0.,-0.610919884907));
#3657 = VECTOR('',#3658,1.);
#3658 = DIRECTION('',(0.,0.,-1.));
#3659 = ORIENTED_EDGE('',*,*,#3660,.F.);
#3660 = EDGE_CURVE('',#3637,#3653,#3661,.T.);
#3661 = LINE('',#3662,#3663);
#3662 = CARTESIAN_POINT('',(19.247433138988,0.,-0.610919884907));
#3663 = VECTOR('',#3664,1.);
#3664 = DIRECTION('',(-1.,0.,0.));
#3665 = FACE_BOUND('',#3666,.T.);
#3666 = EDGE_LOOP('',(#3667,#3677,#3685,#3693));
#3667 = ORIENTED_EDGE('',*,*,#3668,.F.);
#3668 = EDGE_CURVE('',#3669,#3671,#3673,.T.);
#3669 = VERTEX_POINT('',#3670);
#3670 = CARTESIAN_POINT('',(25.122081542734,0.,-18.51459524421));
#3671 = VERTEX_POINT('',#3672);
#3672 = CARTESIAN_POINT('',(25.122081542734,0.,-17.06500667705));
#3673 = LINE('',#3674,#3675);
#3674 = CARTESIAN_POINT('',(25.122081542734,0.,-17.06500667705));
#3675 = VECTOR('',#3676,1.);
#3676 = DIRECTION('',(-0.,-0.,1.));
#3677 = ORIENTED_EDGE('',*,*,#3678,.F.);
#3678 = EDGE_CURVE('',#3679,#3669,#3681,.T.);
#3679 = VERTEX_POINT('',#3680);
#3680 = CARTESIAN_POINT('',(23.02399282711,0.,-18.51459524421));
#3681 = LINE('',#3682,#3683);
#3682 = CARTESIAN_POINT('',(25.122081542734,0.,-18.51459524421));
#3683 = VECTOR('',#3684,1.);
#3684 = DIRECTION('',(1.,-0.,1.653622616679E-15));
#3685 = ORIENTED_EDGE('',*,*,#3686,.F.);
#3686 = EDGE_CURVE('',#3687,#3679,#3689,.T.);
#3687 = VERTEX_POINT('',#3688);
#3688 = CARTESIAN_POINT('',(23.02399282711,0.,-17.06500667705));
#3689 = LINE('',#3690,#3691);
#3690 = CARTESIAN_POINT('',(23.02399282711,0.,-17.06500667705));
#3691 = VECTOR('',#3692,1.);
#3692 = DIRECTION('',(0.,0.,-1.));
#3693 = ORIENTED_EDGE('',*,*,#3694,.F.);
#3694 = EDGE_CURVE('',#3671,#3687,#3695,.T.);
#3695 = LINE('',#3696,#3697);
#3696 = CARTESIAN_POINT('',(25.122081542734,0.,-17.06500667705));
#3697 = VECTOR('',#3698,1.);
#3698 = DIRECTION('',(-1.,0.,0.));
#3699 = FACE_BOUND('',#3700,.T.);
#3700 = EDGE_LOOP('',(#3701,#3711,#3719,#3727));
#3701 = ORIENTED_EDGE('',*,*,#3702,.F.);
#3702 = EDGE_CURVE('',#3703,#3705,#3707,.T.);
#3703 = VERTEX_POINT('',#3704);
#3704 = CARTESIAN_POINT('',(29.394553109095,0.,-13.05956458358));
#3705 = VERTEX_POINT('',#3706);
#3706 = CARTESIAN_POINT('',(29.394553109095,0.,-12.22032909733));
#3707 = LINE('',#3708,#3709);
#3708 = CARTESIAN_POINT('',(29.394553109095,0.,-12.22032909733));
#3709 = VECTOR('',#3710,1.);
#3710 = DIRECTION('',(-0.,-0.,1.));
#3711 = ORIENTED_EDGE('',*,*,#3712,.F.);
#3712 = EDGE_CURVE('',#3713,#3703,#3715,.T.);
#3713 = VERTEX_POINT('',#3714);
#3714 = CARTESIAN_POINT('',(27.639788001483,0.,-13.05956458358));
#3715 = LINE('',#3716,#3717);
#3716 = CARTESIAN_POINT('',(29.394553109095,0.,-13.05956458358));
#3717 = VECTOR('',#3718,1.);
#3718 = DIRECTION('',(1.,-0.,-0.));
#3719 = ORIENTED_EDGE('',*,*,#3720,.F.);
#3720 = EDGE_CURVE('',#3721,#3713,#3723,.T.);
#3721 = VERTEX_POINT('',#3722);
#3722 = CARTESIAN_POINT('',(27.639788001483,0.,-12.22032909733));
#3723 = LINE('',#3724,#3725);
#3724 = CARTESIAN_POINT('',(27.639788001483,0.,-12.22032909733));
#3725 = VECTOR('',#3726,1.);
#3726 = DIRECTION('',(0.,0.,-1.));
#3727 = ORIENTED_EDGE('',*,*,#3728,.F.);
#3728 = EDGE_CURVE('',#3705,#3721,#3729,.T.);
#3729 = LINE('',#3730,#3731);
#3730 = CARTESIAN_POINT('',(29.394553109095,0.,-12.22032909733));
#3731 = VECTOR('',#3732,1.);
#3732 = DIRECTION('',(-1.,0.,0.));
#3733 = FACE_BOUND('',#3734,.T.);
#3734 = EDGE_LOOP('',(#3735,#3745,#3753,#3761));
#3735 = ORIENTED_EDGE('',*,*,#3736,.F.);
#3736 = EDGE_CURVE('',#3737,#3739,#3741,.T.);
#3737 = VERTEX_POINT('',#3738);
#3738 = CARTESIAN_POINT('',(31.050311227306,0.,-11.75857549763));
#3739 = VERTEX_POINT('',#3740);
#3740 = CARTESIAN_POINT('',(31.050311227306,0.,-4.992788588077));
#3741 = LINE('',#3742,#3743);
#3742 = CARTESIAN_POINT('',(31.050311227306,0.,-4.992788588077));
#3743 = VECTOR('',#3744,1.);
#3744 = DIRECTION('',(8.717477947746E-15,-0.,1.));
#3745 = ORIENTED_EDGE('',*,*,#3746,.F.);
#3746 = EDGE_CURVE('',#3747,#3737,#3749,.T.);
#3747 = VERTEX_POINT('',#3748);
#3748 = CARTESIAN_POINT('',(23.557996864373,0.,-11.75857549763));
#3749 = LINE('',#3750,#3751);
#3750 = CARTESIAN_POINT('',(31.050311227306,0.,-11.75857549763));
#3751 = VECTOR('',#3752,1.);
#3752 = DIRECTION('',(1.,-0.,2.315337280239E-16));
#3753 = ORIENTED_EDGE('',*,*,#3754,.F.);
#3754 = EDGE_CURVE('',#3755,#3747,#3757,.T.);
#3755 = VERTEX_POINT('',#3756);
#3756 = CARTESIAN_POINT('',(23.557996864373,0.,-4.992788588077));
#3757 = LINE('',#3758,#3759);
#3758 = CARTESIAN_POINT('',(23.557996864373,0.,-4.992788588077));
#3759 = VECTOR('',#3760,1.);
#3760 = DIRECTION('',(5.127928204556E-16,0.,-1.));
#3761 = ORIENTED_EDGE('',*,*,#3762,.F.);
#3762 = EDGE_CURVE('',#3739,#3755,#3763,.T.);
#3763 = LINE('',#3764,#3765);
#3764 = CARTESIAN_POINT('',(31.050311227306,0.,-4.992788588077));
#3765 = VECTOR('',#3766,1.);
#3766 = DIRECTION('',(-1.,0.,0.));
#3767 = FACE_BOUND('',#3768,.T.);
#3768 = EDGE_LOOP('',(#3769,#3779,#3787,#3795));
#3769 = ORIENTED_EDGE('',*,*,#3770,.F.);
#3770 = EDGE_CURVE('',#3771,#3773,#3775,.T.);
#3771 = VERTEX_POINT('',#3772);
#3772 = CARTESIAN_POINT('',(31.45898291983,0.,-4.516004946799));
#3773 = VERTEX_POINT('',#3774);
#3774 = CARTESIAN_POINT('',(31.45898291983,0.,-1.178519457857));
#3775 = LINE('',#3776,#3777);
#3776 = CARTESIAN_POINT('',(31.45898291983,0.,-1.178519457857));
#3777 = VECTOR('',#3778,1.);
#3778 = DIRECTION('',(-2.079078374092E-15,-0.,1.));
#3779 = ORIENTED_EDGE('',*,*,#3780,.F.);
#3780 = EDGE_CURVE('',#3781,#3771,#3783,.T.);
#3781 = VERTEX_POINT('',#3782);
#3782 = CARTESIAN_POINT('',(28.166905396723,0.,-4.516004946799));
#3783 = LINE('',#3784,#3785);
#3784 = CARTESIAN_POINT('',(31.45898291983,0.,-4.516004946799));
#3785 = VECTOR('',#3786,1.);
#3786 = DIRECTION('',(1.,-0.,-0.));
#3787 = ORIENTED_EDGE('',*,*,#3788,.F.);
#3788 = EDGE_CURVE('',#3789,#3781,#3791,.T.);
#3789 = VERTEX_POINT('',#3790);
#3790 = CARTESIAN_POINT('',(28.166905396723,0.,-1.178519457857));
#3791 = LINE('',#3792,#3793);
#3792 = CARTESIAN_POINT('',(28.166905396723,0.,-1.178519457857));
#3793 = VECTOR('',#3794,1.);
#3794 = DIRECTION('',(0.,0.,-1.));
#3795 = ORIENTED_EDGE('',*,*,#3796,.F.);
#3796 = EDGE_CURVE('',#3773,#3789,#3797,.T.);
#3797 = LINE('',#3798,#3799);
#3798 = CARTESIAN_POINT('',(31.45898291983,0.,-1.178519457857));
#3799 = VECTOR('',#3800,1.);
#3800 = DIRECTION('',(-1.,0.,0.));
#3801 = FACE_BOUND('',#3802,.T.);
#3802 = EDGE_LOOP('',(#3803,#3813,#3821,#3829,#3837,#3845,#3853,#3861,
    #3869,#3877,#3885,#3893,#3901,#3909,#3917,#3925,#3933,#3941,#3949,
    #3957));
#3803 = ORIENTED_EDGE('',*,*,#3804,.F.);
#3804 = EDGE_CURVE('',#3805,#3807,#3809,.T.);
#3805 = VERTEX_POINT('',#3806);
#3806 = CARTESIAN_POINT('',(32.,0.,10.85));
#3807 = VERTEX_POINT('',#3808);
#3808 = CARTESIAN_POINT('',(32.,0.,18.85));
#3809 = LINE('',#3810,#3811);
#3810 = CARTESIAN_POINT('',(32.,0.,18.85));
#3811 = VECTOR('',#3812,1.);
#3812 = DIRECTION('',(-0.,-0.,1.));
#3813 = ORIENTED_EDGE('',*,*,#3814,.F.);
#3814 = EDGE_CURVE('',#3815,#3805,#3817,.T.);
#3815 = VERTEX_POINT('',#3816);
#3816 = CARTESIAN_POINT('',(30.5,0.,10.85));
#3817 = LINE('',#3818,#3819);
#3818 = CARTESIAN_POINT('',(32.,0.,10.85));
#3819 = VECTOR('',#3820,1.);
#3820 = DIRECTION('',(1.,-0.,-0.));
#3821 = ORIENTED_EDGE('',*,*,#3822,.T.);
#3822 = EDGE_CURVE('',#3815,#3823,#3825,.T.);
#3823 = VERTEX_POINT('',#3824);
#3824 = CARTESIAN_POINT('',(30.5,0.,11.05));
#3825 = LINE('',#3826,#3827);
#3826 = CARTESIAN_POINT('',(30.5,0.,10.85));
#3827 = VECTOR('',#3828,1.);
#3828 = DIRECTION('',(0.,0.,1.));
#3829 = ORIENTED_EDGE('',*,*,#3830,.T.);
#3830 = EDGE_CURVE('',#3823,#3831,#3833,.T.);
#3831 = VERTEX_POINT('',#3832);
#3832 = CARTESIAN_POINT('',(31.35994023308,0.,11.05));
#3833 = LINE('',#3834,#3835);
#3834 = CARTESIAN_POINT('',(30.5,0.,11.05));
#3835 = VECTOR('',#3836,1.);
#3836 = DIRECTION('',(1.,0.,0.));
#3837 = ORIENTED_EDGE('',*,*,#3838,.T.);
#3838 = EDGE_CURVE('',#3831,#3839,#3841,.T.);
#3839 = VERTEX_POINT('',#3840);
#3840 = CARTESIAN_POINT('',(31.35994023308,0.,11.25));
#3841 = LINE('',#3842,#3843);
#3842 = CARTESIAN_POINT('',(31.35994023308,0.,11.05));
#3843 = VECTOR('',#3844,1.);
#3844 = DIRECTION('',(0.,0.,1.));
#3845 = ORIENTED_EDGE('',*,*,#3846,.T.);
#3846 = EDGE_CURVE('',#3839,#3847,#3849,.T.);
#3847 = VERTEX_POINT('',#3848);
#3848 = CARTESIAN_POINT('',(26.937760438641,0.,11.25));
#3849 = LINE('',#3850,#3851);
#3850 = CARTESIAN_POINT('',(31.35994023308,0.,11.25));
#3851 = VECTOR('',#3852,1.);
#3852 = DIRECTION('',(-1.,0.,0.));
#3853 = ORIENTED_EDGE('',*,*,#3854,.T.);
#3854 = EDGE_CURVE('',#3847,#3855,#3857,.T.);
#3855 = VERTEX_POINT('',#3856);
#3856 = CARTESIAN_POINT('',(26.937760438641,0.,11.05));
#3857 = LINE('',#3858,#3859);
#3858 = CARTESIAN_POINT('',(26.937760438641,0.,11.25));
#3859 = VECTOR('',#3860,1.);
#3860 = DIRECTION('',(0.,0.,-1.));
#3861 = ORIENTED_EDGE('',*,*,#3862,.T.);
#3862 = EDGE_CURVE('',#3855,#3863,#3865,.T.);
#3863 = VERTEX_POINT('',#3864);
#3864 = CARTESIAN_POINT('',(28.1,0.,11.05));
#3865 = LINE('',#3866,#3867);
#3866 = CARTESIAN_POINT('',(26.937760438641,0.,11.05));
#3867 = VECTOR('',#3868,1.);
#3868 = DIRECTION('',(1.,0.,0.));
#3869 = ORIENTED_EDGE('',*,*,#3870,.T.);
#3870 = EDGE_CURVE('',#3863,#3871,#3873,.T.);
#3871 = VERTEX_POINT('',#3872);
#3872 = CARTESIAN_POINT('',(28.1,0.,10.85));
#3873 = LINE('',#3874,#3875);
#3874 = CARTESIAN_POINT('',(28.1,0.,11.05));
#3875 = VECTOR('',#3876,1.);
#3876 = DIRECTION('',(0.,0.,-1.));
#3877 = ORIENTED_EDGE('',*,*,#3878,.F.);
#3878 = EDGE_CURVE('',#3879,#3871,#3881,.T.);
#3879 = VERTEX_POINT('',#3880);
#3880 = CARTESIAN_POINT('',(26.6,0.,10.85));
#3881 = LINE('',#3882,#3883);
#3882 = CARTESIAN_POINT('',(32.,0.,10.85));
#3883 = VECTOR('',#3884,1.);
#3884 = DIRECTION('',(1.,-0.,-0.));
#3885 = ORIENTED_EDGE('',*,*,#3886,.F.);
#3886 = EDGE_CURVE('',#3887,#3879,#3889,.T.);
#3887 = VERTEX_POINT('',#3888);
#3888 = CARTESIAN_POINT('',(26.6,0.,18.85));
#3889 = LINE('',#3890,#3891);
#3890 = CARTESIAN_POINT('',(26.6,0.,18.85));
#3891 = VECTOR('',#3892,1.);
#3892 = DIRECTION('',(0.,0.,-1.));
#3893 = ORIENTED_EDGE('',*,*,#3894,.F.);
#3894 = EDGE_CURVE('',#3895,#3887,#3897,.T.);
#3895 = VERTEX_POINT('',#3896);
#3896 = CARTESIAN_POINT('',(28.1,0.,18.85));
#3897 = LINE('',#3898,#3899);
#3898 = CARTESIAN_POINT('',(32.,0.,18.85));
#3899 = VECTOR('',#3900,1.);
#3900 = DIRECTION('',(-1.,0.,0.));
#3901 = ORIENTED_EDGE('',*,*,#3902,.T.);
#3902 = EDGE_CURVE('',#3895,#3903,#3905,.T.);
#3903 = VERTEX_POINT('',#3904);
#3904 = CARTESIAN_POINT('',(28.1,0.,18.65));
#3905 = LINE('',#3906,#3907);
#3906 = CARTESIAN_POINT('',(28.1,0.,18.65));
#3907 = VECTOR('',#3908,1.);
#3908 = DIRECTION('',(-0.,-0.,-1.));
#3909 = ORIENTED_EDGE('',*,*,#3910,.T.);
#3910 = EDGE_CURVE('',#3903,#3911,#3913,.T.);
#3911 = VERTEX_POINT('',#3912);
#3912 = CARTESIAN_POINT('',(26.937760438641,0.,18.65));
#3913 = LINE('',#3914,#3915);
#3914 = CARTESIAN_POINT('',(26.937760438641,0.,18.65));
#3915 = VECTOR('',#3916,1.);
#3916 = DIRECTION('',(-1.,-0.,-0.));
#3917 = ORIENTED_EDGE('',*,*,#3918,.T.);
#3918 = EDGE_CURVE('',#3911,#3919,#3921,.T.);
#3919 = VERTEX_POINT('',#3920);
#3920 = CARTESIAN_POINT('',(26.937760438641,0.,18.45));
#3921 = LINE('',#3922,#3923);
#3922 = CARTESIAN_POINT('',(26.937760438641,0.,18.45));
#3923 = VECTOR('',#3924,1.);
#3924 = DIRECTION('',(-0.,-0.,-1.));
#3925 = ORIENTED_EDGE('',*,*,#3926,.T.);
#3926 = EDGE_CURVE('',#3919,#3927,#3929,.T.);
#3927 = VERTEX_POINT('',#3928);
#3928 = CARTESIAN_POINT('',(31.35994023308,0.,18.45));
#3929 = LINE('',#3930,#3931);
#3930 = CARTESIAN_POINT('',(31.35994023308,0.,18.45));
#3931 = VECTOR('',#3932,1.);
#3932 = DIRECTION('',(1.,-0.,-0.));
#3933 = ORIENTED_EDGE('',*,*,#3934,.T.);
#3934 = EDGE_CURVE('',#3927,#3935,#3937,.T.);
#3935 = VERTEX_POINT('',#3936);
#3936 = CARTESIAN_POINT('',(31.35994023308,0.,18.65));
#3937 = LINE('',#3938,#3939);
#3938 = CARTESIAN_POINT('',(31.35994023308,0.,18.65));
#3939 = VECTOR('',#3940,1.);
#3940 = DIRECTION('',(-0.,-0.,1.));
#3941 = ORIENTED_EDGE('',*,*,#3942,.T.);
#3942 = EDGE_CURVE('',#3935,#3943,#3945,.T.);
#3943 = VERTEX_POINT('',#3944);
#3944 = CARTESIAN_POINT('',(30.5,0.,18.65));
#3945 = LINE('',#3946,#3947);
#3946 = CARTESIAN_POINT('',(30.5,0.,18.65));
#3947 = VECTOR('',#3948,1.);
#3948 = DIRECTION('',(-1.,-0.,-0.));
#3949 = ORIENTED_EDGE('',*,*,#3950,.T.);
#3950 = EDGE_CURVE('',#3943,#3951,#3953,.T.);
#3951 = VERTEX_POINT('',#3952);
#3952 = CARTESIAN_POINT('',(30.5,0.,18.85));
#3953 = LINE('',#3954,#3955);
#3954 = CARTESIAN_POINT('',(30.5,0.,18.85));
#3955 = VECTOR('',#3956,1.);
#3956 = DIRECTION('',(-0.,-0.,1.));
#3957 = ORIENTED_EDGE('',*,*,#3958,.F.);
#3958 = EDGE_CURVE('',#3807,#3951,#3959,.T.);
#3959 = LINE('',#3960,#3961);
#3960 = CARTESIAN_POINT('',(32.,0.,18.85));
#3961 = VECTOR('',#3962,1.);
#3962 = DIRECTION('',(-1.,0.,0.));
#3963 = FACE_BOUND('',#3964,.T.);
#3964 = EDGE_LOOP('',(#3965,#3972));
#3965 = ORIENTED_EDGE('',*,*,#3966,.F.);
#3966 = EDGE_CURVE('',#2457,#2449,#3967,.T.);
#3967 = CIRCLE('',#3968,7.);
#3968 = AXIS2_PLACEMENT_3D('',#3969,#3970,#3971);
#3969 = CARTESIAN_POINT('',(-17.5,0.,6.938893903907E-15));
#3970 = DIRECTION('',(0.,-1.,0.));
#3971 = DIRECTION('',(0.,0.,1.));
#3972 = ORIENTED_EDGE('',*,*,#2456,.F.);
#3973 = FACE_BOUND('',#3974,.T.);
#3974 = EDGE_LOOP('',(#3975,#3982));
#3975 = ORIENTED_EDGE('',*,*,#3976,.F.);
#3976 = EDGE_CURVE('',#2425,#2417,#3977,.T.);
#3977 = CIRCLE('',#3978,2.);
#3978 = AXIS2_PLACEMENT_3D('',#3979,#3980,#3981);
#3979 = CARTESIAN_POINT('',(28.980840432142,0.,24.506545585421));
#3980 = DIRECTION('',(0.,-1.,0.));
#3981 = DIRECTION('',(0.,0.,1.));
#3982 = ORIENTED_EDGE('',*,*,#2424,.F.);
#3983 = FACE_BOUND('',#3984,.T.);
#3984 = EDGE_LOOP('',(#3985,#3992));
#3985 = ORIENTED_EDGE('',*,*,#3986,.F.);
#3986 = EDGE_CURVE('',#2383,#2375,#3987,.T.);
#3987 = CIRCLE('',#3988,2.);
#3988 = AXIS2_PLACEMENT_3D('',#3989,#3990,#3991);
#3989 = CARTESIAN_POINT('',(28.980840432142,0.,-24.52866700815));
#3990 = DIRECTION('',(0.,-1.,0.));
#3991 = DIRECTION('',(0.,0.,1.));
#3992 = ORIENTED_EDGE('',*,*,#2382,.F.);
#3993 = FACE_BOUND('',#3994,.T.);
#3994 = EDGE_LOOP('',(#3995,#4002));
#3995 = ORIENTED_EDGE('',*,*,#3996,.F.);
#3996 = EDGE_CURVE('',#2341,#2333,#3997,.T.);
#3997 = CIRCLE('',#3998,2.);
#3998 = AXIS2_PLACEMENT_3D('',#3999,#4000,#4001);
#3999 = CARTESIAN_POINT('',(-29.03072733998,0.,-24.52866700815));
#4000 = DIRECTION('',(0.,-1.,0.));
#4001 = DIRECTION('',(0.,0.,1.));
#4002 = ORIENTED_EDGE('',*,*,#2340,.F.);
#4003 = FACE_BOUND('',#4004,.T.);
#4004 = EDGE_LOOP('',(#4005,#4012));
#4005 = ORIENTED_EDGE('',*,*,#4006,.F.);
#4006 = EDGE_CURVE('',#2299,#2291,#4007,.T.);
#4007 = CIRCLE('',#4008,2.);
#4008 = AXIS2_PLACEMENT_3D('',#4009,#4010,#4011);
#4009 = CARTESIAN_POINT('',(-29.03072733998,0.,24.506545585421));
#4010 = DIRECTION('',(0.,-1.,0.));
#4011 = DIRECTION('',(0.,0.,1.));
#4012 = ORIENTED_EDGE('',*,*,#2298,.F.);
#4013 = FACE_BOUND('',#4014,.T.);
#4014 = EDGE_LOOP('',(#4015,#4022));
#4015 = ORIENTED_EDGE('',*,*,#4016,.F.);
#4016 = EDGE_CURVE('',#2196,#2204,#4017,.T.);
#4017 = CIRCLE('',#4018,0.65);
#4018 = AXIS2_PLACEMENT_3D('',#4019,#4020,#4021);
#4019 = CARTESIAN_POINT('',(-11.43,0.,23.23));
#4020 = DIRECTION('',(0.,-1.,0.));
#4021 = DIRECTION('',(0.,0.,-1.));
#4022 = ORIENTED_EDGE('',*,*,#2203,.F.);
#4023 = FACE_BOUND('',#4024,.T.);
#4024 = EDGE_LOOP('',(#4025,#4032));
#4025 = ORIENTED_EDGE('',*,*,#4026,.F.);
#4026 = EDGE_CURVE('',#2154,#2162,#4027,.T.);
#4027 = CIRCLE('',#4028,0.65);
#4028 = AXIS2_PLACEMENT_3D('',#4029,#4030,#4031);
#4029 = CARTESIAN_POINT('',(-13.97,0.,23.23));
#4030 = DIRECTION('',(0.,-1.,0.));
#4031 = DIRECTION('',(0.,0.,-1.));
#4032 = ORIENTED_EDGE('',*,*,#2161,.F.);
#4033 = FACE_BOUND('',#4034,.T.);
#4034 = EDGE_LOOP('',(#4035,#4042));
#4035 = ORIENTED_EDGE('',*,*,#4036,.F.);
#4036 = EDGE_CURVE('',#2112,#2120,#4037,.T.);
#4037 = CIRCLE('',#4038,0.65);
#4038 = AXIS2_PLACEMENT_3D('',#4039,#4040,#4041);
#4039 = CARTESIAN_POINT('',(-16.51,0.,23.23));
#4040 = DIRECTION('',(0.,-1.,0.));
#4041 = DIRECTION('',(0.,0.,-1.));
#4042 = ORIENTED_EDGE('',*,*,#2119,.F.);
#4043 = FACE_BOUND('',#4044,.T.);
#4044 = EDGE_LOOP('',(#4045,#4052));
#4045 = ORIENTED_EDGE('',*,*,#4046,.F.);
#4046 = EDGE_CURVE('',#2070,#2078,#4047,.T.);
#4047 = CIRCLE('',#4048,0.65);
#4048 = AXIS2_PLACEMENT_3D('',#4049,#4050,#4051);
#4049 = CARTESIAN_POINT('',(-19.05,0.,23.23));
#4050 = DIRECTION('',(0.,-1.,0.));
#4051 = DIRECTION('',(0.,0.,-1.));
#4052 = ORIENTED_EDGE('',*,*,#2077,.F.);
#4053 = FACE_BOUND('',#4054,.T.);
#4054 = EDGE_LOOP('',(#4055,#4062));
#4055 = ORIENTED_EDGE('',*,*,#4056,.F.);
#4056 = EDGE_CURVE('',#2028,#2036,#4057,.T.);
#4057 = CIRCLE('',#4058,0.65);
#4058 = AXIS2_PLACEMENT_3D('',#4059,#4060,#4061);
#4059 = CARTESIAN_POINT('',(-21.59,0.,23.23));
#4060 = DIRECTION('',(0.,-1.,0.));
#4061 = DIRECTION('',(0.,0.,-1.));
#4062 = ORIENTED_EDGE('',*,*,#2035,.F.);
#4063 = FACE_BOUND('',#4064,.T.);
#4064 = EDGE_LOOP('',(#4065,#4072));
#4065 = ORIENTED_EDGE('',*,*,#4066,.F.);
#4066 = EDGE_CURVE('',#1986,#1994,#4067,.T.);
#4067 = CIRCLE('',#4068,0.65);
#4068 = AXIS2_PLACEMENT_3D('',#4069,#4070,#4071);
#4069 = CARTESIAN_POINT('',(24.13,0.,23.230000000001));
#4070 = DIRECTION('',(0.,-1.,0.));
#4071 = DIRECTION('',(0.,0.,-1.));
#4072 = ORIENTED_EDGE('',*,*,#1993,.F.);
#4073 = FACE_BOUND('',#4074,.T.);
#4074 = EDGE_LOOP('',(#4075,#4082));
#4075 = ORIENTED_EDGE('',*,*,#4076,.F.);
#4076 = EDGE_CURVE('',#1944,#1952,#4077,.T.);
#4077 = CIRCLE('',#4078,0.65);
#4078 = AXIS2_PLACEMENT_3D('',#4079,#4080,#4081);
#4079 = CARTESIAN_POINT('',(16.51,0.,25.770000000001));
#4080 = DIRECTION('',(0.,-1.,0.));
#4081 = DIRECTION('',(0.,0.,-1.));
#4082 = ORIENTED_EDGE('',*,*,#1951,.F.);
#4083 = FACE_BOUND('',#4084,.T.);
#4084 = EDGE_LOOP('',(#4085,#4092));
#4085 = ORIENTED_EDGE('',*,*,#4086,.F.);
#4086 = EDGE_CURVE('',#1902,#1910,#4087,.T.);
#4087 = CIRCLE('',#4088,0.65);
#4088 = AXIS2_PLACEMENT_3D('',#4089,#4090,#4091);
#4089 = CARTESIAN_POINT('',(13.97,0.,25.770000000001));
#4090 = DIRECTION('',(0.,-1.,0.));
#4091 = DIRECTION('',(0.,0.,-1.));
#4092 = ORIENTED_EDGE('',*,*,#1909,.F.);
#4093 = FACE_BOUND('',#4094,.T.);
#4094 = EDGE_LOOP('',(#4095,#4102));
#4095 = ORIENTED_EDGE('',*,*,#4096,.F.);
#4096 = EDGE_CURVE('',#1860,#1868,#4097,.T.);
#4097 = CIRCLE('',#4098,0.65);
#4098 = AXIS2_PLACEMENT_3D('',#4099,#4100,#4101);
#4099 = CARTESIAN_POINT('',(11.43,0.,25.77));
#4100 = DIRECTION('',(0.,-1.,0.));
#4101 = DIRECTION('',(0.,0.,-1.));
#4102 = ORIENTED_EDGE('',*,*,#1867,.F.);
#4103 = FACE_BOUND('',#4104,.T.);
#4104 = EDGE_LOOP('',(#4105,#4112));
#4105 = ORIENTED_EDGE('',*,*,#4106,.F.);
#4106 = EDGE_CURVE('',#1818,#1826,#4107,.T.);
#4107 = CIRCLE('',#4108,0.65);
#4108 = AXIS2_PLACEMENT_3D('',#4109,#4110,#4111);
#4109 = CARTESIAN_POINT('',(8.89,0.,25.77));
#4110 = DIRECTION('',(0.,-1.,0.));
#4111 = DIRECTION('',(0.,0.,-1.));
#4112 = ORIENTED_EDGE('',*,*,#1825,.F.);
#4113 = FACE_BOUND('',#4114,.T.);
#4114 = EDGE_LOOP('',(#4115,#4122));
#4115 = ORIENTED_EDGE('',*,*,#4116,.F.);
#4116 = EDGE_CURVE('',#1776,#1784,#4117,.T.);
#4117 = CIRCLE('',#4118,0.65);
#4118 = AXIS2_PLACEMENT_3D('',#4119,#4120,#4121);
#4119 = CARTESIAN_POINT('',(6.35,0.,25.77));
#4120 = DIRECTION('',(0.,-1.,0.));
#4121 = DIRECTION('',(0.,0.,-1.));
#4122 = ORIENTED_EDGE('',*,*,#1783,.F.);
#4123 = FACE_BOUND('',#4124,.T.);
#4124 = EDGE_LOOP('',(#4125,#4132));
#4125 = ORIENTED_EDGE('',*,*,#4126,.F.);
#4126 = EDGE_CURVE('',#1734,#1742,#4127,.T.);
#4127 = CIRCLE('',#4128,0.65);
#4128 = AXIS2_PLACEMENT_3D('',#4129,#4130,#4131);
#4129 = CARTESIAN_POINT('',(3.81,0.,25.77));
#4130 = DIRECTION('',(0.,-1.,0.));
#4131 = DIRECTION('',(0.,0.,-1.));
#4132 = ORIENTED_EDGE('',*,*,#1741,.F.);
#4133 = FACE_BOUND('',#4134,.T.);
#4134 = EDGE_LOOP('',(#4135,#4142));
#4135 = ORIENTED_EDGE('',*,*,#4136,.F.);
#4136 = EDGE_CURVE('',#1692,#1700,#4137,.T.);
#4137 = CIRCLE('',#4138,0.65);
#4138 = AXIS2_PLACEMENT_3D('',#4139,#4140,#4141);
#4139 = CARTESIAN_POINT('',(1.27,0.,25.77));
#4140 = DIRECTION('',(0.,-1.,0.));
#4141 = DIRECTION('',(0.,0.,-1.));
#4142 = ORIENTED_EDGE('',*,*,#1699,.F.);
#4143 = FACE_BOUND('',#4144,.T.);
#4144 = EDGE_LOOP('',(#4145,#4152));
#4145 = ORIENTED_EDGE('',*,*,#4146,.F.);
#4146 = EDGE_CURVE('',#1650,#1658,#4147,.T.);
#4147 = CIRCLE('',#4148,0.65);
#4148 = AXIS2_PLACEMENT_3D('',#4149,#4150,#4151);
#4149 = CARTESIAN_POINT('',(-1.27,0.,25.77));
#4150 = DIRECTION('',(0.,-1.,0.));
#4151 = DIRECTION('',(0.,0.,-1.));
#4152 = ORIENTED_EDGE('',*,*,#1657,.F.);
#4153 = FACE_BOUND('',#4154,.T.);
#4154 = EDGE_LOOP('',(#4155,#4162));
#4155 = ORIENTED_EDGE('',*,*,#4156,.F.);
#4156 = EDGE_CURVE('',#1608,#1616,#4157,.T.);
#4157 = CIRCLE('',#4158,0.65);
#4158 = AXIS2_PLACEMENT_3D('',#4159,#4160,#4161);
#4159 = CARTESIAN_POINT('',(-3.81,0.,25.77));
#4160 = DIRECTION('',(0.,-1.,0.));
#4161 = DIRECTION('',(0.,0.,-1.));
#4162 = ORIENTED_EDGE('',*,*,#1615,.F.);
#4163 = FACE_BOUND('',#4164,.T.);
#4164 = EDGE_LOOP('',(#4165,#4172));
#4165 = ORIENTED_EDGE('',*,*,#4166,.F.);
#4166 = EDGE_CURVE('',#1566,#1574,#4167,.T.);
#4167 = CIRCLE('',#4168,0.65);
#4168 = AXIS2_PLACEMENT_3D('',#4169,#4170,#4171);
#4169 = CARTESIAN_POINT('',(-6.35,0.,25.77));
#4170 = DIRECTION('',(0.,-1.,0.));
#4171 = DIRECTION('',(0.,0.,-1.));
#4172 = ORIENTED_EDGE('',*,*,#1573,.F.);
#4173 = FACE_BOUND('',#4174,.T.);
#4174 = EDGE_LOOP('',(#4175,#4182));
#4175 = ORIENTED_EDGE('',*,*,#4176,.F.);
#4176 = EDGE_CURVE('',#1524,#1532,#4177,.T.);
#4177 = CIRCLE('',#4178,0.65);
#4178 = AXIS2_PLACEMENT_3D('',#4179,#4180,#4181);
#4179 = CARTESIAN_POINT('',(-8.89,0.,25.77));
#4180 = DIRECTION('',(0.,-1.,0.));
#4181 = DIRECTION('',(0.,0.,-1.));
#4182 = ORIENTED_EDGE('',*,*,#1531,.F.);
#4183 = FACE_BOUND('',#4184,.T.);
#4184 = EDGE_LOOP('',(#4185,#4192));
#4185 = ORIENTED_EDGE('',*,*,#4186,.F.);
#4186 = EDGE_CURVE('',#1482,#1490,#4187,.T.);
#4187 = CIRCLE('',#4188,0.65);
#4188 = AXIS2_PLACEMENT_3D('',#4189,#4190,#4191);
#4189 = CARTESIAN_POINT('',(-11.43,0.,25.77));
#4190 = DIRECTION('',(0.,-1.,0.));
#4191 = DIRECTION('',(0.,0.,-1.));
#4192 = ORIENTED_EDGE('',*,*,#1489,.F.);
#4193 = FACE_BOUND('',#4194,.T.);
#4194 = EDGE_LOOP('',(#4195,#4202));
#4195 = ORIENTED_EDGE('',*,*,#4196,.F.);
#4196 = EDGE_CURVE('',#1440,#1448,#4197,.T.);
#4197 = CIRCLE('',#4198,0.65);
#4198 = AXIS2_PLACEMENT_3D('',#4199,#4200,#4201);
#4199 = CARTESIAN_POINT('',(-13.97,0.,25.77));
#4200 = DIRECTION('',(0.,-1.,0.));
#4201 = DIRECTION('',(0.,0.,-1.));
#4202 = ORIENTED_EDGE('',*,*,#1447,.F.);
#4203 = FACE_BOUND('',#4204,.T.);
#4204 = EDGE_LOOP('',(#4205,#4212));
#4205 = ORIENTED_EDGE('',*,*,#4206,.F.);
#4206 = EDGE_CURVE('',#1398,#1406,#4207,.T.);
#4207 = CIRCLE('',#4208,0.65);
#4208 = AXIS2_PLACEMENT_3D('',#4209,#4210,#4211);
#4209 = CARTESIAN_POINT('',(-16.51,0.,25.77));
#4210 = DIRECTION('',(0.,-1.,0.));
#4211 = DIRECTION('',(0.,0.,-1.));
#4212 = ORIENTED_EDGE('',*,*,#1405,.F.);
#4213 = FACE_BOUND('',#4214,.T.);
#4214 = EDGE_LOOP('',(#4215,#4222));
#4215 = ORIENTED_EDGE('',*,*,#4216,.F.);
#4216 = EDGE_CURVE('',#1356,#1364,#4217,.T.);
#4217 = CIRCLE('',#4218,0.65);
#4218 = AXIS2_PLACEMENT_3D('',#4219,#4220,#4221);
#4219 = CARTESIAN_POINT('',(-8.89,0.,23.23));
#4220 = DIRECTION('',(0.,-1.,0.));
#4221 = DIRECTION('',(0.,0.,-1.));
#4222 = ORIENTED_EDGE('',*,*,#1363,.F.);
#4223 = FACE_BOUND('',#4224,.T.);
#4224 = EDGE_LOOP('',(#4225,#4232));
#4225 = ORIENTED_EDGE('',*,*,#4226,.F.);
#4226 = EDGE_CURVE('',#1314,#1322,#4227,.T.);
#4227 = CIRCLE('',#4228,0.65);
#4228 = AXIS2_PLACEMENT_3D('',#4229,#4230,#4231);
#4229 = CARTESIAN_POINT('',(-6.35,0.,23.23));
#4230 = DIRECTION('',(0.,-1.,0.));
#4231 = DIRECTION('',(0.,0.,-1.));
#4232 = ORIENTED_EDGE('',*,*,#1321,.F.);
#4233 = FACE_BOUND('',#4234,.T.);
#4234 = EDGE_LOOP('',(#4235,#4242));
#4235 = ORIENTED_EDGE('',*,*,#4236,.F.);
#4236 = EDGE_CURVE('',#1272,#1280,#4237,.T.);
#4237 = CIRCLE('',#4238,0.65);
#4238 = AXIS2_PLACEMENT_3D('',#4239,#4240,#4241);
#4239 = CARTESIAN_POINT('',(-3.81,0.,23.23));
#4240 = DIRECTION('',(0.,-1.,0.));
#4241 = DIRECTION('',(0.,0.,-1.));
#4242 = ORIENTED_EDGE('',*,*,#1279,.F.);
#4243 = FACE_BOUND('',#4244,.T.);
#4244 = EDGE_LOOP('',(#4245,#4252));
#4245 = ORIENTED_EDGE('',*,*,#4246,.F.);
#4246 = EDGE_CURVE('',#1230,#1238,#4247,.T.);
#4247 = CIRCLE('',#4248,0.65);
#4248 = AXIS2_PLACEMENT_3D('',#4249,#4250,#4251);
#4249 = CARTESIAN_POINT('',(-1.27,0.,23.23));
#4250 = DIRECTION('',(0.,-1.,0.));
#4251 = DIRECTION('',(0.,0.,-1.));
#4252 = ORIENTED_EDGE('',*,*,#1237,.F.);
#4253 = FACE_BOUND('',#4254,.T.);
#4254 = EDGE_LOOP('',(#4255,#4262));
#4255 = ORIENTED_EDGE('',*,*,#4256,.F.);
#4256 = EDGE_CURVE('',#1188,#1196,#4257,.T.);
#4257 = CIRCLE('',#4258,0.65);
#4258 = AXIS2_PLACEMENT_3D('',#4259,#4260,#4261);
#4259 = CARTESIAN_POINT('',(1.27,0.,23.23));
#4260 = DIRECTION('',(0.,-1.,0.));
#4261 = DIRECTION('',(0.,0.,-1.));
#4262 = ORIENTED_EDGE('',*,*,#1195,.F.);
#4263 = FACE_BOUND('',#4264,.T.);
#4264 = EDGE_LOOP('',(#4265,#4272));
#4265 = ORIENTED_EDGE('',*,*,#4266,.F.);
#4266 = EDGE_CURVE('',#1146,#1154,#4267,.T.);
#4267 = CIRCLE('',#4268,0.65);
#4268 = AXIS2_PLACEMENT_3D('',#4269,#4270,#4271);
#4269 = CARTESIAN_POINT('',(3.81,0.,23.23));
#4270 = DIRECTION('',(0.,-1.,0.));
#4271 = DIRECTION('',(0.,0.,-1.));
#4272 = ORIENTED_EDGE('',*,*,#1153,.F.);
#4273 = FACE_BOUND('',#4274,.T.);
#4274 = EDGE_LOOP('',(#4275,#4282));
#4275 = ORIENTED_EDGE('',*,*,#4276,.F.);
#4276 = EDGE_CURVE('',#1104,#1112,#4277,.T.);
#4277 = CIRCLE('',#4278,0.65);
#4278 = AXIS2_PLACEMENT_3D('',#4279,#4280,#4281);
#4279 = CARTESIAN_POINT('',(6.35,0.,23.23));
#4280 = DIRECTION('',(0.,-1.,0.));
#4281 = DIRECTION('',(0.,0.,-1.));
#4282 = ORIENTED_EDGE('',*,*,#1111,.F.);
#4283 = FACE_BOUND('',#4284,.T.);
#4284 = EDGE_LOOP('',(#4285,#4292));
#4285 = ORIENTED_EDGE('',*,*,#4286,.F.);
#4286 = EDGE_CURVE('',#1062,#1070,#4287,.T.);
#4287 = CIRCLE('',#4288,0.65);
#4288 = AXIS2_PLACEMENT_3D('',#4289,#4290,#4291);
#4289 = CARTESIAN_POINT('',(8.89,0.,23.23));
#4290 = DIRECTION('',(0.,-1.,0.));
#4291 = DIRECTION('',(0.,0.,-1.));
#4292 = ORIENTED_EDGE('',*,*,#1069,.F.);
#4293 = FACE_BOUND('',#4294,.T.);
#4294 = EDGE_LOOP('',(#4295,#4302));
#4295 = ORIENTED_EDGE('',*,*,#4296,.F.);
#4296 = EDGE_CURVE('',#1020,#1028,#4297,.T.);
#4297 = CIRCLE('',#4298,0.65);
#4298 = AXIS2_PLACEMENT_3D('',#4299,#4300,#4301);
#4299 = CARTESIAN_POINT('',(-24.13,0.,25.77));
#4300 = DIRECTION('',(0.,-1.,0.));
#4301 = DIRECTION('',(0.,0.,-1.));
#4302 = ORIENTED_EDGE('',*,*,#1027,.F.);
#4303 = FACE_BOUND('',#4304,.T.);
#4304 = EDGE_LOOP('',(#4305,#4312));
#4305 = ORIENTED_EDGE('',*,*,#4306,.F.);
#4306 = EDGE_CURVE('',#978,#986,#4307,.T.);
#4307 = CIRCLE('',#4308,0.65);
#4308 = AXIS2_PLACEMENT_3D('',#4309,#4310,#4311);
#4309 = CARTESIAN_POINT('',(-21.59,0.,25.77));
#4310 = DIRECTION('',(0.,-1.,0.));
#4311 = DIRECTION('',(0.,0.,-1.));
#4312 = ORIENTED_EDGE('',*,*,#985,.F.);
#4313 = FACE_BOUND('',#4314,.T.);
#4314 = EDGE_LOOP('',(#4315,#4322));
#4315 = ORIENTED_EDGE('',*,*,#4316,.F.);
#4316 = EDGE_CURVE('',#936,#944,#4317,.T.);
#4317 = CIRCLE('',#4318,0.65);
#4318 = AXIS2_PLACEMENT_3D('',#4319,#4320,#4321);
#4319 = CARTESIAN_POINT('',(-19.05,0.,25.77));
#4320 = DIRECTION('',(0.,-1.,0.));
#4321 = DIRECTION('',(0.,0.,-1.));
#4322 = ORIENTED_EDGE('',*,*,#943,.F.);
#4323 = FACE_BOUND('',#4324,.T.);
#4324 = EDGE_LOOP('',(#4325,#4332));
#4325 = ORIENTED_EDGE('',*,*,#4326,.F.);
#4326 = EDGE_CURVE('',#894,#902,#4327,.T.);
#4327 = CIRCLE('',#4328,0.65);
#4328 = AXIS2_PLACEMENT_3D('',#4329,#4330,#4331);
#4329 = CARTESIAN_POINT('',(16.51,0.,23.230000000001));
#4330 = DIRECTION('',(0.,-1.,0.));
#4331 = DIRECTION('',(0.,0.,-1.));
#4332 = ORIENTED_EDGE('',*,*,#901,.F.);
#4333 = FACE_BOUND('',#4334,.T.);
#4334 = EDGE_LOOP('',(#4335,#4342));
#4335 = ORIENTED_EDGE('',*,*,#4336,.F.);
#4336 = EDGE_CURVE('',#810,#818,#4337,.T.);
#4337 = CIRCLE('',#4338,0.65);
#4338 = AXIS2_PLACEMENT_3D('',#4339,#4340,#4341);
#4339 = CARTESIAN_POINT('',(11.43,0.,23.23));
#4340 = DIRECTION('',(0.,-1.,0.));
#4341 = DIRECTION('',(0.,0.,-1.));
#4342 = ORIENTED_EDGE('',*,*,#817,.F.);
#4343 = FACE_BOUND('',#4344,.T.);
#4344 = EDGE_LOOP('',(#4345,#4352));
#4345 = ORIENTED_EDGE('',*,*,#4346,.F.);
#4346 = EDGE_CURVE('',#785,#777,#4347,.T.);
#4347 = CIRCLE('',#4348,1.15);
#4348 = AXIS2_PLACEMENT_3D('',#4349,#4350,#4351);
#4349 = CARTESIAN_POINT('',(24.13,0.,25.770000000001));
#4350 = DIRECTION('',(0.,-1.,0.));
#4351 = DIRECTION('',(0.,0.,1.));
#4352 = ORIENTED_EDGE('',*,*,#784,.F.);
#4353 = FACE_BOUND('',#4354,.T.);
#4354 = EDGE_LOOP('',(#4355,#4362));
#4355 = ORIENTED_EDGE('',*,*,#4356,.F.);
#4356 = EDGE_CURVE('',#743,#735,#4357,.T.);
#4357 = CIRCLE('',#4358,1.15);
#4358 = AXIS2_PLACEMENT_3D('',#4359,#4360,#4361);
#4359 = CARTESIAN_POINT('',(21.59,0.,25.770000000001));
#4360 = DIRECTION('',(0.,-1.,0.));
#4361 = DIRECTION('',(0.,0.,1.));
#4362 = ORIENTED_EDGE('',*,*,#742,.F.);
#4363 = FACE_BOUND('',#4364,.T.);
#4364 = EDGE_LOOP('',(#4365,#4372));
#4365 = ORIENTED_EDGE('',*,*,#4366,.F.);
#4366 = EDGE_CURVE('',#701,#693,#4367,.T.);
#4367 = CIRCLE('',#4368,1.15);
#4368 = AXIS2_PLACEMENT_3D('',#4369,#4370,#4371);
#4369 = CARTESIAN_POINT('',(21.59,0.,23.230000000001));
#4370 = DIRECTION('',(0.,-1.,0.));
#4371 = DIRECTION('',(0.,0.,1.));
#4372 = ORIENTED_EDGE('',*,*,#700,.F.);
#4373 = FACE_BOUND('',#4374,.T.);
#4374 = EDGE_LOOP('',(#4375,#4382));
#4375 = ORIENTED_EDGE('',*,*,#4376,.F.);
#4376 = EDGE_CURVE('',#659,#651,#4377,.T.);
#4377 = CIRCLE('',#4378,1.15);
#4378 = AXIS2_PLACEMENT_3D('',#4379,#4380,#4381);
#4379 = CARTESIAN_POINT('',(19.05,0.,25.770000000001));
#4380 = DIRECTION('',(0.,-1.,0.));
#4381 = DIRECTION('',(0.,0.,1.));
#4382 = ORIENTED_EDGE('',*,*,#658,.F.);
#4383 = FACE_BOUND('',#4384,.T.);
#4384 = EDGE_LOOP('',(#4385,#4392));
#4385 = ORIENTED_EDGE('',*,*,#4386,.F.);
#4386 = EDGE_CURVE('',#617,#609,#4387,.T.);
#4387 = CIRCLE('',#4388,1.15);
#4388 = AXIS2_PLACEMENT_3D('',#4389,#4390,#4391);
#4389 = CARTESIAN_POINT('',(19.05,0.,23.230000000001));
#4390 = DIRECTION('',(0.,-1.,0.));
#4391 = DIRECTION('',(0.,0.,1.));
#4392 = ORIENTED_EDGE('',*,*,#616,.F.);
#4393 = FACE_BOUND('',#4394,.T.);
#4394 = EDGE_LOOP('',(#4395,#4402));
#4395 = ORIENTED_EDGE('',*,*,#4396,.F.);
#4396 = EDGE_CURVE('',#575,#567,#4397,.T.);
#4397 = CIRCLE('',#4398,1.15);
#4398 = AXIS2_PLACEMENT_3D('',#4399,#4400,#4401);
#4399 = CARTESIAN_POINT('',(13.97,0.,23.230000000001));
#4400 = DIRECTION('',(0.,-1.,0.));
#4401 = DIRECTION('',(0.,0.,1.));
#4402 = ORIENTED_EDGE('',*,*,#574,.F.);
#4403 = FACE_BOUND('',#4404,.T.);
#4404 = EDGE_LOOP('',(#4405,#4415,#4423,#4431));
#4405 = ORIENTED_EDGE('',*,*,#4406,.F.);
#4406 = EDGE_CURVE('',#4407,#4409,#4411,.T.);
#4407 = VERTEX_POINT('',#4408);
#4408 = CARTESIAN_POINT('',(31.45898291983,0.,-0.610919884907));
#4409 = VERTEX_POINT('',#4410);
#4410 = CARTESIAN_POINT('',(31.45898291983,0.,9.810208274444));
#4411 = LINE('',#4412,#4413);
#4412 = CARTESIAN_POINT('',(31.45898291983,0.,9.810208274444));
#4413 = VECTOR('',#4414,1.);
#4414 = DIRECTION('',(-0.,-0.,1.));
#4415 = ORIENTED_EDGE('',*,*,#4416,.F.);
#4416 = EDGE_CURVE('',#4417,#4407,#4419,.T.);
#4417 = VERTEX_POINT('',#4418);
#4418 = CARTESIAN_POINT('',(19.834543665825,0.,-0.610919884907));
#4419 = LINE('',#4420,#4421);
#4420 = CARTESIAN_POINT('',(31.45898291983,0.,-0.610919884907));
#4421 = VECTOR('',#4422,1.);
#4422 = DIRECTION('',(1.,-0.,1.212499625516E-16));
#4423 = ORIENTED_EDGE('',*,*,#4424,.F.);
#4424 = EDGE_CURVE('',#4425,#4417,#4427,.T.);
#4425 = VERTEX_POINT('',#4426);
#4426 = CARTESIAN_POINT('',(19.834543665825,0.,9.810208274444));
#4427 = LINE('',#4428,#4429);
#4428 = CARTESIAN_POINT('',(19.834543665825,0.,9.810208274444));
#4429 = VECTOR('',#4430,1.);
#4430 = DIRECTION('',(3.329243148056E-16,0.,-1.));
#4431 = ORIENTED_EDGE('',*,*,#4432,.F.);
#4432 = EDGE_CURVE('',#4409,#4425,#4433,.T.);
#4433 = LINE('',#4434,#4435);
#4434 = CARTESIAN_POINT('',(31.45898291983,0.,9.810208274444));
#4435 = VECTOR('',#4436,1.);
#4436 = DIRECTION('',(-1.,0.,0.));
#4437 = FACE_BOUND('',#4438,.T.);
#4438 = EDGE_LOOP('',(#4439,#4449,#4457,#4465));
#4439 = ORIENTED_EDGE('',*,*,#4440,.F.);
#4440 = EDGE_CURVE('',#4441,#4443,#4445,.T.);
#4441 = VERTEX_POINT('',#4442);
#4442 = CARTESIAN_POINT('',(27.145226165414,0.,-4.198149185948));
#4443 = VERTEX_POINT('',#4444);
#4444 = CARTESIAN_POINT('',(27.145226165414,0.,-1.405559287037));
#4445 = LINE('',#4446,#4447);
#4446 = CARTESIAN_POINT('',(27.145226165414,0.,-1.405559287037));
#4447 = VECTOR('',#4448,1.);
#4448 = DIRECTION('',(-0.,-0.,1.));
#4449 = ORIENTED_EDGE('',*,*,#4450,.F.);
#4450 = EDGE_CURVE('',#4451,#4441,#4453,.T.);
#4451 = VERTEX_POINT('',#4452);
#4452 = CARTESIAN_POINT('',(22.331981786803,0.,-4.198149185948));
#4453 = LINE('',#4454,#4455);
#4454 = CARTESIAN_POINT('',(27.145226165414,0.,-4.198149185948));
#4455 = VECTOR('',#4456,1.);
#4456 = DIRECTION('',(1.,-0.,1.802031373771E-16));
#4457 = ORIENTED_EDGE('',*,*,#4458,.F.);
#4458 = EDGE_CURVE('',#4459,#4451,#4461,.T.);
#4459 = VERTEX_POINT('',#4460);
#4460 = CARTESIAN_POINT('',(22.331981786803,0.,-1.405559287037));
#4461 = LINE('',#4462,#4463);
#4462 = CARTESIAN_POINT('',(22.331981786803,0.,-1.405559287037));
#4463 = VECTOR('',#4464,1.);
#4464 = DIRECTION('',(0.,0.,-1.));
#4465 = ORIENTED_EDGE('',*,*,#4466,.F.);
#4466 = EDGE_CURVE('',#4443,#4459,#4467,.T.);
#4467 = LINE('',#4468,#4469);
#4468 = CARTESIAN_POINT('',(27.145226165414,0.,-1.405559287037));
#4469 = VECTOR('',#4470,1.);
#4470 = DIRECTION('',(-1.,0.,0.));
#4471 = FACE_BOUND('',#4472,.T.);
#4472 = EDGE_LOOP('',(#4473,#4483,#4491,#4499));
#4473 = ORIENTED_EDGE('',*,*,#4474,.F.);
#4474 = EDGE_CURVE('',#4475,#4477,#4479,.T.);
#4475 = VERTEX_POINT('',#4476);
#4476 = CARTESIAN_POINT('',(31.45898291983,0.,-15.11950623165));
#4477 = VERTEX_POINT('',#4478);
#4478 = CARTESIAN_POINT('',(31.45898291983,0.,-13.28844698892));
#4479 = LINE('',#4480,#4481);
#4480 = CARTESIAN_POINT('',(31.45898291983,0.,-13.28844698892));
#4481 = VECTOR('',#4482,1.);
#4482 = DIRECTION('',(-0.,-0.,1.));
#4483 = ORIENTED_EDGE('',*,*,#4484,.F.);
#4484 = EDGE_CURVE('',#4485,#4475,#4487,.T.);
#4485 = VERTEX_POINT('',#4486);
#4486 = CARTESIAN_POINT('',(30.081200325118,0.,-15.11950623165));
#4487 = LINE('',#4488,#4489);
#4488 = CARTESIAN_POINT('',(31.45898291983,0.,-15.11950623165));
#4489 = VECTOR('',#4490,1.);
#4490 = DIRECTION('',(1.,-0.,-0.));
#4491 = ORIENTED_EDGE('',*,*,#4492,.F.);
#4492 = EDGE_CURVE('',#4493,#4485,#4495,.T.);
#4493 = VERTEX_POINT('',#4494);
#4494 = CARTESIAN_POINT('',(30.081200325118,0.,-13.28844698892));
#4495 = LINE('',#4496,#4497);
#4496 = CARTESIAN_POINT('',(30.081200325118,0.,-13.28844698892));
#4497 = VECTOR('',#4498,1.);
#4498 = DIRECTION('',(0.,0.,-1.));
#4499 = ORIENTED_EDGE('',*,*,#4500,.F.);
#4500 = EDGE_CURVE('',#4477,#4493,#4501,.T.);
#4501 = LINE('',#4502,#4503);
#4502 = CARTESIAN_POINT('',(31.45898291983,0.,-13.28844698892));
#4503 = VECTOR('',#4504,1.);
#4504 = DIRECTION('',(-1.,0.,0.));
#4505 = FACE_BOUND('',#4506,.T.);
#4506 = EDGE_LOOP('',(#4507,#4517,#4525,#4533,#4541,#4549,#4557,#4565,
    #4573,#4581,#4589,#4597,#4605,#4614,#4622,#4631,#4639,#4648,#4656,
    #4665,#4673,#4681,#4689,#4697,#4705,#4713,#4721,#4729));
#4507 = ORIENTED_EDGE('',*,*,#4508,.F.);
#4508 = EDGE_CURVE('',#4509,#4511,#4513,.T.);
#4509 = VERTEX_POINT('',#4510);
#4510 = CARTESIAN_POINT('',(20.239256895464,0.,-20.6));
#4511 = VERTEX_POINT('',#4512);
#4512 = CARTESIAN_POINT('',(20.239256895464,0.,-19.27753659534));
#4513 = LINE('',#4514,#4515);
#4514 = CARTESIAN_POINT('',(20.239256895464,0.,-19.27753659534));
#4515 = VECTOR('',#4516,1.);
#4516 = DIRECTION('',(-0.,-0.,1.));
#4517 = ORIENTED_EDGE('',*,*,#4518,.F.);
#4518 = EDGE_CURVE('',#4519,#4509,#4521,.T.);
#4519 = VERTEX_POINT('',#4520);
#4520 = CARTESIAN_POINT('',(20.735168773703,0.,-20.6));
#4521 = LINE('',#4522,#4523);
#4522 = CARTESIAN_POINT('',(25.5,0.,-20.6));
#4523 = VECTOR('',#4524,1.);
#4524 = DIRECTION('',(-1.,0.,0.));
#4525 = ORIENTED_EDGE('',*,*,#4526,.F.);
#4526 = EDGE_CURVE('',#4527,#4519,#4529,.T.);
#4527 = VERTEX_POINT('',#4528);
#4528 = CARTESIAN_POINT('',(20.735168773703,0.,-19.27753659534));
#4529 = LINE('',#4530,#4531);
#4530 = CARTESIAN_POINT('',(20.735168773703,0.,-19.27753659534));
#4531 = VECTOR('',#4532,1.);
#4532 = DIRECTION('',(0.,0.,-1.));
#4533 = ORIENTED_EDGE('',*,*,#4534,.F.);
#4534 = EDGE_CURVE('',#4535,#4527,#4537,.T.);
#4535 = VERTEX_POINT('',#4536);
#4536 = CARTESIAN_POINT('',(21.803286665293,0.,-19.27753659534));
#4537 = LINE('',#4538,#4539);
#4538 = CARTESIAN_POINT('',(21.803286665293,0.,-19.27753659534));
#4539 = VECTOR('',#4540,1.);
#4540 = DIRECTION('',(-1.,0.,0.));
#4541 = ORIENTED_EDGE('',*,*,#4542,.F.);
#4542 = EDGE_CURVE('',#4543,#4535,#4545,.T.);
#4543 = VERTEX_POINT('',#4544);
#4544 = CARTESIAN_POINT('',(21.803286665293,0.,-20.6));
#4545 = LINE('',#4546,#4547);
#4546 = CARTESIAN_POINT('',(21.803286665293,0.,-19.27753659534));
#4547 = VECTOR('',#4548,1.);
#4548 = DIRECTION('',(-0.,-0.,1.));
#4549 = ORIENTED_EDGE('',*,*,#4550,.F.);
#4550 = EDGE_CURVE('',#4551,#4543,#4553,.T.);
#4551 = VERTEX_POINT('',#4552);
#4552 = CARTESIAN_POINT('',(23.02399282711,0.,-20.6));
#4553 = LINE('',#4554,#4555);
#4554 = CARTESIAN_POINT('',(25.5,0.,-20.6));
#4555 = VECTOR('',#4556,1.);
#4556 = DIRECTION('',(-1.,0.,0.));
#4557 = ORIENTED_EDGE('',*,*,#4558,.F.);
#4558 = EDGE_CURVE('',#4559,#4551,#4561,.T.);
#4559 = VERTEX_POINT('',#4560);
#4560 = CARTESIAN_POINT('',(23.02399282711,0.,-19.27753659534));
#4561 = LINE('',#4562,#4563);
#4562 = CARTESIAN_POINT('',(23.02399282711,0.,-19.27753659534));
#4563 = VECTOR('',#4564,1.);
#4564 = DIRECTION('',(0.,0.,-1.));
#4565 = ORIENTED_EDGE('',*,*,#4566,.F.);
#4566 = EDGE_CURVE('',#4567,#4559,#4569,.T.);
#4567 = VERTEX_POINT('',#4568);
#4568 = CARTESIAN_POINT('',(25.122081542734,0.,-19.27753659534));
#4569 = LINE('',#4570,#4571);
#4570 = CARTESIAN_POINT('',(25.122081542734,0.,-19.27753659534));
#4571 = VECTOR('',#4572,1.);
#4572 = DIRECTION('',(-1.,0.,0.));
#4573 = ORIENTED_EDGE('',*,*,#4574,.F.);
#4574 = EDGE_CURVE('',#4575,#4567,#4577,.T.);
#4575 = VERTEX_POINT('',#4576);
#4576 = CARTESIAN_POINT('',(25.122081542734,0.,-20.6));
#4577 = LINE('',#4578,#4579);
#4578 = CARTESIAN_POINT('',(25.122081542734,0.,-19.27753659534));
#4579 = VECTOR('',#4580,1.);
#4580 = DIRECTION('',(-0.,-0.,1.));
#4581 = ORIENTED_EDGE('',*,*,#4582,.F.);
#4582 = EDGE_CURVE('',#4583,#4575,#4585,.T.);
#4583 = VERTEX_POINT('',#4584);
#4584 = CARTESIAN_POINT('',(24.5,0.,-20.6));
#4585 = LINE('',#4586,#4587);
#4586 = CARTESIAN_POINT('',(25.122081542734,0.,-20.6));
#4587 = VECTOR('',#4588,1.);
#4588 = DIRECTION('',(1.,-0.,-0.));
#4589 = ORIENTED_EDGE('',*,*,#4590,.T.);
#4590 = EDGE_CURVE('',#4583,#4591,#4593,.T.);
#4591 = VERTEX_POINT('',#4592);
#4592 = CARTESIAN_POINT('',(24.5,-5.442874662877E-18,-28.));
#4593 = LINE('',#4594,#4595);
#4594 = CARTESIAN_POINT('',(24.5,-5.442874662877E-18,28.001));
#4595 = VECTOR('',#4596,1.);
#4596 = DIRECTION('',(-1.067522139063E-16,-0.,-1.));
#4597 = ORIENTED_EDGE('',*,*,#4598,.F.);
#4598 = EDGE_CURVE('',#4599,#4591,#4601,.T.);
#4599 = VERTEX_POINT('',#4600);
#4600 = CARTESIAN_POINT('',(29.5,0.,-28.));
#4601 = LINE('',#4602,#4603);
#4602 = CARTESIAN_POINT('',(32.5,0.,-28.));
#4603 = VECTOR('',#4604,1.);
#4604 = DIRECTION('',(-1.,0.,1.067522139063E-16));
#4605 = ORIENTED_EDGE('',*,*,#4606,.T.);
#4606 = EDGE_CURVE('',#4599,#4607,#4609,.T.);
#4607 = VERTEX_POINT('',#4608);
#4608 = CARTESIAN_POINT('',(32.5,0.,-25.));
#4609 = CIRCLE('',#4610,3.);
#4610 = AXIS2_PLACEMENT_3D('',#4611,#4612,#4613);
#4611 = CARTESIAN_POINT('',(29.5,0.,-25.));
#4612 = DIRECTION('',(0.,-1.,0.));
#4613 = DIRECTION('',(0.,0.,1.));
#4614 = ORIENTED_EDGE('',*,*,#4615,.F.);
#4615 = EDGE_CURVE('',#4616,#4607,#4618,.T.);
#4616 = VERTEX_POINT('',#4617);
#4617 = CARTESIAN_POINT('',(32.5,0.,25.));
#4618 = LINE('',#4619,#4620);
#4619 = CARTESIAN_POINT('',(32.5,0.,28.));
#4620 = VECTOR('',#4621,1.);
#4621 = DIRECTION('',(0.,0.,-1.));
#4622 = ORIENTED_EDGE('',*,*,#4623,.T.);
#4623 = EDGE_CURVE('',#4616,#4624,#4626,.T.);
#4624 = VERTEX_POINT('',#4625);
#4625 = CARTESIAN_POINT('',(29.5,0.,28.));
#4626 = CIRCLE('',#4627,3.);
#4627 = AXIS2_PLACEMENT_3D('',#4628,#4629,#4630);
#4628 = CARTESIAN_POINT('',(29.5,0.,25.));
#4629 = DIRECTION('',(0.,-1.,0.));
#4630 = DIRECTION('',(0.,0.,1.));
#4631 = ORIENTED_EDGE('',*,*,#4632,.F.);
#4632 = EDGE_CURVE('',#4633,#4624,#4635,.T.);
#4633 = VERTEX_POINT('',#4634);
#4634 = CARTESIAN_POINT('',(-29.5,0.,28.));
#4635 = LINE('',#4636,#4637);
#4636 = CARTESIAN_POINT('',(32.5,0.,28.));
#4637 = VECTOR('',#4638,1.);
#4638 = DIRECTION('',(1.,-0.,-1.067522139063E-16));
#4639 = ORIENTED_EDGE('',*,*,#4640,.T.);
#4640 = EDGE_CURVE('',#4633,#4641,#4643,.T.);
#4641 = VERTEX_POINT('',#4642);
#4642 = CARTESIAN_POINT('',(-32.5,0.,25.));
#4643 = CIRCLE('',#4644,3.);
#4644 = AXIS2_PLACEMENT_3D('',#4645,#4646,#4647);
#4645 = CARTESIAN_POINT('',(-29.5,0.,25.));
#4646 = DIRECTION('',(0.,-1.,0.));
#4647 = DIRECTION('',(0.,0.,1.));
#4648 = ORIENTED_EDGE('',*,*,#4649,.F.);
#4649 = EDGE_CURVE('',#4650,#4641,#4652,.T.);
#4650 = VERTEX_POINT('',#4651);
#4651 = CARTESIAN_POINT('',(-32.5,0.,-25.));
#4652 = LINE('',#4653,#4654);
#4653 = CARTESIAN_POINT('',(-32.5,0.,28.));
#4654 = VECTOR('',#4655,1.);
#4655 = DIRECTION('',(-0.,-0.,1.));
#4656 = ORIENTED_EDGE('',*,*,#4657,.T.);
#4657 = EDGE_CURVE('',#4650,#4658,#4660,.T.);
#4658 = VERTEX_POINT('',#4659);
#4659 = CARTESIAN_POINT('',(-29.5,0.,-28.));
#4660 = CIRCLE('',#4661,3.);
#4661 = AXIS2_PLACEMENT_3D('',#4662,#4663,#4664);
#4662 = CARTESIAN_POINT('',(-29.5,0.,-25.));
#4663 = DIRECTION('',(0.,-1.,0.));
#4664 = DIRECTION('',(0.,0.,1.));
#4665 = ORIENTED_EDGE('',*,*,#4666,.F.);
#4666 = EDGE_CURVE('',#4667,#4658,#4669,.T.);
#4667 = VERTEX_POINT('',#4668);
#4668 = CARTESIAN_POINT('',(-22.9,0.,-28.));
#4669 = LINE('',#4670,#4671);
#4670 = CARTESIAN_POINT('',(32.5,0.,-28.));
#4671 = VECTOR('',#4672,1.);
#4672 = DIRECTION('',(-1.,0.,1.067522139063E-16));
#4673 = ORIENTED_EDGE('',*,*,#4674,.F.);
#4674 = EDGE_CURVE('',#4675,#4667,#4677,.T.);
#4675 = VERTEX_POINT('',#4676);
#4676 = CARTESIAN_POINT('',(-22.9,0.,-22.7));
#4677 = LINE('',#4678,#4679);
#4678 = CARTESIAN_POINT('',(-22.9,0.,-21.28578643762));
#4679 = VECTOR('',#4680,1.);
#4680 = DIRECTION('',(-1.067522139063E-16,-0.,-1.));
#4681 = ORIENTED_EDGE('',*,*,#4682,.F.);
#4682 = EDGE_CURVE('',#4683,#4675,#4685,.T.);
#4683 = VERTEX_POINT('',#4684);
#4684 = CARTESIAN_POINT('',(-17.6,0.,-22.7));
#4685 = LINE('',#4686,#4687);
#4686 = CARTESIAN_POINT('',(-16.6,-0.,-22.7));
#4687 = VECTOR('',#4688,1.);
#4688 = DIRECTION('',(-1.,0.,0.));
#4689 = ORIENTED_EDGE('',*,*,#4690,.T.);
#4690 = EDGE_CURVE('',#4683,#4691,#4693,.T.);
#4691 = VERTEX_POINT('',#4692);
#4692 = CARTESIAN_POINT('',(-17.6,0.,-28.));
#4693 = LINE('',#4694,#4695);
#4694 = CARTESIAN_POINT('',(-17.6,0.,-21.28578643762));
#4695 = VECTOR('',#4696,1.);
#4696 = DIRECTION('',(-1.067522139063E-16,-0.,-1.));
#4697 = ORIENTED_EDGE('',*,*,#4698,.F.);
#4698 = EDGE_CURVE('',#4699,#4691,#4701,.T.);
#4699 = VERTEX_POINT('',#4700);
#4700 = CARTESIAN_POINT('',(17.5,-4.354299730302E-17,-28.));
#4701 = LINE('',#4702,#4703);
#4702 = CARTESIAN_POINT('',(32.5,0.,-28.));
#4703 = VECTOR('',#4704,1.);
#4704 = DIRECTION('',(-1.,0.,1.067522139063E-16));
#4705 = ORIENTED_EDGE('',*,*,#4706,.F.);
#4706 = EDGE_CURVE('',#4707,#4699,#4709,.T.);
#4707 = VERTEX_POINT('',#4708);
#4708 = CARTESIAN_POINT('',(17.5,-4.354299730302E-17,-20.6));
#4709 = LINE('',#4710,#4711);
#4710 = CARTESIAN_POINT('',(17.5,-4.354299730302E-17,28.001));
#4711 = VECTOR('',#4712,1.);
#4712 = DIRECTION('',(-1.067522139063E-16,-0.,-1.));
#4713 = ORIENTED_EDGE('',*,*,#4714,.F.);
#4714 = EDGE_CURVE('',#4715,#4707,#4717,.T.);
#4715 = VERTEX_POINT('',#4716);
#4716 = CARTESIAN_POINT('',(19.247433138988,0.,-20.6));
#4717 = LINE('',#4718,#4719);
#4718 = CARTESIAN_POINT('',(25.5,0.,-20.6));
#4719 = VECTOR('',#4720,1.);
#4720 = DIRECTION('',(-1.,0.,0.));
#4721 = ORIENTED_EDGE('',*,*,#4722,.F.);
#4722 = EDGE_CURVE('',#4723,#4715,#4725,.T.);
#4723 = VERTEX_POINT('',#4724);
#4724 = CARTESIAN_POINT('',(19.247433138988,0.,-19.27753659534));
#4725 = LINE('',#4726,#4727);
#4726 = CARTESIAN_POINT('',(19.247433138988,0.,-19.27753659534));
#4727 = VECTOR('',#4728,1.);
#4728 = DIRECTION('',(0.,0.,-1.));
#4729 = ORIENTED_EDGE('',*,*,#4730,.F.);
#4730 = EDGE_CURVE('',#4511,#4723,#4731,.T.);
#4731 = LINE('',#4732,#4733);
#4732 = CARTESIAN_POINT('',(20.239256895464,0.,-19.27753659534));
#4733 = VECTOR('',#4734,1.);
#4734 = DIRECTION('',(-1.,0.,0.));
#4735 = FACE_BOUND('',#4736,.T.);
#4736 = EDGE_LOOP('',(#4737,#4747,#4755,#4763));
#4737 = ORIENTED_EDGE('',*,*,#4738,.F.);
#4738 = EDGE_CURVE('',#4739,#4741,#4743,.T.);
#4739 = VERTEX_POINT('',#4740);
#4740 = CARTESIAN_POINT('',(21.269227719498,0.,-16.34021239347));
#4741 = VERTEX_POINT('',#4742);
#4742 = CARTESIAN_POINT('',(21.269227719498,0.,-13.05956458358));
#4743 = LINE('',#4744,#4745);
#4744 = CARTESIAN_POINT('',(21.269227719498,0.,-13.05956458358));
#4745 = VECTOR('',#4746,1.);
#4746 = DIRECTION('',(-0.,-0.,1.));
#4747 = ORIENTED_EDGE('',*,*,#4748,.F.);
#4748 = EDGE_CURVE('',#4749,#4739,#4751,.T.);
#4749 = VERTEX_POINT('',#4750);
#4750 = CARTESIAN_POINT('',(18.103021112284,0.,-16.34021239347));
#4751 = LINE('',#4752,#4753);
#4752 = CARTESIAN_POINT('',(21.269227719498,0.,-16.34021239347));
#4753 = VECTOR('',#4754,1.);
#4754 = DIRECTION('',(1.,-0.,-0.));
#4755 = ORIENTED_EDGE('',*,*,#4756,.F.);
#4756 = EDGE_CURVE('',#4757,#4749,#4759,.T.);
#4757 = VERTEX_POINT('',#4758);
#4758 = CARTESIAN_POINT('',(18.103021112284,0.,-13.05956458358));
#4759 = LINE('',#4760,#4761);
#4760 = CARTESIAN_POINT('',(18.103021112284,0.,-13.05956458358));
#4761 = VECTOR('',#4762,1.);
#4762 = DIRECTION('',(0.,0.,-1.));
#4763 = ORIENTED_EDGE('',*,*,#4764,.F.);
#4764 = EDGE_CURVE('',#4741,#4757,#4765,.T.);
#4765 = LINE('',#4766,#4767);
#4766 = CARTESIAN_POINT('',(21.269227719498,0.,-13.05956458358));
#4767 = VECTOR('',#4768,1.);
#4768 = DIRECTION('',(-1.,0.,0.));
#4769 = FACE_BOUND('',#4770,.T.);
#4770 = EDGE_LOOP('',(#4771,#4779,#4780,#4788));
#4771 = ORIENTED_EDGE('',*,*,#4772,.F.);
#4772 = EDGE_CURVE('',#2892,#4773,#4775,.T.);
#4773 = VERTEX_POINT('',#4774);
#4774 = CARTESIAN_POINT('',(13.158772800846,0.,-24.9730435361));
#4775 = LINE('',#4776,#4777);
#4776 = CARTESIAN_POINT('',(13.158772800846,0.,-24.9730435361));
#4777 = VECTOR('',#4778,1.);
#4778 = DIRECTION('',(-7.453389899616E-16,-0.,1.));
#4779 = ORIENTED_EDGE('',*,*,#2889,.F.);
#4780 = ORIENTED_EDGE('',*,*,#4781,.F.);
#4781 = EDGE_CURVE('',#4782,#2890,#4784,.T.);
#4782 = VERTEX_POINT('',#4783);
#4783 = CARTESIAN_POINT('',(8.393085134426,0.,-24.9730435361));
#4784 = LINE('',#4785,#4786);
#4785 = CARTESIAN_POINT('',(8.393085134426,0.,-24.9730435361));
#4786 = VECTOR('',#4787,1.);
#4787 = DIRECTION('',(7.453389899616E-16,0.,-1.));
#4788 = ORIENTED_EDGE('',*,*,#4789,.F.);
#4789 = EDGE_CURVE('',#4773,#4782,#4790,.T.);
#4790 = LINE('',#4791,#4792);
#4791 = CARTESIAN_POINT('',(13.158772800846,0.,-24.9730435361));
#4792 = VECTOR('',#4793,1.);
#4793 = DIRECTION('',(-1.,0.,0.));
#4794 = FACE_BOUND('',#4795,.T.);
#4795 = EDGE_LOOP('',(#4796,#4806,#4814,#4822));
#4796 = ORIENTED_EDGE('',*,*,#4797,.F.);
#4797 = EDGE_CURVE('',#4798,#4800,#4802,.T.);
#4798 = VERTEX_POINT('',#4799);
#4799 = CARTESIAN_POINT('',(8.393085134426,0.,13.249071881188));
#4800 = VERTEX_POINT('',#4801);
#4801 = CARTESIAN_POINT('',(8.393085134426,0.,15.975753829431));
#4802 = LINE('',#4803,#4804);
#4803 = CARTESIAN_POINT('',(8.393085134426,0.,15.975753829431));
#4804 = VECTOR('',#4805,1.);
#4805 = DIRECTION('',(-6.362030881874E-16,-0.,1.));
#4806 = ORIENTED_EDGE('',*,*,#4807,.F.);
#4807 = EDGE_CURVE('',#4808,#4798,#4810,.T.);
#4808 = VERTEX_POINT('',#4809);
#4809 = CARTESIAN_POINT('',(4.922136464712,0.,13.249071881188));
#4810 = LINE('',#4811,#4812);
#4811 = CARTESIAN_POINT('',(8.393085134426,0.,13.249071881188));
#4812 = VECTOR('',#4813,1.);
#4813 = DIRECTION('',(1.,-0.,-0.));
#4814 = ORIENTED_EDGE('',*,*,#4815,.F.);
#4815 = EDGE_CURVE('',#4816,#4808,#4818,.T.);
#4816 = VERTEX_POINT('',#4817);
#4817 = CARTESIAN_POINT('',(4.922136464712,0.,15.975753829431));
#4818 = LINE('',#4819,#4820);
#4819 = CARTESIAN_POINT('',(4.922136464712,0.,15.975753829431));
#4820 = VECTOR('',#4821,1.);
#4821 = DIRECTION('',(3.181015440937E-16,0.,-1.));
#4822 = ORIENTED_EDGE('',*,*,#4823,.F.);
#4823 = EDGE_CURVE('',#4800,#4816,#4824,.T.);
#4824 = LINE('',#4825,#4826);
#4825 = CARTESIAN_POINT('',(8.393085134426,0.,15.975753829431));
#4826 = VECTOR('',#4827,1.);
#4827 = DIRECTION('',(-1.,0.,0.));
#4828 = FACE_BOUND('',#4829,.T.);
#4829 = EDGE_LOOP('',(#4830,#4840,#4848,#4856));
#4830 = ORIENTED_EDGE('',*,*,#4831,.F.);
#4831 = EDGE_CURVE('',#4832,#4834,#4836,.T.);
#4832 = VERTEX_POINT('',#4833);
#4833 = CARTESIAN_POINT('',(9.684740934309,0.,1.46980586478));
#4834 = VERTEX_POINT('',#4835);
#4835 = CARTESIAN_POINT('',(9.684740934309,0.,6.305121852997));
#4836 = LINE('',#4837,#4838);
#4837 = CARTESIAN_POINT('',(9.684740934309,0.,6.305121852997));
#4838 = VECTOR('',#4839,1.);
#4839 = DIRECTION('',(-3.228850259598E-15,-0.,1.));
#4840 = ORIENTED_EDGE('',*,*,#4841,.F.);
#4841 = EDGE_CURVE('',#4842,#4832,#4844,.T.);
#4842 = VERTEX_POINT('',#4843);
#4843 = CARTESIAN_POINT('',(5.903741966079,0.,1.46980586478));
#4844 = LINE('',#4845,#4846);
#4845 = CARTESIAN_POINT('',(9.684740934309,0.,1.46980586478));
#4846 = VECTOR('',#4847,1.);
#4847 = DIRECTION('',(1.,-0.,1.147000759953E-16));
#4848 = ORIENTED_EDGE('',*,*,#4849,.F.);
#4849 = EDGE_CURVE('',#4850,#4842,#4852,.T.);
#4850 = VERTEX_POINT('',#4851);
#4851 = CARTESIAN_POINT('',(5.903741966079,0.,6.305121852997));
#4852 = LINE('',#4853,#4854);
#4853 = CARTESIAN_POINT('',(5.903741966079,0.,6.305121852997));
#4854 = VECTOR('',#4855,1.);
#4855 = DIRECTION('',(1.793805699777E-16,0.,-1.));
#4856 = ORIENTED_EDGE('',*,*,#4857,.F.);
#4857 = EDGE_CURVE('',#4834,#4850,#4858,.T.);
#4858 = LINE('',#4859,#4860);
#4859 = CARTESIAN_POINT('',(9.684740934309,0.,6.305121852997));
#4860 = VECTOR('',#4861,1.);
#4861 = DIRECTION('',(-1.,0.,0.));
#4862 = FACE_BOUND('',#4863,.T.);
#4863 = EDGE_LOOP('',(#4864,#4874,#4882,#4890));
#4864 = ORIENTED_EDGE('',*,*,#4865,.F.);
#4865 = EDGE_CURVE('',#4866,#4868,#4870,.T.);
#4866 = VERTEX_POINT('',#4867);
#4867 = CARTESIAN_POINT('',(-7.001781685605,-0.,-26.74526816436));
#4868 = VERTEX_POINT('',#4869);
#4869 = CARTESIAN_POINT('',(-7.001781685605,0.,-24.59871804796));
#4870 = LINE('',#4871,#4872);
#4871 = CARTESIAN_POINT('',(-7.001781685605,-0.,-24.59871804796));
#4872 = VECTOR('',#4873,1.);
#4873 = DIRECTION('',(-4.040724376117E-16,-0.,1.));
#4874 = ORIENTED_EDGE('',*,*,#4875,.F.);
#4875 = EDGE_CURVE('',#4876,#4866,#4878,.T.);
#4876 = VERTEX_POINT('',#4877);
#4877 = CARTESIAN_POINT('',(-8.301781685605,0.,-26.74526816436));
#4878 = LINE('',#4879,#4880);
#4879 = CARTESIAN_POINT('',(-7.001781685605,-0.,-26.74526816436));
#4880 = VECTOR('',#4881,1.);
#4881 = DIRECTION('',(1.,-0.,-0.));
#4882 = ORIENTED_EDGE('',*,*,#4883,.F.);
#4883 = EDGE_CURVE('',#4884,#4876,#4886,.T.);
#4884 = VERTEX_POINT('',#4885);
#4885 = CARTESIAN_POINT('',(-8.301781685605,0.,-24.59871804796));
#4886 = LINE('',#4887,#4888);
#4887 = CARTESIAN_POINT('',(-8.301781685605,-0.,-24.59871804796));
#4888 = VECTOR('',#4889,1.);
#4889 = DIRECTION('',(8.081448752234E-16,0.,-1.));
#4890 = ORIENTED_EDGE('',*,*,#4891,.F.);
#4891 = EDGE_CURVE('',#4868,#4884,#4892,.T.);
#4892 = LINE('',#4893,#4894);
#4893 = CARTESIAN_POINT('',(-7.001781685605,-0.,-24.59871804796));
#4894 = VECTOR('',#4895,1.);
#4895 = DIRECTION('',(-1.,0.,0.));
#4896 = FACE_BOUND('',#4897,.T.);
#4897 = EDGE_LOOP('',(#4898,#4908,#4916,#4924));
#4898 = ORIENTED_EDGE('',*,*,#4899,.F.);
#4899 = EDGE_CURVE('',#4900,#4902,#4904,.T.);
#4900 = VERTEX_POINT('',#4901);
#4901 = CARTESIAN_POINT('',(-9.147265883507,-0.,-26.74526816436));
#4902 = VERTEX_POINT('',#4903);
#4903 = CARTESIAN_POINT('',(-9.147265883507,0.,-24.59871804796));
#4904 = LINE('',#4905,#4906);
#4905 = CARTESIAN_POINT('',(-9.147265883507,-0.,-24.59871804796));
#4906 = VECTOR('',#4907,1.);
#4907 = DIRECTION('',(-0.,-0.,1.));
#4908 = ORIENTED_EDGE('',*,*,#4909,.F.);
#4909 = EDGE_CURVE('',#4910,#4900,#4912,.T.);
#4910 = VERTEX_POINT('',#4911);
#4911 = CARTESIAN_POINT('',(-10.4472658835,0.,-26.74526816436));
#4912 = LINE('',#4913,#4914);
#4913 = CARTESIAN_POINT('',(-9.147265883507,-0.,-26.74526816436));
#4914 = VECTOR('',#4915,1.);
#4915 = DIRECTION('',(1.,-0.,2.668805347657E-15));
#4916 = ORIENTED_EDGE('',*,*,#4917,.F.);
#4917 = EDGE_CURVE('',#4918,#4910,#4920,.T.);
#4918 = VERTEX_POINT('',#4919);
#4919 = CARTESIAN_POINT('',(-10.4472658835,0.,-24.59871804796));
#4920 = LINE('',#4921,#4922);
#4921 = CARTESIAN_POINT('',(-10.4472658835,-0.,-24.59871804796));
#4922 = VECTOR('',#4923,1.);
#4923 = DIRECTION('',(8.081448752234E-16,0.,-1.));
#4924 = ORIENTED_EDGE('',*,*,#4925,.F.);
#4925 = EDGE_CURVE('',#4902,#4918,#4926,.T.);
#4926 = LINE('',#4927,#4928);
#4927 = CARTESIAN_POINT('',(-9.147265883507,-0.,-24.59871804796));
#4928 = VECTOR('',#4929,1.);
#4929 = DIRECTION('',(-1.,0.,0.));
#4930 = FACE_BOUND('',#4931,.T.);
#4931 = EDGE_LOOP('',(#4932,#4942,#4950,#4958));
#4932 = ORIENTED_EDGE('',*,*,#4933,.F.);
#4933 = EDGE_CURVE('',#4934,#4936,#4938,.T.);
#4934 = VERTEX_POINT('',#4935);
#4935 = CARTESIAN_POINT('',(-13.25777299163,-0.,-26.74526816436));
#4936 = VERTEX_POINT('',#4937);
#4937 = CARTESIAN_POINT('',(-13.25777299163,0.,-24.59871804796));
#4938 = LINE('',#4939,#4940);
#4939 = CARTESIAN_POINT('',(-13.25777299163,-0.,-24.59871804796));
#4940 = VECTOR('',#4941,1.);
#4941 = DIRECTION('',(-0.,-0.,1.));
#4942 = ORIENTED_EDGE('',*,*,#4943,.F.);
#4943 = EDGE_CURVE('',#4944,#4934,#4946,.T.);
#4944 = VERTEX_POINT('',#4945);
#4945 = CARTESIAN_POINT('',(-14.55777299163,0.,-26.74526816436));
#4946 = LINE('',#4947,#4948);
#4947 = CARTESIAN_POINT('',(-13.25777299163,-0.,-26.74526816436));
#4948 = VECTOR('',#4949,1.);
#4949 = DIRECTION('',(1.,-0.,-0.));
#4950 = ORIENTED_EDGE('',*,*,#4951,.F.);
#4951 = EDGE_CURVE('',#4952,#4944,#4954,.T.);
#4952 = VERTEX_POINT('',#4953);
#4953 = CARTESIAN_POINT('',(-14.55777299163,0.,-24.59871804796));
#4954 = LINE('',#4955,#4956);
#4955 = CARTESIAN_POINT('',(-14.55777299163,-0.,-24.59871804796));
#4956 = VECTOR('',#4957,1.);
#4957 = DIRECTION('',(8.081448752234E-16,0.,-1.));
#4958 = ORIENTED_EDGE('',*,*,#4959,.F.);
#4959 = EDGE_CURVE('',#4936,#4952,#4960,.T.);
#4960 = LINE('',#4961,#4962);
#4961 = CARTESIAN_POINT('',(-13.25777299163,-0.,-24.59871804796));
#4962 = VECTOR('',#4963,1.);
#4963 = DIRECTION('',(-1.,0.,-2.668805347657E-15));
#4964 = FACE_BOUND('',#4965,.T.);
#4965 = EDGE_LOOP('',(#4966,#4976,#4984,#4992));
#4966 = ORIENTED_EDGE('',*,*,#4967,.F.);
#4967 = EDGE_CURVE('',#4968,#4970,#4972,.T.);
#4968 = VERTEX_POINT('',#4969);
#4969 = CARTESIAN_POINT('',(-9.975367517831,-0.,-18.97026916167));
#4970 = VERTEX_POINT('',#4971);
#4971 = CARTESIAN_POINT('',(-9.975367517831,0.,-18.08728010592));
#4972 = LINE('',#4973,#4974);
#4973 = CARTESIAN_POINT('',(-9.975367517831,-0.,-18.08728010592));
#4974 = VECTOR('',#4975,1.);
#4975 = DIRECTION('',(-0.,-0.,1.));
#4976 = ORIENTED_EDGE('',*,*,#4977,.F.);
#4977 = EDGE_CURVE('',#4978,#4968,#4980,.T.);
#4978 = VERTEX_POINT('',#4979);
#4979 = CARTESIAN_POINT('',(-11.67342339426,0.,-18.97026916167));
#4980 = LINE('',#4981,#4982);
#4981 = CARTESIAN_POINT('',(-9.975367517831,-0.,-18.97026916167));
#4982 = VECTOR('',#4983,1.);
#4983 = DIRECTION('',(1.,-0.,-0.));
#4984 = ORIENTED_EDGE('',*,*,#4985,.F.);
#4985 = EDGE_CURVE('',#4986,#4978,#4988,.T.);
#4986 = VERTEX_POINT('',#4987);
#4987 = CARTESIAN_POINT('',(-11.67342339426,0.,-18.08728010592));
#4988 = LINE('',#4989,#4990);
#4989 = CARTESIAN_POINT('',(-11.67342339426,-0.,-18.08728010592));
#4990 = VECTOR('',#4991,1.);
#4991 = DIRECTION('',(0.,0.,-1.));
#4992 = ORIENTED_EDGE('',*,*,#4993,.F.);
#4993 = EDGE_CURVE('',#4970,#4986,#4994,.T.);
#4994 = LINE('',#4995,#4996);
#4995 = CARTESIAN_POINT('',(-9.975367517831,-0.,-18.08728010592));
#4996 = VECTOR('',#4997,1.);
#4997 = DIRECTION('',(-1.,0.,0.));
#4998 = FACE_BOUND('',#4999,.T.);
#4999 = EDGE_LOOP('',(#5000,#5010,#5018,#5026));
#5000 = ORIENTED_EDGE('',*,*,#5001,.F.);
#5001 = EDGE_CURVE('',#5002,#5004,#5006,.T.);
#5002 = VERTEX_POINT('',#5003);
#5003 = CARTESIAN_POINT('',(-2.255205182995,-0.,-4.516004946799));
#5004 = VERTEX_POINT('',#5005);
#5005 = CARTESIAN_POINT('',(-2.255205182995,0.,-2.75807583953));
#5006 = LINE('',#5007,#5008);
#5007 = CARTESIAN_POINT('',(-2.255205182995,-0.,-2.75807583953));
#5008 = VECTOR('',#5009,1.);
#5009 = DIRECTION('',(-0.,-0.,1.));
#5010 = ORIENTED_EDGE('',*,*,#5011,.F.);
#5011 = EDGE_CURVE('',#5012,#5002,#5014,.T.);
#5012 = VERTEX_POINT('',#5013);
#5013 = CARTESIAN_POINT('',(-3.172470221998,0.,-4.516004946799));
#5014 = LINE('',#5015,#5016);
#5015 = CARTESIAN_POINT('',(-2.255205182995,-0.,-4.516004946799));
#5016 = VECTOR('',#5017,1.);
#5017 = DIRECTION('',(1.,-0.,-0.));
#5018 = ORIENTED_EDGE('',*,*,#5019,.F.);
#5019 = EDGE_CURVE('',#5020,#5012,#5022,.T.);
#5020 = VERTEX_POINT('',#5021);
#5021 = CARTESIAN_POINT('',(-3.172470221998,0.,-2.75807583953));
#5022 = LINE('',#5023,#5024);
#5023 = CARTESIAN_POINT('',(-3.172470221998,-0.,-2.75807583953));
#5024 = VECTOR('',#5025,1.);
#5025 = DIRECTION('',(0.,0.,-1.));
#5026 = ORIENTED_EDGE('',*,*,#5027,.F.);
#5027 = EDGE_CURVE('',#5004,#5020,#5028,.T.);
#5028 = LINE('',#5029,#5030);
#5029 = CARTESIAN_POINT('',(-2.255205182995,-0.,-2.75807583953));
#5030 = VECTOR('',#5031,1.);
#5031 = DIRECTION('',(-1.,0.,0.));
#5032 = FACE_BOUND('',#5033,.T.);
#5033 = EDGE_LOOP('',(#5034,#5044,#5052,#5060));
#5034 = ORIENTED_EDGE('',*,*,#5035,.F.);
#5035 = EDGE_CURVE('',#5036,#5038,#5040,.T.);
#5036 = VERTEX_POINT('',#5037);
#5037 = CARTESIAN_POINT('',(-6.209467442707,-0.,-5.727699244782));
#5038 = VERTEX_POINT('',#5039);
#5039 = CARTESIAN_POINT('',(-6.209467442707,0.,-3.895538788147));
#5040 = LINE('',#5041,#5042);
#5041 = CARTESIAN_POINT('',(-6.209467442707,-0.,-3.895538788147));
#5042 = VECTOR('',#5043,1.);
#5043 = DIRECTION('',(-0.,-0.,1.));
#5044 = ORIENTED_EDGE('',*,*,#5045,.F.);
#5045 = EDGE_CURVE('',#5046,#5036,#5048,.T.);
#5046 = VERTEX_POINT('',#5047);
#5047 = CARTESIAN_POINT('',(-7.226922930993,0.,-5.727699244782));
#5048 = LINE('',#5049,#5050);
#5049 = CARTESIAN_POINT('',(-6.209467442707,-0.,-5.727699244782));
#5050 = VECTOR('',#5051,1.);
#5051 = DIRECTION('',(1.,-0.,-0.));
#5052 = ORIENTED_EDGE('',*,*,#5053,.F.);
#5053 = EDGE_CURVE('',#5054,#5046,#5056,.T.);
#5054 = VERTEX_POINT('',#5055);
#5055 = CARTESIAN_POINT('',(-7.226922930993,0.,-3.895538788147));
#5056 = LINE('',#5057,#5058);
#5057 = CARTESIAN_POINT('',(-7.226922930993,-0.,-3.895538788147));
#5058 = VECTOR('',#5059,1.);
#5059 = DIRECTION('',(0.,0.,-1.));
#5060 = ORIENTED_EDGE('',*,*,#5061,.F.);
#5061 = EDGE_CURVE('',#5038,#5054,#5062,.T.);
#5062 = LINE('',#5063,#5064);
#5063 = CARTESIAN_POINT('',(-6.209467442707,-0.,-3.895538788147));
#5064 = VECTOR('',#5065,1.);
#5065 = DIRECTION('',(-1.,0.,0.));
#5066 = FACE_BOUND('',#5067,.T.);
#5067 = EDGE_LOOP('',(#5068,#5078,#5086,#5094));
#5068 = ORIENTED_EDGE('',*,*,#5069,.F.);
#5069 = EDGE_CURVE('',#5070,#5072,#5074,.T.);
#5070 = VERTEX_POINT('',#5071);
#5071 = CARTESIAN_POINT('',(-8.892523346115,-0.,-5.727699244782));
#5072 = VERTEX_POINT('',#5073);
#5073 = CARTESIAN_POINT('',(-8.892523346115,0.,-3.895538788147));
#5074 = LINE('',#5075,#5076);
#5075 = CARTESIAN_POINT('',(-8.892523346115,-0.,-3.895538788147));
#5076 = VECTOR('',#5077,1.);
#5077 = DIRECTION('',(-0.,-0.,1.));
#5078 = ORIENTED_EDGE('',*,*,#5079,.F.);
#5079 = EDGE_CURVE('',#5080,#5070,#5082,.T.);
#5080 = VERTEX_POINT('',#5081);
#5081 = CARTESIAN_POINT('',(-9.817856910072,0.,-5.727699244782));
#5082 = LINE('',#5083,#5084);
#5083 = CARTESIAN_POINT('',(-8.892523346115,-0.,-5.727699244782));
#5084 = VECTOR('',#5085,1.);
#5085 = DIRECTION('',(1.,-0.,-0.));
#5086 = ORIENTED_EDGE('',*,*,#5087,.F.);
#5087 = EDGE_CURVE('',#5088,#5080,#5090,.T.);
#5088 = VERTEX_POINT('',#5089);
#5089 = CARTESIAN_POINT('',(-9.817856910072,0.,-3.895538788147));
#5090 = LINE('',#5091,#5092);
#5091 = CARTESIAN_POINT('',(-9.817856910072,-0.,-3.895538788147));
#5092 = VECTOR('',#5093,1.);
#5093 = DIRECTION('',(0.,0.,-1.));
#5094 = ORIENTED_EDGE('',*,*,#5095,.F.);
#5095 = EDGE_CURVE('',#5072,#5088,#5096,.T.);
#5096 = LINE('',#5097,#5098);
#5097 = CARTESIAN_POINT('',(-8.892523346115,-0.,-3.895538788147));
#5098 = VECTOR('',#5099,1.);
#5099 = DIRECTION('',(-1.,0.,0.));
#5100 = FACE_BOUND('',#5101,.T.);
#5101 = EDGE_LOOP('',(#5102,#5112,#5120,#5128));
#5102 = ORIENTED_EDGE('',*,*,#5103,.F.);
#5103 = EDGE_CURVE('',#5104,#5106,#5108,.T.);
#5104 = VERTEX_POINT('',#5105);
#5105 = CARTESIAN_POINT('',(12.581421951244,0.,8.256264114689));
#5106 = VERTEX_POINT('',#5107);
#5107 = CARTESIAN_POINT('',(12.581421951244,0.,9.371198365665));
#5108 = LINE('',#5109,#5110);
#5109 = CARTESIAN_POINT('',(12.581421951244,0.,9.371198365665));
#5110 = VECTOR('',#5111,1.);
#5111 = DIRECTION('',(-0.,-0.,1.));
#5112 = ORIENTED_EDGE('',*,*,#5113,.F.);
#5113 = EDGE_CURVE('',#5114,#5104,#5116,.T.);
#5114 = VERTEX_POINT('',#5115);
#5115 = CARTESIAN_POINT('',(10.775928967636,0.,8.256264114689));
#5116 = LINE('',#5117,#5118);
#5117 = CARTESIAN_POINT('',(12.581421951244,0.,8.256264114689));
#5118 = VECTOR('',#5119,1.);
#5119 = DIRECTION('',(1.,-0.,-0.));
#5120 = ORIENTED_EDGE('',*,*,#5121,.F.);
#5121 = EDGE_CURVE('',#5122,#5114,#5124,.T.);
#5122 = VERTEX_POINT('',#5123);
#5123 = CARTESIAN_POINT('',(10.775928967636,0.,9.371198365665));
#5124 = LINE('',#5125,#5126);
#5125 = CARTESIAN_POINT('',(10.775928967636,0.,9.371198365665));
#5126 = VECTOR('',#5127,1.);
#5127 = DIRECTION('',(0.,0.,-1.));
#5128 = ORIENTED_EDGE('',*,*,#5129,.F.);
#5129 = EDGE_CURVE('',#5106,#5122,#5130,.T.);
#5130 = LINE('',#5131,#5132);
#5131 = CARTESIAN_POINT('',(12.581421951244,0.,9.371198365665));
#5132 = VECTOR('',#5133,1.);
#5133 = DIRECTION('',(-1.,0.,0.));
#5134 = FACE_BOUND('',#5135,.T.);
#5135 = EDGE_LOOP('',(#5136,#5146,#5154,#5162));
#5136 = ORIENTED_EDGE('',*,*,#5137,.F.);
#5137 = EDGE_CURVE('',#5138,#5140,#5142,.T.);
#5138 = VERTEX_POINT('',#5139);
#5139 = CARTESIAN_POINT('',(12.149230647851,0.,5.283106112086));
#5140 = VERTEX_POINT('',#5141);
#5141 = CARTESIAN_POINT('',(12.149230647851,0.,6.305121852997));
#5142 = LINE('',#5143,#5144);
#5143 = CARTESIAN_POINT('',(12.149230647851,0.,6.305121852997));
#5144 = VECTOR('',#5145,1.);
#5145 = DIRECTION('',(-0.,-0.,1.));
#5146 = ORIENTED_EDGE('',*,*,#5147,.F.);
#5147 = EDGE_CURVE('',#5148,#5138,#5150,.T.);
#5148 = VERTEX_POINT('',#5149);
#5149 = CARTESIAN_POINT('',(10.402500321321,0.,5.283106112086));
#5150 = LINE('',#5151,#5152);
#5151 = CARTESIAN_POINT('',(12.149230647851,0.,5.283106112086));
#5152 = VECTOR('',#5153,1.);
#5153 = DIRECTION('',(1.,-0.,-0.));
#5154 = ORIENTED_EDGE('',*,*,#5155,.F.);
#5155 = EDGE_CURVE('',#5156,#5148,#5158,.T.);
#5156 = VERTEX_POINT('',#5157);
#5157 = CARTESIAN_POINT('',(10.402500321321,0.,6.305121852997));
#5158 = LINE('',#5159,#5160);
#5159 = CARTESIAN_POINT('',(10.402500321321,0.,6.305121852997));
#5160 = VECTOR('',#5161,1.);
#5161 = DIRECTION('',(0.,0.,-1.));
#5162 = ORIENTED_EDGE('',*,*,#5163,.F.);
#5163 = EDGE_CURVE('',#5140,#5156,#5164,.T.);
#5164 = LINE('',#5165,#5166);
#5165 = CARTESIAN_POINT('',(12.149230647851,0.,6.305121852997));
#5166 = VECTOR('',#5167,1.);
#5167 = DIRECTION('',(-1.,0.,0.));
#5168 = FACE_BOUND('',#5169,.T.);
#5169 = EDGE_LOOP('',(#5170,#5180,#5188,#5196));
#5170 = ORIENTED_EDGE('',*,*,#5171,.F.);
#5171 = EDGE_CURVE('',#5172,#5174,#5176,.T.);
#5172 = VERTEX_POINT('',#5173);
#5173 = CARTESIAN_POINT('',(11.67867545944,0.,-2.215961346065));
#5174 = VERTEX_POINT('',#5175);
#5175 = CARTESIAN_POINT('',(11.67867545944,0.,-0.36589409286));
#5176 = LINE('',#5177,#5178);
#5177 = CARTESIAN_POINT('',(11.67867545944,0.,-0.36589409286));
#5178 = VECTOR('',#5179,1.);
#5179 = DIRECTION('',(-0.,-0.,1.));
#5180 = ORIENTED_EDGE('',*,*,#5181,.F.);
#5181 = EDGE_CURVE('',#5182,#5172,#5184,.T.);
#5182 = VERTEX_POINT('',#5183);
#5183 = CARTESIAN_POINT('',(10.402500321321,0.,-2.215961346065));
#5184 = LINE('',#5185,#5186);
#5185 = CARTESIAN_POINT('',(11.67867545944,0.,-2.215961346065));
#5186 = VECTOR('',#5187,1.);
#5187 = DIRECTION('',(1.,-0.,-0.));
#5188 = ORIENTED_EDGE('',*,*,#5189,.F.);
#5189 = EDGE_CURVE('',#5190,#5182,#5192,.T.);
#5190 = VERTEX_POINT('',#5191);
#5191 = CARTESIAN_POINT('',(10.402500321321,0.,-0.36589409286));
#5192 = LINE('',#5193,#5194);
#5193 = CARTESIAN_POINT('',(10.402500321321,0.,-0.36589409286));
#5194 = VECTOR('',#5195,1.);
#5195 = DIRECTION('',(0.,0.,-1.));
#5196 = ORIENTED_EDGE('',*,*,#5197,.F.);
#5197 = EDGE_CURVE('',#5174,#5190,#5198,.T.);
#5198 = LINE('',#5199,#5200);
#5199 = CARTESIAN_POINT('',(11.67867545944,0.,-0.36589409286));
#5200 = VECTOR('',#5201,1.);
#5201 = DIRECTION('',(-1.,0.,0.));
#5202 = FACE_BOUND('',#5203,.T.);
#5203 = EDGE_LOOP('',(#5204,#5214,#5222,#5230));
#5204 = ORIENTED_EDGE('',*,*,#5205,.F.);
#5205 = EDGE_CURVE('',#5206,#5208,#5210,.T.);
#5206 = VERTEX_POINT('',#5207);
#5207 = CARTESIAN_POINT('',(8.91592132002,0.,6.95550748855));
#5208 = VERTEX_POINT('',#5209);
#5209 = CARTESIAN_POINT('',(8.91592132002,0.,7.884619364363));
#5210 = LINE('',#5211,#5212);
#5211 = CARTESIAN_POINT('',(8.91592132002,0.,7.884619364363));
#5212 = VECTOR('',#5213,1.);
#5213 = DIRECTION('',(-0.,-0.,1.));
#5214 = ORIENTED_EDGE('',*,*,#5215,.F.);
#5215 = EDGE_CURVE('',#5216,#5206,#5218,.T.);
#5216 = VERTEX_POINT('',#5217);
#5217 = CARTESIAN_POINT('',(7.206355468523,0.,6.95550748855));
#5218 = LINE('',#5219,#5220);
#5219 = CARTESIAN_POINT('',(8.91592132002,0.,6.95550748855));
#5220 = VECTOR('',#5221,1.);
#5221 = DIRECTION('',(1.,-0.,-0.));
#5222 = ORIENTED_EDGE('',*,*,#5223,.F.);
#5223 = EDGE_CURVE('',#5224,#5216,#5226,.T.);
#5224 = VERTEX_POINT('',#5225);
#5225 = CARTESIAN_POINT('',(7.206355468523,0.,7.884619364363));
#5226 = LINE('',#5227,#5228);
#5227 = CARTESIAN_POINT('',(7.206355468523,0.,7.884619364363));
#5228 = VECTOR('',#5229,1.);
#5229 = DIRECTION('',(0.,0.,-1.));
#5230 = ORIENTED_EDGE('',*,*,#5231,.F.);
#5231 = EDGE_CURVE('',#5208,#5224,#5232,.T.);
#5232 = LINE('',#5233,#5234);
#5233 = CARTESIAN_POINT('',(8.91592132002,0.,7.884619364363));
#5234 = VECTOR('',#5235,1.);
#5235 = DIRECTION('',(-1.,0.,0.));
#5236 = FACE_BOUND('',#5237,.T.);
#5237 = EDGE_LOOP('',(#5238,#5248,#5256,#5264));
#5238 = ORIENTED_EDGE('',*,*,#5239,.F.);
#5239 = EDGE_CURVE('',#5240,#5242,#5244,.T.);
#5240 = VERTEX_POINT('',#5241);
#5241 = CARTESIAN_POINT('',(4.922136464712,0.,1.016511823867));
#5242 = VERTEX_POINT('',#5243);
#5243 = CARTESIAN_POINT('',(4.922136464712,0.,1.828249355482));
#5244 = LINE('',#5245,#5246);
#5245 = CARTESIAN_POINT('',(4.922136464712,0.,1.828249355482));
#5246 = VECTOR('',#5247,1.);
#5247 = DIRECTION('',(-0.,-0.,1.));
#5248 = ORIENTED_EDGE('',*,*,#5249,.F.);
#5249 = EDGE_CURVE('',#5250,#5240,#5252,.T.);
#5250 = VERTEX_POINT('',#5251);
#5251 = CARTESIAN_POINT('',(3.192592165009,0.,1.016511823867));
#5252 = LINE('',#5253,#5254);
#5253 = CARTESIAN_POINT('',(4.922136464712,0.,1.016511823867));
#5254 = VECTOR('',#5255,1.);
#5255 = DIRECTION('',(1.,-0.,-0.));
#5256 = ORIENTED_EDGE('',*,*,#5257,.F.);
#5257 = EDGE_CURVE('',#5258,#5250,#5260,.T.);
#5258 = VERTEX_POINT('',#5259);
#5259 = CARTESIAN_POINT('',(3.192592165009,0.,1.828249355482));
#5260 = LINE('',#5261,#5262);
#5261 = CARTESIAN_POINT('',(3.192592165009,0.,1.828249355482));
#5262 = VECTOR('',#5263,1.);
#5263 = DIRECTION('',(0.,0.,-1.));
#5264 = ORIENTED_EDGE('',*,*,#5265,.F.);
#5265 = EDGE_CURVE('',#5242,#5258,#5266,.T.);
#5266 = LINE('',#5267,#5268);
#5267 = CARTESIAN_POINT('',(4.922136464712,0.,1.828249355482));
#5268 = VECTOR('',#5269,1.);
#5269 = DIRECTION('',(-1.,0.,0.));
#5270 = FACE_BOUND('',#5271,.T.);
#5271 = EDGE_LOOP('',(#5272,#5282,#5290,#5298));
#5272 = ORIENTED_EDGE('',*,*,#5273,.F.);
#5273 = EDGE_CURVE('',#5274,#5276,#5278,.T.);
#5274 = VERTEX_POINT('',#5275);
#5275 = CARTESIAN_POINT('',(3.638565865399,0.,-1.405559287037));
#5276 = VERTEX_POINT('',#5277);
#5277 = CARTESIAN_POINT('',(3.638565865399,0.,0.228737507661));
#5278 = LINE('',#5279,#5280);
#5279 = CARTESIAN_POINT('',(3.638565865399,0.,0.228737507661));
#5280 = VECTOR('',#5281,1.);
#5281 = DIRECTION('',(-0.,-0.,1.));
#5282 = ORIENTED_EDGE('',*,*,#5283,.F.);
#5283 = EDGE_CURVE('',#5284,#5274,#5286,.T.);
#5284 = VERTEX_POINT('',#5285);
#5285 = CARTESIAN_POINT('',(2.746618464618,0.,-1.405559287037));
#5286 = LINE('',#5287,#5288);
#5287 = CARTESIAN_POINT('',(3.638565865399,0.,-1.405559287037));
#5288 = VECTOR('',#5289,1.);
#5289 = DIRECTION('',(1.,-0.,-0.));
#5290 = ORIENTED_EDGE('',*,*,#5291,.F.);
#5291 = EDGE_CURVE('',#5292,#5284,#5294,.T.);
#5292 = VERTEX_POINT('',#5293);
#5293 = CARTESIAN_POINT('',(2.746618464618,0.,0.228737507661));
#5294 = LINE('',#5295,#5296);
#5295 = CARTESIAN_POINT('',(2.746618464618,0.,0.228737507661));
#5296 = VECTOR('',#5297,1.);
#5297 = DIRECTION('',(0.,0.,-1.));
#5298 = ORIENTED_EDGE('',*,*,#5299,.F.);
#5299 = EDGE_CURVE('',#5276,#5292,#5300,.T.);
#5300 = LINE('',#5301,#5302);
#5301 = CARTESIAN_POINT('',(3.638565865399,0.,0.228737507661));
#5302 = VECTOR('',#5303,1.);
#5303 = DIRECTION('',(-1.,0.,0.));
#5304 = FACE_BOUND('',#5305,.T.);
#5305 = EDGE_LOOP('',(#5306,#5316,#5324,#5332));
#5306 = ORIENTED_EDGE('',*,*,#5307,.F.);
#5307 = EDGE_CURVE('',#5308,#5310,#5312,.T.);
#5308 = VERTEX_POINT('',#5309);
#5309 = CARTESIAN_POINT('',(1.631684213642,0.,3.313388935361));
#5310 = VERTEX_POINT('',#5311);
#5311 = CARTESIAN_POINT('',(1.631684213642,0.,2.347112584515));
#5312 = LINE('',#5313,#5314);
#5313 = CARTESIAN_POINT('',(1.631684213642,0.,2.347112584515));
#5314 = VECTOR('',#5315,1.);
#5315 = DIRECTION('',(-0.,-0.,-1.));
#5316 = ORIENTED_EDGE('',*,*,#5317,.F.);
#5317 = EDGE_CURVE('',#5318,#5308,#5320,.T.);
#5318 = VERTEX_POINT('',#5319);
#5319 = CARTESIAN_POINT('',(3.192592165009,0.,3.313388935361));
#5320 = LINE('',#5321,#5322);
#5321 = CARTESIAN_POINT('',(1.631684213642,0.,3.313388935361));
#5322 = VECTOR('',#5323,1.);
#5323 = DIRECTION('',(-1.,-0.,-0.));
#5324 = ORIENTED_EDGE('',*,*,#5325,.F.);
#5325 = EDGE_CURVE('',#5326,#5318,#5328,.T.);
#5326 = VERTEX_POINT('',#5327);
#5327 = CARTESIAN_POINT('',(3.192592165009,0.,2.347112584515));
#5328 = LINE('',#5329,#5330);
#5329 = CARTESIAN_POINT('',(3.192592165009,0.,2.347112584515));
#5330 = VECTOR('',#5331,1.);
#5331 = DIRECTION('',(0.,0.,1.));
#5332 = ORIENTED_EDGE('',*,*,#5333,.F.);
#5333 = EDGE_CURVE('',#5310,#5326,#5334,.T.);
#5334 = LINE('',#5335,#5336);
#5335 = CARTESIAN_POINT('',(1.631684213642,0.,2.347112584515));
#5336 = VECTOR('',#5337,1.);
#5337 = DIRECTION('',(1.,0.,0.));
#5338 = FACE_BOUND('',#5339,.T.);
#5339 = EDGE_LOOP('',(#5340,#5350,#5358,#5366));
#5340 = ORIENTED_EDGE('',*,*,#5341,.F.);
#5341 = EDGE_CURVE('',#5342,#5344,#5346,.T.);
#5342 = VERTEX_POINT('',#5343);
#5343 = CARTESIAN_POINT('',(-14.874560349,-0.,-13.19333567187));
#5344 = VERTEX_POINT('',#5345);
#5345 = CARTESIAN_POINT('',(-14.874560349,0.,-12.22032909733));
#5346 = LINE('',#5347,#5348);
#5347 = CARTESIAN_POINT('',(-14.874560349,-0.,-12.22032909733));
#5348 = VECTOR('',#5349,1.);
#5349 = DIRECTION('',(-0.,-0.,1.));
#5350 = ORIENTED_EDGE('',*,*,#5351,.F.);
#5351 = EDGE_CURVE('',#5352,#5342,#5354,.T.);
#5352 = VERTEX_POINT('',#5353);
#5353 = CARTESIAN_POINT('',(-16.64485532587,0.,-13.19333567187));
#5354 = LINE('',#5355,#5356);
#5355 = CARTESIAN_POINT('',(-14.874560349,-0.,-13.19333567187));
#5356 = VECTOR('',#5357,1.);
#5357 = DIRECTION('',(1.,-0.,-0.));
#5358 = ORIENTED_EDGE('',*,*,#5359,.F.);
#5359 = EDGE_CURVE('',#5360,#5352,#5362,.T.);
#5360 = VERTEX_POINT('',#5361);
#5361 = CARTESIAN_POINT('',(-16.64485532587,0.,-12.22032909733));
#5362 = LINE('',#5363,#5364);
#5363 = CARTESIAN_POINT('',(-16.64485532587,-0.,-12.22032909733));
#5364 = VECTOR('',#5365,1.);
#5365 = DIRECTION('',(0.,0.,-1.));
#5366 = ORIENTED_EDGE('',*,*,#5367,.F.);
#5367 = EDGE_CURVE('',#5344,#5360,#5368,.T.);
#5368 = LINE('',#5369,#5370);
#5369 = CARTESIAN_POINT('',(-14.874560349,-0.,-12.22032909733));
#5370 = VECTOR('',#5371,1.);
#5371 = DIRECTION('',(-1.,0.,0.));
#5372 = FACE_BOUND('',#5373,.T.);
#5373 = EDGE_LOOP('',(#5374,#5384,#5392,#5400));
#5374 = ORIENTED_EDGE('',*,*,#5375,.F.);
#5375 = EDGE_CURVE('',#5376,#5378,#5380,.T.);
#5376 = VERTEX_POINT('',#5377);
#5377 = CARTESIAN_POINT('',(-17.85039362301,-0.,-18.36303143257));
#5378 = VERTEX_POINT('',#5379);
#5379 = CARTESIAN_POINT('',(-17.85039362301,0.,-16.69048280411));
#5380 = LINE('',#5381,#5382);
#5381 = CARTESIAN_POINT('',(-17.85039362301,-0.,-16.69048280411));
#5382 = VECTOR('',#5383,1.);
#5383 = DIRECTION('',(-0.,-0.,1.));
#5384 = ORIENTED_EDGE('',*,*,#5385,.F.);
#5385 = EDGE_CURVE('',#5386,#5376,#5388,.T.);
#5386 = VERTEX_POINT('',#5387);
#5387 = CARTESIAN_POINT('',(-18.80613569642,0.,-18.36303143257));
#5388 = LINE('',#5389,#5390);
#5389 = CARTESIAN_POINT('',(-17.85039362301,-0.,-18.36303143257));
#5390 = VECTOR('',#5391,1.);
#5391 = DIRECTION('',(1.,-0.,-0.));
#5392 = ORIENTED_EDGE('',*,*,#5393,.F.);
#5393 = EDGE_CURVE('',#5394,#5386,#5396,.T.);
#5394 = VERTEX_POINT('',#5395);
#5395 = CARTESIAN_POINT('',(-18.80613569642,0.,-16.69048280411));
#5396 = LINE('',#5397,#5398);
#5397 = CARTESIAN_POINT('',(-18.80613569642,-0.,-16.69048280411));
#5398 = VECTOR('',#5399,1.);
#5399 = DIRECTION('',(0.,0.,-1.));
#5400 = ORIENTED_EDGE('',*,*,#5401,.F.);
#5401 = EDGE_CURVE('',#5378,#5394,#5402,.T.);
#5402 = LINE('',#5403,#5404);
#5403 = CARTESIAN_POINT('',(-17.85039362301,-0.,-16.69048280411));
#5404 = VECTOR('',#5405,1.);
#5405 = DIRECTION('',(-1.,0.,0.));
#5406 = FACE_BOUND('',#5407,.T.);
#5407 = EDGE_LOOP('',(#5408,#5418,#5426,#5434));
#5408 = ORIENTED_EDGE('',*,*,#5409,.F.);
#5409 = EDGE_CURVE('',#5410,#5412,#5414,.T.);
#5410 = VERTEX_POINT('',#5411);
#5411 = CARTESIAN_POINT('',(-21.00029572252,-0.,-18.36303143257));
#5412 = VERTEX_POINT('',#5413);
#5413 = CARTESIAN_POINT('',(-21.00029572252,0.,-16.69048280411));
#5414 = LINE('',#5415,#5416);
#5415 = CARTESIAN_POINT('',(-21.00029572252,-0.,-16.69048280411));
#5416 = VECTOR('',#5417,1.);
#5417 = DIRECTION('',(-0.,-0.,1.));
#5418 = ORIENTED_EDGE('',*,*,#5419,.F.);
#5419 = EDGE_CURVE('',#5420,#5410,#5422,.T.);
#5420 = VERTEX_POINT('',#5421);
#5421 = CARTESIAN_POINT('',(-21.95331323678,0.,-18.36303143257));
#5422 = LINE('',#5423,#5424);
#5423 = CARTESIAN_POINT('',(-21.00029572252,-0.,-18.36303143257));
#5424 = VECTOR('',#5425,1.);
#5425 = DIRECTION('',(1.,-0.,-0.));
#5426 = ORIENTED_EDGE('',*,*,#5427,.F.);
#5427 = EDGE_CURVE('',#5428,#5420,#5430,.T.);
#5428 = VERTEX_POINT('',#5429);
#5429 = CARTESIAN_POINT('',(-21.95331323678,0.,-16.69048280411));
#5430 = LINE('',#5431,#5432);
#5431 = CARTESIAN_POINT('',(-21.95331323678,-0.,-16.69048280411));
#5432 = VECTOR('',#5433,1.);
#5433 = DIRECTION('',(0.,0.,-1.));
#5434 = ORIENTED_EDGE('',*,*,#5435,.F.);
#5435 = EDGE_CURVE('',#5412,#5428,#5436,.T.);
#5436 = LINE('',#5437,#5438);
#5437 = CARTESIAN_POINT('',(-21.00029572252,-0.,-16.69048280411));
#5438 = VECTOR('',#5439,1.);
#5439 = DIRECTION('',(-1.,0.,0.));
#5440 = FACE_BOUND('',#5441,.T.);
#5441 = EDGE_LOOP('',(#5442,#5452,#5460,#5468));
#5442 = ORIENTED_EDGE('',*,*,#5443,.F.);
#5443 = EDGE_CURVE('',#5444,#5446,#5448,.T.);
#5444 = VERTEX_POINT('',#5445);
#5445 = CARTESIAN_POINT('',(-19.56375860284,-0.,-14.90233976314));
#5446 = VERTEX_POINT('',#5447);
#5447 = CARTESIAN_POINT('',(-19.56375860284,0.,-11.40612967347));
#5448 = LINE('',#5449,#5450);
#5449 = CARTESIAN_POINT('',(-19.56375860284,-0.,-11.40612967347));
#5450 = VECTOR('',#5451,1.);
#5451 = DIRECTION('',(-0.,-0.,1.));
#5452 = ORIENTED_EDGE('',*,*,#5453,.F.);
#5453 = EDGE_CURVE('',#5454,#5444,#5456,.T.);
#5454 = VERTEX_POINT('',#5455);
#5455 = CARTESIAN_POINT('',(-22.18839223956,0.,-14.90233976314));
#5456 = LINE('',#5457,#5458);
#5457 = CARTESIAN_POINT('',(-19.56375860284,-0.,-14.90233976314));
#5458 = VECTOR('',#5459,1.);
#5459 = DIRECTION('',(1.,-0.,-0.));
#5460 = ORIENTED_EDGE('',*,*,#5461,.F.);
#5461 = EDGE_CURVE('',#5462,#5454,#5464,.T.);
#5462 = VERTEX_POINT('',#5463);
#5463 = CARTESIAN_POINT('',(-22.18839223956,0.,-11.40612967347));
#5464 = LINE('',#5465,#5466);
#5465 = CARTESIAN_POINT('',(-22.18839223956,-0.,-11.40612967347));
#5466 = VECTOR('',#5467,1.);
#5467 = DIRECTION('',(0.,0.,-1.));
#5468 = ORIENTED_EDGE('',*,*,#5469,.F.);
#5469 = EDGE_CURVE('',#5446,#5462,#5470,.T.);
#5470 = LINE('',#5471,#5472);
#5471 = CARTESIAN_POINT('',(-19.56375860284,-0.,-11.40612967347));
#5472 = VECTOR('',#5473,1.);
#5473 = DIRECTION('',(-1.,0.,0.));
#5474 = PLANE('',#5475);
#5475 = AXIS2_PLACEMENT_3D('',#5476,#5477,#5478);
#5476 = CARTESIAN_POINT('',(0.,0.,0.));
#5477 = DIRECTION('',(0.,1.,0.));
#5478 = DIRECTION('',(0.,-0.,1.));
#5479 = ADVANCED_FACE('',(#5480),#5611,.F.);
#5480 = FACE_BOUND('',#5481,.T.);
#5481 = EDGE_LOOP('',(#5482,#5490,#5498,#5504,#5505,#5514,#5522,#5531,
    #5539,#5548,#5556,#5565,#5573,#5581,#5587,#5588,#5596,#5604,#5610));
#5482 = ORIENTED_EDGE('',*,*,#5483,.F.);
#5483 = EDGE_CURVE('',#5484,#4509,#5486,.T.);
#5484 = VERTEX_POINT('',#5485);
#5485 = CARTESIAN_POINT('',(20.239256895464,-0.6,-20.6));
#5486 = LINE('',#5487,#5488);
#5487 = CARTESIAN_POINT('',(20.239256895464,-0.6,-20.6));
#5488 = VECTOR('',#5489,1.);
#5489 = DIRECTION('',(-0.,1.,-0.));
#5490 = ORIENTED_EDGE('',*,*,#5491,.F.);
#5491 = EDGE_CURVE('',#5492,#5484,#5494,.T.);
#5492 = VERTEX_POINT('',#5493);
#5493 = CARTESIAN_POINT('',(19.247433138988,-0.6,-20.6));
#5494 = LINE('',#5495,#5496);
#5495 = CARTESIAN_POINT('',(20.239256895464,-0.6,-20.6));
#5496 = VECTOR('',#5497,1.);
#5497 = DIRECTION('',(1.,-0.,-0.));
#5498 = ORIENTED_EDGE('',*,*,#5499,.T.);
#5499 = EDGE_CURVE('',#5492,#4715,#5500,.T.);
#5500 = LINE('',#5501,#5502);
#5501 = CARTESIAN_POINT('',(19.247433138988,-0.6,-20.6));
#5502 = VECTOR('',#5503,1.);
#5503 = DIRECTION('',(-0.,1.,-0.));
#5504 = ORIENTED_EDGE('',*,*,#4714,.T.);
#5505 = ORIENTED_EDGE('',*,*,#5506,.F.);
#5506 = EDGE_CURVE('',#5507,#4707,#5509,.T.);
#5507 = VERTEX_POINT('',#5508);
#5508 = CARTESIAN_POINT('',(16.5,-1.,-20.6));
#5509 = CIRCLE('',#5510,1.);
#5510 = AXIS2_PLACEMENT_3D('',#5511,#5512,#5513);
#5511 = CARTESIAN_POINT('',(17.5,-1.,-20.6));
#5512 = DIRECTION('',(-0.,0.,-1.));
#5513 = DIRECTION('',(-1.,0.,0.));
#5514 = ORIENTED_EDGE('',*,*,#5515,.F.);
#5515 = EDGE_CURVE('',#5516,#5507,#5518,.T.);
#5516 = VERTEX_POINT('',#5517);
#5517 = CARTESIAN_POINT('',(16.5,-2.2,-20.6));
#5518 = LINE('',#5519,#5520);
#5519 = CARTESIAN_POINT('',(16.5,-3.2,-20.6));
#5520 = VECTOR('',#5521,1.);
#5521 = DIRECTION('',(-0.,1.,-0.));
#5522 = ORIENTED_EDGE('',*,*,#5523,.T.);
#5523 = EDGE_CURVE('',#5516,#5524,#5526,.T.);
#5524 = VERTEX_POINT('',#5525);
#5525 = CARTESIAN_POINT('',(17.5,-3.2,-20.6));
#5526 = CIRCLE('',#5527,1.);
#5527 = AXIS2_PLACEMENT_3D('',#5528,#5529,#5530);
#5528 = CARTESIAN_POINT('',(17.5,-2.2,-20.6));
#5529 = DIRECTION('',(0.,0.,1.));
#5530 = DIRECTION('',(-1.,0.,0.));
#5531 = ORIENTED_EDGE('',*,*,#5532,.F.);
#5532 = EDGE_CURVE('',#5533,#5524,#5535,.T.);
#5533 = VERTEX_POINT('',#5534);
#5534 = CARTESIAN_POINT('',(24.5,-3.2,-20.6));
#5535 = LINE('',#5536,#5537);
#5536 = CARTESIAN_POINT('',(25.5,-3.2,-20.6));
#5537 = VECTOR('',#5538,1.);
#5538 = DIRECTION('',(-1.,0.,0.));
#5539 = ORIENTED_EDGE('',*,*,#5540,.T.);
#5540 = EDGE_CURVE('',#5533,#5541,#5543,.T.);
#5541 = VERTEX_POINT('',#5542);
#5542 = CARTESIAN_POINT('',(25.5,-2.2,-20.6));
#5543 = CIRCLE('',#5544,1.);
#5544 = AXIS2_PLACEMENT_3D('',#5545,#5546,#5547);
#5545 = CARTESIAN_POINT('',(24.5,-2.2,-20.6));
#5546 = DIRECTION('',(0.,0.,1.));
#5547 = DIRECTION('',(-1.,0.,0.));
#5548 = ORIENTED_EDGE('',*,*,#5549,.T.);
#5549 = EDGE_CURVE('',#5541,#5550,#5552,.T.);
#5550 = VERTEX_POINT('',#5551);
#5551 = CARTESIAN_POINT('',(25.5,-1.,-20.6));
#5552 = LINE('',#5553,#5554);
#5553 = CARTESIAN_POINT('',(25.5,-3.2,-20.6));
#5554 = VECTOR('',#5555,1.);
#5555 = DIRECTION('',(-0.,1.,-0.));
#5556 = ORIENTED_EDGE('',*,*,#5557,.F.);
#5557 = EDGE_CURVE('',#5558,#5550,#5560,.T.);
#5558 = VERTEX_POINT('',#5559);
#5559 = CARTESIAN_POINT('',(25.122081542734,-0.217047540275,-20.6));
#5560 = CIRCLE('',#5561,1.);
#5561 = AXIS2_PLACEMENT_3D('',#5562,#5563,#5564);
#5562 = CARTESIAN_POINT('',(24.5,-1.,-20.6));
#5563 = DIRECTION('',(-0.,0.,-1.));
#5564 = DIRECTION('',(-1.,0.,0.));
#5565 = ORIENTED_EDGE('',*,*,#5566,.F.);
#5566 = EDGE_CURVE('',#5567,#5558,#5569,.T.);
#5567 = VERTEX_POINT('',#5568);
#5568 = CARTESIAN_POINT('',(25.122081542734,-0.6,-20.6));
#5569 = LINE('',#5570,#5571);
#5570 = CARTESIAN_POINT('',(25.122081542734,-0.6,-20.6));
#5571 = VECTOR('',#5572,1.);
#5572 = DIRECTION('',(-0.,1.,-0.));
#5573 = ORIENTED_EDGE('',*,*,#5574,.F.);
#5574 = EDGE_CURVE('',#5575,#5567,#5577,.T.);
#5575 = VERTEX_POINT('',#5576);
#5576 = CARTESIAN_POINT('',(23.02399282711,-0.6,-20.6));
#5577 = LINE('',#5578,#5579);
#5578 = CARTESIAN_POINT('',(25.122081542734,-0.6,-20.6));
#5579 = VECTOR('',#5580,1.);
#5580 = DIRECTION('',(1.,-0.,-0.));
#5581 = ORIENTED_EDGE('',*,*,#5582,.T.);
#5582 = EDGE_CURVE('',#5575,#4551,#5583,.T.);
#5583 = LINE('',#5584,#5585);
#5584 = CARTESIAN_POINT('',(23.02399282711,-0.6,-20.6));
#5585 = VECTOR('',#5586,1.);
#5586 = DIRECTION('',(-0.,1.,-0.));
#5587 = ORIENTED_EDGE('',*,*,#4550,.T.);
#5588 = ORIENTED_EDGE('',*,*,#5589,.F.);
#5589 = EDGE_CURVE('',#5590,#4543,#5592,.T.);
#5590 = VERTEX_POINT('',#5591);
#5591 = CARTESIAN_POINT('',(21.803286665293,-0.6,-20.6));
#5592 = LINE('',#5593,#5594);
#5593 = CARTESIAN_POINT('',(21.803286665293,-0.6,-20.6));
#5594 = VECTOR('',#5595,1.);
#5595 = DIRECTION('',(-0.,1.,-0.));
#5596 = ORIENTED_EDGE('',*,*,#5597,.F.);
#5597 = EDGE_CURVE('',#5598,#5590,#5600,.T.);
#5598 = VERTEX_POINT('',#5599);
#5599 = CARTESIAN_POINT('',(20.735168773703,-0.6,-20.6));
#5600 = LINE('',#5601,#5602);
#5601 = CARTESIAN_POINT('',(21.803286665293,-0.6,-20.6));
#5602 = VECTOR('',#5603,1.);
#5603 = DIRECTION('',(1.,-0.,-0.));
#5604 = ORIENTED_EDGE('',*,*,#5605,.T.);
#5605 = EDGE_CURVE('',#5598,#4519,#5606,.T.);
#5606 = LINE('',#5607,#5608);
#5607 = CARTESIAN_POINT('',(20.735168773703,-0.6,-20.6));
#5608 = VECTOR('',#5609,1.);
#5609 = DIRECTION('',(-0.,1.,-0.));
#5610 = ORIENTED_EDGE('',*,*,#4518,.T.);
#5611 = PLANE('',#5612);
#5612 = AXIS2_PLACEMENT_3D('',#5613,#5614,#5615);
#5613 = CARTESIAN_POINT('',(25.5,-3.2,-20.6));
#5614 = DIRECTION('',(-0.,0.,-1.));
#5615 = DIRECTION('',(-1.,0.,0.));
#5616 = ADVANCED_FACE('',(#5617),#5642,.F.);
#5617 = FACE_BOUND('',#5618,.T.);
#5618 = EDGE_LOOP('',(#5619,#5620,#5628,#5636));
#5619 = ORIENTED_EDGE('',*,*,#5515,.T.);
#5620 = ORIENTED_EDGE('',*,*,#5621,.T.);
#5621 = EDGE_CURVE('',#5507,#5622,#5624,.T.);
#5622 = VERTEX_POINT('',#5623);
#5623 = CARTESIAN_POINT('',(16.5,-1.,-29.));
#5624 = LINE('',#5625,#5626);
#5625 = CARTESIAN_POINT('',(16.5,-1.,-28.));
#5626 = VECTOR('',#5627,1.);
#5627 = DIRECTION('',(-0.,5.810389202764E-34,-1.));
#5628 = ORIENTED_EDGE('',*,*,#5629,.F.);
#5629 = EDGE_CURVE('',#5630,#5622,#5632,.T.);
#5630 = VERTEX_POINT('',#5631);
#5631 = CARTESIAN_POINT('',(16.5,-2.2,-29.));
#5632 = LINE('',#5633,#5634);
#5633 = CARTESIAN_POINT('',(16.5,-3.2,-29.));
#5634 = VECTOR('',#5635,1.);
#5635 = DIRECTION('',(0.,1.,0.));
#5636 = ORIENTED_EDGE('',*,*,#5637,.T.);
#5637 = EDGE_CURVE('',#5630,#5516,#5638,.T.);
#5638 = LINE('',#5639,#5640);
#5639 = CARTESIAN_POINT('',(16.5,-2.2,-20.6));
#5640 = VECTOR('',#5641,1.);
#5641 = DIRECTION('',(-0.,-0.,1.));
#5642 = PLANE('',#5643);
#5643 = AXIS2_PLACEMENT_3D('',#5644,#5645,#5646);
#5644 = CARTESIAN_POINT('',(16.5,-3.2,-28.));
#5645 = DIRECTION('',(1.,0.,-0.));
#5646 = DIRECTION('',(-0.,0.,-1.));
#5647 = ADVANCED_FACE('',(#5648,#5682,#5716),#5750,.F.);
#5648 = FACE_BOUND('',#5649,.T.);
#5649 = EDGE_LOOP('',(#5650,#5660,#5668,#5676));
#5650 = ORIENTED_EDGE('',*,*,#5651,.F.);
#5651 = EDGE_CURVE('',#5652,#5654,#5656,.T.);
#5652 = VERTEX_POINT('',#5653);
#5653 = CARTESIAN_POINT('',(29.074199983116,-1.22,16.072120278033));
#5654 = VERTEX_POINT('',#5655);
#5655 = CARTESIAN_POINT('',(29.074199983116,-1.22,15.572120278033));
#5656 = LINE('',#5657,#5658);
#5657 = CARTESIAN_POINT('',(29.074199983116,-1.22,16.072120278033));
#5658 = VECTOR('',#5659,1.);
#5659 = DIRECTION('',(0.,0.,-1.));
#5660 = ORIENTED_EDGE('',*,*,#5661,.F.);
#5661 = EDGE_CURVE('',#5662,#5652,#5664,.T.);
#5662 = VERTEX_POINT('',#5663);
#5663 = CARTESIAN_POINT('',(29.574199983116,-1.22,16.072120278033));
#5664 = LINE('',#5665,#5666);
#5665 = CARTESIAN_POINT('',(29.574199983116,-1.22,16.072120278033));
#5666 = VECTOR('',#5667,1.);
#5667 = DIRECTION('',(-1.,0.,0.));
#5668 = ORIENTED_EDGE('',*,*,#5669,.F.);
#5669 = EDGE_CURVE('',#5670,#5662,#5672,.T.);
#5670 = VERTEX_POINT('',#5671);
#5671 = CARTESIAN_POINT('',(29.574199983116,-1.22,15.572120278033));
#5672 = LINE('',#5673,#5674);
#5673 = CARTESIAN_POINT('',(29.574199983116,-1.22,16.072120278033));
#5674 = VECTOR('',#5675,1.);
#5675 = DIRECTION('',(-0.,-0.,1.));
#5676 = ORIENTED_EDGE('',*,*,#5677,.F.);
#5677 = EDGE_CURVE('',#5654,#5670,#5678,.T.);
#5678 = LINE('',#5679,#5680);
#5679 = CARTESIAN_POINT('',(29.574199983116,-1.22,15.572120278033));
#5680 = VECTOR('',#5681,1.);
#5681 = DIRECTION('',(1.,-0.,-0.));
#5682 = FACE_BOUND('',#5683,.T.);
#5683 = EDGE_LOOP('',(#5684,#5694,#5702,#5710));
#5684 = ORIENTED_EDGE('',*,*,#5685,.T.);
#5685 = EDGE_CURVE('',#5686,#5688,#5690,.T.);
#5686 = VERTEX_POINT('',#5687);
#5687 = CARTESIAN_POINT('',(26.937760438641,-1.22,18.075347737167));
#5688 = VERTEX_POINT('',#5689);
#5689 = CARTESIAN_POINT('',(26.937760438641,-1.22,11.624652262833));
#5690 = LINE('',#5691,#5692);
#5691 = CARTESIAN_POINT('',(26.937760438641,-1.22,18.075347737167));
#5692 = VECTOR('',#5693,1.);
#5693 = DIRECTION('',(0.,0.,-1.));
#5694 = ORIENTED_EDGE('',*,*,#5695,.T.);
#5695 = EDGE_CURVE('',#5688,#5696,#5698,.T.);
#5696 = VERTEX_POINT('',#5697);
#5697 = CARTESIAN_POINT('',(31.35994023308,-1.22,11.624652262833));
#5698 = LINE('',#5699,#5700);
#5699 = CARTESIAN_POINT('',(31.35994023308,-1.22,11.624652262833));
#5700 = VECTOR('',#5701,1.);
#5701 = DIRECTION('',(1.,-0.,-0.));
#5702 = ORIENTED_EDGE('',*,*,#5703,.T.);
#5703 = EDGE_CURVE('',#5696,#5704,#5706,.T.);
#5704 = VERTEX_POINT('',#5705);
#5705 = CARTESIAN_POINT('',(31.35994023308,-1.22,18.075347737167));
#5706 = LINE('',#5707,#5708);
#5707 = CARTESIAN_POINT('',(31.35994023308,-1.22,18.075347737167));
#5708 = VECTOR('',#5709,1.);
#5709 = DIRECTION('',(-0.,-0.,1.));
#5710 = ORIENTED_EDGE('',*,*,#5711,.T.);
#5711 = EDGE_CURVE('',#5704,#5686,#5712,.T.);
#5712 = LINE('',#5713,#5714);
#5713 = CARTESIAN_POINT('',(31.35994023308,-1.22,18.075347737167));
#5714 = VECTOR('',#5715,1.);
#5715 = DIRECTION('',(-1.,0.,0.));
#5716 = FACE_BOUND('',#5717,.T.);
#5717 = EDGE_LOOP('',(#5718,#5728,#5736,#5744));
#5718 = ORIENTED_EDGE('',*,*,#5719,.F.);
#5719 = EDGE_CURVE('',#5720,#5722,#5724,.T.);
#5720 = VERTEX_POINT('',#5721);
#5721 = CARTESIAN_POINT('',(29.056578168715,-1.22,14.331028720505));
#5722 = VERTEX_POINT('',#5723);
#5723 = CARTESIAN_POINT('',(29.056578168715,-1.22,13.831028720505));
#5724 = LINE('',#5725,#5726);
#5725 = CARTESIAN_POINT('',(29.056578168715,-1.22,14.331028720505));
#5726 = VECTOR('',#5727,1.);
#5727 = DIRECTION('',(0.,0.,-1.));
#5728 = ORIENTED_EDGE('',*,*,#5729,.F.);
#5729 = EDGE_CURVE('',#5730,#5720,#5732,.T.);
#5730 = VERTEX_POINT('',#5731);
#5731 = CARTESIAN_POINT('',(29.556578168715,-1.22,14.331028720505));
#5732 = LINE('',#5733,#5734);
#5733 = CARTESIAN_POINT('',(29.556578168715,-1.22,14.331028720505));
#5734 = VECTOR('',#5735,1.);
#5735 = DIRECTION('',(-1.,0.,0.));
#5736 = ORIENTED_EDGE('',*,*,#5737,.F.);
#5737 = EDGE_CURVE('',#5738,#5730,#5740,.T.);
#5738 = VERTEX_POINT('',#5739);
#5739 = CARTESIAN_POINT('',(29.556578168715,-1.22,13.831028720505));
#5740 = LINE('',#5741,#5742);
#5741 = CARTESIAN_POINT('',(29.556578168715,-1.22,14.331028720505));
#5742 = VECTOR('',#5743,1.);
#5743 = DIRECTION('',(-0.,-0.,1.));
#5744 = ORIENTED_EDGE('',*,*,#5745,.F.);
#5745 = EDGE_CURVE('',#5722,#5738,#5746,.T.);
#5746 = LINE('',#5747,#5748);
#5747 = CARTESIAN_POINT('',(29.556578168715,-1.22,13.831028720505));
#5748 = VECTOR('',#5749,1.);
#5749 = DIRECTION('',(1.,-0.,-0.));
#5750 = PLANE('',#5751);
#5751 = AXIS2_PLACEMENT_3D('',#5752,#5753,#5754);
#5752 = CARTESIAN_POINT('',(0.,-1.22,0.));
#5753 = DIRECTION('',(0.,1.,0.));
#5754 = DIRECTION('',(0.,-0.,1.));
#5755 = ADVANCED_FACE('',(#5756),#5781,.F.);
#5756 = FACE_BOUND('',#5757,.T.);
#5757 = EDGE_LOOP('',(#5758,#5759,#5767,#5775));
#5758 = ORIENTED_EDGE('',*,*,#3958,.T.);
#5759 = ORIENTED_EDGE('',*,*,#5760,.T.);
#5760 = EDGE_CURVE('',#3951,#5761,#5763,.T.);
#5761 = VERTEX_POINT('',#5762);
#5762 = CARTESIAN_POINT('',(30.5,-6.22,18.85));
#5763 = LINE('',#5764,#5765);
#5764 = CARTESIAN_POINT('',(30.5,0.,18.85));
#5765 = VECTOR('',#5766,1.);
#5766 = DIRECTION('',(-0.,-1.,-0.));
#5767 = ORIENTED_EDGE('',*,*,#5768,.F.);
#5768 = EDGE_CURVE('',#5769,#5761,#5771,.T.);
#5769 = VERTEX_POINT('',#5770);
#5770 = CARTESIAN_POINT('',(32.,-6.22,18.85));
#5771 = LINE('',#5772,#5773);
#5772 = CARTESIAN_POINT('',(32.,-6.22,18.85));
#5773 = VECTOR('',#5774,1.);
#5774 = DIRECTION('',(-1.,0.,0.));
#5775 = ORIENTED_EDGE('',*,*,#5776,.T.);
#5776 = EDGE_CURVE('',#5769,#3807,#5777,.T.);
#5777 = LINE('',#5778,#5779);
#5778 = CARTESIAN_POINT('',(32.,-6.22,18.85));
#5779 = VECTOR('',#5780,1.);
#5780 = DIRECTION('',(-0.,1.,-0.));
#5781 = PLANE('',#5782);
#5782 = AXIS2_PLACEMENT_3D('',#5783,#5784,#5785);
#5783 = CARTESIAN_POINT('',(32.,-6.22,18.85));
#5784 = DIRECTION('',(-0.,0.,-1.));
#5785 = DIRECTION('',(-1.,0.,0.));
#5786 = ADVANCED_FACE('',(#5787),#5812,.F.);
#5787 = FACE_BOUND('',#5788,.T.);
#5788 = EDGE_LOOP('',(#5789,#5790,#5798,#5806));
#5789 = ORIENTED_EDGE('',*,*,#3878,.T.);
#5790 = ORIENTED_EDGE('',*,*,#5791,.T.);
#5791 = EDGE_CURVE('',#3871,#5792,#5794,.T.);
#5792 = VERTEX_POINT('',#5793);
#5793 = CARTESIAN_POINT('',(28.1,-6.22,10.85));
#5794 = LINE('',#5795,#5796);
#5795 = CARTESIAN_POINT('',(28.1,0.,10.85));
#5796 = VECTOR('',#5797,1.);
#5797 = DIRECTION('',(-0.,-1.,-0.));
#5798 = ORIENTED_EDGE('',*,*,#5799,.F.);
#5799 = EDGE_CURVE('',#5800,#5792,#5802,.T.);
#5800 = VERTEX_POINT('',#5801);
#5801 = CARTESIAN_POINT('',(26.6,-6.22,10.85));
#5802 = LINE('',#5803,#5804);
#5803 = CARTESIAN_POINT('',(32.,-6.22,10.85));
#5804 = VECTOR('',#5805,1.);
#5805 = DIRECTION('',(1.,-0.,-0.));
#5806 = ORIENTED_EDGE('',*,*,#5807,.T.);
#5807 = EDGE_CURVE('',#5800,#3879,#5808,.T.);
#5808 = LINE('',#5809,#5810);
#5809 = CARTESIAN_POINT('',(26.6,-6.22,10.85));
#5810 = VECTOR('',#5811,1.);
#5811 = DIRECTION('',(-0.,1.,-0.));
#5812 = PLANE('',#5813);
#5813 = AXIS2_PLACEMENT_3D('',#5814,#5815,#5816);
#5814 = CARTESIAN_POINT('',(32.,-6.22,10.85));
#5815 = DIRECTION('',(0.,0.,1.));
#5816 = DIRECTION('',(1.,0.,-0.));
#5817 = ADVANCED_FACE('',(#5818),#5857,.F.);
#5818 = FACE_BOUND('',#5819,.T.);
#5819 = EDGE_LOOP('',(#5820,#5826,#5827,#5833,#5834,#5842,#5850,#5856));
#5820 = ORIENTED_EDGE('',*,*,#5821,.F.);
#5821 = EDGE_CURVE('',#4699,#4591,#5822,.T.);
#5822 = LINE('',#5823,#5824);
#5823 = CARTESIAN_POINT('',(16.5,-4.898587196589E-17,-28.));
#5824 = VECTOR('',#5825,1.);
#5825 = DIRECTION('',(1.,5.442874662877E-18,0.));
#5826 = ORIENTED_EDGE('',*,*,#4698,.T.);
#5827 = ORIENTED_EDGE('',*,*,#5828,.F.);
#5828 = EDGE_CURVE('',#4667,#4691,#5829,.T.);
#5829 = LINE('',#5830,#5831);
#5830 = CARTESIAN_POINT('',(-23.9,0.,-28.));
#5831 = VECTOR('',#5832,1.);
#5832 = DIRECTION('',(1.,0.,0.));
#5833 = ORIENTED_EDGE('',*,*,#4666,.T.);
#5834 = ORIENTED_EDGE('',*,*,#5835,.T.);
#5835 = EDGE_CURVE('',#4658,#5836,#5838,.T.);
#5836 = VERTEX_POINT('',#5837);
#5837 = CARTESIAN_POINT('',(-29.5,1.,-28.));
#5838 = LINE('',#5839,#5840);
#5839 = CARTESIAN_POINT('',(-29.5,1.,-28.));
#5840 = VECTOR('',#5841,1.);
#5841 = DIRECTION('',(-0.,1.,-0.));
#5842 = ORIENTED_EDGE('',*,*,#5843,.F.);
#5843 = EDGE_CURVE('',#5844,#5836,#5846,.T.);
#5844 = VERTEX_POINT('',#5845);
#5845 = CARTESIAN_POINT('',(29.5,1.,-28.));
#5846 = LINE('',#5847,#5848);
#5847 = CARTESIAN_POINT('',(32.5,1.,-28.));
#5848 = VECTOR('',#5849,1.);
#5849 = DIRECTION('',(-1.,0.,1.067522139063E-16));
#5850 = ORIENTED_EDGE('',*,*,#5851,.T.);
#5851 = EDGE_CURVE('',#5844,#4599,#5852,.T.);
#5852 = LINE('',#5853,#5854);
#5853 = CARTESIAN_POINT('',(29.5,1.,-28.));
#5854 = VECTOR('',#5855,1.);
#5855 = DIRECTION('',(0.,-1.,0.));
#5856 = ORIENTED_EDGE('',*,*,#4598,.T.);
#5857 = PLANE('',#5858);
#5858 = AXIS2_PLACEMENT_3D('',#5859,#5860,#5861);
#5859 = CARTESIAN_POINT('',(32.5,1.,-28.));
#5860 = DIRECTION('',(1.067522139063E-16,-0.,1.));
#5861 = DIRECTION('',(1.,0.,-1.067522139063E-16));
#5862 = ADVANCED_FACE('',(#5863),#5888,.F.);
#5863 = FACE_BOUND('',#5864,.T.);
#5864 = EDGE_LOOP('',(#5865,#5866,#5874,#5882));
#5865 = ORIENTED_EDGE('',*,*,#4649,.T.);
#5866 = ORIENTED_EDGE('',*,*,#5867,.T.);
#5867 = EDGE_CURVE('',#4641,#5868,#5870,.T.);
#5868 = VERTEX_POINT('',#5869);
#5869 = CARTESIAN_POINT('',(-32.5,1.,25.));
#5870 = LINE('',#5871,#5872);
#5871 = CARTESIAN_POINT('',(-32.5,1.,25.));
#5872 = VECTOR('',#5873,1.);
#5873 = DIRECTION('',(0.,1.,-0.));
#5874 = ORIENTED_EDGE('',*,*,#5875,.F.);
#5875 = EDGE_CURVE('',#5876,#5868,#5878,.T.);
#5876 = VERTEX_POINT('',#5877);
#5877 = CARTESIAN_POINT('',(-32.5,1.,-25.));
#5878 = LINE('',#5879,#5880);
#5879 = CARTESIAN_POINT('',(-32.5,1.,28.));
#5880 = VECTOR('',#5881,1.);
#5881 = DIRECTION('',(-0.,-0.,1.));
#5882 = ORIENTED_EDGE('',*,*,#5883,.T.);
#5883 = EDGE_CURVE('',#5876,#4650,#5884,.T.);
#5884 = LINE('',#5885,#5886);
#5885 = CARTESIAN_POINT('',(-32.5,1.,-25.));
#5886 = VECTOR('',#5887,1.);
#5887 = DIRECTION('',(-0.,-1.,0.));
#5888 = PLANE('',#5889);
#5889 = AXIS2_PLACEMENT_3D('',#5890,#5891,#5892);
#5890 = CARTESIAN_POINT('',(-32.5,1.,28.));
#5891 = DIRECTION('',(1.,-0.,0.));
#5892 = DIRECTION('',(0.,0.,-1.));
#5893 = ADVANCED_FACE('',(#5894),#5919,.F.);
#5894 = FACE_BOUND('',#5895,.T.);
#5895 = EDGE_LOOP('',(#5896,#5897,#5905,#5913));
#5896 = ORIENTED_EDGE('',*,*,#4632,.T.);
#5897 = ORIENTED_EDGE('',*,*,#5898,.T.);
#5898 = EDGE_CURVE('',#4624,#5899,#5901,.T.);
#5899 = VERTEX_POINT('',#5900);
#5900 = CARTESIAN_POINT('',(29.5,1.,28.));
#5901 = LINE('',#5902,#5903);
#5902 = CARTESIAN_POINT('',(29.5,1.,28.));
#5903 = VECTOR('',#5904,1.);
#5904 = DIRECTION('',(-0.,1.,-0.));
#5905 = ORIENTED_EDGE('',*,*,#5906,.F.);
#5906 = EDGE_CURVE('',#5907,#5899,#5909,.T.);
#5907 = VERTEX_POINT('',#5908);
#5908 = CARTESIAN_POINT('',(-29.5,1.,28.));
#5909 = LINE('',#5910,#5911);
#5910 = CARTESIAN_POINT('',(32.5,1.,28.));
#5911 = VECTOR('',#5912,1.);
#5912 = DIRECTION('',(1.,-0.,-1.067522139063E-16));
#5913 = ORIENTED_EDGE('',*,*,#5914,.T.);
#5914 = EDGE_CURVE('',#5907,#4633,#5915,.T.);
#5915 = LINE('',#5916,#5917);
#5916 = CARTESIAN_POINT('',(-29.5,1.,28.));
#5917 = VECTOR('',#5918,1.);
#5918 = DIRECTION('',(0.,-1.,0.));
#5919 = PLANE('',#5920);
#5920 = AXIS2_PLACEMENT_3D('',#5921,#5922,#5923);
#5921 = CARTESIAN_POINT('',(32.5,1.,28.));
#5922 = DIRECTION('',(-1.067522139063E-16,0.,-1.));
#5923 = DIRECTION('',(-1.,0.,1.067522139063E-16));
#5924 = ADVANCED_FACE('',(#5925),#5950,.F.);
#5925 = FACE_BOUND('',#5926,.T.);
#5926 = EDGE_LOOP('',(#5927,#5928,#5936,#5944));
#5927 = ORIENTED_EDGE('',*,*,#4615,.T.);
#5928 = ORIENTED_EDGE('',*,*,#5929,.T.);
#5929 = EDGE_CURVE('',#4607,#5930,#5932,.T.);
#5930 = VERTEX_POINT('',#5931);
#5931 = CARTESIAN_POINT('',(32.5,1.,-25.));
#5932 = LINE('',#5933,#5934);
#5933 = CARTESIAN_POINT('',(32.5,1.,-25.));
#5934 = VECTOR('',#5935,1.);
#5935 = DIRECTION('',(-0.,1.,-0.));
#5936 = ORIENTED_EDGE('',*,*,#5937,.F.);
#5937 = EDGE_CURVE('',#5938,#5930,#5940,.T.);
#5938 = VERTEX_POINT('',#5939);
#5939 = CARTESIAN_POINT('',(32.5,1.,25.));
#5940 = LINE('',#5941,#5942);
#5941 = CARTESIAN_POINT('',(32.5,1.,28.));
#5942 = VECTOR('',#5943,1.);
#5943 = DIRECTION('',(0.,0.,-1.));
#5944 = ORIENTED_EDGE('',*,*,#5945,.T.);
#5945 = EDGE_CURVE('',#5938,#4616,#5946,.T.);
#5946 = LINE('',#5947,#5948);
#5947 = CARTESIAN_POINT('',(32.5,1.,25.));
#5948 = VECTOR('',#5949,1.);
#5949 = DIRECTION('',(0.,-1.,0.));
#5950 = PLANE('',#5951);
#5951 = AXIS2_PLACEMENT_3D('',#5952,#5953,#5954);
#5952 = CARTESIAN_POINT('',(32.5,1.,28.));
#5953 = DIRECTION('',(-1.,0.,0.));
#5954 = DIRECTION('',(0.,0.,1.));
#5955 = ADVANCED_FACE('',(#5956,#5966,#5976,#5986,#5996,#6006,#6016,
    #6026,#6036,#6046,#6056,#6066,#6076,#6086,#6096,#6106,#6116,#6126,
    #6136,#6146,#6156,#6166,#6176,#6186,#6196,#6206,#6216,#6226,#6236,
    #6246,#6256,#6266,#6276,#6286,#6296,#6306,#6316,#6326,#6336,#6346,
    #6356,#6366,#6376,#6386,#6396),#6430,.T.);
#5956 = FACE_BOUND('',#5957,.T.);
#5957 = EDGE_LOOP('',(#5958,#5965));
#5958 = ORIENTED_EDGE('',*,*,#5959,.T.);
#5959 = EDGE_CURVE('',#808,#827,#5960,.T.);
#5960 = CIRCLE('',#5961,0.65);
#5961 = AXIS2_PLACEMENT_3D('',#5962,#5963,#5964);
#5962 = CARTESIAN_POINT('',(11.43,1.,23.23));
#5963 = DIRECTION('',(0.,-1.,0.));
#5964 = DIRECTION('',(0.,0.,1.));
#5965 = ORIENTED_EDGE('',*,*,#834,.T.);
#5966 = FACE_BOUND('',#5967,.T.);
#5967 = EDGE_LOOP('',(#5968,#5975));
#5968 = ORIENTED_EDGE('',*,*,#5969,.T.);
#5969 = EDGE_CURVE('',#850,#869,#5970,.T.);
#5970 = CIRCLE('',#5971,0.65);
#5971 = AXIS2_PLACEMENT_3D('',#5972,#5973,#5974);
#5972 = CARTESIAN_POINT('',(13.97,1.,23.230000000001));
#5973 = DIRECTION('',(0.,-1.,0.));
#5974 = DIRECTION('',(0.,0.,1.));
#5975 = ORIENTED_EDGE('',*,*,#876,.T.);
#5976 = FACE_BOUND('',#5977,.T.);
#5977 = EDGE_LOOP('',(#5978,#5985));
#5978 = ORIENTED_EDGE('',*,*,#5979,.T.);
#5979 = EDGE_CURVE('',#892,#911,#5980,.T.);
#5980 = CIRCLE('',#5981,0.65);
#5981 = AXIS2_PLACEMENT_3D('',#5982,#5983,#5984);
#5982 = CARTESIAN_POINT('',(16.51,1.,23.230000000001));
#5983 = DIRECTION('',(0.,-1.,0.));
#5984 = DIRECTION('',(0.,0.,1.));
#5985 = ORIENTED_EDGE('',*,*,#918,.T.);
#5986 = FACE_BOUND('',#5987,.T.);
#5987 = EDGE_LOOP('',(#5988,#5989));
#5988 = ORIENTED_EDGE('',*,*,#280,.T.);
#5989 = ORIENTED_EDGE('',*,*,#5990,.T.);
#5990 = EDGE_CURVE('',#273,#281,#5991,.T.);
#5991 = CIRCLE('',#5992,0.65);
#5992 = AXIS2_PLACEMENT_3D('',#5993,#5994,#5995);
#5993 = CARTESIAN_POINT('',(19.05,1.,23.230000000001));
#5994 = DIRECTION('',(0.,-1.,0.));
#5995 = DIRECTION('',(0.,0.,1.));
#5996 = FACE_BOUND('',#5997,.T.);
#5997 = EDGE_LOOP('',(#5998,#6005));
#5998 = ORIENTED_EDGE('',*,*,#5999,.T.);
#5999 = EDGE_CURVE('',#934,#953,#6000,.T.);
#6000 = CIRCLE('',#6001,0.65);
#6001 = AXIS2_PLACEMENT_3D('',#6002,#6003,#6004);
#6002 = CARTESIAN_POINT('',(-19.05,1.,25.77));
#6003 = DIRECTION('',(0.,-1.,0.));
#6004 = DIRECTION('',(0.,0.,1.));
#6005 = ORIENTED_EDGE('',*,*,#960,.T.);
#6006 = FACE_BOUND('',#6007,.T.);
#6007 = EDGE_LOOP('',(#6008,#6015));
#6008 = ORIENTED_EDGE('',*,*,#6009,.T.);
#6009 = EDGE_CURVE('',#976,#995,#6010,.T.);
#6010 = CIRCLE('',#6011,0.65);
#6011 = AXIS2_PLACEMENT_3D('',#6012,#6013,#6014);
#6012 = CARTESIAN_POINT('',(-21.59,1.,25.77));
#6013 = DIRECTION('',(0.,-1.,0.));
#6014 = DIRECTION('',(0.,0.,1.));
#6015 = ORIENTED_EDGE('',*,*,#1002,.T.);
#6016 = FACE_BOUND('',#6017,.T.);
#6017 = EDGE_LOOP('',(#6018,#6025));
#6018 = ORIENTED_EDGE('',*,*,#6019,.T.);
#6019 = EDGE_CURVE('',#1018,#1037,#6020,.T.);
#6020 = CIRCLE('',#6021,0.65);
#6021 = AXIS2_PLACEMENT_3D('',#6022,#6023,#6024);
#6022 = CARTESIAN_POINT('',(-24.13,1.,25.77));
#6023 = DIRECTION('',(0.,-1.,0.));
#6024 = DIRECTION('',(0.,0.,1.));
#6025 = ORIENTED_EDGE('',*,*,#1044,.T.);
#6026 = FACE_BOUND('',#6027,.T.);
#6027 = EDGE_LOOP('',(#6028,#6029));
#6028 = ORIENTED_EDGE('',*,*,#196,.T.);
#6029 = ORIENTED_EDGE('',*,*,#6030,.T.);
#6030 = EDGE_CURVE('',#189,#197,#6031,.T.);
#6031 = CIRCLE('',#6032,0.65);
#6032 = AXIS2_PLACEMENT_3D('',#6033,#6034,#6035);
#6033 = CARTESIAN_POINT('',(21.59,1.,23.230000000001));
#6034 = DIRECTION('',(0.,-1.,0.));
#6035 = DIRECTION('',(0.,0.,1.));
#6036 = FACE_BOUND('',#6037,.T.);
#6037 = EDGE_LOOP('',(#6038,#6045));
#6038 = ORIENTED_EDGE('',*,*,#6039,.T.);
#6039 = EDGE_CURVE('',#1060,#1079,#6040,.T.);
#6040 = CIRCLE('',#6041,0.65);
#6041 = AXIS2_PLACEMENT_3D('',#6042,#6043,#6044);
#6042 = CARTESIAN_POINT('',(8.89,1.,23.23));
#6043 = DIRECTION('',(0.,-1.,0.));
#6044 = DIRECTION('',(0.,0.,1.));
#6045 = ORIENTED_EDGE('',*,*,#1086,.T.);
#6046 = FACE_BOUND('',#6047,.T.);
#6047 = EDGE_LOOP('',(#6048,#6055));
#6048 = ORIENTED_EDGE('',*,*,#6049,.T.);
#6049 = EDGE_CURVE('',#1102,#1121,#6050,.T.);
#6050 = CIRCLE('',#6051,0.65);
#6051 = AXIS2_PLACEMENT_3D('',#6052,#6053,#6054);
#6052 = CARTESIAN_POINT('',(6.35,1.,23.23));
#6053 = DIRECTION('',(0.,-1.,0.));
#6054 = DIRECTION('',(0.,0.,1.));
#6055 = ORIENTED_EDGE('',*,*,#1128,.T.);
#6056 = FACE_BOUND('',#6057,.T.);
#6057 = EDGE_LOOP('',(#6058,#6065));
#6058 = ORIENTED_EDGE('',*,*,#6059,.T.);
#6059 = EDGE_CURVE('',#1144,#1163,#6060,.T.);
#6060 = CIRCLE('',#6061,0.65);
#6061 = AXIS2_PLACEMENT_3D('',#6062,#6063,#6064);
#6062 = CARTESIAN_POINT('',(3.81,1.,23.23));
#6063 = DIRECTION('',(0.,-1.,0.));
#6064 = DIRECTION('',(0.,0.,1.));
#6065 = ORIENTED_EDGE('',*,*,#1170,.T.);
#6066 = FACE_BOUND('',#6067,.T.);
#6067 = EDGE_LOOP('',(#6068,#6075));
#6068 = ORIENTED_EDGE('',*,*,#6069,.T.);
#6069 = EDGE_CURVE('',#1186,#1205,#6070,.T.);
#6070 = CIRCLE('',#6071,0.65);
#6071 = AXIS2_PLACEMENT_3D('',#6072,#6073,#6074);
#6072 = CARTESIAN_POINT('',(1.27,1.,23.23));
#6073 = DIRECTION('',(0.,-1.,0.));
#6074 = DIRECTION('',(0.,0.,1.));
#6075 = ORIENTED_EDGE('',*,*,#1212,.T.);
#6076 = FACE_BOUND('',#6077,.T.);
#6077 = EDGE_LOOP('',(#6078,#6085));
#6078 = ORIENTED_EDGE('',*,*,#6079,.T.);
#6079 = EDGE_CURVE('',#1228,#1247,#6080,.T.);
#6080 = CIRCLE('',#6081,0.65);
#6081 = AXIS2_PLACEMENT_3D('',#6082,#6083,#6084);
#6082 = CARTESIAN_POINT('',(-1.27,1.,23.23));
#6083 = DIRECTION('',(0.,-1.,0.));
#6084 = DIRECTION('',(0.,0.,1.));
#6085 = ORIENTED_EDGE('',*,*,#1254,.T.);
#6086 = FACE_BOUND('',#6087,.T.);
#6087 = EDGE_LOOP('',(#6088,#6095));
#6088 = ORIENTED_EDGE('',*,*,#6089,.T.);
#6089 = EDGE_CURVE('',#1270,#1289,#6090,.T.);
#6090 = CIRCLE('',#6091,0.65);
#6091 = AXIS2_PLACEMENT_3D('',#6092,#6093,#6094);
#6092 = CARTESIAN_POINT('',(-3.81,1.,23.23));
#6093 = DIRECTION('',(0.,-1.,0.));
#6094 = DIRECTION('',(0.,0.,1.));
#6095 = ORIENTED_EDGE('',*,*,#1296,.T.);
#6096 = FACE_BOUND('',#6097,.T.);
#6097 = EDGE_LOOP('',(#6098,#6105));
#6098 = ORIENTED_EDGE('',*,*,#6099,.T.);
#6099 = EDGE_CURVE('',#1312,#1331,#6100,.T.);
#6100 = CIRCLE('',#6101,0.65);
#6101 = AXIS2_PLACEMENT_3D('',#6102,#6103,#6104);
#6102 = CARTESIAN_POINT('',(-6.35,1.,23.23));
#6103 = DIRECTION('',(0.,-1.,0.));
#6104 = DIRECTION('',(0.,0.,1.));
#6105 = ORIENTED_EDGE('',*,*,#1338,.T.);
#6106 = FACE_BOUND('',#6107,.T.);
#6107 = EDGE_LOOP('',(#6108,#6115));
#6108 = ORIENTED_EDGE('',*,*,#6109,.T.);
#6109 = EDGE_CURVE('',#1354,#1373,#6110,.T.);
#6110 = CIRCLE('',#6111,0.65);
#6111 = AXIS2_PLACEMENT_3D('',#6112,#6113,#6114);
#6112 = CARTESIAN_POINT('',(-8.89,1.,23.23));
#6113 = DIRECTION('',(0.,-1.,0.));
#6114 = DIRECTION('',(0.,0.,1.));
#6115 = ORIENTED_EDGE('',*,*,#1380,.T.);
#6116 = FACE_BOUND('',#6117,.T.);
#6117 = EDGE_LOOP('',(#6118,#6125));
#6118 = ORIENTED_EDGE('',*,*,#6119,.T.);
#6119 = EDGE_CURVE('',#1396,#1415,#6120,.T.);
#6120 = CIRCLE('',#6121,0.65);
#6121 = AXIS2_PLACEMENT_3D('',#6122,#6123,#6124);
#6122 = CARTESIAN_POINT('',(-16.51,1.,25.77));
#6123 = DIRECTION('',(0.,-1.,0.));
#6124 = DIRECTION('',(0.,0.,1.));
#6125 = ORIENTED_EDGE('',*,*,#1422,.T.);
#6126 = FACE_BOUND('',#6127,.T.);
#6127 = EDGE_LOOP('',(#6128,#6135));
#6128 = ORIENTED_EDGE('',*,*,#6129,.T.);
#6129 = EDGE_CURVE('',#1438,#1457,#6130,.T.);
#6130 = CIRCLE('',#6131,0.65);
#6131 = AXIS2_PLACEMENT_3D('',#6132,#6133,#6134);
#6132 = CARTESIAN_POINT('',(-13.97,1.,25.77));
#6133 = DIRECTION('',(0.,-1.,0.));
#6134 = DIRECTION('',(0.,0.,1.));
#6135 = ORIENTED_EDGE('',*,*,#1464,.T.);
#6136 = FACE_BOUND('',#6137,.T.);
#6137 = EDGE_LOOP('',(#6138,#6145));
#6138 = ORIENTED_EDGE('',*,*,#6139,.T.);
#6139 = EDGE_CURVE('',#1480,#1499,#6140,.T.);
#6140 = CIRCLE('',#6141,0.65);
#6141 = AXIS2_PLACEMENT_3D('',#6142,#6143,#6144);
#6142 = CARTESIAN_POINT('',(-11.43,1.,25.77));
#6143 = DIRECTION('',(0.,-1.,0.));
#6144 = DIRECTION('',(0.,0.,1.));
#6145 = ORIENTED_EDGE('',*,*,#1506,.T.);
#6146 = FACE_BOUND('',#6147,.T.);
#6147 = EDGE_LOOP('',(#6148,#6155));
#6148 = ORIENTED_EDGE('',*,*,#6149,.T.);
#6149 = EDGE_CURVE('',#1522,#1541,#6150,.T.);
#6150 = CIRCLE('',#6151,0.65);
#6151 = AXIS2_PLACEMENT_3D('',#6152,#6153,#6154);
#6152 = CARTESIAN_POINT('',(-8.89,1.,25.77));
#6153 = DIRECTION('',(0.,-1.,0.));
#6154 = DIRECTION('',(0.,0.,1.));
#6155 = ORIENTED_EDGE('',*,*,#1548,.T.);
#6156 = FACE_BOUND('',#6157,.T.);
#6157 = EDGE_LOOP('',(#6158,#6165));
#6158 = ORIENTED_EDGE('',*,*,#6159,.T.);
#6159 = EDGE_CURVE('',#1564,#1583,#6160,.T.);
#6160 = CIRCLE('',#6161,0.65);
#6161 = AXIS2_PLACEMENT_3D('',#6162,#6163,#6164);
#6162 = CARTESIAN_POINT('',(-6.35,1.,25.77));
#6163 = DIRECTION('',(0.,-1.,0.));
#6164 = DIRECTION('',(0.,0.,1.));
#6165 = ORIENTED_EDGE('',*,*,#1590,.T.);
#6166 = FACE_BOUND('',#6167,.T.);
#6167 = EDGE_LOOP('',(#6168,#6175));
#6168 = ORIENTED_EDGE('',*,*,#6169,.T.);
#6169 = EDGE_CURVE('',#1606,#1625,#6170,.T.);
#6170 = CIRCLE('',#6171,0.65);
#6171 = AXIS2_PLACEMENT_3D('',#6172,#6173,#6174);
#6172 = CARTESIAN_POINT('',(-3.81,1.,25.77));
#6173 = DIRECTION('',(0.,-1.,0.));
#6174 = DIRECTION('',(0.,0.,1.));
#6175 = ORIENTED_EDGE('',*,*,#1632,.T.);
#6176 = FACE_BOUND('',#6177,.T.);
#6177 = EDGE_LOOP('',(#6178,#6185));
#6178 = ORIENTED_EDGE('',*,*,#6179,.T.);
#6179 = EDGE_CURVE('',#1648,#1667,#6180,.T.);
#6180 = CIRCLE('',#6181,0.65);
#6181 = AXIS2_PLACEMENT_3D('',#6182,#6183,#6184);
#6182 = CARTESIAN_POINT('',(-1.27,1.,25.77));
#6183 = DIRECTION('',(0.,-1.,0.));
#6184 = DIRECTION('',(0.,0.,1.));
#6185 = ORIENTED_EDGE('',*,*,#1674,.T.);
#6186 = FACE_BOUND('',#6187,.T.);
#6187 = EDGE_LOOP('',(#6188,#6195));
#6188 = ORIENTED_EDGE('',*,*,#6189,.T.);
#6189 = EDGE_CURVE('',#1690,#1709,#6190,.T.);
#6190 = CIRCLE('',#6191,0.65);
#6191 = AXIS2_PLACEMENT_3D('',#6192,#6193,#6194);
#6192 = CARTESIAN_POINT('',(1.27,1.,25.77));
#6193 = DIRECTION('',(0.,-1.,0.));
#6194 = DIRECTION('',(0.,0.,1.));
#6195 = ORIENTED_EDGE('',*,*,#1716,.T.);
#6196 = FACE_BOUND('',#6197,.T.);
#6197 = EDGE_LOOP('',(#6198,#6205));
#6198 = ORIENTED_EDGE('',*,*,#6199,.T.);
#6199 = EDGE_CURVE('',#1732,#1751,#6200,.T.);
#6200 = CIRCLE('',#6201,0.65);
#6201 = AXIS2_PLACEMENT_3D('',#6202,#6203,#6204);
#6202 = CARTESIAN_POINT('',(3.81,1.,25.77));
#6203 = DIRECTION('',(0.,-1.,0.));
#6204 = DIRECTION('',(0.,0.,1.));
#6205 = ORIENTED_EDGE('',*,*,#1758,.T.);
#6206 = FACE_BOUND('',#6207,.T.);
#6207 = EDGE_LOOP('',(#6208,#6215));
#6208 = ORIENTED_EDGE('',*,*,#6209,.T.);
#6209 = EDGE_CURVE('',#1774,#1793,#6210,.T.);
#6210 = CIRCLE('',#6211,0.65);
#6211 = AXIS2_PLACEMENT_3D('',#6212,#6213,#6214);
#6212 = CARTESIAN_POINT('',(6.35,1.,25.77));
#6213 = DIRECTION('',(0.,-1.,0.));
#6214 = DIRECTION('',(0.,0.,1.));
#6215 = ORIENTED_EDGE('',*,*,#1800,.T.);
#6216 = FACE_BOUND('',#6217,.T.);
#6217 = EDGE_LOOP('',(#6218,#6225));
#6218 = ORIENTED_EDGE('',*,*,#6219,.T.);
#6219 = EDGE_CURVE('',#1816,#1835,#6220,.T.);
#6220 = CIRCLE('',#6221,0.65);
#6221 = AXIS2_PLACEMENT_3D('',#6222,#6223,#6224);
#6222 = CARTESIAN_POINT('',(8.89,1.,25.77));
#6223 = DIRECTION('',(0.,-1.,0.));
#6224 = DIRECTION('',(0.,0.,1.));
#6225 = ORIENTED_EDGE('',*,*,#1842,.T.);
#6226 = FACE_BOUND('',#6227,.T.);
#6227 = EDGE_LOOP('',(#6228,#6235));
#6228 = ORIENTED_EDGE('',*,*,#6229,.T.);
#6229 = EDGE_CURVE('',#1858,#1877,#6230,.T.);
#6230 = CIRCLE('',#6231,0.65);
#6231 = AXIS2_PLACEMENT_3D('',#6232,#6233,#6234);
#6232 = CARTESIAN_POINT('',(11.43,1.,25.77));
#6233 = DIRECTION('',(0.,-1.,0.));
#6234 = DIRECTION('',(0.,0.,1.));
#6235 = ORIENTED_EDGE('',*,*,#1884,.T.);
#6236 = FACE_BOUND('',#6237,.T.);
#6237 = EDGE_LOOP('',(#6238,#6245));
#6238 = ORIENTED_EDGE('',*,*,#6239,.T.);
#6239 = EDGE_CURVE('',#1900,#1919,#6240,.T.);
#6240 = CIRCLE('',#6241,0.65);
#6241 = AXIS2_PLACEMENT_3D('',#6242,#6243,#6244);
#6242 = CARTESIAN_POINT('',(13.97,1.,25.770000000001));
#6243 = DIRECTION('',(0.,-1.,0.));
#6244 = DIRECTION('',(0.,0.,1.));
#6245 = ORIENTED_EDGE('',*,*,#1926,.T.);
#6246 = FACE_BOUND('',#6247,.T.);
#6247 = EDGE_LOOP('',(#6248,#6255));
#6248 = ORIENTED_EDGE('',*,*,#6249,.T.);
#6249 = EDGE_CURVE('',#1942,#1961,#6250,.T.);
#6250 = CIRCLE('',#6251,0.65);
#6251 = AXIS2_PLACEMENT_3D('',#6252,#6253,#6254);
#6252 = CARTESIAN_POINT('',(16.51,1.,25.770000000001));
#6253 = DIRECTION('',(0.,-1.,0.));
#6254 = DIRECTION('',(0.,0.,1.));
#6255 = ORIENTED_EDGE('',*,*,#1968,.T.);
#6256 = FACE_BOUND('',#6257,.T.);
#6257 = EDGE_LOOP('',(#6258,#6259));
#6258 = ORIENTED_EDGE('',*,*,#238,.T.);
#6259 = ORIENTED_EDGE('',*,*,#6260,.T.);
#6260 = EDGE_CURVE('',#231,#239,#6261,.T.);
#6261 = CIRCLE('',#6262,0.65);
#6262 = AXIS2_PLACEMENT_3D('',#6263,#6264,#6265);
#6263 = CARTESIAN_POINT('',(19.05,1.,25.770000000001));
#6264 = DIRECTION('',(0.,-1.,0.));
#6265 = DIRECTION('',(0.,0.,1.));
#6266 = FACE_BOUND('',#6267,.T.);
#6267 = EDGE_LOOP('',(#6268,#6269));
#6268 = ORIENTED_EDGE('',*,*,#154,.T.);
#6269 = ORIENTED_EDGE('',*,*,#6270,.T.);
#6270 = EDGE_CURVE('',#147,#155,#6271,.T.);
#6271 = CIRCLE('',#6272,0.65);
#6272 = AXIS2_PLACEMENT_3D('',#6273,#6274,#6275);
#6273 = CARTESIAN_POINT('',(21.59,1.,25.770000000001));
#6274 = DIRECTION('',(0.,-1.,0.));
#6275 = DIRECTION('',(0.,0.,1.));
#6276 = FACE_BOUND('',#6277,.T.);
#6277 = EDGE_LOOP('',(#6278,#6285));
#6278 = ORIENTED_EDGE('',*,*,#6279,.T.);
#6279 = EDGE_CURVE('',#1984,#2003,#6280,.T.);
#6280 = CIRCLE('',#6281,0.65);
#6281 = AXIS2_PLACEMENT_3D('',#6282,#6283,#6284);
#6282 = CARTESIAN_POINT('',(24.13,1.,23.230000000001));
#6283 = DIRECTION('',(0.,-1.,0.));
#6284 = DIRECTION('',(0.,0.,1.));
#6285 = ORIENTED_EDGE('',*,*,#2010,.T.);
#6286 = FACE_BOUND('',#6287,.T.);
#6287 = EDGE_LOOP('',(#6288,#6289));
#6288 = ORIENTED_EDGE('',*,*,#70,.T.);
#6289 = ORIENTED_EDGE('',*,*,#6290,.T.);
#6290 = EDGE_CURVE('',#63,#71,#6291,.T.);
#6291 = CIRCLE('',#6292,0.65);
#6292 = AXIS2_PLACEMENT_3D('',#6293,#6294,#6295);
#6293 = CARTESIAN_POINT('',(-24.13,1.,23.23));
#6294 = DIRECTION('',(0.,-1.,0.));
#6295 = DIRECTION('',(0.,0.,1.));
#6296 = FACE_BOUND('',#6297,.T.);
#6297 = EDGE_LOOP('',(#6298,#6305));
#6298 = ORIENTED_EDGE('',*,*,#6299,.T.);
#6299 = EDGE_CURVE('',#2026,#2045,#6300,.T.);
#6300 = CIRCLE('',#6301,0.65);
#6301 = AXIS2_PLACEMENT_3D('',#6302,#6303,#6304);
#6302 = CARTESIAN_POINT('',(-21.59,1.,23.23));
#6303 = DIRECTION('',(0.,-1.,0.));
#6304 = DIRECTION('',(0.,0.,1.));
#6305 = ORIENTED_EDGE('',*,*,#2052,.T.);
#6306 = FACE_BOUND('',#6307,.T.);
#6307 = EDGE_LOOP('',(#6308,#6315));
#6308 = ORIENTED_EDGE('',*,*,#6309,.T.);
#6309 = EDGE_CURVE('',#2068,#2087,#6310,.T.);
#6310 = CIRCLE('',#6311,0.65);
#6311 = AXIS2_PLACEMENT_3D('',#6312,#6313,#6314);
#6312 = CARTESIAN_POINT('',(-19.05,1.,23.23));
#6313 = DIRECTION('',(0.,-1.,0.));
#6314 = DIRECTION('',(0.,0.,1.));
#6315 = ORIENTED_EDGE('',*,*,#2094,.T.);
#6316 = FACE_BOUND('',#6317,.T.);
#6317 = EDGE_LOOP('',(#6318,#6325));
#6318 = ORIENTED_EDGE('',*,*,#6319,.T.);
#6319 = EDGE_CURVE('',#2110,#2129,#6320,.T.);
#6320 = CIRCLE('',#6321,0.65);
#6321 = AXIS2_PLACEMENT_3D('',#6322,#6323,#6324);
#6322 = CARTESIAN_POINT('',(-16.51,1.,23.23));
#6323 = DIRECTION('',(0.,-1.,0.));
#6324 = DIRECTION('',(0.,0.,1.));
#6325 = ORIENTED_EDGE('',*,*,#2136,.T.);
#6326 = FACE_BOUND('',#6327,.T.);
#6327 = EDGE_LOOP('',(#6328,#6335));
#6328 = ORIENTED_EDGE('',*,*,#6329,.T.);
#6329 = EDGE_CURVE('',#2152,#2171,#6330,.T.);
#6330 = CIRCLE('',#6331,0.65);
#6331 = AXIS2_PLACEMENT_3D('',#6332,#6333,#6334);
#6332 = CARTESIAN_POINT('',(-13.97,1.,23.23));
#6333 = DIRECTION('',(0.,-1.,0.));
#6334 = DIRECTION('',(0.,0.,1.));
#6335 = ORIENTED_EDGE('',*,*,#2178,.T.);
#6336 = FACE_BOUND('',#6337,.T.);
#6337 = EDGE_LOOP('',(#6338,#6345));
#6338 = ORIENTED_EDGE('',*,*,#6339,.T.);
#6339 = EDGE_CURVE('',#2194,#2213,#6340,.T.);
#6340 = CIRCLE('',#6341,0.65);
#6341 = AXIS2_PLACEMENT_3D('',#6342,#6343,#6344);
#6342 = CARTESIAN_POINT('',(-11.43,1.,23.23));
#6343 = DIRECTION('',(0.,-1.,0.));
#6344 = DIRECTION('',(0.,0.,1.));
#6345 = ORIENTED_EDGE('',*,*,#2220,.T.);
#6346 = FACE_BOUND('',#6347,.T.);
#6347 = EDGE_LOOP('',(#6348,#6349));
#6348 = ORIENTED_EDGE('',*,*,#112,.T.);
#6349 = ORIENTED_EDGE('',*,*,#6350,.T.);
#6350 = EDGE_CURVE('',#105,#113,#6351,.T.);
#6351 = CIRCLE('',#6352,0.65);
#6352 = AXIS2_PLACEMENT_3D('',#6353,#6354,#6355);
#6353 = CARTESIAN_POINT('',(24.13,1.,25.770000000001));
#6354 = DIRECTION('',(0.,-1.,0.));
#6355 = DIRECTION('',(0.,0.,1.));
#6356 = FACE_BOUND('',#6357,.T.);
#6357 = EDGE_LOOP('',(#6358,#6365));
#6358 = ORIENTED_EDGE('',*,*,#6359,.F.);
#6359 = EDGE_CURVE('',#2667,#2659,#6360,.T.);
#6360 = CIRCLE('',#6361,2.75);
#6361 = AXIS2_PLACEMENT_3D('',#6362,#6363,#6364);
#6362 = CARTESIAN_POINT('',(28.980840432142,1.,24.506545585421));
#6363 = DIRECTION('',(0.,1.,0.));
#6364 = DIRECTION('',(0.,-0.,1.));
#6365 = ORIENTED_EDGE('',*,*,#2666,.F.);
#6366 = FACE_BOUND('',#6367,.T.);
#6367 = EDGE_LOOP('',(#6368,#6375));
#6368 = ORIENTED_EDGE('',*,*,#6369,.F.);
#6369 = EDGE_CURVE('',#2709,#2701,#6370,.T.);
#6370 = CIRCLE('',#6371,2.75);
#6371 = AXIS2_PLACEMENT_3D('',#6372,#6373,#6374);
#6372 = CARTESIAN_POINT('',(-29.03072733998,1.,24.506545585421));
#6373 = DIRECTION('',(0.,1.,0.));
#6374 = DIRECTION('',(0.,-0.,1.));
#6375 = ORIENTED_EDGE('',*,*,#2708,.F.);
#6376 = FACE_BOUND('',#6377,.T.);
#6377 = EDGE_LOOP('',(#6378,#6385));
#6378 = ORIENTED_EDGE('',*,*,#6379,.F.);
#6379 = EDGE_CURVE('',#2751,#2743,#6380,.T.);
#6380 = CIRCLE('',#6381,2.75);
#6381 = AXIS2_PLACEMENT_3D('',#6382,#6383,#6384);
#6382 = CARTESIAN_POINT('',(28.980840432142,1.,-24.52866700815));
#6383 = DIRECTION('',(0.,1.,0.));
#6384 = DIRECTION('',(0.,-0.,1.));
#6385 = ORIENTED_EDGE('',*,*,#2750,.F.);
#6386 = FACE_BOUND('',#6387,.T.);
#6387 = EDGE_LOOP('',(#6388,#6395));
#6388 = ORIENTED_EDGE('',*,*,#6389,.F.);
#6389 = EDGE_CURVE('',#2793,#2785,#6390,.T.);
#6390 = CIRCLE('',#6391,2.75);
#6391 = AXIS2_PLACEMENT_3D('',#6392,#6393,#6394);
#6392 = CARTESIAN_POINT('',(-29.03072733998,1.,-24.52866700815));
#6393 = DIRECTION('',(0.,1.,0.));
#6394 = DIRECTION('',(0.,-0.,1.));
#6395 = ORIENTED_EDGE('',*,*,#2792,.F.);
#6396 = FACE_BOUND('',#6397,.T.);
#6397 = EDGE_LOOP('',(#6398,#6399,#6406,#6407,#6414,#6415,#6422,#6423));
#6398 = ORIENTED_EDGE('',*,*,#5937,.T.);
#6399 = ORIENTED_EDGE('',*,*,#6400,.T.);
#6400 = EDGE_CURVE('',#5930,#5844,#6401,.T.);
#6401 = CIRCLE('',#6402,3.);
#6402 = AXIS2_PLACEMENT_3D('',#6403,#6404,#6405);
#6403 = CARTESIAN_POINT('',(29.5,1.,-25.));
#6404 = DIRECTION('',(0.,1.,0.));
#6405 = DIRECTION('',(0.,-0.,1.));
#6406 = ORIENTED_EDGE('',*,*,#5843,.T.);
#6407 = ORIENTED_EDGE('',*,*,#6408,.T.);
#6408 = EDGE_CURVE('',#5836,#5876,#6409,.T.);
#6409 = CIRCLE('',#6410,3.);
#6410 = AXIS2_PLACEMENT_3D('',#6411,#6412,#6413);
#6411 = CARTESIAN_POINT('',(-29.5,1.,-25.));
#6412 = DIRECTION('',(0.,1.,0.));
#6413 = DIRECTION('',(0.,-0.,1.));
#6414 = ORIENTED_EDGE('',*,*,#5875,.T.);
#6415 = ORIENTED_EDGE('',*,*,#6416,.T.);
#6416 = EDGE_CURVE('',#5868,#5907,#6417,.T.);
#6417 = CIRCLE('',#6418,3.);
#6418 = AXIS2_PLACEMENT_3D('',#6419,#6420,#6421);
#6419 = CARTESIAN_POINT('',(-29.5,1.,25.));
#6420 = DIRECTION('',(0.,1.,0.));
#6421 = DIRECTION('',(0.,-0.,1.));
#6422 = ORIENTED_EDGE('',*,*,#5906,.T.);
#6423 = ORIENTED_EDGE('',*,*,#6424,.T.);
#6424 = EDGE_CURVE('',#5899,#5938,#6425,.T.);
#6425 = CIRCLE('',#6426,3.);
#6426 = AXIS2_PLACEMENT_3D('',#6427,#6428,#6429);
#6427 = CARTESIAN_POINT('',(29.5,1.,25.));
#6428 = DIRECTION('',(0.,1.,0.));
#6429 = DIRECTION('',(0.,-0.,1.));
#6430 = PLANE('',#6431);
#6431 = AXIS2_PLACEMENT_3D('',#6432,#6433,#6434);
#6432 = CARTESIAN_POINT('',(0.,1.,0.));
#6433 = DIRECTION('',(0.,1.,0.));
#6434 = DIRECTION('',(0.,-0.,1.));
#6435 = ADVANCED_FACE('',(#6436),#6442,.T.);
#6436 = FACE_BOUND('',#6437,.T.);
#6437 = EDGE_LOOP('',(#6438,#6439,#6440,#6441));
#6438 = ORIENTED_EDGE('',*,*,#6400,.F.);
#6439 = ORIENTED_EDGE('',*,*,#5929,.F.);
#6440 = ORIENTED_EDGE('',*,*,#4606,.F.);
#6441 = ORIENTED_EDGE('',*,*,#5851,.F.);
#6442 = CYLINDRICAL_SURFACE('',#6443,3.);
#6443 = AXIS2_PLACEMENT_3D('',#6444,#6445,#6446);
#6444 = CARTESIAN_POINT('',(29.5,1.,-25.));
#6445 = DIRECTION('',(0.,-1.,0.));
#6446 = DIRECTION('',(0.,0.,-1.));
#6447 = ADVANCED_FACE('',(#6448),#6454,.T.);
#6448 = FACE_BOUND('',#6449,.T.);
#6449 = EDGE_LOOP('',(#6450,#6451,#6452,#6453));
#6450 = ORIENTED_EDGE('',*,*,#6424,.F.);
#6451 = ORIENTED_EDGE('',*,*,#5898,.F.);
#6452 = ORIENTED_EDGE('',*,*,#4623,.F.);
#6453 = ORIENTED_EDGE('',*,*,#5945,.F.);
#6454 = CYLINDRICAL_SURFACE('',#6455,3.);
#6455 = AXIS2_PLACEMENT_3D('',#6456,#6457,#6458);
#6456 = CARTESIAN_POINT('',(29.5,1.,25.));
#6457 = DIRECTION('',(0.,-1.,0.));
#6458 = DIRECTION('',(0.,0.,-1.));
#6459 = ADVANCED_FACE('',(#6460),#6466,.T.);
#6460 = FACE_BOUND('',#6461,.T.);
#6461 = EDGE_LOOP('',(#6462,#6463,#6464,#6465));
#6462 = ORIENTED_EDGE('',*,*,#6416,.F.);
#6463 = ORIENTED_EDGE('',*,*,#5867,.F.);
#6464 = ORIENTED_EDGE('',*,*,#4640,.F.);
#6465 = ORIENTED_EDGE('',*,*,#5914,.F.);
#6466 = CYLINDRICAL_SURFACE('',#6467,3.);
#6467 = AXIS2_PLACEMENT_3D('',#6468,#6469,#6470);
#6468 = CARTESIAN_POINT('',(-29.5,1.,25.));
#6469 = DIRECTION('',(0.,-1.,0.));
#6470 = DIRECTION('',(0.,0.,-1.));
#6471 = ADVANCED_FACE('',(#6472),#6478,.T.);
#6472 = FACE_BOUND('',#6473,.T.);
#6473 = EDGE_LOOP('',(#6474,#6475,#6476,#6477));
#6474 = ORIENTED_EDGE('',*,*,#6408,.F.);
#6475 = ORIENTED_EDGE('',*,*,#5835,.F.);
#6476 = ORIENTED_EDGE('',*,*,#4657,.F.);
#6477 = ORIENTED_EDGE('',*,*,#5883,.F.);
#6478 = CYLINDRICAL_SURFACE('',#6479,3.);
#6479 = AXIS2_PLACEMENT_3D('',#6480,#6481,#6482);
#6480 = CARTESIAN_POINT('',(-29.5,1.,-25.));
#6481 = DIRECTION('',(0.,-1.,0.));
#6482 = DIRECTION('',(0.,0.,-1.));
#6483 = ADVANCED_FACE('',(#6484),#6496,.T.);
#6484 = FACE_BOUND('',#6485,.T.);
#6485 = EDGE_LOOP('',(#6486,#6487,#6494,#6495));
#6486 = ORIENTED_EDGE('',*,*,#2784,.F.);
#6487 = ORIENTED_EDGE('',*,*,#6488,.F.);
#6488 = EDGE_CURVE('',#2776,#2774,#6489,.T.);
#6489 = CIRCLE('',#6490,2.75);
#6490 = AXIS2_PLACEMENT_3D('',#6491,#6492,#6493);
#6491 = CARTESIAN_POINT('',(-29.03072733998,2.6,-24.52866700815));
#6492 = DIRECTION('',(0.,1.,0.));
#6493 = DIRECTION('',(0.,-0.,1.));
#6494 = ORIENTED_EDGE('',*,*,#2801,.T.);
#6495 = ORIENTED_EDGE('',*,*,#6389,.T.);
#6496 = CYLINDRICAL_SURFACE('',#6497,2.75);
#6497 = AXIS2_PLACEMENT_3D('',#6498,#6499,#6500);
#6498 = CARTESIAN_POINT('',(-29.03072733998,2.6,-24.52866700815));
#6499 = DIRECTION('',(-0.,-1.,-0.));
#6500 = DIRECTION('',(0.,0.,-1.));
#6501 = ADVANCED_FACE('',(#6502,#6512),#6516,.T.);
#6502 = FACE_BOUND('',#6503,.T.);
#6503 = EDGE_LOOP('',(#6504,#6511));
#6504 = ORIENTED_EDGE('',*,*,#6505,.F.);
#6505 = EDGE_CURVE('',#2482,#2490,#6506,.T.);
#6506 = CIRCLE('',#6507,1.);
#6507 = AXIS2_PLACEMENT_3D('',#6508,#6509,#6510);
#6508 = CARTESIAN_POINT('',(-29.03072733998,2.6,-24.52866700815));
#6509 = DIRECTION('',(0.,1.,0.));
#6510 = DIRECTION('',(0.,-0.,1.));
#6511 = ORIENTED_EDGE('',*,*,#2489,.F.);
#6512 = FACE_BOUND('',#6513,.T.);
#6513 = EDGE_LOOP('',(#6514,#6515));
#6514 = ORIENTED_EDGE('',*,*,#6488,.T.);
#6515 = ORIENTED_EDGE('',*,*,#2773,.T.);
#6516 = PLANE('',#6517);
#6517 = AXIS2_PLACEMENT_3D('',#6518,#6519,#6520);
#6518 = CARTESIAN_POINT('',(-29.03072733998,2.6,-24.52866700815));
#6519 = DIRECTION('',(0.,1.,0.));
#6520 = DIRECTION('',(0.,-0.,1.));
#6521 = ADVANCED_FACE('',(#6522),#6534,.T.);
#6522 = FACE_BOUND('',#6523,.T.);
#6523 = EDGE_LOOP('',(#6524,#6525,#6532,#6533));
#6524 = ORIENTED_EDGE('',*,*,#2742,.F.);
#6525 = ORIENTED_EDGE('',*,*,#6526,.F.);
#6526 = EDGE_CURVE('',#2734,#2732,#6527,.T.);
#6527 = CIRCLE('',#6528,2.75);
#6528 = AXIS2_PLACEMENT_3D('',#6529,#6530,#6531);
#6529 = CARTESIAN_POINT('',(28.980840432142,2.6,-24.52866700815));
#6530 = DIRECTION('',(0.,1.,0.));
#6531 = DIRECTION('',(0.,-0.,1.));
#6532 = ORIENTED_EDGE('',*,*,#2759,.T.);
#6533 = ORIENTED_EDGE('',*,*,#6379,.T.);
#6534 = CYLINDRICAL_SURFACE('',#6535,2.75);
#6535 = AXIS2_PLACEMENT_3D('',#6536,#6537,#6538);
#6536 = CARTESIAN_POINT('',(28.980840432142,2.6,-24.52866700815));
#6537 = DIRECTION('',(-0.,-1.,-0.));
#6538 = DIRECTION('',(0.,0.,-1.));
#6539 = ADVANCED_FACE('',(#6540,#6550),#6554,.T.);
#6540 = FACE_BOUND('',#6541,.T.);
#6541 = EDGE_LOOP('',(#6542,#6549));
#6542 = ORIENTED_EDGE('',*,*,#6543,.F.);
#6543 = EDGE_CURVE('',#2524,#2532,#6544,.T.);
#6544 = CIRCLE('',#6545,1.);
#6545 = AXIS2_PLACEMENT_3D('',#6546,#6547,#6548);
#6546 = CARTESIAN_POINT('',(28.980840432142,2.6,-24.52866700815));
#6547 = DIRECTION('',(0.,1.,0.));
#6548 = DIRECTION('',(0.,-0.,1.));
#6549 = ORIENTED_EDGE('',*,*,#2531,.F.);
#6550 = FACE_BOUND('',#6551,.T.);
#6551 = EDGE_LOOP('',(#6552,#6553));
#6552 = ORIENTED_EDGE('',*,*,#6526,.T.);
#6553 = ORIENTED_EDGE('',*,*,#2731,.T.);
#6554 = PLANE('',#6555);
#6555 = AXIS2_PLACEMENT_3D('',#6556,#6557,#6558);
#6556 = CARTESIAN_POINT('',(28.980840432142,2.6,-24.52866700815));
#6557 = DIRECTION('',(0.,1.,0.));
#6558 = DIRECTION('',(0.,-0.,1.));
#6559 = ADVANCED_FACE('',(#6560),#6572,.T.);
#6560 = FACE_BOUND('',#6561,.T.);
#6561 = EDGE_LOOP('',(#6562,#6563,#6570,#6571));
#6562 = ORIENTED_EDGE('',*,*,#2700,.F.);
#6563 = ORIENTED_EDGE('',*,*,#6564,.F.);
#6564 = EDGE_CURVE('',#2692,#2690,#6565,.T.);
#6565 = CIRCLE('',#6566,2.75);
#6566 = AXIS2_PLACEMENT_3D('',#6567,#6568,#6569);
#6567 = CARTESIAN_POINT('',(-29.03072733998,2.6,24.506545585421));
#6568 = DIRECTION('',(0.,1.,0.));
#6569 = DIRECTION('',(0.,-0.,1.));
#6570 = ORIENTED_EDGE('',*,*,#2717,.T.);
#6571 = ORIENTED_EDGE('',*,*,#6369,.T.);
#6572 = CYLINDRICAL_SURFACE('',#6573,2.75);
#6573 = AXIS2_PLACEMENT_3D('',#6574,#6575,#6576);
#6574 = CARTESIAN_POINT('',(-29.03072733998,2.6,24.506545585421));
#6575 = DIRECTION('',(-0.,-1.,-0.));
#6576 = DIRECTION('',(0.,0.,-1.));
#6577 = ADVANCED_FACE('',(#6578,#6588),#6592,.T.);
#6578 = FACE_BOUND('',#6579,.T.);
#6579 = EDGE_LOOP('',(#6580,#6587));
#6580 = ORIENTED_EDGE('',*,*,#6581,.F.);
#6581 = EDGE_CURVE('',#2566,#2574,#6582,.T.);
#6582 = CIRCLE('',#6583,1.);
#6583 = AXIS2_PLACEMENT_3D('',#6584,#6585,#6586);
#6584 = CARTESIAN_POINT('',(-29.03072733998,2.6,24.506545585421));
#6585 = DIRECTION('',(0.,1.,0.));
#6586 = DIRECTION('',(0.,-0.,1.));
#6587 = ORIENTED_EDGE('',*,*,#2573,.F.);
#6588 = FACE_BOUND('',#6589,.T.);
#6589 = EDGE_LOOP('',(#6590,#6591));
#6590 = ORIENTED_EDGE('',*,*,#6564,.T.);
#6591 = ORIENTED_EDGE('',*,*,#2689,.T.);
#6592 = PLANE('',#6593);
#6593 = AXIS2_PLACEMENT_3D('',#6594,#6595,#6596);
#6594 = CARTESIAN_POINT('',(-29.03072733998,2.6,24.506545585421));
#6595 = DIRECTION('',(0.,1.,0.));
#6596 = DIRECTION('',(0.,-0.,1.));
#6597 = ADVANCED_FACE('',(#6598),#6610,.T.);
#6598 = FACE_BOUND('',#6599,.T.);
#6599 = EDGE_LOOP('',(#6600,#6601,#6608,#6609));
#6600 = ORIENTED_EDGE('',*,*,#2658,.F.);
#6601 = ORIENTED_EDGE('',*,*,#6602,.F.);
#6602 = EDGE_CURVE('',#2650,#2648,#6603,.T.);
#6603 = CIRCLE('',#6604,2.75);
#6604 = AXIS2_PLACEMENT_3D('',#6605,#6606,#6607);
#6605 = CARTESIAN_POINT('',(28.980840432142,2.6,24.506545585421));
#6606 = DIRECTION('',(0.,1.,0.));
#6607 = DIRECTION('',(0.,-0.,1.));
#6608 = ORIENTED_EDGE('',*,*,#2675,.T.);
#6609 = ORIENTED_EDGE('',*,*,#6359,.T.);
#6610 = CYLINDRICAL_SURFACE('',#6611,2.75);
#6611 = AXIS2_PLACEMENT_3D('',#6612,#6613,#6614);
#6612 = CARTESIAN_POINT('',(28.980840432142,2.6,24.506545585421));
#6613 = DIRECTION('',(-0.,-1.,-0.));
#6614 = DIRECTION('',(0.,0.,-1.));
#6615 = ADVANCED_FACE('',(#6616,#6626),#6630,.T.);
#6616 = FACE_BOUND('',#6617,.T.);
#6617 = EDGE_LOOP('',(#6618,#6625));
#6618 = ORIENTED_EDGE('',*,*,#6619,.F.);
#6619 = EDGE_CURVE('',#2608,#2616,#6620,.T.);
#6620 = CIRCLE('',#6621,1.);
#6621 = AXIS2_PLACEMENT_3D('',#6622,#6623,#6624);
#6622 = CARTESIAN_POINT('',(28.980840432142,2.6,24.506545585421));
#6623 = DIRECTION('',(0.,1.,0.));
#6624 = DIRECTION('',(0.,-0.,1.));
#6625 = ORIENTED_EDGE('',*,*,#2615,.F.);
#6626 = FACE_BOUND('',#6627,.T.);
#6627 = EDGE_LOOP('',(#6628,#6629));
#6628 = ORIENTED_EDGE('',*,*,#6602,.T.);
#6629 = ORIENTED_EDGE('',*,*,#2647,.T.);
#6630 = PLANE('',#6631);
#6631 = AXIS2_PLACEMENT_3D('',#6632,#6633,#6634);
#6632 = CARTESIAN_POINT('',(28.980840432142,2.6,24.506545585421));
#6633 = DIRECTION('',(0.,1.,0.));
#6634 = DIRECTION('',(0.,-0.,1.));
#6635 = ADVANCED_FACE('',(#6636),#6648,.F.);
#6636 = FACE_BOUND('',#6637,.F.);
#6637 = EDGE_LOOP('',(#6638,#6639,#6640,#6647));
#6638 = ORIENTED_EDGE('',*,*,#6619,.F.);
#6639 = ORIENTED_EDGE('',*,*,#2605,.F.);
#6640 = ORIENTED_EDGE('',*,*,#6641,.T.);
#6641 = EDGE_CURVE('',#2606,#2625,#6642,.T.);
#6642 = CIRCLE('',#6643,1.);
#6643 = AXIS2_PLACEMENT_3D('',#6644,#6645,#6646);
#6644 = CARTESIAN_POINT('',(28.980840432142,-0.5,24.506545585421));
#6645 = DIRECTION('',(-0.,1.,0.));
#6646 = DIRECTION('',(0.,0.,-1.));
#6647 = ORIENTED_EDGE('',*,*,#2624,.T.);
#6648 = CYLINDRICAL_SURFACE('',#6649,1.);
#6649 = AXIS2_PLACEMENT_3D('',#6650,#6651,#6652);
#6650 = CARTESIAN_POINT('',(28.980840432142,-1.E-03,24.506545585421));
#6651 = DIRECTION('',(-0.,1.,-0.));
#6652 = DIRECTION('',(0.,0.,1.));
#6653 = ADVANCED_FACE('',(#6654),#6666,.F.);
#6654 = FACE_BOUND('',#6655,.F.);
#6655 = EDGE_LOOP('',(#6656,#6657,#6658,#6665));
#6656 = ORIENTED_EDGE('',*,*,#6581,.F.);
#6657 = ORIENTED_EDGE('',*,*,#2563,.F.);
#6658 = ORIENTED_EDGE('',*,*,#6659,.T.);
#6659 = EDGE_CURVE('',#2564,#2583,#6660,.T.);
#6660 = CIRCLE('',#6661,1.);
#6661 = AXIS2_PLACEMENT_3D('',#6662,#6663,#6664);
#6662 = CARTESIAN_POINT('',(-29.03072733998,-0.5,24.506545585421));
#6663 = DIRECTION('',(-0.,1.,0.));
#6664 = DIRECTION('',(0.,0.,-1.));
#6665 = ORIENTED_EDGE('',*,*,#2582,.T.);
#6666 = CYLINDRICAL_SURFACE('',#6667,1.);
#6667 = AXIS2_PLACEMENT_3D('',#6668,#6669,#6670);
#6668 = CARTESIAN_POINT('',(-29.03072733998,-1.E-03,24.506545585421));
#6669 = DIRECTION('',(-0.,1.,-0.));
#6670 = DIRECTION('',(0.,0.,1.));
#6671 = ADVANCED_FACE('',(#6672),#6684,.F.);
#6672 = FACE_BOUND('',#6673,.F.);
#6673 = EDGE_LOOP('',(#6674,#6675,#6676,#6683));
#6674 = ORIENTED_EDGE('',*,*,#6543,.F.);
#6675 = ORIENTED_EDGE('',*,*,#2521,.F.);
#6676 = ORIENTED_EDGE('',*,*,#6677,.T.);
#6677 = EDGE_CURVE('',#2522,#2541,#6678,.T.);
#6678 = CIRCLE('',#6679,1.);
#6679 = AXIS2_PLACEMENT_3D('',#6680,#6681,#6682);
#6680 = CARTESIAN_POINT('',(28.980840432142,-0.5,-24.52866700815));
#6681 = DIRECTION('',(-0.,1.,0.));
#6682 = DIRECTION('',(0.,0.,-1.));
#6683 = ORIENTED_EDGE('',*,*,#2540,.T.);
#6684 = CYLINDRICAL_SURFACE('',#6685,1.);
#6685 = AXIS2_PLACEMENT_3D('',#6686,#6687,#6688);
#6686 = CARTESIAN_POINT('',(28.980840432142,-1.E-03,-24.52866700815));
#6687 = DIRECTION('',(-0.,1.,-0.));
#6688 = DIRECTION('',(0.,0.,1.));
#6689 = ADVANCED_FACE('',(#6690),#6702,.F.);
#6690 = FACE_BOUND('',#6691,.F.);
#6691 = EDGE_LOOP('',(#6692,#6693,#6694,#6701));
#6692 = ORIENTED_EDGE('',*,*,#6505,.F.);
#6693 = ORIENTED_EDGE('',*,*,#2479,.F.);
#6694 = ORIENTED_EDGE('',*,*,#6695,.T.);
#6695 = EDGE_CURVE('',#2480,#2499,#6696,.T.);
#6696 = CIRCLE('',#6697,1.);
#6697 = AXIS2_PLACEMENT_3D('',#6698,#6699,#6700);
#6698 = CARTESIAN_POINT('',(-29.03072733998,-0.5,-24.52866700815));
#6699 = DIRECTION('',(-0.,1.,0.));
#6700 = DIRECTION('',(0.,0.,-1.));
#6701 = ORIENTED_EDGE('',*,*,#2498,.T.);
#6702 = CYLINDRICAL_SURFACE('',#6703,1.);
#6703 = AXIS2_PLACEMENT_3D('',#6704,#6705,#6706);
#6704 = CARTESIAN_POINT('',(-29.03072733998,-1.E-03,-24.52866700815));
#6705 = DIRECTION('',(-0.,1.,-0.));
#6706 = DIRECTION('',(0.,0.,1.));
#6707 = ADVANCED_FACE('',(#6708),#6733,.F.);
#6708 = FACE_BOUND('',#6709,.T.);
#6709 = EDGE_LOOP('',(#6710,#6718,#6719,#6727));
#6710 = ORIENTED_EDGE('',*,*,#6711,.T.);
#6711 = EDGE_CURVE('',#6712,#5550,#6714,.T.);
#6712 = VERTEX_POINT('',#6713);
#6713 = CARTESIAN_POINT('',(25.5,-1.,-29.));
#6714 = LINE('',#6715,#6716);
#6715 = CARTESIAN_POINT('',(25.5,-1.,-28.));
#6716 = VECTOR('',#6717,1.);
#6717 = DIRECTION('',(0.,-5.810389202764E-34,1.));
#6718 = ORIENTED_EDGE('',*,*,#5549,.F.);
#6719 = ORIENTED_EDGE('',*,*,#6720,.T.);
#6720 = EDGE_CURVE('',#5541,#6721,#6723,.T.);
#6721 = VERTEX_POINT('',#6722);
#6722 = CARTESIAN_POINT('',(25.5,-2.2,-29.));
#6723 = LINE('',#6724,#6725);
#6724 = CARTESIAN_POINT('',(25.5,-2.2,-29.));
#6725 = VECTOR('',#6726,1.);
#6726 = DIRECTION('',(-0.,0.,-1.));
#6727 = ORIENTED_EDGE('',*,*,#6728,.F.);
#6728 = EDGE_CURVE('',#6712,#6721,#6729,.T.);
#6729 = LINE('',#6730,#6731);
#6730 = CARTESIAN_POINT('',(25.5,-3.2,-29.));
#6731 = VECTOR('',#6732,1.);
#6732 = DIRECTION('',(-0.,-1.,-0.));
#6733 = PLANE('',#6734);
#6734 = AXIS2_PLACEMENT_3D('',#6735,#6736,#6737);
#6735 = CARTESIAN_POINT('',(25.5,-3.2,-28.));
#6736 = DIRECTION('',(-1.,0.,0.));
#6737 = DIRECTION('',(0.,0.,1.));
#6738 = ADVANCED_FACE('',(#6739),#6764,.T.);
#6739 = FACE_BOUND('',#6740,.T.);
#6740 = EDGE_LOOP('',(#6741,#6751,#6757,#6758));
#6741 = ORIENTED_EDGE('',*,*,#6742,.F.);
#6742 = EDGE_CURVE('',#6743,#6745,#6747,.T.);
#6743 = VERTEX_POINT('',#6744);
#6744 = CARTESIAN_POINT('',(24.5,-3.2,-29.));
#6745 = VERTEX_POINT('',#6746);
#6746 = CARTESIAN_POINT('',(17.5,-3.2,-29.));
#6747 = LINE('',#6748,#6749);
#6748 = CARTESIAN_POINT('',(16.5,-3.2,-29.));
#6749 = VECTOR('',#6750,1.);
#6750 = DIRECTION('',(-1.,1.445602896647E-16,-0.));
#6751 = ORIENTED_EDGE('',*,*,#6752,.T.);
#6752 = EDGE_CURVE('',#6743,#5533,#6753,.T.);
#6753 = LINE('',#6754,#6755);
#6754 = CARTESIAN_POINT('',(24.5,-3.2,-20.6));
#6755 = VECTOR('',#6756,1.);
#6756 = DIRECTION('',(0.,0.,1.));
#6757 = ORIENTED_EDGE('',*,*,#5532,.T.);
#6758 = ORIENTED_EDGE('',*,*,#6759,.T.);
#6759 = EDGE_CURVE('',#5524,#6745,#6760,.T.);
#6760 = LINE('',#6761,#6762);
#6761 = CARTESIAN_POINT('',(17.5,-3.2,-29.));
#6762 = VECTOR('',#6763,1.);
#6763 = DIRECTION('',(0.,0.,-1.));
#6764 = PLANE('',#6765);
#6765 = AXIS2_PLACEMENT_3D('',#6766,#6767,#6768);
#6766 = CARTESIAN_POINT('',(0.,-3.2,0.));
#6767 = DIRECTION('',(0.,-1.,0.));
#6768 = DIRECTION('',(0.,-0.,-1.));
#6769 = ADVANCED_FACE('',(#6770),#6795,.F.);
#6770 = FACE_BOUND('',#6771,.T.);
#6771 = EDGE_LOOP('',(#6772,#6773,#6781,#6789));
#6772 = ORIENTED_EDGE('',*,*,#5821,.T.);
#6773 = ORIENTED_EDGE('',*,*,#6774,.T.);
#6774 = EDGE_CURVE('',#4591,#6775,#6777,.T.);
#6775 = VERTEX_POINT('',#6776);
#6776 = CARTESIAN_POINT('',(24.5,-5.442874662877E-18,-29.));
#6777 = LINE('',#6778,#6779);
#6778 = CARTESIAN_POINT('',(24.5,-5.442874662877E-18,-29.));
#6779 = VECTOR('',#6780,1.);
#6780 = DIRECTION('',(-0.,5.810389202764E-34,-1.));
#6781 = ORIENTED_EDGE('',*,*,#6782,.F.);
#6782 = EDGE_CURVE('',#6783,#6775,#6785,.T.);
#6783 = VERTEX_POINT('',#6784);
#6784 = CARTESIAN_POINT('',(17.5,-4.354299730302E-17,-29.));
#6785 = LINE('',#6786,#6787);
#6786 = CARTESIAN_POINT('',(16.5,-4.898587196589E-17,-29.));
#6787 = VECTOR('',#6788,1.);
#6788 = DIRECTION('',(1.,5.442874662877E-18,0.));
#6789 = ORIENTED_EDGE('',*,*,#6790,.T.);
#6790 = EDGE_CURVE('',#6783,#4699,#6791,.T.);
#6791 = LINE('',#6792,#6793);
#6792 = CARTESIAN_POINT('',(17.5,-4.354299730302E-17,-29.));
#6793 = VECTOR('',#6794,1.);
#6794 = DIRECTION('',(0.,-5.810389202764E-34,1.));
#6795 = PLANE('',#6796);
#6796 = AXIS2_PLACEMENT_3D('',#6797,#6798,#6799);
#6797 = CARTESIAN_POINT('',(16.5,-4.898587196589E-17,-29.));
#6798 = DIRECTION('',(5.442874662877E-18,-1.,-5.810389202764E-34));
#6799 = DIRECTION('',(1.,5.442874662877E-18,2.312093441036E-67));
#6800 = ADVANCED_FACE('',(#6801,#6871),#6905,.T.);
#6801 = FACE_BOUND('',#6802,.T.);
#6802 = EDGE_LOOP('',(#6803,#6814,#6822,#6831,#6839,#6848,#6856,#6865));
#6803 = ORIENTED_EDGE('',*,*,#6804,.F.);
#6804 = EDGE_CURVE('',#6805,#6807,#6809,.T.);
#6805 = VERTEX_POINT('',#6806);
#6806 = CARTESIAN_POINT('',(16.7,-1.,-29.));
#6807 = VERTEX_POINT('',#6808);
#6808 = CARTESIAN_POINT('',(17.5,-0.2,-29.));
#6809 = CIRCLE('',#6810,0.8);
#6810 = AXIS2_PLACEMENT_3D('',#6811,#6812,#6813);
#6811 = CARTESIAN_POINT('',(17.5,-1.,-29.));
#6812 = DIRECTION('',(0.,0.,-1.));
#6813 = DIRECTION('',(-1.,0.,0.));
#6814 = ORIENTED_EDGE('',*,*,#6815,.F.);
#6815 = EDGE_CURVE('',#6816,#6805,#6818,.T.);
#6816 = VERTEX_POINT('',#6817);
#6817 = CARTESIAN_POINT('',(16.7,-2.2,-29.));
#6818 = LINE('',#6819,#6820);
#6819 = CARTESIAN_POINT('',(16.7,-2.2,-29.));
#6820 = VECTOR('',#6821,1.);
#6821 = DIRECTION('',(0.,1.,0.));
#6822 = ORIENTED_EDGE('',*,*,#6823,.F.);
#6823 = EDGE_CURVE('',#6824,#6816,#6826,.T.);
#6824 = VERTEX_POINT('',#6825);
#6825 = CARTESIAN_POINT('',(17.5,-3.,-29.));
#6826 = CIRCLE('',#6827,0.8);
#6827 = AXIS2_PLACEMENT_3D('',#6828,#6829,#6830);
#6828 = CARTESIAN_POINT('',(17.5,-2.2,-29.));
#6829 = DIRECTION('',(0.,0.,-1.));
#6830 = DIRECTION('',(-1.,0.,0.));
#6831 = ORIENTED_EDGE('',*,*,#6832,.F.);
#6832 = EDGE_CURVE('',#6833,#6824,#6835,.T.);
#6833 = VERTEX_POINT('',#6834);
#6834 = CARTESIAN_POINT('',(24.5,-3.,-29.));
#6835 = LINE('',#6836,#6837);
#6836 = CARTESIAN_POINT('',(24.5,-3.,-29.));
#6837 = VECTOR('',#6838,1.);
#6838 = DIRECTION('',(-1.,1.858632295689E-16,0.));
#6839 = ORIENTED_EDGE('',*,*,#6840,.F.);
#6840 = EDGE_CURVE('',#6841,#6833,#6843,.T.);
#6841 = VERTEX_POINT('',#6842);
#6842 = CARTESIAN_POINT('',(25.3,-2.2,-29.));
#6843 = CIRCLE('',#6844,0.8);
#6844 = AXIS2_PLACEMENT_3D('',#6845,#6846,#6847);
#6845 = CARTESIAN_POINT('',(24.5,-2.2,-29.));
#6846 = DIRECTION('',(0.,0.,-1.));
#6847 = DIRECTION('',(-1.,0.,0.));
#6848 = ORIENTED_EDGE('',*,*,#6849,.F.);
#6849 = EDGE_CURVE('',#6850,#6841,#6852,.T.);
#6850 = VERTEX_POINT('',#6851);
#6851 = CARTESIAN_POINT('',(25.3,-1.,-29.));
#6852 = LINE('',#6853,#6854);
#6853 = CARTESIAN_POINT('',(25.3,-1.,-29.));
#6854 = VECTOR('',#6855,1.);
#6855 = DIRECTION('',(0.,-1.,0.));
#6856 = ORIENTED_EDGE('',*,*,#6857,.F.);
#6857 = EDGE_CURVE('',#6858,#6850,#6860,.T.);
#6858 = VERTEX_POINT('',#6859);
#6859 = CARTESIAN_POINT('',(24.5,-0.2,-29.));
#6860 = CIRCLE('',#6861,0.8);
#6861 = AXIS2_PLACEMENT_3D('',#6862,#6863,#6864);
#6862 = CARTESIAN_POINT('',(24.5,-1.,-29.));
#6863 = DIRECTION('',(0.,0.,-1.));
#6864 = DIRECTION('',(-1.,0.,0.));
#6865 = ORIENTED_EDGE('',*,*,#6866,.F.);
#6866 = EDGE_CURVE('',#6807,#6858,#6867,.T.);
#6867 = LINE('',#6868,#6869);
#6868 = CARTESIAN_POINT('',(17.5,-0.2,-29.));
#6869 = VECTOR('',#6870,1.);
#6870 = DIRECTION('',(1.,3.87215061602E-18,0.));
#6871 = FACE_BOUND('',#6872,.T.);
#6872 = EDGE_LOOP('',(#6873,#6874,#6881,#6882,#6889,#6890,#6897,#6898));
#6873 = ORIENTED_EDGE('',*,*,#6782,.T.);
#6874 = ORIENTED_EDGE('',*,*,#6875,.T.);
#6875 = EDGE_CURVE('',#6775,#6712,#6876,.T.);
#6876 = CIRCLE('',#6877,1.);
#6877 = AXIS2_PLACEMENT_3D('',#6878,#6879,#6880);
#6878 = CARTESIAN_POINT('',(24.5,-1.,-29.));
#6879 = DIRECTION('',(0.,0.,-1.));
#6880 = DIRECTION('',(-1.,0.,0.));
#6881 = ORIENTED_EDGE('',*,*,#6728,.T.);
#6882 = ORIENTED_EDGE('',*,*,#6883,.T.);
#6883 = EDGE_CURVE('',#6721,#6743,#6884,.T.);
#6884 = CIRCLE('',#6885,1.);
#6885 = AXIS2_PLACEMENT_3D('',#6886,#6887,#6888);
#6886 = CARTESIAN_POINT('',(24.5,-2.2,-29.));
#6887 = DIRECTION('',(0.,0.,-1.));
#6888 = DIRECTION('',(-1.,0.,0.));
#6889 = ORIENTED_EDGE('',*,*,#6742,.T.);
#6890 = ORIENTED_EDGE('',*,*,#6891,.T.);
#6891 = EDGE_CURVE('',#6745,#5630,#6892,.T.);
#6892 = CIRCLE('',#6893,1.);
#6893 = AXIS2_PLACEMENT_3D('',#6894,#6895,#6896);
#6894 = CARTESIAN_POINT('',(17.5,-2.2,-29.));
#6895 = DIRECTION('',(0.,0.,-1.));
#6896 = DIRECTION('',(-1.,0.,0.));
#6897 = ORIENTED_EDGE('',*,*,#5629,.T.);
#6898 = ORIENTED_EDGE('',*,*,#6899,.T.);
#6899 = EDGE_CURVE('',#5622,#6783,#6900,.T.);
#6900 = CIRCLE('',#6901,1.);
#6901 = AXIS2_PLACEMENT_3D('',#6902,#6903,#6904);
#6902 = CARTESIAN_POINT('',(17.5,-1.,-29.));
#6903 = DIRECTION('',(0.,0.,-1.));
#6904 = DIRECTION('',(-1.,0.,0.));
#6905 = PLANE('',#6906);
#6906 = AXIS2_PLACEMENT_3D('',#6907,#6908,#6909);
#6907 = CARTESIAN_POINT('',(-1.067522139063E-16,0.,-29.));
#6908 = DIRECTION('',(0.,0.,-1.));
#6909 = DIRECTION('',(-1.,0.,-0.));
#6910 = ADVANCED_FACE('',(#6911),#6925,.T.);
#6911 = FACE_BOUND('',#6912,.T.);
#6912 = EDGE_LOOP('',(#6913,#6914,#6915,#6916,#6923,#6924));
#6913 = ORIENTED_EDGE('',*,*,#6875,.F.);
#6914 = ORIENTED_EDGE('',*,*,#6774,.F.);
#6915 = ORIENTED_EDGE('',*,*,#4590,.F.);
#6916 = ORIENTED_EDGE('',*,*,#6917,.T.);
#6917 = EDGE_CURVE('',#4583,#5558,#6918,.T.);
#6918 = CIRCLE('',#6919,1.);
#6919 = AXIS2_PLACEMENT_3D('',#6920,#6921,#6922);
#6920 = CARTESIAN_POINT('',(24.5,-1.,-20.6));
#6921 = DIRECTION('',(-0.,0.,-1.));
#6922 = DIRECTION('',(-1.,0.,0.));
#6923 = ORIENTED_EDGE('',*,*,#5557,.T.);
#6924 = ORIENTED_EDGE('',*,*,#6711,.F.);
#6925 = CYLINDRICAL_SURFACE('',#6926,1.);
#6926 = AXIS2_PLACEMENT_3D('',#6927,#6928,#6929);
#6927 = CARTESIAN_POINT('',(24.5,-1.,-28.));
#6928 = DIRECTION('',(0.,-5.810389202764E-34,1.));
#6929 = DIRECTION('',(-0.,-1.,-5.810389202764E-34));
#6930 = ADVANCED_FACE('',(#6931),#6937,.T.);
#6931 = FACE_BOUND('',#6932,.T.);
#6932 = EDGE_LOOP('',(#6933,#6934,#6935,#6936));
#6933 = ORIENTED_EDGE('',*,*,#6883,.F.);
#6934 = ORIENTED_EDGE('',*,*,#6720,.F.);
#6935 = ORIENTED_EDGE('',*,*,#5540,.F.);
#6936 = ORIENTED_EDGE('',*,*,#6752,.F.);
#6937 = CYLINDRICAL_SURFACE('',#6938,1.);
#6938 = AXIS2_PLACEMENT_3D('',#6939,#6940,#6941);
#6939 = CARTESIAN_POINT('',(24.5,-2.2,0.));
#6940 = DIRECTION('',(0.,0.,-1.));
#6941 = DIRECTION('',(-1.,0.,0.));
#6942 = ADVANCED_FACE('',(#6943),#6949,.T.);
#6943 = FACE_BOUND('',#6944,.T.);
#6944 = EDGE_LOOP('',(#6945,#6946,#6947,#6948));
#6945 = ORIENTED_EDGE('',*,*,#5523,.F.);
#6946 = ORIENTED_EDGE('',*,*,#5637,.F.);
#6947 = ORIENTED_EDGE('',*,*,#6891,.F.);
#6948 = ORIENTED_EDGE('',*,*,#6759,.F.);
#6949 = CYLINDRICAL_SURFACE('',#6950,1.);
#6950 = AXIS2_PLACEMENT_3D('',#6951,#6952,#6953);
#6951 = CARTESIAN_POINT('',(17.5,-2.2,0.));
#6952 = DIRECTION('',(0.,0.,1.));
#6953 = DIRECTION('',(1.,0.,-0.));
#6954 = ADVANCED_FACE('',(#6955),#6962,.T.);
#6955 = FACE_BOUND('',#6956,.T.);
#6956 = EDGE_LOOP('',(#6957,#6958,#6959,#6960,#6961));
#6957 = ORIENTED_EDGE('',*,*,#6899,.F.);
#6958 = ORIENTED_EDGE('',*,*,#5621,.F.);
#6959 = ORIENTED_EDGE('',*,*,#5506,.T.);
#6960 = ORIENTED_EDGE('',*,*,#4706,.T.);
#6961 = ORIENTED_EDGE('',*,*,#6790,.F.);
#6962 = CYLINDRICAL_SURFACE('',#6963,1.);
#6963 = AXIS2_PLACEMENT_3D('',#6964,#6965,#6966);
#6964 = CARTESIAN_POINT('',(17.5,-1.,-29.));
#6965 = DIRECTION('',(0.,-5.810389202764E-34,1.));
#6966 = DIRECTION('',(-0.,-1.,-5.810389202764E-34));
#6967 = ADVANCED_FACE('',(#6968),#6980,.T.);
#6968 = FACE_BOUND('',#6969,.T.);
#6969 = EDGE_LOOP('',(#6970,#6971,#6978,#6979));
#6970 = ORIENTED_EDGE('',*,*,#2448,.F.);
#6971 = ORIENTED_EDGE('',*,*,#6972,.T.);
#6972 = EDGE_CURVE('',#2238,#2236,#6973,.T.);
#6973 = CIRCLE('',#6974,7.);
#6974 = AXIS2_PLACEMENT_3D('',#6975,#6976,#6977);
#6975 = CARTESIAN_POINT('',(-17.5,-1.8,6.938893903907E-15));
#6976 = DIRECTION('',(-0.,1.,0.));
#6977 = DIRECTION('',(0.,0.,-1.));
#6978 = ORIENTED_EDGE('',*,*,#2465,.T.);
#6979 = ORIENTED_EDGE('',*,*,#3966,.T.);
#6980 = CYLINDRICAL_SURFACE('',#6981,7.);
#6981 = AXIS2_PLACEMENT_3D('',#6982,#6983,#6984);
#6982 = CARTESIAN_POINT('',(-17.5,-2.,6.938893903907E-15));
#6983 = DIRECTION('',(-0.,1.,-0.));
#6984 = DIRECTION('',(0.,0.,1.));
#6985 = ADVANCED_FACE('',(#6986),#6996,.T.);
#6986 = FACE_BOUND('',#6987,.T.);
#6987 = EDGE_LOOP('',(#6988,#6989));
#6988 = ORIENTED_EDGE('',*,*,#2255,.T.);
#6989 = ORIENTED_EDGE('',*,*,#6990,.T.);
#6990 = EDGE_CURVE('',#2247,#2256,#6991,.T.);
#6991 = CIRCLE('',#6992,6.8);
#6992 = AXIS2_PLACEMENT_3D('',#6993,#6994,#6995);
#6993 = CARTESIAN_POINT('',(-17.5,-2.,6.938893903907E-15));
#6994 = DIRECTION('',(0.,-1.,0.));
#6995 = DIRECTION('',(0.,0.,-1.));
#6996 = PLANE('',#6997);
#6997 = AXIS2_PLACEMENT_3D('',#6998,#6999,#7000);
#6998 = CARTESIAN_POINT('',(-17.5,-2.,6.938893903907E-15));
#6999 = DIRECTION('',(0.,-1.,0.));
#7000 = DIRECTION('',(0.,-0.,-1.));
#7001 = ADVANCED_FACE('',(#7002),#7014,.T.);
#7002 = FACE_BOUND('',#7003,.T.);
#7003 = EDGE_LOOP('',(#7004,#7005,#7012,#7013));
#7004 = ORIENTED_EDGE('',*,*,#2416,.F.);
#7005 = ORIENTED_EDGE('',*,*,#7006,.F.);
#7006 = EDGE_CURVE('',#2408,#2406,#7007,.T.);
#7007 = CIRCLE('',#7008,2.);
#7008 = AXIS2_PLACEMENT_3D('',#7009,#7010,#7011);
#7009 = CARTESIAN_POINT('',(28.980840432142,-0.5,24.506545585421));
#7010 = DIRECTION('',(0.,-1.,0.));
#7011 = DIRECTION('',(0.,0.,-1.));
#7012 = ORIENTED_EDGE('',*,*,#2433,.T.);
#7013 = ORIENTED_EDGE('',*,*,#3976,.T.);
#7014 = CYLINDRICAL_SURFACE('',#7015,2.);
#7015 = AXIS2_PLACEMENT_3D('',#7016,#7017,#7018);
#7016 = CARTESIAN_POINT('',(28.980840432142,-0.5,24.506545585421));
#7017 = DIRECTION('',(-0.,1.,-0.));
#7018 = DIRECTION('',(0.,0.,1.));
#7019 = ADVANCED_FACE('',(#7020,#7024),#7028,.T.);
#7020 = FACE_BOUND('',#7021,.T.);
#7021 = EDGE_LOOP('',(#7022,#7023));
#7022 = ORIENTED_EDGE('',*,*,#6641,.T.);
#7023 = ORIENTED_EDGE('',*,*,#2632,.T.);
#7024 = FACE_BOUND('',#7025,.T.);
#7025 = EDGE_LOOP('',(#7026,#7027));
#7026 = ORIENTED_EDGE('',*,*,#7006,.T.);
#7027 = ORIENTED_EDGE('',*,*,#2405,.T.);
#7028 = PLANE('',#7029);
#7029 = AXIS2_PLACEMENT_3D('',#7030,#7031,#7032);
#7030 = CARTESIAN_POINT('',(28.980840432142,-0.5,24.506545585421));
#7031 = DIRECTION('',(0.,-1.,0.));
#7032 = DIRECTION('',(0.,-0.,-1.));
#7033 = ADVANCED_FACE('',(#7034),#7046,.T.);
#7034 = FACE_BOUND('',#7035,.T.);
#7035 = EDGE_LOOP('',(#7036,#7037,#7044,#7045));
#7036 = ORIENTED_EDGE('',*,*,#2374,.F.);
#7037 = ORIENTED_EDGE('',*,*,#7038,.F.);
#7038 = EDGE_CURVE('',#2366,#2364,#7039,.T.);
#7039 = CIRCLE('',#7040,2.);
#7040 = AXIS2_PLACEMENT_3D('',#7041,#7042,#7043);
#7041 = CARTESIAN_POINT('',(28.980840432142,-0.5,-24.52866700815));
#7042 = DIRECTION('',(0.,-1.,0.));
#7043 = DIRECTION('',(0.,0.,-1.));
#7044 = ORIENTED_EDGE('',*,*,#2391,.T.);
#7045 = ORIENTED_EDGE('',*,*,#3986,.T.);
#7046 = CYLINDRICAL_SURFACE('',#7047,2.);
#7047 = AXIS2_PLACEMENT_3D('',#7048,#7049,#7050);
#7048 = CARTESIAN_POINT('',(28.980840432142,-0.5,-24.52866700815));
#7049 = DIRECTION('',(-0.,1.,-0.));
#7050 = DIRECTION('',(0.,0.,1.));
#7051 = ADVANCED_FACE('',(#7052,#7056),#7060,.T.);
#7052 = FACE_BOUND('',#7053,.T.);
#7053 = EDGE_LOOP('',(#7054,#7055));
#7054 = ORIENTED_EDGE('',*,*,#6677,.T.);
#7055 = ORIENTED_EDGE('',*,*,#2548,.T.);
#7056 = FACE_BOUND('',#7057,.T.);
#7057 = EDGE_LOOP('',(#7058,#7059));
#7058 = ORIENTED_EDGE('',*,*,#7038,.T.);
#7059 = ORIENTED_EDGE('',*,*,#2363,.T.);
#7060 = PLANE('',#7061);
#7061 = AXIS2_PLACEMENT_3D('',#7062,#7063,#7064);
#7062 = CARTESIAN_POINT('',(28.980840432142,-0.5,-24.52866700815));
#7063 = DIRECTION('',(0.,-1.,0.));
#7064 = DIRECTION('',(0.,-0.,-1.));
#7065 = ADVANCED_FACE('',(#7066),#7078,.T.);
#7066 = FACE_BOUND('',#7067,.T.);
#7067 = EDGE_LOOP('',(#7068,#7069,#7076,#7077));
#7068 = ORIENTED_EDGE('',*,*,#2332,.F.);
#7069 = ORIENTED_EDGE('',*,*,#7070,.F.);
#7070 = EDGE_CURVE('',#2324,#2322,#7071,.T.);
#7071 = CIRCLE('',#7072,2.);
#7072 = AXIS2_PLACEMENT_3D('',#7073,#7074,#7075);
#7073 = CARTESIAN_POINT('',(-29.03072733998,-0.5,-24.52866700815));
#7074 = DIRECTION('',(0.,-1.,0.));
#7075 = DIRECTION('',(0.,0.,-1.));
#7076 = ORIENTED_EDGE('',*,*,#2349,.T.);
#7077 = ORIENTED_EDGE('',*,*,#3996,.T.);
#7078 = CYLINDRICAL_SURFACE('',#7079,2.);
#7079 = AXIS2_PLACEMENT_3D('',#7080,#7081,#7082);
#7080 = CARTESIAN_POINT('',(-29.03072733998,-0.5,-24.52866700815));
#7081 = DIRECTION('',(-0.,1.,-0.));
#7082 = DIRECTION('',(0.,0.,1.));
#7083 = ADVANCED_FACE('',(#7084,#7088),#7092,.T.);
#7084 = FACE_BOUND('',#7085,.T.);
#7085 = EDGE_LOOP('',(#7086,#7087));
#7086 = ORIENTED_EDGE('',*,*,#6695,.T.);
#7087 = ORIENTED_EDGE('',*,*,#2506,.T.);
#7088 = FACE_BOUND('',#7089,.T.);
#7089 = EDGE_LOOP('',(#7090,#7091));
#7090 = ORIENTED_EDGE('',*,*,#7070,.T.);
#7091 = ORIENTED_EDGE('',*,*,#2321,.T.);
#7092 = PLANE('',#7093);
#7093 = AXIS2_PLACEMENT_3D('',#7094,#7095,#7096);
#7094 = CARTESIAN_POINT('',(-29.03072733998,-0.5,-24.52866700815));
#7095 = DIRECTION('',(0.,-1.,0.));
#7096 = DIRECTION('',(0.,-0.,-1.));
#7097 = ADVANCED_FACE('',(#7098),#7110,.T.);
#7098 = FACE_BOUND('',#7099,.T.);
#7099 = EDGE_LOOP('',(#7100,#7101,#7108,#7109));
#7100 = ORIENTED_EDGE('',*,*,#2290,.F.);
#7101 = ORIENTED_EDGE('',*,*,#7102,.F.);
#7102 = EDGE_CURVE('',#2282,#2280,#7103,.T.);
#7103 = CIRCLE('',#7104,2.);
#7104 = AXIS2_PLACEMENT_3D('',#7105,#7106,#7107);
#7105 = CARTESIAN_POINT('',(-29.03072733998,-0.5,24.506545585421));
#7106 = DIRECTION('',(0.,-1.,0.));
#7107 = DIRECTION('',(0.,0.,-1.));
#7108 = ORIENTED_EDGE('',*,*,#2307,.T.);
#7109 = ORIENTED_EDGE('',*,*,#4006,.T.);
#7110 = CYLINDRICAL_SURFACE('',#7111,2.);
#7111 = AXIS2_PLACEMENT_3D('',#7112,#7113,#7114);
#7112 = CARTESIAN_POINT('',(-29.03072733998,-0.5,24.506545585421));
#7113 = DIRECTION('',(-0.,1.,-0.));
#7114 = DIRECTION('',(0.,0.,1.));
#7115 = ADVANCED_FACE('',(#7116,#7120),#7124,.T.);
#7116 = FACE_BOUND('',#7117,.T.);
#7117 = EDGE_LOOP('',(#7118,#7119));
#7118 = ORIENTED_EDGE('',*,*,#6659,.T.);
#7119 = ORIENTED_EDGE('',*,*,#2590,.T.);
#7120 = FACE_BOUND('',#7121,.T.);
#7121 = EDGE_LOOP('',(#7122,#7123));
#7122 = ORIENTED_EDGE('',*,*,#7102,.T.);
#7123 = ORIENTED_EDGE('',*,*,#2279,.T.);
#7124 = PLANE('',#7125);
#7125 = AXIS2_PLACEMENT_3D('',#7126,#7127,#7128);
#7126 = CARTESIAN_POINT('',(-29.03072733998,-0.5,24.506545585421));
#7127 = DIRECTION('',(0.,-1.,0.));
#7128 = DIRECTION('',(0.,-0.,-1.));
#7129 = ADVANCED_FACE('',(#7130),#7156,.F.);
#7130 = FACE_BOUND('',#7131,.F.);
#7131 = EDGE_LOOP('',(#7132,#7140,#7149,#7155));
#7132 = ORIENTED_EDGE('',*,*,#7133,.F.);
#7133 = EDGE_CURVE('',#7134,#6805,#7136,.T.);
#7134 = VERTEX_POINT('',#7135);
#7135 = CARTESIAN_POINT('',(16.7,-1.,-21.));
#7136 = LINE('',#7137,#7138);
#7137 = CARTESIAN_POINT('',(16.7,-1.,-21.));
#7138 = VECTOR('',#7139,1.);
#7139 = DIRECTION('',(-0.,-0.,-1.));
#7140 = ORIENTED_EDGE('',*,*,#7141,.T.);
#7141 = EDGE_CURVE('',#7134,#7142,#7144,.T.);
#7142 = VERTEX_POINT('',#7143);
#7143 = CARTESIAN_POINT('',(17.5,-0.2,-21.));
#7144 = CIRCLE('',#7145,0.8);
#7145 = AXIS2_PLACEMENT_3D('',#7146,#7147,#7148);
#7146 = CARTESIAN_POINT('',(17.5,-1.,-21.));
#7147 = DIRECTION('',(0.,0.,-1.));
#7148 = DIRECTION('',(-1.,0.,0.));
#7149 = ORIENTED_EDGE('',*,*,#7150,.T.);
#7150 = EDGE_CURVE('',#7142,#6807,#7151,.T.);
#7151 = LINE('',#7152,#7153);
#7152 = CARTESIAN_POINT('',(17.5,-0.2,-21.));
#7153 = VECTOR('',#7154,1.);
#7154 = DIRECTION('',(-0.,-0.,-1.));
#7155 = ORIENTED_EDGE('',*,*,#6804,.F.);
#7156 = CYLINDRICAL_SURFACE('',#7157,0.8);
#7157 = AXIS2_PLACEMENT_3D('',#7158,#7159,#7160);
#7158 = CARTESIAN_POINT('',(17.5,-1.,-21.));
#7159 = DIRECTION('',(-0.,-0.,-1.));
#7160 = DIRECTION('',(-1.,0.,0.));
#7161 = ADVANCED_FACE('',(#7162),#7180,.F.);
#7162 = FACE_BOUND('',#7163,.T.);
#7163 = EDGE_LOOP('',(#7164,#7165,#7166,#7174));
#7164 = ORIENTED_EDGE('',*,*,#6815,.T.);
#7165 = ORIENTED_EDGE('',*,*,#7133,.F.);
#7166 = ORIENTED_EDGE('',*,*,#7167,.F.);
#7167 = EDGE_CURVE('',#7168,#7134,#7170,.T.);
#7168 = VERTEX_POINT('',#7169);
#7169 = CARTESIAN_POINT('',(16.7,-2.2,-21.));
#7170 = LINE('',#7171,#7172);
#7171 = CARTESIAN_POINT('',(16.7,-2.2,-21.));
#7172 = VECTOR('',#7173,1.);
#7173 = DIRECTION('',(0.,1.,0.));
#7174 = ORIENTED_EDGE('',*,*,#7175,.T.);
#7175 = EDGE_CURVE('',#7168,#6816,#7176,.T.);
#7176 = LINE('',#7177,#7178);
#7177 = CARTESIAN_POINT('',(16.7,-2.2,-21.));
#7178 = VECTOR('',#7179,1.);
#7179 = DIRECTION('',(-0.,-0.,-1.));
#7180 = PLANE('',#7181);
#7181 = AXIS2_PLACEMENT_3D('',#7182,#7183,#7184);
#7182 = CARTESIAN_POINT('',(16.7,-2.2,-21.));
#7183 = DIRECTION('',(-1.,0.,0.));
#7184 = DIRECTION('',(0.,0.,1.));
#7185 = ADVANCED_FACE('',(#7186),#7205,.F.);
#7186 = FACE_BOUND('',#7187,.F.);
#7187 = EDGE_LOOP('',(#7188,#7196,#7203,#7204));
#7188 = ORIENTED_EDGE('',*,*,#7189,.F.);
#7189 = EDGE_CURVE('',#7190,#6824,#7192,.T.);
#7190 = VERTEX_POINT('',#7191);
#7191 = CARTESIAN_POINT('',(17.5,-3.,-21.));
#7192 = LINE('',#7193,#7194);
#7193 = CARTESIAN_POINT('',(17.5,-3.,-21.));
#7194 = VECTOR('',#7195,1.);
#7195 = DIRECTION('',(-0.,-0.,-1.));
#7196 = ORIENTED_EDGE('',*,*,#7197,.T.);
#7197 = EDGE_CURVE('',#7190,#7168,#7198,.T.);
#7198 = CIRCLE('',#7199,0.8);
#7199 = AXIS2_PLACEMENT_3D('',#7200,#7201,#7202);
#7200 = CARTESIAN_POINT('',(17.5,-2.2,-21.));
#7201 = DIRECTION('',(0.,0.,-1.));
#7202 = DIRECTION('',(-1.,0.,0.));
#7203 = ORIENTED_EDGE('',*,*,#7175,.T.);
#7204 = ORIENTED_EDGE('',*,*,#6823,.F.);
#7205 = CYLINDRICAL_SURFACE('',#7206,0.8);
#7206 = AXIS2_PLACEMENT_3D('',#7207,#7208,#7209);
#7207 = CARTESIAN_POINT('',(17.5,-2.2,-21.));
#7208 = DIRECTION('',(-0.,-0.,-1.));
#7209 = DIRECTION('',(-1.,0.,0.));
#7210 = ADVANCED_FACE('',(#7211),#7229,.F.);
#7211 = FACE_BOUND('',#7212,.T.);
#7212 = EDGE_LOOP('',(#7213,#7214,#7215,#7223));
#7213 = ORIENTED_EDGE('',*,*,#6832,.T.);
#7214 = ORIENTED_EDGE('',*,*,#7189,.F.);
#7215 = ORIENTED_EDGE('',*,*,#7216,.F.);
#7216 = EDGE_CURVE('',#7217,#7190,#7219,.T.);
#7217 = VERTEX_POINT('',#7218);
#7218 = CARTESIAN_POINT('',(24.5,-3.,-21.));
#7219 = LINE('',#7220,#7221);
#7220 = CARTESIAN_POINT('',(24.5,-3.,-21.));
#7221 = VECTOR('',#7222,1.);
#7222 = DIRECTION('',(-1.,1.858632295689E-16,0.));
#7223 = ORIENTED_EDGE('',*,*,#7224,.T.);
#7224 = EDGE_CURVE('',#7217,#6833,#7225,.T.);
#7225 = LINE('',#7226,#7227);
#7226 = CARTESIAN_POINT('',(24.5,-3.,-21.));
#7227 = VECTOR('',#7228,1.);
#7228 = DIRECTION('',(-0.,-0.,-1.));
#7229 = PLANE('',#7230);
#7230 = AXIS2_PLACEMENT_3D('',#7231,#7232,#7233);
#7231 = CARTESIAN_POINT('',(24.5,-3.,-21.));
#7232 = DIRECTION('',(-1.858632295689E-16,-1.,0.));
#7233 = DIRECTION('',(1.,-1.858632295689E-16,0.));
#7234 = ADVANCED_FACE('',(#7235),#7254,.F.);
#7235 = FACE_BOUND('',#7236,.F.);
#7236 = EDGE_LOOP('',(#7237,#7245,#7252,#7253));
#7237 = ORIENTED_EDGE('',*,*,#7238,.F.);
#7238 = EDGE_CURVE('',#7239,#6841,#7241,.T.);
#7239 = VERTEX_POINT('',#7240);
#7240 = CARTESIAN_POINT('',(25.3,-2.2,-21.));
#7241 = LINE('',#7242,#7243);
#7242 = CARTESIAN_POINT('',(25.3,-2.2,-21.));
#7243 = VECTOR('',#7244,1.);
#7244 = DIRECTION('',(-0.,-0.,-1.));
#7245 = ORIENTED_EDGE('',*,*,#7246,.T.);
#7246 = EDGE_CURVE('',#7239,#7217,#7247,.T.);
#7247 = CIRCLE('',#7248,0.8);
#7248 = AXIS2_PLACEMENT_3D('',#7249,#7250,#7251);
#7249 = CARTESIAN_POINT('',(24.5,-2.2,-21.));
#7250 = DIRECTION('',(0.,0.,-1.));
#7251 = DIRECTION('',(-1.,0.,0.));
#7252 = ORIENTED_EDGE('',*,*,#7224,.T.);
#7253 = ORIENTED_EDGE('',*,*,#6840,.F.);
#7254 = CYLINDRICAL_SURFACE('',#7255,0.8);
#7255 = AXIS2_PLACEMENT_3D('',#7256,#7257,#7258);
#7256 = CARTESIAN_POINT('',(24.5,-2.2,-21.));
#7257 = DIRECTION('',(-0.,-0.,-1.));
#7258 = DIRECTION('',(-1.,0.,0.));
#7259 = ADVANCED_FACE('',(#7260),#7278,.F.);
#7260 = FACE_BOUND('',#7261,.T.);
#7261 = EDGE_LOOP('',(#7262,#7263,#7264,#7272));
#7262 = ORIENTED_EDGE('',*,*,#6849,.T.);
#7263 = ORIENTED_EDGE('',*,*,#7238,.F.);
#7264 = ORIENTED_EDGE('',*,*,#7265,.F.);
#7265 = EDGE_CURVE('',#7266,#7239,#7268,.T.);
#7266 = VERTEX_POINT('',#7267);
#7267 = CARTESIAN_POINT('',(25.3,-1.,-21.));
#7268 = LINE('',#7269,#7270);
#7269 = CARTESIAN_POINT('',(25.3,-1.,-21.));
#7270 = VECTOR('',#7271,1.);
#7271 = DIRECTION('',(0.,-1.,0.));
#7272 = ORIENTED_EDGE('',*,*,#7273,.T.);
#7273 = EDGE_CURVE('',#7266,#6850,#7274,.T.);
#7274 = LINE('',#7275,#7276);
#7275 = CARTESIAN_POINT('',(25.3,-1.,-21.));
#7276 = VECTOR('',#7277,1.);
#7277 = DIRECTION('',(-0.,-0.,-1.));
#7278 = PLANE('',#7279);
#7279 = AXIS2_PLACEMENT_3D('',#7280,#7281,#7282);
#7280 = CARTESIAN_POINT('',(25.3,-1.,-21.));
#7281 = DIRECTION('',(1.,0.,-0.));
#7282 = DIRECTION('',(-0.,0.,-1.));
#7283 = ADVANCED_FACE('',(#7284),#7303,.F.);
#7284 = FACE_BOUND('',#7285,.F.);
#7285 = EDGE_LOOP('',(#7286,#7294,#7301,#7302));
#7286 = ORIENTED_EDGE('',*,*,#7287,.F.);
#7287 = EDGE_CURVE('',#7288,#6858,#7290,.T.);
#7288 = VERTEX_POINT('',#7289);
#7289 = CARTESIAN_POINT('',(24.5,-0.2,-21.));
#7290 = LINE('',#7291,#7292);
#7291 = CARTESIAN_POINT('',(24.5,-0.2,-21.));
#7292 = VECTOR('',#7293,1.);
#7293 = DIRECTION('',(-0.,-0.,-1.));
#7294 = ORIENTED_EDGE('',*,*,#7295,.T.);
#7295 = EDGE_CURVE('',#7288,#7266,#7296,.T.);
#7296 = CIRCLE('',#7297,0.8);
#7297 = AXIS2_PLACEMENT_3D('',#7298,#7299,#7300);
#7298 = CARTESIAN_POINT('',(24.5,-1.,-21.));
#7299 = DIRECTION('',(0.,0.,-1.));
#7300 = DIRECTION('',(-1.,0.,0.));
#7301 = ORIENTED_EDGE('',*,*,#7273,.T.);
#7302 = ORIENTED_EDGE('',*,*,#6857,.F.);
#7303 = CYLINDRICAL_SURFACE('',#7304,0.8);
#7304 = AXIS2_PLACEMENT_3D('',#7305,#7306,#7307);
#7305 = CARTESIAN_POINT('',(24.5,-1.,-21.));
#7306 = DIRECTION('',(-0.,-0.,-1.));
#7307 = DIRECTION('',(-1.,0.,0.));
#7308 = ADVANCED_FACE('',(#7309),#7320,.F.);
#7309 = FACE_BOUND('',#7310,.T.);
#7310 = EDGE_LOOP('',(#7311,#7312,#7313,#7319));
#7311 = ORIENTED_EDGE('',*,*,#6866,.T.);
#7312 = ORIENTED_EDGE('',*,*,#7287,.F.);
#7313 = ORIENTED_EDGE('',*,*,#7314,.F.);
#7314 = EDGE_CURVE('',#7142,#7288,#7315,.T.);
#7315 = LINE('',#7316,#7317);
#7316 = CARTESIAN_POINT('',(17.5,-0.2,-21.));
#7317 = VECTOR('',#7318,1.);
#7318 = DIRECTION('',(1.,3.87215061602E-18,0.));
#7319 = ORIENTED_EDGE('',*,*,#7150,.T.);
#7320 = PLANE('',#7321);
#7321 = AXIS2_PLACEMENT_3D('',#7322,#7323,#7324);
#7322 = CARTESIAN_POINT('',(17.5,-0.2,-21.));
#7323 = DIRECTION('',(-3.87215061602E-18,1.,0.));
#7324 = DIRECTION('',(-1.,-3.87215061602E-18,0.));
#7325 = ADVANCED_FACE('',(#7326),#7336,.T.);
#7326 = FACE_BOUND('',#7327,.T.);
#7327 = EDGE_LOOP('',(#7328,#7329,#7330,#7331,#7332,#7333,#7334,#7335));
#7328 = ORIENTED_EDGE('',*,*,#7141,.T.);
#7329 = ORIENTED_EDGE('',*,*,#7314,.T.);
#7330 = ORIENTED_EDGE('',*,*,#7295,.T.);
#7331 = ORIENTED_EDGE('',*,*,#7265,.T.);
#7332 = ORIENTED_EDGE('',*,*,#7246,.T.);
#7333 = ORIENTED_EDGE('',*,*,#7216,.T.);
#7334 = ORIENTED_EDGE('',*,*,#7197,.T.);
#7335 = ORIENTED_EDGE('',*,*,#7167,.T.);
#7336 = PLANE('',#7337);
#7337 = AXIS2_PLACEMENT_3D('',#7338,#7339,#7340);
#7338 = CARTESIAN_POINT('',(17.5,-1.,-21.));
#7339 = DIRECTION('',(0.,0.,-1.));
#7340 = DIRECTION('',(-1.,0.,-0.));
#7341 = ADVANCED_FACE('',(#7342),#7376,.F.);
#7342 = FACE_BOUND('',#7343,.T.);
#7343 = EDGE_LOOP('',(#7344,#7354,#7362,#7370));
#7344 = ORIENTED_EDGE('',*,*,#7345,.T.);
#7345 = EDGE_CURVE('',#7346,#7348,#7350,.T.);
#7346 = VERTEX_POINT('',#7347);
#7347 = CARTESIAN_POINT('',(-16.6,-1.,-29.));
#7348 = VERTEX_POINT('',#7349);
#7349 = CARTESIAN_POINT('',(-16.6,-1.,-22.7));
#7350 = LINE('',#7351,#7352);
#7351 = CARTESIAN_POINT('',(-16.6,-1.,-28.));
#7352 = VECTOR('',#7353,1.);
#7353 = DIRECTION('',(0.,0.,1.));
#7354 = ORIENTED_EDGE('',*,*,#7355,.F.);
#7355 = EDGE_CURVE('',#7356,#7348,#7358,.T.);
#7356 = VERTEX_POINT('',#7357);
#7357 = CARTESIAN_POINT('',(-16.6,-2.,-22.7));
#7358 = LINE('',#7359,#7360);
#7359 = CARTESIAN_POINT('',(-16.6,-2.4,-22.7));
#7360 = VECTOR('',#7361,1.);
#7361 = DIRECTION('',(-0.,1.,-0.));
#7362 = ORIENTED_EDGE('',*,*,#7363,.T.);
#7363 = EDGE_CURVE('',#7356,#7364,#7366,.T.);
#7364 = VERTEX_POINT('',#7365);
#7365 = CARTESIAN_POINT('',(-16.6,-2.,-29.));
#7366 = LINE('',#7367,#7368);
#7367 = CARTESIAN_POINT('',(-16.6,-2.,-29.));
#7368 = VECTOR('',#7369,1.);
#7369 = DIRECTION('',(0.,0.,-1.));
#7370 = ORIENTED_EDGE('',*,*,#7371,.F.);
#7371 = EDGE_CURVE('',#7346,#7364,#7372,.T.);
#7372 = LINE('',#7373,#7374);
#7373 = CARTESIAN_POINT('',(-16.6,-2.4,-29.));
#7374 = VECTOR('',#7375,1.);
#7375 = DIRECTION('',(0.,-1.,0.));
#7376 = PLANE('',#7377);
#7377 = AXIS2_PLACEMENT_3D('',#7378,#7379,#7380);
#7378 = CARTESIAN_POINT('',(-16.6,-2.4,-28.));
#7379 = DIRECTION('',(-1.,0.,0.));
#7380 = DIRECTION('',(0.,0.,1.));
#7381 = ADVANCED_FACE('',(#7382),#7430,.F.);
#7382 = FACE_BOUND('',#7383,.T.);
#7383 = EDGE_LOOP('',(#7384,#7385,#7393,#7401,#7409,#7417,#7423,#7424));
#7384 = ORIENTED_EDGE('',*,*,#4682,.T.);
#7385 = ORIENTED_EDGE('',*,*,#7386,.F.);
#7386 = EDGE_CURVE('',#7387,#4675,#7389,.T.);
#7387 = VERTEX_POINT('',#7388);
#7388 = CARTESIAN_POINT('',(-23.9,-1.,-22.7));
#7389 = LINE('',#7390,#7391);
#7390 = CARTESIAN_POINT('',(-22.9,7.54852143598E-17,-22.7));
#7391 = VECTOR('',#7392,1.);
#7392 = DIRECTION('',(0.707106781187,0.707106781187,0.));
#7393 = ORIENTED_EDGE('',*,*,#7394,.F.);
#7394 = EDGE_CURVE('',#7395,#7387,#7397,.T.);
#7395 = VERTEX_POINT('',#7396);
#7396 = CARTESIAN_POINT('',(-23.9,-2.,-22.7));
#7397 = LINE('',#7398,#7399);
#7398 = CARTESIAN_POINT('',(-23.9,-2.4,-22.7));
#7399 = VECTOR('',#7400,1.);
#7400 = DIRECTION('',(-0.,1.,-0.));
#7401 = ORIENTED_EDGE('',*,*,#7402,.T.);
#7402 = EDGE_CURVE('',#7395,#7403,#7405,.T.);
#7403 = VERTEX_POINT('',#7404);
#7404 = CARTESIAN_POINT('',(-23.5,-2.4,-22.7));
#7405 = LINE('',#7406,#7407);
#7406 = CARTESIAN_POINT('',(-23.5,-2.4,-22.7));
#7407 = VECTOR('',#7408,1.);
#7408 = DIRECTION('',(0.707106781187,-0.707106781187,0.));
#7409 = ORIENTED_EDGE('',*,*,#7410,.F.);
#7410 = EDGE_CURVE('',#7411,#7403,#7413,.T.);
#7411 = VERTEX_POINT('',#7412);
#7412 = CARTESIAN_POINT('',(-17.,-2.4,-22.7));
#7413 = LINE('',#7414,#7415);
#7414 = CARTESIAN_POINT('',(-16.6,-2.4,-22.7));
#7415 = VECTOR('',#7416,1.);
#7416 = DIRECTION('',(-1.,0.,0.));
#7417 = ORIENTED_EDGE('',*,*,#7418,.T.);
#7418 = EDGE_CURVE('',#7411,#7356,#7419,.T.);
#7419 = LINE('',#7420,#7421);
#7420 = CARTESIAN_POINT('',(-17.,-2.4,-22.7));
#7421 = VECTOR('',#7422,1.);
#7422 = DIRECTION('',(0.707106781187,0.707106781187,0.));
#7423 = ORIENTED_EDGE('',*,*,#7355,.T.);
#7424 = ORIENTED_EDGE('',*,*,#7425,.F.);
#7425 = EDGE_CURVE('',#4683,#7348,#7426,.T.);
#7426 = LINE('',#7427,#7428);
#7427 = CARTESIAN_POINT('',(-17.6,-7.54852143598E-17,-22.7));
#7428 = VECTOR('',#7429,1.);
#7429 = DIRECTION('',(0.707106781187,-0.707106781187,0.));
#7430 = PLANE('',#7431);
#7431 = AXIS2_PLACEMENT_3D('',#7432,#7433,#7434);
#7432 = CARTESIAN_POINT('',(-16.6,-2.4,-22.7));
#7433 = DIRECTION('',(-0.,0.,-1.));
#7434 = DIRECTION('',(-1.,0.,0.));
#7435 = ADVANCED_FACE('',(#7436),#7461,.F.);
#7436 = FACE_BOUND('',#7437,.T.);
#7437 = EDGE_LOOP('',(#7438,#7439,#7447,#7455));
#7438 = ORIENTED_EDGE('',*,*,#7394,.T.);
#7439 = ORIENTED_EDGE('',*,*,#7440,.T.);
#7440 = EDGE_CURVE('',#7387,#7441,#7443,.T.);
#7441 = VERTEX_POINT('',#7442);
#7442 = CARTESIAN_POINT('',(-23.9,-1.,-29.));
#7443 = LINE('',#7444,#7445);
#7444 = CARTESIAN_POINT('',(-23.9,-1.,-28.));
#7445 = VECTOR('',#7446,1.);
#7446 = DIRECTION('',(0.,0.,-1.));
#7447 = ORIENTED_EDGE('',*,*,#7448,.F.);
#7448 = EDGE_CURVE('',#7449,#7441,#7451,.T.);
#7449 = VERTEX_POINT('',#7450);
#7450 = CARTESIAN_POINT('',(-23.9,-2.,-29.));
#7451 = LINE('',#7452,#7453);
#7452 = CARTESIAN_POINT('',(-23.9,-2.4,-29.));
#7453 = VECTOR('',#7454,1.);
#7454 = DIRECTION('',(0.,1.,0.));
#7455 = ORIENTED_EDGE('',*,*,#7456,.T.);
#7456 = EDGE_CURVE('',#7449,#7395,#7457,.T.);
#7457 = LINE('',#7458,#7459);
#7458 = CARTESIAN_POINT('',(-23.9,-2.,-22.7));
#7459 = VECTOR('',#7460,1.);
#7460 = DIRECTION('',(0.,0.,1.));
#7461 = PLANE('',#7462);
#7462 = AXIS2_PLACEMENT_3D('',#7463,#7464,#7465);
#7463 = CARTESIAN_POINT('',(-23.9,-2.4,-28.));
#7464 = DIRECTION('',(1.,0.,-0.));
#7465 = DIRECTION('',(-0.,0.,-1.));
#7466 = ADVANCED_FACE('',(#7467),#7492,.T.);
#7467 = FACE_BOUND('',#7468,.T.);
#7468 = EDGE_LOOP('',(#7469,#7479,#7485,#7486));
#7469 = ORIENTED_EDGE('',*,*,#7470,.F.);
#7470 = EDGE_CURVE('',#7471,#7473,#7475,.T.);
#7471 = VERTEX_POINT('',#7472);
#7472 = CARTESIAN_POINT('',(-17.,-2.4,-29.));
#7473 = VERTEX_POINT('',#7474);
#7474 = CARTESIAN_POINT('',(-23.5,-2.4,-29.));
#7475 = LINE('',#7476,#7477);
#7476 = CARTESIAN_POINT('',(-23.9,-2.4,-29.));
#7477 = VECTOR('',#7478,1.);
#7478 = DIRECTION('',(-1.,0.,0.));
#7479 = ORIENTED_EDGE('',*,*,#7480,.T.);
#7480 = EDGE_CURVE('',#7471,#7411,#7481,.T.);
#7481 = LINE('',#7482,#7483);
#7482 = CARTESIAN_POINT('',(-17.,-2.4,-22.7));
#7483 = VECTOR('',#7484,1.);
#7484 = DIRECTION('',(0.,0.,1.));
#7485 = ORIENTED_EDGE('',*,*,#7410,.T.);
#7486 = ORIENTED_EDGE('',*,*,#7487,.T.);
#7487 = EDGE_CURVE('',#7403,#7473,#7488,.T.);
#7488 = LINE('',#7489,#7490);
#7489 = CARTESIAN_POINT('',(-23.5,-2.4,-29.));
#7490 = VECTOR('',#7491,1.);
#7491 = DIRECTION('',(0.,0.,-1.));
#7492 = PLANE('',#7493);
#7493 = AXIS2_PLACEMENT_3D('',#7494,#7495,#7496);
#7494 = CARTESIAN_POINT('',(0.,-2.4,0.));
#7495 = DIRECTION('',(0.,-1.,0.));
#7496 = DIRECTION('',(0.,-0.,-1.));
#7497 = ADVANCED_FACE('',(#7498),#7523,.F.);
#7498 = FACE_BOUND('',#7499,.T.);
#7499 = EDGE_LOOP('',(#7500,#7501,#7509,#7517));
#7500 = ORIENTED_EDGE('',*,*,#5828,.T.);
#7501 = ORIENTED_EDGE('',*,*,#7502,.T.);
#7502 = EDGE_CURVE('',#4691,#7503,#7505,.T.);
#7503 = VERTEX_POINT('',#7504);
#7504 = CARTESIAN_POINT('',(-17.6,0.,-29.));
#7505 = LINE('',#7506,#7507);
#7506 = CARTESIAN_POINT('',(-17.6,0.,-36.68439978137));
#7507 = VECTOR('',#7508,1.);
#7508 = DIRECTION('',(0.,0.,-1.));
#7509 = ORIENTED_EDGE('',*,*,#7510,.F.);
#7510 = EDGE_CURVE('',#7511,#7503,#7513,.T.);
#7511 = VERTEX_POINT('',#7512);
#7512 = CARTESIAN_POINT('',(-22.9,0.,-29.));
#7513 = LINE('',#7514,#7515);
#7514 = CARTESIAN_POINT('',(-23.9,0.,-29.));
#7515 = VECTOR('',#7516,1.);
#7516 = DIRECTION('',(1.,0.,0.));
#7517 = ORIENTED_EDGE('',*,*,#7518,.T.);
#7518 = EDGE_CURVE('',#7511,#4667,#7519,.T.);
#7519 = LINE('',#7520,#7521);
#7520 = CARTESIAN_POINT('',(-22.9,0.,-36.68439978137));
#7521 = VECTOR('',#7522,1.);
#7522 = DIRECTION('',(0.,0.,1.));
#7523 = PLANE('',#7524);
#7524 = AXIS2_PLACEMENT_3D('',#7525,#7526,#7527);
#7525 = CARTESIAN_POINT('',(-23.9,0.,-36.68439978137));
#7526 = DIRECTION('',(0.,-1.,0.));
#7527 = DIRECTION('',(0.,0.,-1.));
#7528 = ADVANCED_FACE('',(#7529,#7595),#7625,.T.);
#7529 = FACE_BOUND('',#7530,.T.);
#7530 = EDGE_LOOP('',(#7531,#7541,#7549,#7557,#7565,#7573,#7581,#7589));
#7531 = ORIENTED_EDGE('',*,*,#7532,.F.);
#7532 = EDGE_CURVE('',#7533,#7535,#7537,.T.);
#7533 = VERTEX_POINT('',#7534);
#7534 = CARTESIAN_POINT('',(-23.7,-1.082842712475,-29.));
#7535 = VERTEX_POINT('',#7536);
#7536 = CARTESIAN_POINT('',(-22.81715728752,-0.2,-29.));
#7537 = LINE('',#7538,#7539);
#7538 = CARTESIAN_POINT('',(-23.7,-1.082842712475,-29.));
#7539 = VECTOR('',#7540,1.);
#7540 = DIRECTION('',(0.707106781187,0.707106781187,0.));
#7541 = ORIENTED_EDGE('',*,*,#7542,.F.);
#7542 = EDGE_CURVE('',#7543,#7533,#7545,.T.);
#7543 = VERTEX_POINT('',#7544);
#7544 = CARTESIAN_POINT('',(-23.7,-1.917157287525,-29.));
#7545 = LINE('',#7546,#7547);
#7546 = CARTESIAN_POINT('',(-23.7,-1.917157287525,-29.));
#7547 = VECTOR('',#7548,1.);
#7548 = DIRECTION('',(0.,1.,0.));
#7549 = ORIENTED_EDGE('',*,*,#7550,.F.);
#7550 = EDGE_CURVE('',#7551,#7543,#7553,.T.);
#7551 = VERTEX_POINT('',#7552);
#7552 = CARTESIAN_POINT('',(-23.41715728752,-2.2,-29.));
#7553 = LINE('',#7554,#7555);
#7554 = CARTESIAN_POINT('',(-23.41715728752,-2.2,-29.));
#7555 = VECTOR('',#7556,1.);
#7556 = DIRECTION('',(-0.707106781187,0.707106781187,0.));
#7557 = ORIENTED_EDGE('',*,*,#7558,.F.);
#7558 = EDGE_CURVE('',#7559,#7551,#7561,.T.);
#7559 = VERTEX_POINT('',#7560);
#7560 = CARTESIAN_POINT('',(-17.08284271247,-2.2,-29.));
#7561 = LINE('',#7562,#7563);
#7562 = CARTESIAN_POINT('',(-17.08284271247,-2.2,-29.));
#7563 = VECTOR('',#7564,1.);
#7564 = DIRECTION('',(-1.,0.,0.));
#7565 = ORIENTED_EDGE('',*,*,#7566,.F.);
#7566 = EDGE_CURVE('',#7567,#7559,#7569,.T.);
#7567 = VERTEX_POINT('',#7568);
#7568 = CARTESIAN_POINT('',(-16.8,-1.917157287525,-29.));
#7569 = LINE('',#7570,#7571);
#7570 = CARTESIAN_POINT('',(-16.8,-1.917157287525,-29.));
#7571 = VECTOR('',#7572,1.);
#7572 = DIRECTION('',(-0.707106781187,-0.707106781187,0.));
#7573 = ORIENTED_EDGE('',*,*,#7574,.F.);
#7574 = EDGE_CURVE('',#7575,#7567,#7577,.T.);
#7575 = VERTEX_POINT('',#7576);
#7576 = CARTESIAN_POINT('',(-16.8,-1.082842712475,-29.));
#7577 = LINE('',#7578,#7579);
#7578 = CARTESIAN_POINT('',(-16.8,-1.082842712475,-29.));
#7579 = VECTOR('',#7580,1.);
#7580 = DIRECTION('',(0.,-1.,0.));
#7581 = ORIENTED_EDGE('',*,*,#7582,.F.);
#7582 = EDGE_CURVE('',#7583,#7575,#7585,.T.);
#7583 = VERTEX_POINT('',#7584);
#7584 = CARTESIAN_POINT('',(-17.68284271247,-0.2,-29.));
#7585 = LINE('',#7586,#7587);
#7586 = CARTESIAN_POINT('',(-17.68284271247,-0.2,-29.));
#7587 = VECTOR('',#7588,1.);
#7588 = DIRECTION('',(0.707106781187,-0.707106781187,0.));
#7589 = ORIENTED_EDGE('',*,*,#7590,.F.);
#7590 = EDGE_CURVE('',#7535,#7583,#7591,.T.);
#7591 = LINE('',#7592,#7593);
#7592 = CARTESIAN_POINT('',(-22.81715728752,-0.2,-29.));
#7593 = VECTOR('',#7594,1.);
#7594 = DIRECTION('',(1.,5.279196261922E-18,0.));
#7595 = FACE_BOUND('',#7596,.T.);
#7596 = EDGE_LOOP('',(#7597,#7598,#7604,#7605,#7611,#7612,#7618,#7619));
#7597 = ORIENTED_EDGE('',*,*,#7510,.T.);
#7598 = ORIENTED_EDGE('',*,*,#7599,.T.);
#7599 = EDGE_CURVE('',#7503,#7346,#7600,.T.);
#7600 = LINE('',#7601,#7602);
#7601 = CARTESIAN_POINT('',(-8.8,-8.8,-29.));
#7602 = VECTOR('',#7603,1.);
#7603 = DIRECTION('',(0.707106781187,-0.707106781187,-0.));
#7604 = ORIENTED_EDGE('',*,*,#7371,.T.);
#7605 = ORIENTED_EDGE('',*,*,#7606,.T.);
#7606 = EDGE_CURVE('',#7364,#7471,#7607,.T.);
#7607 = LINE('',#7608,#7609);
#7608 = CARTESIAN_POINT('',(-7.3,7.3,-29.));
#7609 = VECTOR('',#7610,1.);
#7610 = DIRECTION('',(-0.707106781187,-0.707106781187,0.));
#7611 = ORIENTED_EDGE('',*,*,#7470,.T.);
#7612 = ORIENTED_EDGE('',*,*,#7613,.T.);
#7613 = EDGE_CURVE('',#7473,#7449,#7614,.T.);
#7614 = LINE('',#7615,#7616);
#7615 = CARTESIAN_POINT('',(-12.95,-12.95,-29.));
#7616 = VECTOR('',#7617,1.);
#7617 = DIRECTION('',(-0.707106781187,0.707106781187,0.));
#7618 = ORIENTED_EDGE('',*,*,#7448,.T.);
#7619 = ORIENTED_EDGE('',*,*,#7620,.T.);
#7620 = EDGE_CURVE('',#7441,#7511,#7621,.T.);
#7621 = LINE('',#7622,#7623);
#7622 = CARTESIAN_POINT('',(-11.45,11.45,-29.));
#7623 = VECTOR('',#7624,1.);
#7624 = DIRECTION('',(0.707106781187,0.707106781187,-0.));
#7625 = PLANE('',#7626);
#7626 = AXIS2_PLACEMENT_3D('',#7627,#7628,#7629);
#7627 = CARTESIAN_POINT('',(-1.067522139063E-16,0.,-29.));
#7628 = DIRECTION('',(0.,0.,-1.));
#7629 = DIRECTION('',(-1.,0.,-0.));
#7630 = ADVANCED_FACE('',(#7631),#7637,.T.);
#7631 = FACE_BOUND('',#7632,.T.);
#7632 = EDGE_LOOP('',(#7633,#7634,#7635,#7636));
#7633 = ORIENTED_EDGE('',*,*,#7606,.F.);
#7634 = ORIENTED_EDGE('',*,*,#7363,.F.);
#7635 = ORIENTED_EDGE('',*,*,#7418,.F.);
#7636 = ORIENTED_EDGE('',*,*,#7480,.F.);
#7637 = PLANE('',#7638);
#7638 = AXIS2_PLACEMENT_3D('',#7639,#7640,#7641);
#7639 = CARTESIAN_POINT('',(-17.,-2.4,0.));
#7640 = DIRECTION('',(0.707106781187,-0.707106781187,0.));
#7641 = DIRECTION('',(0.,0.,-1.));
#7642 = ADVANCED_FACE('',(#7643),#7649,.T.);
#7643 = FACE_BOUND('',#7644,.T.);
#7644 = EDGE_LOOP('',(#7645,#7646,#7647,#7648));
#7645 = ORIENTED_EDGE('',*,*,#7402,.F.);
#7646 = ORIENTED_EDGE('',*,*,#7456,.F.);
#7647 = ORIENTED_EDGE('',*,*,#7613,.F.);
#7648 = ORIENTED_EDGE('',*,*,#7487,.F.);
#7649 = PLANE('',#7650);
#7650 = AXIS2_PLACEMENT_3D('',#7651,#7652,#7653);
#7651 = CARTESIAN_POINT('',(-23.5,-2.4,0.));
#7652 = DIRECTION('',(-0.707106781187,-0.707106781187,0.));
#7653 = DIRECTION('',(0.,0.,1.));
#7654 = ADVANCED_FACE('',(#7655),#7662,.F.);
#7655 = FACE_BOUND('',#7656,.T.);
#7656 = EDGE_LOOP('',(#7657,#7658,#7659,#7660,#7661));
#7657 = ORIENTED_EDGE('',*,*,#7599,.F.);
#7658 = ORIENTED_EDGE('',*,*,#7502,.F.);
#7659 = ORIENTED_EDGE('',*,*,#4690,.F.);
#7660 = ORIENTED_EDGE('',*,*,#7425,.T.);
#7661 = ORIENTED_EDGE('',*,*,#7345,.F.);
#7662 = PLANE('',#7663);
#7663 = AXIS2_PLACEMENT_3D('',#7664,#7665,#7666);
#7664 = CARTESIAN_POINT('',(-16.6,-1.,-28.));
#7665 = DIRECTION('',(-0.707106781187,-0.707106781187,0.));
#7666 = DIRECTION('',(0.,0.,1.));
#7667 = ADVANCED_FACE('',(#7668),#7675,.F.);
#7668 = FACE_BOUND('',#7669,.T.);
#7669 = EDGE_LOOP('',(#7670,#7671,#7672,#7673,#7674));
#7670 = ORIENTED_EDGE('',*,*,#7620,.F.);
#7671 = ORIENTED_EDGE('',*,*,#7440,.F.);
#7672 = ORIENTED_EDGE('',*,*,#7386,.T.);
#7673 = ORIENTED_EDGE('',*,*,#4674,.T.);
#7674 = ORIENTED_EDGE('',*,*,#7518,.F.);
#7675 = PLANE('',#7676);
#7676 = AXIS2_PLACEMENT_3D('',#7677,#7678,#7679);
#7677 = CARTESIAN_POINT('',(-22.9,0.,-36.68439978137));
#7678 = DIRECTION('',(0.707106781187,-0.707106781187,0.));
#7679 = DIRECTION('',(0.,0.,1.));
#7680 = ADVANCED_FACE('',(#7681),#7706,.F.);
#7681 = FACE_BOUND('',#7682,.T.);
#7682 = EDGE_LOOP('',(#7683,#7684,#7692,#7700));
#7683 = ORIENTED_EDGE('',*,*,#7532,.T.);
#7684 = ORIENTED_EDGE('',*,*,#7685,.F.);
#7685 = EDGE_CURVE('',#7686,#7535,#7688,.T.);
#7686 = VERTEX_POINT('',#7687);
#7687 = CARTESIAN_POINT('',(-22.81715728752,-0.2,-26.6));
#7688 = LINE('',#7689,#7690);
#7689 = CARTESIAN_POINT('',(-22.81715728752,-0.2,-26.6));
#7690 = VECTOR('',#7691,1.);
#7691 = DIRECTION('',(-0.,-0.,-1.));
#7692 = ORIENTED_EDGE('',*,*,#7693,.F.);
#7693 = EDGE_CURVE('',#7694,#7686,#7696,.T.);
#7694 = VERTEX_POINT('',#7695);
#7695 = CARTESIAN_POINT('',(-23.7,-1.082842712475,-26.6));
#7696 = LINE('',#7697,#7698);
#7697 = CARTESIAN_POINT('',(-23.7,-1.082842712475,-26.6));
#7698 = VECTOR('',#7699,1.);
#7699 = DIRECTION('',(0.707106781187,0.707106781187,0.));
#7700 = ORIENTED_EDGE('',*,*,#7701,.T.);
#7701 = EDGE_CURVE('',#7694,#7533,#7702,.T.);
#7702 = LINE('',#7703,#7704);
#7703 = CARTESIAN_POINT('',(-23.7,-1.082842712475,-26.6));
#7704 = VECTOR('',#7705,1.);
#7705 = DIRECTION('',(-0.,-0.,-1.));
#7706 = PLANE('',#7707);
#7707 = AXIS2_PLACEMENT_3D('',#7708,#7709,#7710);
#7708 = CARTESIAN_POINT('',(-23.7,-1.082842712475,-26.6));
#7709 = DIRECTION('',(-0.707106781187,0.707106781187,0.));
#7710 = DIRECTION('',(-0.707106781187,-0.707106781187,0.));
#7711 = ADVANCED_FACE('',(#7712),#7730,.F.);
#7712 = FACE_BOUND('',#7713,.T.);
#7713 = EDGE_LOOP('',(#7714,#7715,#7716,#7724));
#7714 = ORIENTED_EDGE('',*,*,#7542,.T.);
#7715 = ORIENTED_EDGE('',*,*,#7701,.F.);
#7716 = ORIENTED_EDGE('',*,*,#7717,.F.);
#7717 = EDGE_CURVE('',#7718,#7694,#7720,.T.);
#7718 = VERTEX_POINT('',#7719);
#7719 = CARTESIAN_POINT('',(-23.7,-1.917157287525,-26.6));
#7720 = LINE('',#7721,#7722);
#7721 = CARTESIAN_POINT('',(-23.7,-1.917157287525,-26.6));
#7722 = VECTOR('',#7723,1.);
#7723 = DIRECTION('',(0.,1.,0.));
#7724 = ORIENTED_EDGE('',*,*,#7725,.T.);
#7725 = EDGE_CURVE('',#7718,#7543,#7726,.T.);
#7726 = LINE('',#7727,#7728);
#7727 = CARTESIAN_POINT('',(-23.7,-1.917157287525,-26.6));
#7728 = VECTOR('',#7729,1.);
#7729 = DIRECTION('',(-0.,-0.,-1.));
#7730 = PLANE('',#7731);
#7731 = AXIS2_PLACEMENT_3D('',#7732,#7733,#7734);
#7732 = CARTESIAN_POINT('',(-23.7,-1.917157287525,-26.6));
#7733 = DIRECTION('',(-1.,0.,0.));
#7734 = DIRECTION('',(0.,0.,1.));
#7735 = ADVANCED_FACE('',(#7736),#7754,.F.);
#7736 = FACE_BOUND('',#7737,.T.);
#7737 = EDGE_LOOP('',(#7738,#7739,#7740,#7748));
#7738 = ORIENTED_EDGE('',*,*,#7550,.T.);
#7739 = ORIENTED_EDGE('',*,*,#7725,.F.);
#7740 = ORIENTED_EDGE('',*,*,#7741,.F.);
#7741 = EDGE_CURVE('',#7742,#7718,#7744,.T.);
#7742 = VERTEX_POINT('',#7743);
#7743 = CARTESIAN_POINT('',(-23.41715728752,-2.2,-26.6));
#7744 = LINE('',#7745,#7746);
#7745 = CARTESIAN_POINT('',(-23.41715728752,-2.2,-26.6));
#7746 = VECTOR('',#7747,1.);
#7747 = DIRECTION('',(-0.707106781187,0.707106781187,0.));
#7748 = ORIENTED_EDGE('',*,*,#7749,.T.);
#7749 = EDGE_CURVE('',#7742,#7551,#7750,.T.);
#7750 = LINE('',#7751,#7752);
#7751 = CARTESIAN_POINT('',(-23.41715728752,-2.2,-26.6));
#7752 = VECTOR('',#7753,1.);
#7753 = DIRECTION('',(-0.,-0.,-1.));
#7754 = PLANE('',#7755);
#7755 = AXIS2_PLACEMENT_3D('',#7756,#7757,#7758);
#7756 = CARTESIAN_POINT('',(-23.41715728752,-2.2,-26.6));
#7757 = DIRECTION('',(-0.707106781187,-0.707106781187,0.));
#7758 = DIRECTION('',(0.707106781187,-0.707106781187,0.));
#7759 = ADVANCED_FACE('',(#7760),#7778,.F.);
#7760 = FACE_BOUND('',#7761,.T.);
#7761 = EDGE_LOOP('',(#7762,#7763,#7764,#7772));
#7762 = ORIENTED_EDGE('',*,*,#7558,.T.);
#7763 = ORIENTED_EDGE('',*,*,#7749,.F.);
#7764 = ORIENTED_EDGE('',*,*,#7765,.F.);
#7765 = EDGE_CURVE('',#7766,#7742,#7768,.T.);
#7766 = VERTEX_POINT('',#7767);
#7767 = CARTESIAN_POINT('',(-17.08284271247,-2.2,-26.6));
#7768 = LINE('',#7769,#7770);
#7769 = CARTESIAN_POINT('',(-17.08284271247,-2.2,-26.6));
#7770 = VECTOR('',#7771,1.);
#7771 = DIRECTION('',(-1.,0.,0.));
#7772 = ORIENTED_EDGE('',*,*,#7773,.T.);
#7773 = EDGE_CURVE('',#7766,#7559,#7774,.T.);
#7774 = LINE('',#7775,#7776);
#7775 = CARTESIAN_POINT('',(-17.08284271247,-2.2,-26.6));
#7776 = VECTOR('',#7777,1.);
#7777 = DIRECTION('',(-0.,-0.,-1.));
#7778 = PLANE('',#7779);
#7779 = AXIS2_PLACEMENT_3D('',#7780,#7781,#7782);
#7780 = CARTESIAN_POINT('',(-17.08284271247,-2.2,-26.6));
#7781 = DIRECTION('',(0.,-1.,0.));
#7782 = DIRECTION('',(0.,-0.,-1.));
#7783 = ADVANCED_FACE('',(#7784),#7802,.F.);
#7784 = FACE_BOUND('',#7785,.T.);
#7785 = EDGE_LOOP('',(#7786,#7787,#7788,#7796));
#7786 = ORIENTED_EDGE('',*,*,#7566,.T.);
#7787 = ORIENTED_EDGE('',*,*,#7773,.F.);
#7788 = ORIENTED_EDGE('',*,*,#7789,.F.);
#7789 = EDGE_CURVE('',#7790,#7766,#7792,.T.);
#7790 = VERTEX_POINT('',#7791);
#7791 = CARTESIAN_POINT('',(-16.8,-1.917157287525,-26.6));
#7792 = LINE('',#7793,#7794);
#7793 = CARTESIAN_POINT('',(-16.8,-1.917157287525,-26.6));
#7794 = VECTOR('',#7795,1.);
#7795 = DIRECTION('',(-0.707106781187,-0.707106781187,0.));
#7796 = ORIENTED_EDGE('',*,*,#7797,.T.);
#7797 = EDGE_CURVE('',#7790,#7567,#7798,.T.);
#7798 = LINE('',#7799,#7800);
#7799 = CARTESIAN_POINT('',(-16.8,-1.917157287525,-26.6));
#7800 = VECTOR('',#7801,1.);
#7801 = DIRECTION('',(-0.,-0.,-1.));
#7802 = PLANE('',#7803);
#7803 = AXIS2_PLACEMENT_3D('',#7804,#7805,#7806);
#7804 = CARTESIAN_POINT('',(-16.8,-1.917157287525,-26.6));
#7805 = DIRECTION('',(0.707106781187,-0.707106781187,0.));
#7806 = DIRECTION('',(0.707106781187,0.707106781187,0.));
#7807 = ADVANCED_FACE('',(#7808),#7826,.F.);
#7808 = FACE_BOUND('',#7809,.T.);
#7809 = EDGE_LOOP('',(#7810,#7811,#7812,#7820));
#7810 = ORIENTED_EDGE('',*,*,#7574,.T.);
#7811 = ORIENTED_EDGE('',*,*,#7797,.F.);
#7812 = ORIENTED_EDGE('',*,*,#7813,.F.);
#7813 = EDGE_CURVE('',#7814,#7790,#7816,.T.);
#7814 = VERTEX_POINT('',#7815);
#7815 = CARTESIAN_POINT('',(-16.8,-1.082842712475,-26.6));
#7816 = LINE('',#7817,#7818);
#7817 = CARTESIAN_POINT('',(-16.8,-1.082842712475,-26.6));
#7818 = VECTOR('',#7819,1.);
#7819 = DIRECTION('',(0.,-1.,0.));
#7820 = ORIENTED_EDGE('',*,*,#7821,.T.);
#7821 = EDGE_CURVE('',#7814,#7575,#7822,.T.);
#7822 = LINE('',#7823,#7824);
#7823 = CARTESIAN_POINT('',(-16.8,-1.082842712475,-26.6));
#7824 = VECTOR('',#7825,1.);
#7825 = DIRECTION('',(-0.,-0.,-1.));
#7826 = PLANE('',#7827);
#7827 = AXIS2_PLACEMENT_3D('',#7828,#7829,#7830);
#7828 = CARTESIAN_POINT('',(-16.8,-1.082842712475,-26.6));
#7829 = DIRECTION('',(1.,0.,-0.));
#7830 = DIRECTION('',(-0.,0.,-1.));
#7831 = ADVANCED_FACE('',(#7832),#7850,.F.);
#7832 = FACE_BOUND('',#7833,.T.);
#7833 = EDGE_LOOP('',(#7834,#7835,#7836,#7844));
#7834 = ORIENTED_EDGE('',*,*,#7582,.T.);
#7835 = ORIENTED_EDGE('',*,*,#7821,.F.);
#7836 = ORIENTED_EDGE('',*,*,#7837,.F.);
#7837 = EDGE_CURVE('',#7838,#7814,#7840,.T.);
#7838 = VERTEX_POINT('',#7839);
#7839 = CARTESIAN_POINT('',(-17.68284271247,-0.2,-26.6));
#7840 = LINE('',#7841,#7842);
#7841 = CARTESIAN_POINT('',(-17.68284271247,-0.2,-26.6));
#7842 = VECTOR('',#7843,1.);
#7843 = DIRECTION('',(0.707106781187,-0.707106781187,0.));
#7844 = ORIENTED_EDGE('',*,*,#7845,.T.);
#7845 = EDGE_CURVE('',#7838,#7583,#7846,.T.);
#7846 = LINE('',#7847,#7848);
#7847 = CARTESIAN_POINT('',(-17.68284271247,-0.2,-26.6));
#7848 = VECTOR('',#7849,1.);
#7849 = DIRECTION('',(-0.,-0.,-1.));
#7850 = PLANE('',#7851);
#7851 = AXIS2_PLACEMENT_3D('',#7852,#7853,#7854);
#7852 = CARTESIAN_POINT('',(-17.68284271247,-0.2,-26.6));
#7853 = DIRECTION('',(0.707106781187,0.707106781187,-0.));
#7854 = DIRECTION('',(-0.707106781187,0.707106781187,0.));
#7855 = ADVANCED_FACE('',(#7856),#7867,.F.);
#7856 = FACE_BOUND('',#7857,.T.);
#7857 = EDGE_LOOP('',(#7858,#7859,#7860,#7866));
#7858 = ORIENTED_EDGE('',*,*,#7590,.T.);
#7859 = ORIENTED_EDGE('',*,*,#7845,.F.);
#7860 = ORIENTED_EDGE('',*,*,#7861,.F.);
#7861 = EDGE_CURVE('',#7686,#7838,#7862,.T.);
#7862 = LINE('',#7863,#7864);
#7863 = CARTESIAN_POINT('',(-22.81715728752,-0.2,-26.6));
#7864 = VECTOR('',#7865,1.);
#7865 = DIRECTION('',(1.,5.279196261922E-18,0.));
#7866 = ORIENTED_EDGE('',*,*,#7685,.T.);
#7867 = PLANE('',#7868);
#7868 = AXIS2_PLACEMENT_3D('',#7869,#7870,#7871);
#7869 = CARTESIAN_POINT('',(-22.81715728752,-0.2,-26.6));
#7870 = DIRECTION('',(-5.279196261922E-18,1.,0.));
#7871 = DIRECTION('',(-1.,-5.279196261922E-18,0.));
#7872 = ADVANCED_FACE('',(#7873),#7883,.T.);
#7873 = FACE_BOUND('',#7874,.T.);
#7874 = EDGE_LOOP('',(#7875,#7876,#7877,#7878,#7879,#7880,#7881,#7882));
#7875 = ORIENTED_EDGE('',*,*,#7693,.T.);
#7876 = ORIENTED_EDGE('',*,*,#7861,.T.);
#7877 = ORIENTED_EDGE('',*,*,#7837,.T.);
#7878 = ORIENTED_EDGE('',*,*,#7813,.T.);
#7879 = ORIENTED_EDGE('',*,*,#7789,.T.);
#7880 = ORIENTED_EDGE('',*,*,#7765,.T.);
#7881 = ORIENTED_EDGE('',*,*,#7741,.T.);
#7882 = ORIENTED_EDGE('',*,*,#7717,.T.);
#7883 = PLANE('',#7884);
#7884 = AXIS2_PLACEMENT_3D('',#7885,#7886,#7887);
#7885 = CARTESIAN_POINT('',(0.,0.,-26.6));
#7886 = DIRECTION('',(0.,0.,-1.));
#7887 = DIRECTION('',(-1.,0.,-0.));
#7888 = ADVANCED_FACE('',(#7889),#7895,.T.);
#7889 = FACE_BOUND('',#7890,.T.);
#7890 = EDGE_LOOP('',(#7891,#7892,#7893,#7894));
#7891 = ORIENTED_EDGE('',*,*,#2246,.F.);
#7892 = ORIENTED_EDGE('',*,*,#6972,.F.);
#7893 = ORIENTED_EDGE('',*,*,#2264,.T.);
#7894 = ORIENTED_EDGE('',*,*,#6990,.F.);
#7895 = TOROIDAL_SURFACE('',#7896,6.8,0.2);
#7896 = AXIS2_PLACEMENT_3D('',#7897,#7898,#7899);
#7897 = CARTESIAN_POINT('',(-17.5,-1.8,6.938893903907E-15));
#7898 = DIRECTION('',(0.,-1.,0.));
#7899 = DIRECTION('',(0.,0.,-1.));
#7900 = ADVANCED_FACE('',(#7901),#7919,.F.);
#7901 = FACE_BOUND('',#7902,.T.);
#7902 = EDGE_LOOP('',(#7903,#7904,#7905,#7913));
#7903 = ORIENTED_EDGE('',*,*,#3804,.T.);
#7904 = ORIENTED_EDGE('',*,*,#5776,.F.);
#7905 = ORIENTED_EDGE('',*,*,#7906,.F.);
#7906 = EDGE_CURVE('',#7907,#5769,#7909,.T.);
#7907 = VERTEX_POINT('',#7908);
#7908 = CARTESIAN_POINT('',(32.,-6.22,10.85));
#7909 = LINE('',#7910,#7911);
#7910 = CARTESIAN_POINT('',(32.,-6.22,18.85));
#7911 = VECTOR('',#7912,1.);
#7912 = DIRECTION('',(-0.,-0.,1.));
#7913 = ORIENTED_EDGE('',*,*,#7914,.T.);
#7914 = EDGE_CURVE('',#7907,#3805,#7915,.T.);
#7915 = LINE('',#7916,#7917);
#7916 = CARTESIAN_POINT('',(32.,-6.22,10.85));
#7917 = VECTOR('',#7918,1.);
#7918 = DIRECTION('',(-0.,1.,-0.));
#7919 = PLANE('',#7920);
#7920 = AXIS2_PLACEMENT_3D('',#7921,#7922,#7923);
#7921 = CARTESIAN_POINT('',(32.,-6.22,18.85));
#7922 = DIRECTION('',(-1.,0.,-0.));
#7923 = DIRECTION('',(0.,0.,1.));
#7924 = ADVANCED_FACE('',(#7925),#7950,.F.);
#7925 = FACE_BOUND('',#7926,.T.);
#7926 = EDGE_LOOP('',(#7927,#7937,#7943,#7944));
#7927 = ORIENTED_EDGE('',*,*,#7928,.F.);
#7928 = EDGE_CURVE('',#7929,#7931,#7933,.T.);
#7929 = VERTEX_POINT('',#7930);
#7930 = CARTESIAN_POINT('',(28.1,-6.22,18.85));
#7931 = VERTEX_POINT('',#7932);
#7932 = CARTESIAN_POINT('',(26.6,-6.22,18.85));
#7933 = LINE('',#7934,#7935);
#7934 = CARTESIAN_POINT('',(32.,-6.22,18.85));
#7935 = VECTOR('',#7936,1.);
#7936 = DIRECTION('',(-1.,0.,0.));
#7937 = ORIENTED_EDGE('',*,*,#7938,.F.);
#7938 = EDGE_CURVE('',#3895,#7929,#7939,.T.);
#7939 = LINE('',#7940,#7941);
#7940 = CARTESIAN_POINT('',(28.1,0.,18.85));
#7941 = VECTOR('',#7942,1.);
#7942 = DIRECTION('',(-0.,-1.,-0.));
#7943 = ORIENTED_EDGE('',*,*,#3894,.T.);
#7944 = ORIENTED_EDGE('',*,*,#7945,.F.);
#7945 = EDGE_CURVE('',#7931,#3887,#7946,.T.);
#7946 = LINE('',#7947,#7948);
#7947 = CARTESIAN_POINT('',(26.6,-6.22,18.85));
#7948 = VECTOR('',#7949,1.);
#7949 = DIRECTION('',(-0.,1.,-0.));
#7950 = PLANE('',#7951);
#7951 = AXIS2_PLACEMENT_3D('',#7952,#7953,#7954);
#7952 = CARTESIAN_POINT('',(32.,-6.22,18.85));
#7953 = DIRECTION('',(-0.,0.,-1.));
#7954 = DIRECTION('',(-1.,0.,0.));
#7955 = ADVANCED_FACE('',(#7956),#7967,.F.);
#7956 = FACE_BOUND('',#7957,.T.);
#7957 = EDGE_LOOP('',(#7958,#7959,#7960,#7966));
#7958 = ORIENTED_EDGE('',*,*,#3886,.T.);
#7959 = ORIENTED_EDGE('',*,*,#5807,.F.);
#7960 = ORIENTED_EDGE('',*,*,#7961,.F.);
#7961 = EDGE_CURVE('',#7931,#5800,#7962,.T.);
#7962 = LINE('',#7963,#7964);
#7963 = CARTESIAN_POINT('',(26.6,-6.22,18.85));
#7964 = VECTOR('',#7965,1.);
#7965 = DIRECTION('',(0.,0.,-1.));
#7966 = ORIENTED_EDGE('',*,*,#7945,.T.);
#7967 = PLANE('',#7968);
#7968 = AXIS2_PLACEMENT_3D('',#7969,#7970,#7971);
#7969 = CARTESIAN_POINT('',(26.6,-6.22,18.85));
#7970 = DIRECTION('',(1.,0.,0.));
#7971 = DIRECTION('',(0.,0.,-1.));
#7972 = ADVANCED_FACE('',(#7973),#7991,.F.);
#7973 = FACE_BOUND('',#7974,.T.);
#7974 = EDGE_LOOP('',(#7975,#7983,#7989,#7990));
#7975 = ORIENTED_EDGE('',*,*,#7976,.F.);
#7976 = EDGE_CURVE('',#7977,#7907,#7979,.T.);
#7977 = VERTEX_POINT('',#7978);
#7978 = CARTESIAN_POINT('',(30.5,-6.22,10.85));
#7979 = LINE('',#7980,#7981);
#7980 = CARTESIAN_POINT('',(32.,-6.22,10.85));
#7981 = VECTOR('',#7982,1.);
#7982 = DIRECTION('',(1.,-0.,-0.));
#7983 = ORIENTED_EDGE('',*,*,#7984,.F.);
#7984 = EDGE_CURVE('',#3815,#7977,#7985,.T.);
#7985 = LINE('',#7986,#7987);
#7986 = CARTESIAN_POINT('',(30.5,0.,10.85));
#7987 = VECTOR('',#7988,1.);
#7988 = DIRECTION('',(-0.,-1.,-0.));
#7989 = ORIENTED_EDGE('',*,*,#3814,.T.);
#7990 = ORIENTED_EDGE('',*,*,#7914,.F.);
#7991 = PLANE('',#7992);
#7992 = AXIS2_PLACEMENT_3D('',#7993,#7994,#7995);
#7993 = CARTESIAN_POINT('',(32.,-6.22,10.85));
#7994 = DIRECTION('',(0.,0.,1.));
#7995 = DIRECTION('',(1.,0.,-0.));
#7996 = ADVANCED_FACE('',(#7997,#8031),#8147,.F.);
#7997 = FACE_BOUND('',#7998,.T.);
#7998 = EDGE_LOOP('',(#7999,#8009,#8017,#8025));
#7999 = ORIENTED_EDGE('',*,*,#8000,.F.);
#8000 = EDGE_CURVE('',#8001,#8003,#8005,.T.);
#8001 = VERTEX_POINT('',#8002);
#8002 = CARTESIAN_POINT('',(26.937760438641,-6.22,11.624652262833));
#8003 = VERTEX_POINT('',#8004);
#8004 = CARTESIAN_POINT('',(31.35994023308,-6.22,11.624652262833));
#8005 = LINE('',#8006,#8007);
#8006 = CARTESIAN_POINT('',(31.35994023308,-6.22,11.624652262833));
#8007 = VECTOR('',#8008,1.);
#8008 = DIRECTION('',(1.,-0.,-0.));
#8009 = ORIENTED_EDGE('',*,*,#8010,.F.);
#8010 = EDGE_CURVE('',#8011,#8001,#8013,.T.);
#8011 = VERTEX_POINT('',#8012);
#8012 = CARTESIAN_POINT('',(26.937760438641,-6.22,18.075347737167));
#8013 = LINE('',#8014,#8015);
#8014 = CARTESIAN_POINT('',(26.937760438641,-6.22,18.075347737167));
#8015 = VECTOR('',#8016,1.);
#8016 = DIRECTION('',(0.,0.,-1.));
#8017 = ORIENTED_EDGE('',*,*,#8018,.F.);
#8018 = EDGE_CURVE('',#8019,#8011,#8021,.T.);
#8019 = VERTEX_POINT('',#8020);
#8020 = CARTESIAN_POINT('',(31.35994023308,-6.22,18.075347737167));
#8021 = LINE('',#8022,#8023);
#8022 = CARTESIAN_POINT('',(31.35994023308,-6.22,18.075347737167));
#8023 = VECTOR('',#8024,1.);
#8024 = DIRECTION('',(-1.,0.,0.));
#8025 = ORIENTED_EDGE('',*,*,#8026,.F.);
#8026 = EDGE_CURVE('',#8003,#8019,#8027,.T.);
#8027 = LINE('',#8028,#8029);
#8028 = CARTESIAN_POINT('',(31.35994023308,-6.22,18.075347737167));
#8029 = VECTOR('',#8030,1.);
#8030 = DIRECTION('',(-0.,-0.,1.));
#8031 = FACE_BOUND('',#8032,.T.);
#8032 = EDGE_LOOP('',(#8033,#8034,#8042,#8050,#8058,#8066,#8074,#8082,
    #8088,#8089,#8090,#8091,#8099,#8107,#8115,#8123,#8131,#8139,#8145,
    #8146));
#8033 = ORIENTED_EDGE('',*,*,#5768,.T.);
#8034 = ORIENTED_EDGE('',*,*,#8035,.F.);
#8035 = EDGE_CURVE('',#8036,#5761,#8038,.T.);
#8036 = VERTEX_POINT('',#8037);
#8037 = CARTESIAN_POINT('',(30.5,-6.22,18.65));
#8038 = LINE('',#8039,#8040);
#8039 = CARTESIAN_POINT('',(30.5,-6.22,18.85));
#8040 = VECTOR('',#8041,1.);
#8041 = DIRECTION('',(-0.,-0.,1.));
#8042 = ORIENTED_EDGE('',*,*,#8043,.F.);
#8043 = EDGE_CURVE('',#8044,#8036,#8046,.T.);
#8044 = VERTEX_POINT('',#8045);
#8045 = CARTESIAN_POINT('',(31.35994023308,-6.22,18.65));
#8046 = LINE('',#8047,#8048);
#8047 = CARTESIAN_POINT('',(30.5,-6.22,18.65));
#8048 = VECTOR('',#8049,1.);
#8049 = DIRECTION('',(-1.,-0.,-0.));
#8050 = ORIENTED_EDGE('',*,*,#8051,.F.);
#8051 = EDGE_CURVE('',#8052,#8044,#8054,.T.);
#8052 = VERTEX_POINT('',#8053);
#8053 = CARTESIAN_POINT('',(31.35994023308,-6.22,18.45));
#8054 = LINE('',#8055,#8056);
#8055 = CARTESIAN_POINT('',(31.35994023308,-6.22,18.65));
#8056 = VECTOR('',#8057,1.);
#8057 = DIRECTION('',(-0.,-0.,1.));
#8058 = ORIENTED_EDGE('',*,*,#8059,.F.);
#8059 = EDGE_CURVE('',#8060,#8052,#8062,.T.);
#8060 = VERTEX_POINT('',#8061);
#8061 = CARTESIAN_POINT('',(26.937760438641,-6.22,18.45));
#8062 = LINE('',#8063,#8064);
#8063 = CARTESIAN_POINT('',(31.35994023308,-6.22,18.45));
#8064 = VECTOR('',#8065,1.);
#8065 = DIRECTION('',(1.,-0.,-0.));
#8066 = ORIENTED_EDGE('',*,*,#8067,.F.);
#8067 = EDGE_CURVE('',#8068,#8060,#8070,.T.);
#8068 = VERTEX_POINT('',#8069);
#8069 = CARTESIAN_POINT('',(26.937760438641,-6.22,18.65));
#8070 = LINE('',#8071,#8072);
#8071 = CARTESIAN_POINT('',(26.937760438641,-6.22,18.45));
#8072 = VECTOR('',#8073,1.);
#8073 = DIRECTION('',(-0.,-0.,-1.));
#8074 = ORIENTED_EDGE('',*,*,#8075,.F.);
#8075 = EDGE_CURVE('',#8076,#8068,#8078,.T.);
#8076 = VERTEX_POINT('',#8077);
#8077 = CARTESIAN_POINT('',(28.1,-6.22,18.65));
#8078 = LINE('',#8079,#8080);
#8079 = CARTESIAN_POINT('',(26.937760438641,-6.22,18.65));
#8080 = VECTOR('',#8081,1.);
#8081 = DIRECTION('',(-1.,-0.,-0.));
#8082 = ORIENTED_EDGE('',*,*,#8083,.F.);
#8083 = EDGE_CURVE('',#7929,#8076,#8084,.T.);
#8084 = LINE('',#8085,#8086);
#8085 = CARTESIAN_POINT('',(28.1,-6.22,18.65));
#8086 = VECTOR('',#8087,1.);
#8087 = DIRECTION('',(-0.,-0.,-1.));
#8088 = ORIENTED_EDGE('',*,*,#7928,.T.);
#8089 = ORIENTED_EDGE('',*,*,#7961,.T.);
#8090 = ORIENTED_EDGE('',*,*,#5799,.T.);
#8091 = ORIENTED_EDGE('',*,*,#8092,.F.);
#8092 = EDGE_CURVE('',#8093,#5792,#8095,.T.);
#8093 = VERTEX_POINT('',#8094);
#8094 = CARTESIAN_POINT('',(28.1,-6.22,11.05));
#8095 = LINE('',#8096,#8097);
#8096 = CARTESIAN_POINT('',(28.1,-6.22,11.05));
#8097 = VECTOR('',#8098,1.);
#8098 = DIRECTION('',(0.,0.,-1.));
#8099 = ORIENTED_EDGE('',*,*,#8100,.F.);
#8100 = EDGE_CURVE('',#8101,#8093,#8103,.T.);
#8101 = VERTEX_POINT('',#8102);
#8102 = CARTESIAN_POINT('',(26.937760438641,-6.22,11.05));
#8103 = LINE('',#8104,#8105);
#8104 = CARTESIAN_POINT('',(26.937760438641,-6.22,11.05));
#8105 = VECTOR('',#8106,1.);
#8106 = DIRECTION('',(1.,0.,0.));
#8107 = ORIENTED_EDGE('',*,*,#8108,.F.);
#8108 = EDGE_CURVE('',#8109,#8101,#8111,.T.);
#8109 = VERTEX_POINT('',#8110);
#8110 = CARTESIAN_POINT('',(26.937760438641,-6.22,11.25));
#8111 = LINE('',#8112,#8113);
#8112 = CARTESIAN_POINT('',(26.937760438641,-6.22,11.25));
#8113 = VECTOR('',#8114,1.);
#8114 = DIRECTION('',(0.,0.,-1.));
#8115 = ORIENTED_EDGE('',*,*,#8116,.F.);
#8116 = EDGE_CURVE('',#8117,#8109,#8119,.T.);
#8117 = VERTEX_POINT('',#8118);
#8118 = CARTESIAN_POINT('',(31.35994023308,-6.22,11.25));
#8119 = LINE('',#8120,#8121);
#8120 = CARTESIAN_POINT('',(31.35994023308,-6.22,11.25));
#8121 = VECTOR('',#8122,1.);
#8122 = DIRECTION('',(-1.,0.,0.));
#8123 = ORIENTED_EDGE('',*,*,#8124,.F.);
#8124 = EDGE_CURVE('',#8125,#8117,#8127,.T.);
#8125 = VERTEX_POINT('',#8126);
#8126 = CARTESIAN_POINT('',(31.35994023308,-6.22,11.05));
#8127 = LINE('',#8128,#8129);
#8128 = CARTESIAN_POINT('',(31.35994023308,-6.22,11.05));
#8129 = VECTOR('',#8130,1.);
#8130 = DIRECTION('',(0.,0.,1.));
#8131 = ORIENTED_EDGE('',*,*,#8132,.F.);
#8132 = EDGE_CURVE('',#8133,#8125,#8135,.T.);
#8133 = VERTEX_POINT('',#8134);
#8134 = CARTESIAN_POINT('',(30.5,-6.22,11.05));
#8135 = LINE('',#8136,#8137);
#8136 = CARTESIAN_POINT('',(30.5,-6.22,11.05));
#8137 = VECTOR('',#8138,1.);
#8138 = DIRECTION('',(1.,0.,0.));
#8139 = ORIENTED_EDGE('',*,*,#8140,.F.);
#8140 = EDGE_CURVE('',#7977,#8133,#8141,.T.);
#8141 = LINE('',#8142,#8143);
#8142 = CARTESIAN_POINT('',(30.5,-6.22,10.85));
#8143 = VECTOR('',#8144,1.);
#8144 = DIRECTION('',(0.,0.,1.));
#8145 = ORIENTED_EDGE('',*,*,#7976,.T.);
#8146 = ORIENTED_EDGE('',*,*,#7906,.T.);
#8147 = PLANE('',#8148);
#8148 = AXIS2_PLACEMENT_3D('',#8149,#8150,#8151);
#8149 = CARTESIAN_POINT('',(0.,-6.22,0.));
#8150 = DIRECTION('',(0.,1.,0.));
#8151 = DIRECTION('',(0.,-0.,1.));
#8152 = ADVANCED_FACE('',(#8153),#8164,.F.);
#8153 = FACE_BOUND('',#8154,.T.);
#8154 = EDGE_LOOP('',(#8155,#8156,#8157,#8158));
#8155 = ORIENTED_EDGE('',*,*,#8092,.T.);
#8156 = ORIENTED_EDGE('',*,*,#5791,.F.);
#8157 = ORIENTED_EDGE('',*,*,#3870,.F.);
#8158 = ORIENTED_EDGE('',*,*,#8159,.T.);
#8159 = EDGE_CURVE('',#3863,#8093,#8160,.T.);
#8160 = LINE('',#8161,#8162);
#8161 = CARTESIAN_POINT('',(28.1,0.,11.05));
#8162 = VECTOR('',#8163,1.);
#8163 = DIRECTION('',(-0.,-1.,-0.));
#8164 = PLANE('',#8165);
#8165 = AXIS2_PLACEMENT_3D('',#8166,#8167,#8168);
#8166 = CARTESIAN_POINT('',(28.1,0.,11.05));
#8167 = DIRECTION('',(-1.,0.,0.));
#8168 = DIRECTION('',(0.,0.,1.));
#8169 = ADVANCED_FACE('',(#8170),#8181,.F.);
#8170 = FACE_BOUND('',#8171,.T.);
#8171 = EDGE_LOOP('',(#8172,#8173,#8174,#8175));
#8172 = ORIENTED_EDGE('',*,*,#8100,.T.);
#8173 = ORIENTED_EDGE('',*,*,#8159,.F.);
#8174 = ORIENTED_EDGE('',*,*,#3862,.F.);
#8175 = ORIENTED_EDGE('',*,*,#8176,.T.);
#8176 = EDGE_CURVE('',#3855,#8101,#8177,.T.);
#8177 = LINE('',#8178,#8179);
#8178 = CARTESIAN_POINT('',(26.937760438641,0.,11.05));
#8179 = VECTOR('',#8180,1.);
#8180 = DIRECTION('',(-0.,-1.,-0.));
#8181 = PLANE('',#8182);
#8182 = AXIS2_PLACEMENT_3D('',#8183,#8184,#8185);
#8183 = CARTESIAN_POINT('',(26.937760438641,0.,11.05));
#8184 = DIRECTION('',(0.,0.,-1.));
#8185 = DIRECTION('',(-1.,0.,-0.));
#8186 = ADVANCED_FACE('',(#8187),#8198,.F.);
#8187 = FACE_BOUND('',#8188,.T.);
#8188 = EDGE_LOOP('',(#8189,#8190,#8191,#8192));
#8189 = ORIENTED_EDGE('',*,*,#8108,.T.);
#8190 = ORIENTED_EDGE('',*,*,#8176,.F.);
#8191 = ORIENTED_EDGE('',*,*,#3854,.F.);
#8192 = ORIENTED_EDGE('',*,*,#8193,.T.);
#8193 = EDGE_CURVE('',#3847,#8109,#8194,.T.);
#8194 = LINE('',#8195,#8196);
#8195 = CARTESIAN_POINT('',(26.937760438641,0.,11.25));
#8196 = VECTOR('',#8197,1.);
#8197 = DIRECTION('',(-0.,-1.,-0.));
#8198 = PLANE('',#8199);
#8199 = AXIS2_PLACEMENT_3D('',#8200,#8201,#8202);
#8200 = CARTESIAN_POINT('',(26.937760438641,0.,11.25));
#8201 = DIRECTION('',(-1.,0.,0.));
#8202 = DIRECTION('',(0.,0.,1.));
#8203 = ADVANCED_FACE('',(#8204),#8215,.F.);
#8204 = FACE_BOUND('',#8205,.T.);
#8205 = EDGE_LOOP('',(#8206,#8207,#8208,#8209));
#8206 = ORIENTED_EDGE('',*,*,#8116,.T.);
#8207 = ORIENTED_EDGE('',*,*,#8193,.F.);
#8208 = ORIENTED_EDGE('',*,*,#3846,.F.);
#8209 = ORIENTED_EDGE('',*,*,#8210,.T.);
#8210 = EDGE_CURVE('',#3839,#8117,#8211,.T.);
#8211 = LINE('',#8212,#8213);
#8212 = CARTESIAN_POINT('',(31.35994023308,0.,11.25));
#8213 = VECTOR('',#8214,1.);
#8214 = DIRECTION('',(-0.,-1.,-0.));
#8215 = PLANE('',#8216);
#8216 = AXIS2_PLACEMENT_3D('',#8217,#8218,#8219);
#8217 = CARTESIAN_POINT('',(31.35994023308,0.,11.25));
#8218 = DIRECTION('',(0.,-0.,1.));
#8219 = DIRECTION('',(1.,0.,0.));
#8220 = ADVANCED_FACE('',(#8221),#8232,.F.);
#8221 = FACE_BOUND('',#8222,.T.);
#8222 = EDGE_LOOP('',(#8223,#8224,#8225,#8226));
#8223 = ORIENTED_EDGE('',*,*,#8124,.T.);
#8224 = ORIENTED_EDGE('',*,*,#8210,.F.);
#8225 = ORIENTED_EDGE('',*,*,#3838,.F.);
#8226 = ORIENTED_EDGE('',*,*,#8227,.T.);
#8227 = EDGE_CURVE('',#3831,#8125,#8228,.T.);
#8228 = LINE('',#8229,#8230);
#8229 = CARTESIAN_POINT('',(31.35994023308,0.,11.05));
#8230 = VECTOR('',#8231,1.);
#8231 = DIRECTION('',(-0.,-1.,-0.));
#8232 = PLANE('',#8233);
#8233 = AXIS2_PLACEMENT_3D('',#8234,#8235,#8236);
#8234 = CARTESIAN_POINT('',(31.35994023308,0.,11.05));
#8235 = DIRECTION('',(1.,0.,0.));
#8236 = DIRECTION('',(0.,0.,-1.));
#8237 = ADVANCED_FACE('',(#8238),#8249,.F.);
#8238 = FACE_BOUND('',#8239,.T.);
#8239 = EDGE_LOOP('',(#8240,#8241,#8242,#8243));
#8240 = ORIENTED_EDGE('',*,*,#8132,.T.);
#8241 = ORIENTED_EDGE('',*,*,#8227,.F.);
#8242 = ORIENTED_EDGE('',*,*,#3830,.F.);
#8243 = ORIENTED_EDGE('',*,*,#8244,.T.);
#8244 = EDGE_CURVE('',#3823,#8133,#8245,.T.);
#8245 = LINE('',#8246,#8247);
#8246 = CARTESIAN_POINT('',(30.5,0.,11.05));
#8247 = VECTOR('',#8248,1.);
#8248 = DIRECTION('',(-0.,-1.,-0.));
#8249 = PLANE('',#8250);
#8250 = AXIS2_PLACEMENT_3D('',#8251,#8252,#8253);
#8251 = CARTESIAN_POINT('',(30.5,0.,11.05));
#8252 = DIRECTION('',(0.,0.,-1.));
#8253 = DIRECTION('',(-1.,0.,-0.));
#8254 = ADVANCED_FACE('',(#8255),#8261,.F.);
#8255 = FACE_BOUND('',#8256,.T.);
#8256 = EDGE_LOOP('',(#8257,#8258,#8259,#8260));
#8257 = ORIENTED_EDGE('',*,*,#8140,.T.);
#8258 = ORIENTED_EDGE('',*,*,#8244,.F.);
#8259 = ORIENTED_EDGE('',*,*,#3822,.F.);
#8260 = ORIENTED_EDGE('',*,*,#7984,.T.);
#8261 = PLANE('',#8262);
#8262 = AXIS2_PLACEMENT_3D('',#8263,#8264,#8265);
#8263 = CARTESIAN_POINT('',(30.5,0.,10.85));
#8264 = DIRECTION('',(1.,0.,0.));
#8265 = DIRECTION('',(0.,0.,-1.));
#8266 = ADVANCED_FACE('',(#8267),#8278,.F.);
#8267 = FACE_BOUND('',#8268,.T.);
#8268 = EDGE_LOOP('',(#8269,#8270,#8271,#8272));
#8269 = ORIENTED_EDGE('',*,*,#8035,.T.);
#8270 = ORIENTED_EDGE('',*,*,#5760,.F.);
#8271 = ORIENTED_EDGE('',*,*,#3950,.F.);
#8272 = ORIENTED_EDGE('',*,*,#8273,.T.);
#8273 = EDGE_CURVE('',#3943,#8036,#8274,.T.);
#8274 = LINE('',#8275,#8276);
#8275 = CARTESIAN_POINT('',(30.5,0.,18.65));
#8276 = VECTOR('',#8277,1.);
#8277 = DIRECTION('',(-0.,-1.,-0.));
#8278 = PLANE('',#8279);
#8279 = AXIS2_PLACEMENT_3D('',#8280,#8281,#8282);
#8280 = CARTESIAN_POINT('',(30.5,0.,18.85));
#8281 = DIRECTION('',(1.,-0.,0.));
#8282 = DIRECTION('',(0.,0.,-1.));
#8283 = ADVANCED_FACE('',(#8284),#8295,.F.);
#8284 = FACE_BOUND('',#8285,.T.);
#8285 = EDGE_LOOP('',(#8286,#8287,#8288,#8289));
#8286 = ORIENTED_EDGE('',*,*,#8043,.T.);
#8287 = ORIENTED_EDGE('',*,*,#8273,.F.);
#8288 = ORIENTED_EDGE('',*,*,#3942,.F.);
#8289 = ORIENTED_EDGE('',*,*,#8290,.T.);
#8290 = EDGE_CURVE('',#3935,#8044,#8291,.T.);
#8291 = LINE('',#8292,#8293);
#8292 = CARTESIAN_POINT('',(31.35994023308,0.,18.65));
#8293 = VECTOR('',#8294,1.);
#8294 = DIRECTION('',(-0.,-1.,-0.));
#8295 = PLANE('',#8296);
#8296 = AXIS2_PLACEMENT_3D('',#8297,#8298,#8299);
#8297 = CARTESIAN_POINT('',(30.5,0.,18.65));
#8298 = DIRECTION('',(0.,0.,1.));
#8299 = DIRECTION('',(1.,0.,-0.));
#8300 = ADVANCED_FACE('',(#8301),#8312,.F.);
#8301 = FACE_BOUND('',#8302,.T.);
#8302 = EDGE_LOOP('',(#8303,#8304,#8305,#8306));
#8303 = ORIENTED_EDGE('',*,*,#8051,.T.);
#8304 = ORIENTED_EDGE('',*,*,#8290,.F.);
#8305 = ORIENTED_EDGE('',*,*,#3934,.F.);
#8306 = ORIENTED_EDGE('',*,*,#8307,.T.);
#8307 = EDGE_CURVE('',#3927,#8052,#8308,.T.);
#8308 = LINE('',#8309,#8310);
#8309 = CARTESIAN_POINT('',(31.35994023308,0.,18.45));
#8310 = VECTOR('',#8311,1.);
#8311 = DIRECTION('',(-0.,-1.,-0.));
#8312 = PLANE('',#8313);
#8313 = AXIS2_PLACEMENT_3D('',#8314,#8315,#8316);
#8314 = CARTESIAN_POINT('',(31.35994023308,0.,18.65));
#8315 = DIRECTION('',(1.,-0.,0.));
#8316 = DIRECTION('',(0.,0.,-1.));
#8317 = ADVANCED_FACE('',(#8318),#8329,.F.);
#8318 = FACE_BOUND('',#8319,.T.);
#8319 = EDGE_LOOP('',(#8320,#8321,#8322,#8323));
#8320 = ORIENTED_EDGE('',*,*,#8059,.T.);
#8321 = ORIENTED_EDGE('',*,*,#8307,.F.);
#8322 = ORIENTED_EDGE('',*,*,#3926,.F.);
#8323 = ORIENTED_EDGE('',*,*,#8324,.T.);
#8324 = EDGE_CURVE('',#3919,#8060,#8325,.T.);
#8325 = LINE('',#8326,#8327);
#8326 = CARTESIAN_POINT('',(26.937760438641,0.,18.45));
#8327 = VECTOR('',#8328,1.);
#8328 = DIRECTION('',(-0.,-1.,-0.));
#8329 = PLANE('',#8330);
#8330 = AXIS2_PLACEMENT_3D('',#8331,#8332,#8333);
#8331 = CARTESIAN_POINT('',(31.35994023308,0.,18.45));
#8332 = DIRECTION('',(0.,0.,-1.));
#8333 = DIRECTION('',(-1.,0.,-0.));
#8334 = ADVANCED_FACE('',(#8335),#8346,.F.);
#8335 = FACE_BOUND('',#8336,.T.);
#8336 = EDGE_LOOP('',(#8337,#8338,#8339,#8340));
#8337 = ORIENTED_EDGE('',*,*,#8067,.T.);
#8338 = ORIENTED_EDGE('',*,*,#8324,.F.);
#8339 = ORIENTED_EDGE('',*,*,#3918,.F.);
#8340 = ORIENTED_EDGE('',*,*,#8341,.T.);
#8341 = EDGE_CURVE('',#3911,#8068,#8342,.T.);
#8342 = LINE('',#8343,#8344);
#8343 = CARTESIAN_POINT('',(26.937760438641,0.,18.65));
#8344 = VECTOR('',#8345,1.);
#8345 = DIRECTION('',(-0.,-1.,-0.));
#8346 = PLANE('',#8347);
#8347 = AXIS2_PLACEMENT_3D('',#8348,#8349,#8350);
#8348 = CARTESIAN_POINT('',(26.937760438641,0.,18.45));
#8349 = DIRECTION('',(-1.,0.,0.));
#8350 = DIRECTION('',(0.,0.,1.));
#8351 = ADVANCED_FACE('',(#8352),#8363,.F.);
#8352 = FACE_BOUND('',#8353,.T.);
#8353 = EDGE_LOOP('',(#8354,#8355,#8356,#8357));
#8354 = ORIENTED_EDGE('',*,*,#8075,.T.);
#8355 = ORIENTED_EDGE('',*,*,#8341,.F.);
#8356 = ORIENTED_EDGE('',*,*,#3910,.F.);
#8357 = ORIENTED_EDGE('',*,*,#8358,.T.);
#8358 = EDGE_CURVE('',#3903,#8076,#8359,.T.);
#8359 = LINE('',#8360,#8361);
#8360 = CARTESIAN_POINT('',(28.1,0.,18.65));
#8361 = VECTOR('',#8362,1.);
#8362 = DIRECTION('',(-0.,-1.,-0.));
#8363 = PLANE('',#8364);
#8364 = AXIS2_PLACEMENT_3D('',#8365,#8366,#8367);
#8365 = CARTESIAN_POINT('',(26.937760438641,0.,18.65));
#8366 = DIRECTION('',(0.,0.,1.));
#8367 = DIRECTION('',(1.,0.,-0.));
#8368 = ADVANCED_FACE('',(#8369),#8375,.F.);
#8369 = FACE_BOUND('',#8370,.T.);
#8370 = EDGE_LOOP('',(#8371,#8372,#8373,#8374));
#8371 = ORIENTED_EDGE('',*,*,#8083,.T.);
#8372 = ORIENTED_EDGE('',*,*,#8358,.F.);
#8373 = ORIENTED_EDGE('',*,*,#3902,.F.);
#8374 = ORIENTED_EDGE('',*,*,#7938,.T.);
#8375 = PLANE('',#8376);
#8376 = AXIS2_PLACEMENT_3D('',#8377,#8378,#8379);
#8377 = CARTESIAN_POINT('',(28.1,0.,18.65));
#8378 = DIRECTION('',(-1.,0.,0.));
#8379 = DIRECTION('',(0.,0.,1.));
#8380 = ADVANCED_FACE('',(#8381),#8397,.F.);
#8381 = FACE_BOUND('',#8382,.T.);
#8382 = EDGE_LOOP('',(#8383,#8384,#8390,#8391));
#8383 = ORIENTED_EDGE('',*,*,#8010,.T.);
#8384 = ORIENTED_EDGE('',*,*,#8385,.F.);
#8385 = EDGE_CURVE('',#5688,#8001,#8386,.T.);
#8386 = LINE('',#8387,#8388);
#8387 = CARTESIAN_POINT('',(26.937760438641,-1.22,11.624652262833));
#8388 = VECTOR('',#8389,1.);
#8389 = DIRECTION('',(-0.,-1.,-0.));
#8390 = ORIENTED_EDGE('',*,*,#5685,.F.);
#8391 = ORIENTED_EDGE('',*,*,#8392,.T.);
#8392 = EDGE_CURVE('',#5686,#8011,#8393,.T.);
#8393 = LINE('',#8394,#8395);
#8394 = CARTESIAN_POINT('',(26.937760438641,-1.22,18.075347737167));
#8395 = VECTOR('',#8396,1.);
#8396 = DIRECTION('',(-0.,-1.,-0.));
#8397 = PLANE('',#8398);
#8398 = AXIS2_PLACEMENT_3D('',#8399,#8400,#8401);
#8399 = CARTESIAN_POINT('',(26.937760438641,-1.22,18.075347737167));
#8400 = DIRECTION('',(-1.,0.,0.));
#8401 = DIRECTION('',(0.,0.,1.));
#8402 = ADVANCED_FACE('',(#8403),#8414,.F.);
#8403 = FACE_BOUND('',#8404,.T.);
#8404 = EDGE_LOOP('',(#8405,#8406,#8407,#8408));
#8405 = ORIENTED_EDGE('',*,*,#8018,.T.);
#8406 = ORIENTED_EDGE('',*,*,#8392,.F.);
#8407 = ORIENTED_EDGE('',*,*,#5711,.F.);
#8408 = ORIENTED_EDGE('',*,*,#8409,.T.);
#8409 = EDGE_CURVE('',#5704,#8019,#8410,.T.);
#8410 = LINE('',#8411,#8412);
#8411 = CARTESIAN_POINT('',(31.35994023308,-1.22,18.075347737167));
#8412 = VECTOR('',#8413,1.);
#8413 = DIRECTION('',(-0.,-1.,-0.));
#8414 = PLANE('',#8415);
#8415 = AXIS2_PLACEMENT_3D('',#8416,#8417,#8418);
#8416 = CARTESIAN_POINT('',(31.35994023308,-1.22,18.075347737167));
#8417 = DIRECTION('',(0.,-0.,1.));
#8418 = DIRECTION('',(1.,0.,0.));
#8419 = ADVANCED_FACE('',(#8420),#8431,.F.);
#8420 = FACE_BOUND('',#8421,.T.);
#8421 = EDGE_LOOP('',(#8422,#8423,#8424,#8425));
#8422 = ORIENTED_EDGE('',*,*,#8026,.T.);
#8423 = ORIENTED_EDGE('',*,*,#8409,.F.);
#8424 = ORIENTED_EDGE('',*,*,#5703,.F.);
#8425 = ORIENTED_EDGE('',*,*,#8426,.T.);
#8426 = EDGE_CURVE('',#5696,#8003,#8427,.T.);
#8427 = LINE('',#8428,#8429);
#8428 = CARTESIAN_POINT('',(31.35994023308,-1.22,11.624652262833));
#8429 = VECTOR('',#8430,1.);
#8430 = DIRECTION('',(-0.,-1.,-0.));
#8431 = PLANE('',#8432);
#8432 = AXIS2_PLACEMENT_3D('',#8433,#8434,#8435);
#8433 = CARTESIAN_POINT('',(31.35994023308,-1.22,18.075347737167));
#8434 = DIRECTION('',(1.,-0.,0.));
#8435 = DIRECTION('',(0.,0.,-1.));
#8436 = ADVANCED_FACE('',(#8437),#8443,.F.);
#8437 = FACE_BOUND('',#8438,.T.);
#8438 = EDGE_LOOP('',(#8439,#8440,#8441,#8442));
#8439 = ORIENTED_EDGE('',*,*,#8000,.T.);
#8440 = ORIENTED_EDGE('',*,*,#8426,.F.);
#8441 = ORIENTED_EDGE('',*,*,#5695,.F.);
#8442 = ORIENTED_EDGE('',*,*,#8385,.T.);
#8443 = PLANE('',#8444);
#8444 = AXIS2_PLACEMENT_3D('',#8445,#8446,#8447);
#8445 = CARTESIAN_POINT('',(31.35994023308,-1.22,11.624652262833));
#8446 = DIRECTION('',(0.,0.,-1.));
#8447 = DIRECTION('',(-1.,0.,-0.));
#8448 = ADVANCED_FACE('',(#8449),#8474,.F.);
#8449 = FACE_BOUND('',#8450,.T.);
#8450 = EDGE_LOOP('',(#8451,#8459,#8467,#8473));
#8451 = ORIENTED_EDGE('',*,*,#8452,.F.);
#8452 = EDGE_CURVE('',#8453,#5654,#8455,.T.);
#8453 = VERTEX_POINT('',#8454);
#8454 = CARTESIAN_POINT('',(29.074199983116,-6.12,15.572120278033));
#8455 = LINE('',#8456,#8457);
#8456 = CARTESIAN_POINT('',(29.074199983116,-6.22,15.572120278033));
#8457 = VECTOR('',#8458,1.);
#8458 = DIRECTION('',(-0.,1.,-0.));
#8459 = ORIENTED_EDGE('',*,*,#8460,.T.);
#8460 = EDGE_CURVE('',#8453,#8461,#8463,.T.);
#8461 = VERTEX_POINT('',#8462);
#8462 = CARTESIAN_POINT('',(29.074199983116,-6.12,16.072120278033));
#8463 = LINE('',#8464,#8465);
#8464 = CARTESIAN_POINT('',(29.074199983116,-6.12,16.072120278033));
#8465 = VECTOR('',#8466,1.);
#8466 = DIRECTION('',(0.,0.,1.));
#8467 = ORIENTED_EDGE('',*,*,#8468,.T.);
#8468 = EDGE_CURVE('',#8461,#5652,#8469,.T.);
#8469 = LINE('',#8470,#8471);
#8470 = CARTESIAN_POINT('',(29.074199983116,-6.22,16.072120278033));
#8471 = VECTOR('',#8472,1.);
#8472 = DIRECTION('',(-0.,1.,-0.));
#8473 = ORIENTED_EDGE('',*,*,#5651,.T.);
#8474 = PLANE('',#8475);
#8475 = AXIS2_PLACEMENT_3D('',#8476,#8477,#8478);
#8476 = CARTESIAN_POINT('',(29.074199983116,-6.22,16.072120278033));
#8477 = DIRECTION('',(1.,0.,0.));
#8478 = DIRECTION('',(0.,0.,-1.));
#8479 = ADVANCED_FACE('',(#8480),#8498,.F.);
#8480 = FACE_BOUND('',#8481,.T.);
#8481 = EDGE_LOOP('',(#8482,#8490,#8496,#8497));
#8482 = ORIENTED_EDGE('',*,*,#8483,.F.);
#8483 = EDGE_CURVE('',#8484,#5670,#8486,.T.);
#8484 = VERTEX_POINT('',#8485);
#8485 = CARTESIAN_POINT('',(29.574199983116,-6.12,15.572120278033));
#8486 = LINE('',#8487,#8488);
#8487 = CARTESIAN_POINT('',(29.574199983116,-6.22,15.572120278033));
#8488 = VECTOR('',#8489,1.);
#8489 = DIRECTION('',(-0.,1.,-0.));
#8490 = ORIENTED_EDGE('',*,*,#8491,.T.);
#8491 = EDGE_CURVE('',#8484,#8453,#8492,.T.);
#8492 = LINE('',#8493,#8494);
#8493 = CARTESIAN_POINT('',(29.574199983116,-6.12,15.572120278033));
#8494 = VECTOR('',#8495,1.);
#8495 = DIRECTION('',(-1.,0.,0.));
#8496 = ORIENTED_EDGE('',*,*,#8452,.T.);
#8497 = ORIENTED_EDGE('',*,*,#5677,.T.);
#8498 = PLANE('',#8499);
#8499 = AXIS2_PLACEMENT_3D('',#8500,#8501,#8502);
#8500 = CARTESIAN_POINT('',(29.574199983116,-6.22,15.572120278033));
#8501 = DIRECTION('',(0.,0.,1.));
#8502 = DIRECTION('',(1.,0.,-0.));
#8503 = ADVANCED_FACE('',(#8504),#8522,.F.);
#8504 = FACE_BOUND('',#8505,.T.);
#8505 = EDGE_LOOP('',(#8506,#8514,#8520,#8521));
#8506 = ORIENTED_EDGE('',*,*,#8507,.F.);
#8507 = EDGE_CURVE('',#8508,#5662,#8510,.T.);
#8508 = VERTEX_POINT('',#8509);
#8509 = CARTESIAN_POINT('',(29.574199983116,-6.12,16.072120278033));
#8510 = LINE('',#8511,#8512);
#8511 = CARTESIAN_POINT('',(29.574199983116,-6.22,16.072120278033));
#8512 = VECTOR('',#8513,1.);
#8513 = DIRECTION('',(-0.,1.,-0.));
#8514 = ORIENTED_EDGE('',*,*,#8515,.T.);
#8515 = EDGE_CURVE('',#8508,#8484,#8516,.T.);
#8516 = LINE('',#8517,#8518);
#8517 = CARTESIAN_POINT('',(29.574199983116,-6.12,16.072120278033));
#8518 = VECTOR('',#8519,1.);
#8519 = DIRECTION('',(0.,0.,-1.));
#8520 = ORIENTED_EDGE('',*,*,#8483,.T.);
#8521 = ORIENTED_EDGE('',*,*,#5669,.T.);
#8522 = PLANE('',#8523);
#8523 = AXIS2_PLACEMENT_3D('',#8524,#8525,#8526);
#8524 = CARTESIAN_POINT('',(29.574199983116,-6.22,16.072120278033));
#8525 = DIRECTION('',(-1.,0.,-0.));
#8526 = DIRECTION('',(0.,0.,1.));
#8527 = ADVANCED_FACE('',(#8528),#8539,.F.);
#8528 = FACE_BOUND('',#8529,.T.);
#8529 = EDGE_LOOP('',(#8530,#8531,#8537,#8538));
#8530 = ORIENTED_EDGE('',*,*,#8468,.F.);
#8531 = ORIENTED_EDGE('',*,*,#8532,.T.);
#8532 = EDGE_CURVE('',#8461,#8508,#8533,.T.);
#8533 = LINE('',#8534,#8535);
#8534 = CARTESIAN_POINT('',(29.574199983116,-6.12,16.072120278033));
#8535 = VECTOR('',#8536,1.);
#8536 = DIRECTION('',(1.,0.,0.));
#8537 = ORIENTED_EDGE('',*,*,#8507,.T.);
#8538 = ORIENTED_EDGE('',*,*,#5661,.T.);
#8539 = PLANE('',#8540);
#8540 = AXIS2_PLACEMENT_3D('',#8541,#8542,#8543);
#8541 = CARTESIAN_POINT('',(29.574199983116,-6.22,16.072120278033));
#8542 = DIRECTION('',(-0.,0.,-1.));
#8543 = DIRECTION('',(-1.,0.,0.));
#8544 = ADVANCED_FACE('',(#8545),#8579,.F.);
#8545 = FACE_BOUND('',#8546,.T.);
#8546 = EDGE_LOOP('',(#8547,#8557,#8565,#8573));
#8547 = ORIENTED_EDGE('',*,*,#8548,.T.);
#8548 = EDGE_CURVE('',#8549,#8551,#8553,.T.);
#8549 = VERTEX_POINT('',#8550);
#8550 = CARTESIAN_POINT('',(29.474199983116,-6.22,15.672120278033));
#8551 = VERTEX_POINT('',#8552);
#8552 = CARTESIAN_POINT('',(29.474199983116,-6.22,15.972120278033));
#8553 = LINE('',#8554,#8555);
#8554 = CARTESIAN_POINT('',(29.474199983116,-6.22,0.));
#8555 = VECTOR('',#8556,1.);
#8556 = DIRECTION('',(0.,0.,1.));
#8557 = ORIENTED_EDGE('',*,*,#8558,.T.);
#8558 = EDGE_CURVE('',#8551,#8559,#8561,.T.);
#8559 = VERTEX_POINT('',#8560);
#8560 = CARTESIAN_POINT('',(29.174199983116,-6.22,15.972120278033));
#8561 = LINE('',#8562,#8563);
#8562 = CARTESIAN_POINT('',(0.,-6.22,15.972120278033));
#8563 = VECTOR('',#8564,1.);
#8564 = DIRECTION('',(-1.,0.,0.));
#8565 = ORIENTED_EDGE('',*,*,#8566,.T.);
#8566 = EDGE_CURVE('',#8559,#8567,#8569,.T.);
#8567 = VERTEX_POINT('',#8568);
#8568 = CARTESIAN_POINT('',(29.174199983116,-6.22,15.672120278033));
#8569 = LINE('',#8570,#8571);
#8570 = CARTESIAN_POINT('',(29.174199983116,-6.22,0.));
#8571 = VECTOR('',#8572,1.);
#8572 = DIRECTION('',(0.,0.,-1.));
#8573 = ORIENTED_EDGE('',*,*,#8574,.T.);
#8574 = EDGE_CURVE('',#8567,#8549,#8575,.T.);
#8575 = LINE('',#8576,#8577);
#8576 = CARTESIAN_POINT('',(0.,-6.22,15.672120278033));
#8577 = VECTOR('',#8578,1.);
#8578 = DIRECTION('',(1.,0.,0.));
#8579 = PLANE('',#8580);
#8580 = AXIS2_PLACEMENT_3D('',#8581,#8582,#8583);
#8581 = CARTESIAN_POINT('',(0.,-6.22,0.));
#8582 = DIRECTION('',(0.,1.,0.));
#8583 = DIRECTION('',(0.,-0.,1.));
#8584 = ADVANCED_FACE('',(#8585),#8610,.F.);
#8585 = FACE_BOUND('',#8586,.T.);
#8586 = EDGE_LOOP('',(#8587,#8595,#8603,#8609));
#8587 = ORIENTED_EDGE('',*,*,#8588,.F.);
#8588 = EDGE_CURVE('',#8589,#5722,#8591,.T.);
#8589 = VERTEX_POINT('',#8590);
#8590 = CARTESIAN_POINT('',(29.056578168715,-6.12,13.831028720505));
#8591 = LINE('',#8592,#8593);
#8592 = CARTESIAN_POINT('',(29.056578168715,-6.22,13.831028720505));
#8593 = VECTOR('',#8594,1.);
#8594 = DIRECTION('',(-0.,1.,-0.));
#8595 = ORIENTED_EDGE('',*,*,#8596,.T.);
#8596 = EDGE_CURVE('',#8589,#8597,#8599,.T.);
#8597 = VERTEX_POINT('',#8598);
#8598 = CARTESIAN_POINT('',(29.056578168715,-6.12,14.331028720505));
#8599 = LINE('',#8600,#8601);
#8600 = CARTESIAN_POINT('',(29.056578168715,-6.12,14.331028720505));
#8601 = VECTOR('',#8602,1.);
#8602 = DIRECTION('',(0.,0.,1.));
#8603 = ORIENTED_EDGE('',*,*,#8604,.T.);
#8604 = EDGE_CURVE('',#8597,#5720,#8605,.T.);
#8605 = LINE('',#8606,#8607);
#8606 = CARTESIAN_POINT('',(29.056578168715,-6.22,14.331028720505));
#8607 = VECTOR('',#8608,1.);
#8608 = DIRECTION('',(-0.,1.,-0.));
#8609 = ORIENTED_EDGE('',*,*,#5719,.T.);
#8610 = PLANE('',#8611);
#8611 = AXIS2_PLACEMENT_3D('',#8612,#8613,#8614);
#8612 = CARTESIAN_POINT('',(29.056578168715,-6.22,14.331028720505));
#8613 = DIRECTION('',(1.,0.,0.));
#8614 = DIRECTION('',(0.,0.,-1.));
#8615 = ADVANCED_FACE('',(#8616),#8634,.F.);
#8616 = FACE_BOUND('',#8617,.T.);
#8617 = EDGE_LOOP('',(#8618,#8626,#8632,#8633));
#8618 = ORIENTED_EDGE('',*,*,#8619,.F.);
#8619 = EDGE_CURVE('',#8620,#5738,#8622,.T.);
#8620 = VERTEX_POINT('',#8621);
#8621 = CARTESIAN_POINT('',(29.556578168715,-6.12,13.831028720505));
#8622 = LINE('',#8623,#8624);
#8623 = CARTESIAN_POINT('',(29.556578168715,-6.22,13.831028720505));
#8624 = VECTOR('',#8625,1.);
#8625 = DIRECTION('',(-0.,1.,-0.));
#8626 = ORIENTED_EDGE('',*,*,#8627,.T.);
#8627 = EDGE_CURVE('',#8620,#8589,#8628,.T.);
#8628 = LINE('',#8629,#8630);
#8629 = CARTESIAN_POINT('',(29.556578168715,-6.12,13.831028720505));
#8630 = VECTOR('',#8631,1.);
#8631 = DIRECTION('',(-1.,0.,0.));
#8632 = ORIENTED_EDGE('',*,*,#8588,.T.);
#8633 = ORIENTED_EDGE('',*,*,#5745,.T.);
#8634 = PLANE('',#8635);
#8635 = AXIS2_PLACEMENT_3D('',#8636,#8637,#8638);
#8636 = CARTESIAN_POINT('',(29.556578168715,-6.22,13.831028720505));
#8637 = DIRECTION('',(0.,0.,1.));
#8638 = DIRECTION('',(1.,0.,-0.));
#8639 = ADVANCED_FACE('',(#8640),#8658,.F.);
#8640 = FACE_BOUND('',#8641,.T.);
#8641 = EDGE_LOOP('',(#8642,#8650,#8656,#8657));
#8642 = ORIENTED_EDGE('',*,*,#8643,.F.);
#8643 = EDGE_CURVE('',#8644,#5730,#8646,.T.);
#8644 = VERTEX_POINT('',#8645);
#8645 = CARTESIAN_POINT('',(29.556578168715,-6.12,14.331028720505));
#8646 = LINE('',#8647,#8648);
#8647 = CARTESIAN_POINT('',(29.556578168715,-6.22,14.331028720505));
#8648 = VECTOR('',#8649,1.);
#8649 = DIRECTION('',(-0.,1.,-0.));
#8650 = ORIENTED_EDGE('',*,*,#8651,.T.);
#8651 = EDGE_CURVE('',#8644,#8620,#8652,.T.);
#8652 = LINE('',#8653,#8654);
#8653 = CARTESIAN_POINT('',(29.556578168715,-6.12,14.331028720505));
#8654 = VECTOR('',#8655,1.);
#8655 = DIRECTION('',(0.,0.,-1.));
#8656 = ORIENTED_EDGE('',*,*,#8619,.T.);
#8657 = ORIENTED_EDGE('',*,*,#5737,.T.);
#8658 = PLANE('',#8659);
#8659 = AXIS2_PLACEMENT_3D('',#8660,#8661,#8662);
#8660 = CARTESIAN_POINT('',(29.556578168715,-6.22,14.331028720505));
#8661 = DIRECTION('',(-1.,0.,-0.));
#8662 = DIRECTION('',(0.,0.,1.));
#8663 = ADVANCED_FACE('',(#8664),#8675,.F.);
#8664 = FACE_BOUND('',#8665,.T.);
#8665 = EDGE_LOOP('',(#8666,#8667,#8673,#8674));
#8666 = ORIENTED_EDGE('',*,*,#8604,.F.);
#8667 = ORIENTED_EDGE('',*,*,#8668,.T.);
#8668 = EDGE_CURVE('',#8597,#8644,#8669,.T.);
#8669 = LINE('',#8670,#8671);
#8670 = CARTESIAN_POINT('',(29.556578168715,-6.12,14.331028720505));
#8671 = VECTOR('',#8672,1.);
#8672 = DIRECTION('',(1.,0.,0.));
#8673 = ORIENTED_EDGE('',*,*,#8643,.T.);
#8674 = ORIENTED_EDGE('',*,*,#5729,.T.);
#8675 = PLANE('',#8676);
#8676 = AXIS2_PLACEMENT_3D('',#8677,#8678,#8679);
#8677 = CARTESIAN_POINT('',(29.556578168715,-6.22,14.331028720505));
#8678 = DIRECTION('',(-0.,0.,-1.));
#8679 = DIRECTION('',(-1.,0.,0.));
#8680 = ADVANCED_FACE('',(#8681),#8715,.F.);
#8681 = FACE_BOUND('',#8682,.T.);
#8682 = EDGE_LOOP('',(#8683,#8693,#8701,#8709));
#8683 = ORIENTED_EDGE('',*,*,#8684,.T.);
#8684 = EDGE_CURVE('',#8685,#8687,#8689,.T.);
#8685 = VERTEX_POINT('',#8686);
#8686 = CARTESIAN_POINT('',(29.456578168715,-6.22,13.931028720505));
#8687 = VERTEX_POINT('',#8688);
#8688 = CARTESIAN_POINT('',(29.456578168715,-6.22,14.231028720505));
#8689 = LINE('',#8690,#8691);
#8690 = CARTESIAN_POINT('',(29.456578168715,-6.22,0.));
#8691 = VECTOR('',#8692,1.);
#8692 = DIRECTION('',(0.,0.,1.));
#8693 = ORIENTED_EDGE('',*,*,#8694,.T.);
#8694 = EDGE_CURVE('',#8687,#8695,#8697,.T.);
#8695 = VERTEX_POINT('',#8696);
#8696 = CARTESIAN_POINT('',(29.156578168715,-6.22,14.231028720505));
#8697 = LINE('',#8698,#8699);
#8698 = CARTESIAN_POINT('',(0.,-6.22,14.231028720505));
#8699 = VECTOR('',#8700,1.);
#8700 = DIRECTION('',(-1.,0.,0.));
#8701 = ORIENTED_EDGE('',*,*,#8702,.T.);
#8702 = EDGE_CURVE('',#8695,#8703,#8705,.T.);
#8703 = VERTEX_POINT('',#8704);
#8704 = CARTESIAN_POINT('',(29.156578168715,-6.22,13.931028720505));
#8705 = LINE('',#8706,#8707);
#8706 = CARTESIAN_POINT('',(29.156578168715,-6.22,0.));
#8707 = VECTOR('',#8708,1.);
#8708 = DIRECTION('',(0.,0.,-1.));
#8709 = ORIENTED_EDGE('',*,*,#8710,.T.);
#8710 = EDGE_CURVE('',#8703,#8685,#8711,.T.);
#8711 = LINE('',#8712,#8713);
#8712 = CARTESIAN_POINT('',(0.,-6.22,13.931028720505));
#8713 = VECTOR('',#8714,1.);
#8714 = DIRECTION('',(1.,0.,0.));
#8715 = PLANE('',#8716);
#8716 = AXIS2_PLACEMENT_3D('',#8717,#8718,#8719);
#8717 = CARTESIAN_POINT('',(0.,-6.22,0.));
#8718 = DIRECTION('',(0.,1.,0.));
#8719 = DIRECTION('',(0.,-0.,1.));
#8720 = ADVANCED_FACE('',(#8721),#8737,.F.);
#8721 = FACE_BOUND('',#8722,.T.);
#8722 = EDGE_LOOP('',(#8723,#8729,#8730,#8736));
#8723 = ORIENTED_EDGE('',*,*,#8724,.F.);
#8724 = EDGE_CURVE('',#8589,#8703,#8725,.T.);
#8725 = LINE('',#8726,#8727);
#8726 = CARTESIAN_POINT('',(24.512901928547,-1.576323759832,
    9.287352480337));
#8727 = VECTOR('',#8728,1.);
#8728 = DIRECTION('',(0.57735026919,-0.57735026919,0.57735026919));
#8729 = ORIENTED_EDGE('',*,*,#8627,.F.);
#8730 = ORIENTED_EDGE('',*,*,#8731,.F.);
#8731 = EDGE_CURVE('',#8685,#8620,#8732,.T.);
#8732 = LINE('',#8733,#8734);
#8733 = CARTESIAN_POINT('',(19.637718779144,-16.03885938957,
    23.749888110076));
#8734 = VECTOR('',#8735,1.);
#8735 = DIRECTION('',(0.57735026919,0.57735026919,-0.57735026919));
#8736 = ORIENTED_EDGE('',*,*,#8710,.F.);
#8737 = PLANE('',#8738);
#8738 = AXIS2_PLACEMENT_3D('',#8739,#8740,#8741);
#8739 = CARTESIAN_POINT('',(0.,-6.22,13.931028720505));
#8740 = DIRECTION('',(-0.,0.707106781187,0.707106781187));
#8741 = DIRECTION('',(1.,0.,0.));
#8742 = ADVANCED_FACE('',(#8743),#8754,.F.);
#8743 = FACE_BOUND('',#8744,.T.);
#8744 = EDGE_LOOP('',(#8745,#8746,#8747,#8753));
#8745 = ORIENTED_EDGE('',*,*,#8731,.T.);
#8746 = ORIENTED_EDGE('',*,*,#8651,.F.);
#8747 = ORIENTED_EDGE('',*,*,#8748,.F.);
#8748 = EDGE_CURVE('',#8687,#8644,#8749,.T.);
#8749 = LINE('',#8750,#8751);
#8750 = CARTESIAN_POINT('',(24.712901928547,-10.96367624016,
    9.487352480337));
#8751 = VECTOR('',#8752,1.);
#8752 = DIRECTION('',(0.57735026919,0.57735026919,0.57735026919));
#8753 = ORIENTED_EDGE('',*,*,#8684,.F.);
#8754 = PLANE('',#8755);
#8755 = AXIS2_PLACEMENT_3D('',#8756,#8757,#8758);
#8756 = CARTESIAN_POINT('',(29.456578168715,-6.22,0.));
#8757 = DIRECTION('',(-0.707106781187,0.707106781187,0.));
#8758 = DIRECTION('',(0.,0.,1.));
#8759 = ADVANCED_FACE('',(#8760),#8771,.F.);
#8760 = FACE_BOUND('',#8761,.T.);
#8761 = EDGE_LOOP('',(#8762,#8763,#8764,#8770));
#8762 = ORIENTED_EDGE('',*,*,#8724,.T.);
#8763 = ORIENTED_EDGE('',*,*,#8702,.F.);
#8764 = ORIENTED_EDGE('',*,*,#8765,.F.);
#8765 = EDGE_CURVE('',#8597,#8695,#8766,.T.);
#8766 = LINE('',#8767,#8768);
#8767 = CARTESIAN_POINT('',(33.900254408883,-10.96367624016,
    9.487352480337));
#8768 = VECTOR('',#8769,1.);
#8769 = DIRECTION('',(0.57735026919,-0.57735026919,-0.57735026919));
#8770 = ORIENTED_EDGE('',*,*,#8596,.F.);
#8771 = PLANE('',#8772);
#8772 = AXIS2_PLACEMENT_3D('',#8773,#8774,#8775);
#8773 = CARTESIAN_POINT('',(29.156578168715,-6.22,0.));
#8774 = DIRECTION('',(0.707106781187,0.707106781187,0.));
#8775 = DIRECTION('',(0.,0.,-1.));
#8776 = ADVANCED_FACE('',(#8777),#8783,.F.);
#8777 = FACE_BOUND('',#8778,.T.);
#8778 = EDGE_LOOP('',(#8779,#8780,#8781,#8782));
#8779 = ORIENTED_EDGE('',*,*,#8748,.T.);
#8780 = ORIENTED_EDGE('',*,*,#8668,.F.);
#8781 = ORIENTED_EDGE('',*,*,#8765,.T.);
#8782 = ORIENTED_EDGE('',*,*,#8694,.F.);
#8783 = PLANE('',#8784);
#8784 = AXIS2_PLACEMENT_3D('',#8785,#8786,#8787);
#8785 = CARTESIAN_POINT('',(0.,-6.22,14.231028720505));
#8786 = DIRECTION('',(0.,0.707106781187,-0.707106781187));
#8787 = DIRECTION('',(-1.,0.,0.));
#8788 = ADVANCED_FACE('',(#8789),#8805,.F.);
#8789 = FACE_BOUND('',#8790,.T.);
#8790 = EDGE_LOOP('',(#8791,#8797,#8798,#8804));
#8791 = ORIENTED_EDGE('',*,*,#8792,.F.);
#8792 = EDGE_CURVE('',#8453,#8567,#8793,.T.);
#8793 = LINE('',#8794,#8795);
#8794 = CARTESIAN_POINT('',(23.950159890438,-0.995959907322,
    10.448080185356));
#8795 = VECTOR('',#8796,1.);
#8796 = DIRECTION('',(0.57735026919,-0.57735026919,0.57735026919));
#8797 = ORIENTED_EDGE('',*,*,#8491,.F.);
#8798 = ORIENTED_EDGE('',*,*,#8799,.F.);
#8799 = EDGE_CURVE('',#8549,#8484,#8800,.T.);
#8800 = LINE('',#8801,#8802);
#8801 = CARTESIAN_POINT('',(19.649466655411,-16.0447333277,
    25.496853605738));
#8802 = VECTOR('',#8803,1.);
#8803 = DIRECTION('',(0.57735026919,0.57735026919,-0.57735026919));
#8804 = ORIENTED_EDGE('',*,*,#8574,.F.);
#8805 = PLANE('',#8806);
#8806 = AXIS2_PLACEMENT_3D('',#8807,#8808,#8809);
#8807 = CARTESIAN_POINT('',(0.,-6.22,15.672120278033));
#8808 = DIRECTION('',(-0.,0.707106781187,0.707106781187));
#8809 = DIRECTION('',(1.,0.,0.));
#8810 = ADVANCED_FACE('',(#8811),#8822,.F.);
#8811 = FACE_BOUND('',#8812,.T.);
#8812 = EDGE_LOOP('',(#8813,#8814,#8815,#8821));
#8813 = ORIENTED_EDGE('',*,*,#8799,.T.);
#8814 = ORIENTED_EDGE('',*,*,#8515,.F.);
#8815 = ORIENTED_EDGE('',*,*,#8816,.F.);
#8816 = EDGE_CURVE('',#8551,#8508,#8817,.T.);
#8817 = LINE('',#8818,#8819);
#8818 = CARTESIAN_POINT('',(24.150159890438,-11.54404009267,
    10.648080185356));
#8819 = VECTOR('',#8820,1.);
#8820 = DIRECTION('',(0.57735026919,0.57735026919,0.57735026919));
#8821 = ORIENTED_EDGE('',*,*,#8548,.F.);
#8822 = PLANE('',#8823);
#8823 = AXIS2_PLACEMENT_3D('',#8824,#8825,#8826);
#8824 = CARTESIAN_POINT('',(29.474199983116,-6.22,0.));
#8825 = DIRECTION('',(-0.707106781187,0.707106781187,0.));
#8826 = DIRECTION('',(0.,0.,1.));
#8827 = ADVANCED_FACE('',(#8828),#8839,.F.);
#8828 = FACE_BOUND('',#8829,.T.);
#8829 = EDGE_LOOP('',(#8830,#8831,#8832,#8838));
#8830 = ORIENTED_EDGE('',*,*,#8792,.T.);
#8831 = ORIENTED_EDGE('',*,*,#8566,.F.);
#8832 = ORIENTED_EDGE('',*,*,#8833,.F.);
#8833 = EDGE_CURVE('',#8461,#8559,#8834,.T.);
#8834 = LINE('',#8835,#8836);
#8835 = CARTESIAN_POINT('',(34.498240075793,-11.54404009267,
    10.648080185356));
#8836 = VECTOR('',#8837,1.);
#8837 = DIRECTION('',(0.57735026919,-0.57735026919,-0.57735026919));
#8838 = ORIENTED_EDGE('',*,*,#8460,.F.);
#8839 = PLANE('',#8840);
#8840 = AXIS2_PLACEMENT_3D('',#8841,#8842,#8843);
#8841 = CARTESIAN_POINT('',(29.174199983116,-6.22,0.));
#8842 = DIRECTION('',(0.707106781187,0.707106781187,0.));
#8843 = DIRECTION('',(0.,0.,-1.));
#8844 = ADVANCED_FACE('',(#8845),#8851,.F.);
#8845 = FACE_BOUND('',#8846,.T.);
#8846 = EDGE_LOOP('',(#8847,#8848,#8849,#8850));
#8847 = ORIENTED_EDGE('',*,*,#8816,.T.);
#8848 = ORIENTED_EDGE('',*,*,#8532,.F.);
#8849 = ORIENTED_EDGE('',*,*,#8833,.T.);
#8850 = ORIENTED_EDGE('',*,*,#8558,.F.);
#8851 = PLANE('',#8852);
#8852 = AXIS2_PLACEMENT_3D('',#8853,#8854,#8855);
#8853 = CARTESIAN_POINT('',(0.,-6.22,15.972120278033));
#8854 = DIRECTION('',(0.,0.707106781187,-0.707106781187));
#8855 = DIRECTION('',(-1.,0.,0.));
#8856 = ADVANCED_FACE('',(#8857),#8863,.F.);
#8857 = FACE_BOUND('',#8858,.F.);
#8858 = EDGE_LOOP('',(#8859,#8860,#8861,#8862));
#8859 = ORIENTED_EDGE('',*,*,#4016,.F.);
#8860 = ORIENTED_EDGE('',*,*,#2193,.F.);
#8861 = ORIENTED_EDGE('',*,*,#6339,.T.);
#8862 = ORIENTED_EDGE('',*,*,#2212,.T.);
#8863 = CYLINDRICAL_SURFACE('',#8864,0.65);
#8864 = AXIS2_PLACEMENT_3D('',#8865,#8866,#8867);
#8865 = CARTESIAN_POINT('',(-11.43,2.838477631085,23.23));
#8866 = DIRECTION('',(-0.,-1.,-0.));
#8867 = DIRECTION('',(0.,0.,-1.));
#8868 = ADVANCED_FACE('',(#8869),#8875,.F.);
#8869 = FACE_BOUND('',#8870,.F.);
#8870 = EDGE_LOOP('',(#8871,#8872,#8873,#8874));
#8871 = ORIENTED_EDGE('',*,*,#4026,.F.);
#8872 = ORIENTED_EDGE('',*,*,#2151,.F.);
#8873 = ORIENTED_EDGE('',*,*,#6329,.T.);
#8874 = ORIENTED_EDGE('',*,*,#2170,.T.);
#8875 = CYLINDRICAL_SURFACE('',#8876,0.65);
#8876 = AXIS2_PLACEMENT_3D('',#8877,#8878,#8879);
#8877 = CARTESIAN_POINT('',(-13.97,2.838477631085,23.23));
#8878 = DIRECTION('',(-0.,-1.,-0.));
#8879 = DIRECTION('',(0.,0.,-1.));
#8880 = ADVANCED_FACE('',(#8881),#8887,.F.);
#8881 = FACE_BOUND('',#8882,.F.);
#8882 = EDGE_LOOP('',(#8883,#8884,#8885,#8886));
#8883 = ORIENTED_EDGE('',*,*,#4036,.F.);
#8884 = ORIENTED_EDGE('',*,*,#2109,.F.);
#8885 = ORIENTED_EDGE('',*,*,#6319,.T.);
#8886 = ORIENTED_EDGE('',*,*,#2128,.T.);
#8887 = CYLINDRICAL_SURFACE('',#8888,0.65);
#8888 = AXIS2_PLACEMENT_3D('',#8889,#8890,#8891);
#8889 = CARTESIAN_POINT('',(-16.51,2.838477631085,23.23));
#8890 = DIRECTION('',(-0.,-1.,-0.));
#8891 = DIRECTION('',(0.,0.,-1.));
#8892 = ADVANCED_FACE('',(#8893),#8899,.F.);
#8893 = FACE_BOUND('',#8894,.F.);
#8894 = EDGE_LOOP('',(#8895,#8896,#8897,#8898));
#8895 = ORIENTED_EDGE('',*,*,#4046,.F.);
#8896 = ORIENTED_EDGE('',*,*,#2067,.F.);
#8897 = ORIENTED_EDGE('',*,*,#6309,.T.);
#8898 = ORIENTED_EDGE('',*,*,#2086,.T.);
#8899 = CYLINDRICAL_SURFACE('',#8900,0.65);
#8900 = AXIS2_PLACEMENT_3D('',#8901,#8902,#8903);
#8901 = CARTESIAN_POINT('',(-19.05,2.838477631085,23.23));
#8902 = DIRECTION('',(-0.,-1.,-0.));
#8903 = DIRECTION('',(0.,0.,-1.));
#8904 = ADVANCED_FACE('',(#8905),#8911,.F.);
#8905 = FACE_BOUND('',#8906,.F.);
#8906 = EDGE_LOOP('',(#8907,#8908,#8909,#8910));
#8907 = ORIENTED_EDGE('',*,*,#4056,.F.);
#8908 = ORIENTED_EDGE('',*,*,#2025,.F.);
#8909 = ORIENTED_EDGE('',*,*,#6299,.T.);
#8910 = ORIENTED_EDGE('',*,*,#2044,.T.);
#8911 = CYLINDRICAL_SURFACE('',#8912,0.65);
#8912 = AXIS2_PLACEMENT_3D('',#8913,#8914,#8915);
#8913 = CARTESIAN_POINT('',(-21.59,2.838477631085,23.23));
#8914 = DIRECTION('',(-0.,-1.,-0.));
#8915 = DIRECTION('',(0.,0.,-1.));
#8916 = ADVANCED_FACE('',(#8917),#8923,.F.);
#8917 = FACE_BOUND('',#8918,.F.);
#8918 = EDGE_LOOP('',(#8919,#8920,#8921,#8922));
#8919 = ORIENTED_EDGE('',*,*,#4066,.F.);
#8920 = ORIENTED_EDGE('',*,*,#1983,.F.);
#8921 = ORIENTED_EDGE('',*,*,#6279,.T.);
#8922 = ORIENTED_EDGE('',*,*,#2002,.T.);
#8923 = CYLINDRICAL_SURFACE('',#8924,0.65);
#8924 = AXIS2_PLACEMENT_3D('',#8925,#8926,#8927);
#8925 = CARTESIAN_POINT('',(24.13,2.838477631085,23.230000000001));
#8926 = DIRECTION('',(-0.,-1.,-0.));
#8927 = DIRECTION('',(0.,0.,-1.));
#8928 = ADVANCED_FACE('',(#8929),#8935,.F.);
#8929 = FACE_BOUND('',#8930,.F.);
#8930 = EDGE_LOOP('',(#8931,#8932,#8933,#8934));
#8931 = ORIENTED_EDGE('',*,*,#4076,.F.);
#8932 = ORIENTED_EDGE('',*,*,#1941,.F.);
#8933 = ORIENTED_EDGE('',*,*,#6249,.T.);
#8934 = ORIENTED_EDGE('',*,*,#1960,.T.);
#8935 = CYLINDRICAL_SURFACE('',#8936,0.65);
#8936 = AXIS2_PLACEMENT_3D('',#8937,#8938,#8939);
#8937 = CARTESIAN_POINT('',(16.51,2.838477631085,25.770000000001));
#8938 = DIRECTION('',(-0.,-1.,-0.));
#8939 = DIRECTION('',(0.,0.,-1.));
#8940 = ADVANCED_FACE('',(#8941),#8947,.F.);
#8941 = FACE_BOUND('',#8942,.F.);
#8942 = EDGE_LOOP('',(#8943,#8944,#8945,#8946));
#8943 = ORIENTED_EDGE('',*,*,#4086,.F.);
#8944 = ORIENTED_EDGE('',*,*,#1899,.F.);
#8945 = ORIENTED_EDGE('',*,*,#6239,.T.);
#8946 = ORIENTED_EDGE('',*,*,#1918,.T.);
#8947 = CYLINDRICAL_SURFACE('',#8948,0.65);
#8948 = AXIS2_PLACEMENT_3D('',#8949,#8950,#8951);
#8949 = CARTESIAN_POINT('',(13.97,2.838477631085,25.770000000001));
#8950 = DIRECTION('',(-0.,-1.,-0.));
#8951 = DIRECTION('',(0.,0.,-1.));
#8952 = ADVANCED_FACE('',(#8953),#8959,.F.);
#8953 = FACE_BOUND('',#8954,.F.);
#8954 = EDGE_LOOP('',(#8955,#8956,#8957,#8958));
#8955 = ORIENTED_EDGE('',*,*,#4096,.F.);
#8956 = ORIENTED_EDGE('',*,*,#1857,.F.);
#8957 = ORIENTED_EDGE('',*,*,#6229,.T.);
#8958 = ORIENTED_EDGE('',*,*,#1876,.T.);
#8959 = CYLINDRICAL_SURFACE('',#8960,0.65);
#8960 = AXIS2_PLACEMENT_3D('',#8961,#8962,#8963);
#8961 = CARTESIAN_POINT('',(11.43,2.838477631085,25.77));
#8962 = DIRECTION('',(-0.,-1.,-0.));
#8963 = DIRECTION('',(0.,0.,-1.));
#8964 = ADVANCED_FACE('',(#8965),#8971,.F.);
#8965 = FACE_BOUND('',#8966,.F.);
#8966 = EDGE_LOOP('',(#8967,#8968,#8969,#8970));
#8967 = ORIENTED_EDGE('',*,*,#4106,.F.);
#8968 = ORIENTED_EDGE('',*,*,#1815,.F.);
#8969 = ORIENTED_EDGE('',*,*,#6219,.T.);
#8970 = ORIENTED_EDGE('',*,*,#1834,.T.);
#8971 = CYLINDRICAL_SURFACE('',#8972,0.65);
#8972 = AXIS2_PLACEMENT_3D('',#8973,#8974,#8975);
#8973 = CARTESIAN_POINT('',(8.89,2.838477631085,25.77));
#8974 = DIRECTION('',(-0.,-1.,-0.));
#8975 = DIRECTION('',(0.,0.,-1.));
#8976 = ADVANCED_FACE('',(#8977),#8983,.F.);
#8977 = FACE_BOUND('',#8978,.F.);
#8978 = EDGE_LOOP('',(#8979,#8980,#8981,#8982));
#8979 = ORIENTED_EDGE('',*,*,#4116,.F.);
#8980 = ORIENTED_EDGE('',*,*,#1773,.F.);
#8981 = ORIENTED_EDGE('',*,*,#6209,.T.);
#8982 = ORIENTED_EDGE('',*,*,#1792,.T.);
#8983 = CYLINDRICAL_SURFACE('',#8984,0.65);
#8984 = AXIS2_PLACEMENT_3D('',#8985,#8986,#8987);
#8985 = CARTESIAN_POINT('',(6.35,2.838477631085,25.77));
#8986 = DIRECTION('',(-0.,-1.,-0.));
#8987 = DIRECTION('',(0.,0.,-1.));
#8988 = ADVANCED_FACE('',(#8989),#8995,.F.);
#8989 = FACE_BOUND('',#8990,.F.);
#8990 = EDGE_LOOP('',(#8991,#8992,#8993,#8994));
#8991 = ORIENTED_EDGE('',*,*,#4126,.F.);
#8992 = ORIENTED_EDGE('',*,*,#1731,.F.);
#8993 = ORIENTED_EDGE('',*,*,#6199,.T.);
#8994 = ORIENTED_EDGE('',*,*,#1750,.T.);
#8995 = CYLINDRICAL_SURFACE('',#8996,0.65);
#8996 = AXIS2_PLACEMENT_3D('',#8997,#8998,#8999);
#8997 = CARTESIAN_POINT('',(3.81,2.838477631085,25.77));
#8998 = DIRECTION('',(-0.,-1.,-0.));
#8999 = DIRECTION('',(0.,0.,-1.));
#9000 = ADVANCED_FACE('',(#9001),#9007,.F.);
#9001 = FACE_BOUND('',#9002,.F.);
#9002 = EDGE_LOOP('',(#9003,#9004,#9005,#9006));
#9003 = ORIENTED_EDGE('',*,*,#4136,.F.);
#9004 = ORIENTED_EDGE('',*,*,#1689,.F.);
#9005 = ORIENTED_EDGE('',*,*,#6189,.T.);
#9006 = ORIENTED_EDGE('',*,*,#1708,.T.);
#9007 = CYLINDRICAL_SURFACE('',#9008,0.65);
#9008 = AXIS2_PLACEMENT_3D('',#9009,#9010,#9011);
#9009 = CARTESIAN_POINT('',(1.27,2.838477631085,25.77));
#9010 = DIRECTION('',(-0.,-1.,-0.));
#9011 = DIRECTION('',(0.,0.,-1.));
#9012 = ADVANCED_FACE('',(#9013),#9019,.F.);
#9013 = FACE_BOUND('',#9014,.F.);
#9014 = EDGE_LOOP('',(#9015,#9016,#9017,#9018));
#9015 = ORIENTED_EDGE('',*,*,#4146,.F.);
#9016 = ORIENTED_EDGE('',*,*,#1647,.F.);
#9017 = ORIENTED_EDGE('',*,*,#6179,.T.);
#9018 = ORIENTED_EDGE('',*,*,#1666,.T.);
#9019 = CYLINDRICAL_SURFACE('',#9020,0.65);
#9020 = AXIS2_PLACEMENT_3D('',#9021,#9022,#9023);
#9021 = CARTESIAN_POINT('',(-1.27,2.838477631085,25.77));
#9022 = DIRECTION('',(-0.,-1.,-0.));
#9023 = DIRECTION('',(0.,0.,-1.));
#9024 = ADVANCED_FACE('',(#9025),#9031,.F.);
#9025 = FACE_BOUND('',#9026,.F.);
#9026 = EDGE_LOOP('',(#9027,#9028,#9029,#9030));
#9027 = ORIENTED_EDGE('',*,*,#4156,.F.);
#9028 = ORIENTED_EDGE('',*,*,#1605,.F.);
#9029 = ORIENTED_EDGE('',*,*,#6169,.T.);
#9030 = ORIENTED_EDGE('',*,*,#1624,.T.);
#9031 = CYLINDRICAL_SURFACE('',#9032,0.65);
#9032 = AXIS2_PLACEMENT_3D('',#9033,#9034,#9035);
#9033 = CARTESIAN_POINT('',(-3.81,2.838477631085,25.77));
#9034 = DIRECTION('',(-0.,-1.,-0.));
#9035 = DIRECTION('',(0.,0.,-1.));
#9036 = ADVANCED_FACE('',(#9037),#9043,.F.);
#9037 = FACE_BOUND('',#9038,.F.);
#9038 = EDGE_LOOP('',(#9039,#9040,#9041,#9042));
#9039 = ORIENTED_EDGE('',*,*,#4166,.F.);
#9040 = ORIENTED_EDGE('',*,*,#1563,.F.);
#9041 = ORIENTED_EDGE('',*,*,#6159,.T.);
#9042 = ORIENTED_EDGE('',*,*,#1582,.T.);
#9043 = CYLINDRICAL_SURFACE('',#9044,0.65);
#9044 = AXIS2_PLACEMENT_3D('',#9045,#9046,#9047);
#9045 = CARTESIAN_POINT('',(-6.35,2.838477631085,25.77));
#9046 = DIRECTION('',(-0.,-1.,-0.));
#9047 = DIRECTION('',(0.,0.,-1.));
#9048 = ADVANCED_FACE('',(#9049),#9055,.F.);
#9049 = FACE_BOUND('',#9050,.F.);
#9050 = EDGE_LOOP('',(#9051,#9052,#9053,#9054));
#9051 = ORIENTED_EDGE('',*,*,#4176,.F.);
#9052 = ORIENTED_EDGE('',*,*,#1521,.F.);
#9053 = ORIENTED_EDGE('',*,*,#6149,.T.);
#9054 = ORIENTED_EDGE('',*,*,#1540,.T.);
#9055 = CYLINDRICAL_SURFACE('',#9056,0.65);
#9056 = AXIS2_PLACEMENT_3D('',#9057,#9058,#9059);
#9057 = CARTESIAN_POINT('',(-8.89,2.838477631085,25.77));
#9058 = DIRECTION('',(-0.,-1.,-0.));
#9059 = DIRECTION('',(0.,0.,-1.));
#9060 = ADVANCED_FACE('',(#9061),#9067,.F.);
#9061 = FACE_BOUND('',#9062,.F.);
#9062 = EDGE_LOOP('',(#9063,#9064,#9065,#9066));
#9063 = ORIENTED_EDGE('',*,*,#4186,.F.);
#9064 = ORIENTED_EDGE('',*,*,#1479,.F.);
#9065 = ORIENTED_EDGE('',*,*,#6139,.T.);
#9066 = ORIENTED_EDGE('',*,*,#1498,.T.);
#9067 = CYLINDRICAL_SURFACE('',#9068,0.65);
#9068 = AXIS2_PLACEMENT_3D('',#9069,#9070,#9071);
#9069 = CARTESIAN_POINT('',(-11.43,2.838477631085,25.77));
#9070 = DIRECTION('',(-0.,-1.,-0.));
#9071 = DIRECTION('',(0.,0.,-1.));
#9072 = ADVANCED_FACE('',(#9073),#9079,.F.);
#9073 = FACE_BOUND('',#9074,.F.);
#9074 = EDGE_LOOP('',(#9075,#9076,#9077,#9078));
#9075 = ORIENTED_EDGE('',*,*,#4196,.F.);
#9076 = ORIENTED_EDGE('',*,*,#1437,.F.);
#9077 = ORIENTED_EDGE('',*,*,#6129,.T.);
#9078 = ORIENTED_EDGE('',*,*,#1456,.T.);
#9079 = CYLINDRICAL_SURFACE('',#9080,0.65);
#9080 = AXIS2_PLACEMENT_3D('',#9081,#9082,#9083);
#9081 = CARTESIAN_POINT('',(-13.97,2.838477631085,25.77));
#9082 = DIRECTION('',(-0.,-1.,-0.));
#9083 = DIRECTION('',(0.,0.,-1.));
#9084 = ADVANCED_FACE('',(#9085),#9091,.F.);
#9085 = FACE_BOUND('',#9086,.F.);
#9086 = EDGE_LOOP('',(#9087,#9088,#9089,#9090));
#9087 = ORIENTED_EDGE('',*,*,#4206,.F.);
#9088 = ORIENTED_EDGE('',*,*,#1395,.F.);
#9089 = ORIENTED_EDGE('',*,*,#6119,.T.);
#9090 = ORIENTED_EDGE('',*,*,#1414,.T.);
#9091 = CYLINDRICAL_SURFACE('',#9092,0.65);
#9092 = AXIS2_PLACEMENT_3D('',#9093,#9094,#9095);
#9093 = CARTESIAN_POINT('',(-16.51,2.838477631085,25.77));
#9094 = DIRECTION('',(-0.,-1.,-0.));
#9095 = DIRECTION('',(0.,0.,-1.));
#9096 = ADVANCED_FACE('',(#9097),#9103,.F.);
#9097 = FACE_BOUND('',#9098,.F.);
#9098 = EDGE_LOOP('',(#9099,#9100,#9101,#9102));
#9099 = ORIENTED_EDGE('',*,*,#4216,.F.);
#9100 = ORIENTED_EDGE('',*,*,#1353,.F.);
#9101 = ORIENTED_EDGE('',*,*,#6109,.T.);
#9102 = ORIENTED_EDGE('',*,*,#1372,.T.);
#9103 = CYLINDRICAL_SURFACE('',#9104,0.65);
#9104 = AXIS2_PLACEMENT_3D('',#9105,#9106,#9107);
#9105 = CARTESIAN_POINT('',(-8.89,2.838477631085,23.23));
#9106 = DIRECTION('',(-0.,-1.,-0.));
#9107 = DIRECTION('',(0.,0.,-1.));
#9108 = ADVANCED_FACE('',(#9109),#9115,.F.);
#9109 = FACE_BOUND('',#9110,.F.);
#9110 = EDGE_LOOP('',(#9111,#9112,#9113,#9114));
#9111 = ORIENTED_EDGE('',*,*,#4226,.F.);
#9112 = ORIENTED_EDGE('',*,*,#1311,.F.);
#9113 = ORIENTED_EDGE('',*,*,#6099,.T.);
#9114 = ORIENTED_EDGE('',*,*,#1330,.T.);
#9115 = CYLINDRICAL_SURFACE('',#9116,0.65);
#9116 = AXIS2_PLACEMENT_3D('',#9117,#9118,#9119);
#9117 = CARTESIAN_POINT('',(-6.35,2.838477631085,23.23));
#9118 = DIRECTION('',(-0.,-1.,-0.));
#9119 = DIRECTION('',(0.,0.,-1.));
#9120 = ADVANCED_FACE('',(#9121),#9127,.F.);
#9121 = FACE_BOUND('',#9122,.F.);
#9122 = EDGE_LOOP('',(#9123,#9124,#9125,#9126));
#9123 = ORIENTED_EDGE('',*,*,#4236,.F.);
#9124 = ORIENTED_EDGE('',*,*,#1269,.F.);
#9125 = ORIENTED_EDGE('',*,*,#6089,.T.);
#9126 = ORIENTED_EDGE('',*,*,#1288,.T.);
#9127 = CYLINDRICAL_SURFACE('',#9128,0.65);
#9128 = AXIS2_PLACEMENT_3D('',#9129,#9130,#9131);
#9129 = CARTESIAN_POINT('',(-3.81,2.838477631085,23.23));
#9130 = DIRECTION('',(-0.,-1.,-0.));
#9131 = DIRECTION('',(0.,0.,-1.));
#9132 = ADVANCED_FACE('',(#9133),#9139,.F.);
#9133 = FACE_BOUND('',#9134,.F.);
#9134 = EDGE_LOOP('',(#9135,#9136,#9137,#9138));
#9135 = ORIENTED_EDGE('',*,*,#4246,.F.);
#9136 = ORIENTED_EDGE('',*,*,#1227,.F.);
#9137 = ORIENTED_EDGE('',*,*,#6079,.T.);
#9138 = ORIENTED_EDGE('',*,*,#1246,.T.);
#9139 = CYLINDRICAL_SURFACE('',#9140,0.65);
#9140 = AXIS2_PLACEMENT_3D('',#9141,#9142,#9143);
#9141 = CARTESIAN_POINT('',(-1.27,2.838477631085,23.23));
#9142 = DIRECTION('',(-0.,-1.,-0.));
#9143 = DIRECTION('',(0.,0.,-1.));
#9144 = ADVANCED_FACE('',(#9145),#9151,.F.);
#9145 = FACE_BOUND('',#9146,.F.);
#9146 = EDGE_LOOP('',(#9147,#9148,#9149,#9150));
#9147 = ORIENTED_EDGE('',*,*,#4256,.F.);
#9148 = ORIENTED_EDGE('',*,*,#1185,.F.);
#9149 = ORIENTED_EDGE('',*,*,#6069,.T.);
#9150 = ORIENTED_EDGE('',*,*,#1204,.T.);
#9151 = CYLINDRICAL_SURFACE('',#9152,0.65);
#9152 = AXIS2_PLACEMENT_3D('',#9153,#9154,#9155);
#9153 = CARTESIAN_POINT('',(1.27,2.838477631085,23.23));
#9154 = DIRECTION('',(-0.,-1.,-0.));
#9155 = DIRECTION('',(0.,0.,-1.));
#9156 = ADVANCED_FACE('',(#9157),#9163,.F.);
#9157 = FACE_BOUND('',#9158,.F.);
#9158 = EDGE_LOOP('',(#9159,#9160,#9161,#9162));
#9159 = ORIENTED_EDGE('',*,*,#4266,.F.);
#9160 = ORIENTED_EDGE('',*,*,#1143,.F.);
#9161 = ORIENTED_EDGE('',*,*,#6059,.T.);
#9162 = ORIENTED_EDGE('',*,*,#1162,.T.);
#9163 = CYLINDRICAL_SURFACE('',#9164,0.65);
#9164 = AXIS2_PLACEMENT_3D('',#9165,#9166,#9167);
#9165 = CARTESIAN_POINT('',(3.81,2.838477631085,23.23));
#9166 = DIRECTION('',(-0.,-1.,-0.));
#9167 = DIRECTION('',(0.,0.,-1.));
#9168 = ADVANCED_FACE('',(#9169),#9175,.F.);
#9169 = FACE_BOUND('',#9170,.F.);
#9170 = EDGE_LOOP('',(#9171,#9172,#9173,#9174));
#9171 = ORIENTED_EDGE('',*,*,#4276,.F.);
#9172 = ORIENTED_EDGE('',*,*,#1101,.F.);
#9173 = ORIENTED_EDGE('',*,*,#6049,.T.);
#9174 = ORIENTED_EDGE('',*,*,#1120,.T.);
#9175 = CYLINDRICAL_SURFACE('',#9176,0.65);
#9176 = AXIS2_PLACEMENT_3D('',#9177,#9178,#9179);
#9177 = CARTESIAN_POINT('',(6.35,2.838477631085,23.23));
#9178 = DIRECTION('',(-0.,-1.,-0.));
#9179 = DIRECTION('',(0.,0.,-1.));
#9180 = ADVANCED_FACE('',(#9181),#9187,.F.);
#9181 = FACE_BOUND('',#9182,.F.);
#9182 = EDGE_LOOP('',(#9183,#9184,#9185,#9186));
#9183 = ORIENTED_EDGE('',*,*,#4286,.F.);
#9184 = ORIENTED_EDGE('',*,*,#1059,.F.);
#9185 = ORIENTED_EDGE('',*,*,#6039,.T.);
#9186 = ORIENTED_EDGE('',*,*,#1078,.T.);
#9187 = CYLINDRICAL_SURFACE('',#9188,0.65);
#9188 = AXIS2_PLACEMENT_3D('',#9189,#9190,#9191);
#9189 = CARTESIAN_POINT('',(8.89,2.838477631085,23.23));
#9190 = DIRECTION('',(-0.,-1.,-0.));
#9191 = DIRECTION('',(0.,0.,-1.));
#9192 = ADVANCED_FACE('',(#9193),#9199,.F.);
#9193 = FACE_BOUND('',#9194,.F.);
#9194 = EDGE_LOOP('',(#9195,#9196,#9197,#9198));
#9195 = ORIENTED_EDGE('',*,*,#4296,.F.);
#9196 = ORIENTED_EDGE('',*,*,#1017,.F.);
#9197 = ORIENTED_EDGE('',*,*,#6019,.T.);
#9198 = ORIENTED_EDGE('',*,*,#1036,.T.);
#9199 = CYLINDRICAL_SURFACE('',#9200,0.65);
#9200 = AXIS2_PLACEMENT_3D('',#9201,#9202,#9203);
#9201 = CARTESIAN_POINT('',(-24.13,2.838477631085,25.77));
#9202 = DIRECTION('',(-0.,-1.,-0.));
#9203 = DIRECTION('',(0.,0.,-1.));
#9204 = ADVANCED_FACE('',(#9205),#9211,.F.);
#9205 = FACE_BOUND('',#9206,.F.);
#9206 = EDGE_LOOP('',(#9207,#9208,#9209,#9210));
#9207 = ORIENTED_EDGE('',*,*,#4306,.F.);
#9208 = ORIENTED_EDGE('',*,*,#975,.F.);
#9209 = ORIENTED_EDGE('',*,*,#6009,.T.);
#9210 = ORIENTED_EDGE('',*,*,#994,.T.);
#9211 = CYLINDRICAL_SURFACE('',#9212,0.65);
#9212 = AXIS2_PLACEMENT_3D('',#9213,#9214,#9215);
#9213 = CARTESIAN_POINT('',(-21.59,2.838477631085,25.77));
#9214 = DIRECTION('',(-0.,-1.,-0.));
#9215 = DIRECTION('',(0.,0.,-1.));
#9216 = ADVANCED_FACE('',(#9217),#9223,.F.);
#9217 = FACE_BOUND('',#9218,.F.);
#9218 = EDGE_LOOP('',(#9219,#9220,#9221,#9222));
#9219 = ORIENTED_EDGE('',*,*,#4316,.F.);
#9220 = ORIENTED_EDGE('',*,*,#933,.F.);
#9221 = ORIENTED_EDGE('',*,*,#5999,.T.);
#9222 = ORIENTED_EDGE('',*,*,#952,.T.);
#9223 = CYLINDRICAL_SURFACE('',#9224,0.65);
#9224 = AXIS2_PLACEMENT_3D('',#9225,#9226,#9227);
#9225 = CARTESIAN_POINT('',(-19.05,2.838477631085,25.77));
#9226 = DIRECTION('',(-0.,-1.,-0.));
#9227 = DIRECTION('',(0.,0.,-1.));
#9228 = ADVANCED_FACE('',(#9229),#9235,.F.);
#9229 = FACE_BOUND('',#9230,.F.);
#9230 = EDGE_LOOP('',(#9231,#9232,#9233,#9234));
#9231 = ORIENTED_EDGE('',*,*,#4326,.F.);
#9232 = ORIENTED_EDGE('',*,*,#891,.F.);
#9233 = ORIENTED_EDGE('',*,*,#5979,.T.);
#9234 = ORIENTED_EDGE('',*,*,#910,.T.);
#9235 = CYLINDRICAL_SURFACE('',#9236,0.65);
#9236 = AXIS2_PLACEMENT_3D('',#9237,#9238,#9239);
#9237 = CARTESIAN_POINT('',(16.51,2.838477631085,23.230000000001));
#9238 = DIRECTION('',(-0.,-1.,-0.));
#9239 = DIRECTION('',(0.,0.,-1.));
#9240 = ADVANCED_FACE('',(#9241),#9253,.F.);
#9241 = FACE_BOUND('',#9242,.F.);
#9242 = EDGE_LOOP('',(#9243,#9250,#9251,#9252));
#9243 = ORIENTED_EDGE('',*,*,#9244,.T.);
#9244 = EDGE_CURVE('',#860,#852,#9245,.T.);
#9245 = CIRCLE('',#9246,0.65);
#9246 = AXIS2_PLACEMENT_3D('',#9247,#9248,#9249);
#9247 = CARTESIAN_POINT('',(13.97,0.,23.230000000001));
#9248 = DIRECTION('',(-0.,1.,0.));
#9249 = DIRECTION('',(0.,0.,-1.));
#9250 = ORIENTED_EDGE('',*,*,#849,.F.);
#9251 = ORIENTED_EDGE('',*,*,#5969,.T.);
#9252 = ORIENTED_EDGE('',*,*,#868,.T.);
#9253 = CYLINDRICAL_SURFACE('',#9254,0.65);
#9254 = AXIS2_PLACEMENT_3D('',#9255,#9256,#9257);
#9255 = CARTESIAN_POINT('',(13.97,2.838477631085,23.230000000001));
#9256 = DIRECTION('',(-0.,-1.,-0.));
#9257 = DIRECTION('',(0.,0.,-1.));
#9258 = ADVANCED_FACE('',(#9259),#9265,.F.);
#9259 = FACE_BOUND('',#9260,.F.);
#9260 = EDGE_LOOP('',(#9261,#9262,#9263,#9264));
#9261 = ORIENTED_EDGE('',*,*,#4336,.F.);
#9262 = ORIENTED_EDGE('',*,*,#807,.F.);
#9263 = ORIENTED_EDGE('',*,*,#5959,.T.);
#9264 = ORIENTED_EDGE('',*,*,#826,.T.);
#9265 = CYLINDRICAL_SURFACE('',#9266,0.65);
#9266 = AXIS2_PLACEMENT_3D('',#9267,#9268,#9269);
#9267 = CARTESIAN_POINT('',(11.43,2.838477631085,23.23));
#9268 = DIRECTION('',(-0.,-1.,-0.));
#9269 = DIRECTION('',(0.,0.,-1.));
#9270 = ADVANCED_FACE('',(#9271),#9283,.T.);
#9271 = FACE_BOUND('',#9272,.T.);
#9272 = EDGE_LOOP('',(#9273,#9274,#9281,#9282));
#9273 = ORIENTED_EDGE('',*,*,#776,.F.);
#9274 = ORIENTED_EDGE('',*,*,#9275,.F.);
#9275 = EDGE_CURVE('',#768,#766,#9276,.T.);
#9276 = CIRCLE('',#9277,1.15);
#9277 = AXIS2_PLACEMENT_3D('',#9278,#9279,#9280);
#9278 = CARTESIAN_POINT('',(24.13,-0.8,25.770000000001));
#9279 = DIRECTION('',(0.,-1.,0.));
#9280 = DIRECTION('',(0.,0.,-1.));
#9281 = ORIENTED_EDGE('',*,*,#793,.T.);
#9282 = ORIENTED_EDGE('',*,*,#4346,.T.);
#9283 = CYLINDRICAL_SURFACE('',#9284,1.15);
#9284 = AXIS2_PLACEMENT_3D('',#9285,#9286,#9287);
#9285 = CARTESIAN_POINT('',(24.13,-0.8,25.770000000001));
#9286 = DIRECTION('',(-0.,1.,-0.));
#9287 = DIRECTION('',(0.,0.,1.));
#9288 = ADVANCED_FACE('',(#9289,#9299),#9303,.T.);
#9289 = FACE_BOUND('',#9290,.T.);
#9290 = EDGE_LOOP('',(#9291,#9298));
#9291 = ORIENTED_EDGE('',*,*,#9292,.F.);
#9292 = EDGE_CURVE('',#533,#525,#9293,.T.);
#9293 = CIRCLE('',#9294,0.875);
#9294 = AXIS2_PLACEMENT_3D('',#9295,#9296,#9297);
#9295 = CARTESIAN_POINT('',(24.13,-0.8,25.770000000001));
#9296 = DIRECTION('',(0.,-1.,0.));
#9297 = DIRECTION('',(0.,0.,-1.));
#9298 = ORIENTED_EDGE('',*,*,#532,.F.);
#9299 = FACE_BOUND('',#9300,.T.);
#9300 = EDGE_LOOP('',(#9301,#9302));
#9301 = ORIENTED_EDGE('',*,*,#9275,.T.);
#9302 = ORIENTED_EDGE('',*,*,#765,.T.);
#9303 = PLANE('',#9304);
#9304 = AXIS2_PLACEMENT_3D('',#9305,#9306,#9307);
#9305 = CARTESIAN_POINT('',(24.13,-0.8,25.770000000001));
#9306 = DIRECTION('',(0.,-1.,0.));
#9307 = DIRECTION('',(0.,-0.,-1.));
#9308 = ADVANCED_FACE('',(#9309),#9321,.T.);
#9309 = FACE_BOUND('',#9310,.T.);
#9310 = EDGE_LOOP('',(#9311,#9312,#9319,#9320));
#9311 = ORIENTED_EDGE('',*,*,#734,.F.);
#9312 = ORIENTED_EDGE('',*,*,#9313,.F.);
#9313 = EDGE_CURVE('',#726,#724,#9314,.T.);
#9314 = CIRCLE('',#9315,1.15);
#9315 = AXIS2_PLACEMENT_3D('',#9316,#9317,#9318);
#9316 = CARTESIAN_POINT('',(21.59,-0.8,25.770000000001));
#9317 = DIRECTION('',(0.,-1.,0.));
#9318 = DIRECTION('',(0.,0.,-1.));
#9319 = ORIENTED_EDGE('',*,*,#751,.T.);
#9320 = ORIENTED_EDGE('',*,*,#4356,.T.);
#9321 = CYLINDRICAL_SURFACE('',#9322,1.15);
#9322 = AXIS2_PLACEMENT_3D('',#9323,#9324,#9325);
#9323 = CARTESIAN_POINT('',(21.59,-0.8,25.770000000001));
#9324 = DIRECTION('',(-0.,1.,-0.));
#9325 = DIRECTION('',(0.,0.,1.));
#9326 = ADVANCED_FACE('',(#9327,#9337),#9341,.T.);
#9327 = FACE_BOUND('',#9328,.T.);
#9328 = EDGE_LOOP('',(#9329,#9336));
#9329 = ORIENTED_EDGE('',*,*,#9330,.F.);
#9330 = EDGE_CURVE('',#491,#483,#9331,.T.);
#9331 = CIRCLE('',#9332,0.875);
#9332 = AXIS2_PLACEMENT_3D('',#9333,#9334,#9335);
#9333 = CARTESIAN_POINT('',(21.59,-0.8,25.770000000001));
#9334 = DIRECTION('',(0.,-1.,0.));
#9335 = DIRECTION('',(0.,0.,-1.));
#9336 = ORIENTED_EDGE('',*,*,#490,.F.);
#9337 = FACE_BOUND('',#9338,.T.);
#9338 = EDGE_LOOP('',(#9339,#9340));
#9339 = ORIENTED_EDGE('',*,*,#9313,.T.);
#9340 = ORIENTED_EDGE('',*,*,#723,.T.);
#9341 = PLANE('',#9342);
#9342 = AXIS2_PLACEMENT_3D('',#9343,#9344,#9345);
#9343 = CARTESIAN_POINT('',(21.59,-0.8,25.770000000001));
#9344 = DIRECTION('',(0.,-1.,0.));
#9345 = DIRECTION('',(0.,-0.,-1.));
#9346 = ADVANCED_FACE('',(#9347),#9359,.T.);
#9347 = FACE_BOUND('',#9348,.T.);
#9348 = EDGE_LOOP('',(#9349,#9350,#9357,#9358));
#9349 = ORIENTED_EDGE('',*,*,#692,.F.);
#9350 = ORIENTED_EDGE('',*,*,#9351,.F.);
#9351 = EDGE_CURVE('',#684,#682,#9352,.T.);
#9352 = CIRCLE('',#9353,1.15);
#9353 = AXIS2_PLACEMENT_3D('',#9354,#9355,#9356);
#9354 = CARTESIAN_POINT('',(21.59,-0.8,23.230000000001));
#9355 = DIRECTION('',(0.,-1.,0.));
#9356 = DIRECTION('',(0.,0.,-1.));
#9357 = ORIENTED_EDGE('',*,*,#709,.T.);
#9358 = ORIENTED_EDGE('',*,*,#4366,.T.);
#9359 = CYLINDRICAL_SURFACE('',#9360,1.15);
#9360 = AXIS2_PLACEMENT_3D('',#9361,#9362,#9363);
#9361 = CARTESIAN_POINT('',(21.59,-0.8,23.230000000001));
#9362 = DIRECTION('',(-0.,1.,-0.));
#9363 = DIRECTION('',(0.,0.,1.));
#9364 = ADVANCED_FACE('',(#9365,#9375),#9379,.T.);
#9365 = FACE_BOUND('',#9366,.T.);
#9366 = EDGE_LOOP('',(#9367,#9374));
#9367 = ORIENTED_EDGE('',*,*,#9368,.F.);
#9368 = EDGE_CURVE('',#407,#399,#9369,.T.);
#9369 = CIRCLE('',#9370,0.875);
#9370 = AXIS2_PLACEMENT_3D('',#9371,#9372,#9373);
#9371 = CARTESIAN_POINT('',(21.59,-0.8,23.230000000001));
#9372 = DIRECTION('',(0.,-1.,0.));
#9373 = DIRECTION('',(0.,0.,-1.));
#9374 = ORIENTED_EDGE('',*,*,#406,.F.);
#9375 = FACE_BOUND('',#9376,.T.);
#9376 = EDGE_LOOP('',(#9377,#9378));
#9377 = ORIENTED_EDGE('',*,*,#9351,.T.);
#9378 = ORIENTED_EDGE('',*,*,#681,.T.);
#9379 = PLANE('',#9380);
#9380 = AXIS2_PLACEMENT_3D('',#9381,#9382,#9383);
#9381 = CARTESIAN_POINT('',(21.59,-0.8,23.230000000001));
#9382 = DIRECTION('',(0.,-1.,0.));
#9383 = DIRECTION('',(0.,-0.,-1.));
#9384 = ADVANCED_FACE('',(#9385),#9397,.T.);
#9385 = FACE_BOUND('',#9386,.T.);
#9386 = EDGE_LOOP('',(#9387,#9388,#9395,#9396));
#9387 = ORIENTED_EDGE('',*,*,#650,.F.);
#9388 = ORIENTED_EDGE('',*,*,#9389,.F.);
#9389 = EDGE_CURVE('',#642,#640,#9390,.T.);
#9390 = CIRCLE('',#9391,1.15);
#9391 = AXIS2_PLACEMENT_3D('',#9392,#9393,#9394);
#9392 = CARTESIAN_POINT('',(19.05,-0.8,25.770000000001));
#9393 = DIRECTION('',(0.,-1.,0.));
#9394 = DIRECTION('',(0.,0.,-1.));
#9395 = ORIENTED_EDGE('',*,*,#667,.T.);
#9396 = ORIENTED_EDGE('',*,*,#4376,.T.);
#9397 = CYLINDRICAL_SURFACE('',#9398,1.15);
#9398 = AXIS2_PLACEMENT_3D('',#9399,#9400,#9401);
#9399 = CARTESIAN_POINT('',(19.05,-0.8,25.770000000001));
#9400 = DIRECTION('',(-0.,1.,-0.));
#9401 = DIRECTION('',(0.,0.,1.));
#9402 = ADVANCED_FACE('',(#9403,#9413),#9417,.T.);
#9403 = FACE_BOUND('',#9404,.T.);
#9404 = EDGE_LOOP('',(#9405,#9412));
#9405 = ORIENTED_EDGE('',*,*,#9406,.F.);
#9406 = EDGE_CURVE('',#365,#357,#9407,.T.);
#9407 = CIRCLE('',#9408,0.875);
#9408 = AXIS2_PLACEMENT_3D('',#9409,#9410,#9411);
#9409 = CARTESIAN_POINT('',(19.05,-0.8,25.770000000001));
#9410 = DIRECTION('',(0.,-1.,0.));
#9411 = DIRECTION('',(0.,0.,-1.));
#9412 = ORIENTED_EDGE('',*,*,#364,.F.);
#9413 = FACE_BOUND('',#9414,.T.);
#9414 = EDGE_LOOP('',(#9415,#9416));
#9415 = ORIENTED_EDGE('',*,*,#9389,.T.);
#9416 = ORIENTED_EDGE('',*,*,#639,.T.);
#9417 = PLANE('',#9418);
#9418 = AXIS2_PLACEMENT_3D('',#9419,#9420,#9421);
#9419 = CARTESIAN_POINT('',(19.05,-0.8,25.770000000001));
#9420 = DIRECTION('',(0.,-1.,0.));
#9421 = DIRECTION('',(0.,-0.,-1.));
#9422 = ADVANCED_FACE('',(#9423),#9435,.T.);
#9423 = FACE_BOUND('',#9424,.T.);
#9424 = EDGE_LOOP('',(#9425,#9426,#9433,#9434));
#9425 = ORIENTED_EDGE('',*,*,#608,.F.);
#9426 = ORIENTED_EDGE('',*,*,#9427,.F.);
#9427 = EDGE_CURVE('',#600,#598,#9428,.T.);
#9428 = CIRCLE('',#9429,1.15);
#9429 = AXIS2_PLACEMENT_3D('',#9430,#9431,#9432);
#9430 = CARTESIAN_POINT('',(19.05,-0.8,23.230000000001));
#9431 = DIRECTION('',(0.,-1.,0.));
#9432 = DIRECTION('',(0.,0.,-1.));
#9433 = ORIENTED_EDGE('',*,*,#625,.T.);
#9434 = ORIENTED_EDGE('',*,*,#4386,.T.);
#9435 = CYLINDRICAL_SURFACE('',#9436,1.15);
#9436 = AXIS2_PLACEMENT_3D('',#9437,#9438,#9439);
#9437 = CARTESIAN_POINT('',(19.05,-0.8,23.230000000001));
#9438 = DIRECTION('',(-0.,1.,-0.));
#9439 = DIRECTION('',(0.,0.,1.));
#9440 = ADVANCED_FACE('',(#9441,#9451),#9455,.T.);
#9441 = FACE_BOUND('',#9442,.T.);
#9442 = EDGE_LOOP('',(#9443,#9450));
#9443 = ORIENTED_EDGE('',*,*,#9444,.F.);
#9444 = EDGE_CURVE('',#449,#441,#9445,.T.);
#9445 = CIRCLE('',#9446,0.875);
#9446 = AXIS2_PLACEMENT_3D('',#9447,#9448,#9449);
#9447 = CARTESIAN_POINT('',(19.05,-0.8,23.230000000001));
#9448 = DIRECTION('',(0.,-1.,0.));
#9449 = DIRECTION('',(0.,0.,-1.));
#9450 = ORIENTED_EDGE('',*,*,#448,.F.);
#9451 = FACE_BOUND('',#9452,.T.);
#9452 = EDGE_LOOP('',(#9453,#9454));
#9453 = ORIENTED_EDGE('',*,*,#9427,.T.);
#9454 = ORIENTED_EDGE('',*,*,#597,.T.);
#9455 = PLANE('',#9456);
#9456 = AXIS2_PLACEMENT_3D('',#9457,#9458,#9459);
#9457 = CARTESIAN_POINT('',(19.05,-0.8,23.230000000001));
#9458 = DIRECTION('',(0.,-1.,0.));
#9459 = DIRECTION('',(0.,-0.,-1.));
#9460 = ADVANCED_FACE('',(#9461),#9465,.F.);
#9461 = FACE_BOUND('',#9462,.T.);
#9462 = EDGE_LOOP('',(#9463,#9464));
#9463 = ORIENTED_EDGE('',*,*,#859,.T.);
#9464 = ORIENTED_EDGE('',*,*,#9244,.T.);
#9465 = PLANE('',#9466);
#9466 = AXIS2_PLACEMENT_3D('',#9467,#9468,#9469);
#9467 = CARTESIAN_POINT('',(13.97,0.,23.230000000001));
#9468 = DIRECTION('',(0.,-1.,0.));
#9469 = DIRECTION('',(0.,-0.,-1.));
#9470 = ADVANCED_FACE('',(#9471),#9483,.T.);
#9471 = FACE_BOUND('',#9472,.T.);
#9472 = EDGE_LOOP('',(#9473,#9474,#9481,#9482));
#9473 = ORIENTED_EDGE('',*,*,#566,.F.);
#9474 = ORIENTED_EDGE('',*,*,#9475,.F.);
#9475 = EDGE_CURVE('',#558,#556,#9476,.T.);
#9476 = CIRCLE('',#9477,1.15);
#9477 = AXIS2_PLACEMENT_3D('',#9478,#9479,#9480);
#9478 = CARTESIAN_POINT('',(13.97,-0.8,23.230000000001));
#9479 = DIRECTION('',(0.,-1.,0.));
#9480 = DIRECTION('',(0.,0.,-1.));
#9481 = ORIENTED_EDGE('',*,*,#583,.T.);
#9482 = ORIENTED_EDGE('',*,*,#4396,.T.);
#9483 = CYLINDRICAL_SURFACE('',#9484,1.15);
#9484 = AXIS2_PLACEMENT_3D('',#9485,#9486,#9487);
#9485 = CARTESIAN_POINT('',(13.97,-0.8,23.230000000001));
#9486 = DIRECTION('',(-0.,1.,-0.));
#9487 = DIRECTION('',(0.,0.,1.));
#9488 = ADVANCED_FACE('',(#9489,#9499),#9503,.T.);
#9489 = FACE_BOUND('',#9490,.T.);
#9490 = EDGE_LOOP('',(#9491,#9498));
#9491 = ORIENTED_EDGE('',*,*,#9492,.F.);
#9492 = EDGE_CURVE('',#323,#315,#9493,.T.);
#9493 = CIRCLE('',#9494,0.875);
#9494 = AXIS2_PLACEMENT_3D('',#9495,#9496,#9497);
#9495 = CARTESIAN_POINT('',(13.97,-0.8,23.230000000001));
#9496 = DIRECTION('',(0.,-1.,0.));
#9497 = DIRECTION('',(0.,0.,-1.));
#9498 = ORIENTED_EDGE('',*,*,#322,.F.);
#9499 = FACE_BOUND('',#9500,.T.);
#9500 = EDGE_LOOP('',(#9501,#9502));
#9501 = ORIENTED_EDGE('',*,*,#9475,.T.);
#9502 = ORIENTED_EDGE('',*,*,#555,.T.);
#9503 = PLANE('',#9504);
#9504 = AXIS2_PLACEMENT_3D('',#9505,#9506,#9507);
#9505 = CARTESIAN_POINT('',(13.97,-0.8,23.230000000001));
#9506 = DIRECTION('',(0.,-1.,0.));
#9507 = DIRECTION('',(0.,-0.,-1.));
#9508 = ADVANCED_FACE('',(#9509),#9521,.T.);
#9509 = FACE_BOUND('',#9510,.T.);
#9510 = EDGE_LOOP('',(#9511,#9512,#9519,#9520));
#9511 = ORIENTED_EDGE('',*,*,#524,.F.);
#9512 = ORIENTED_EDGE('',*,*,#9513,.F.);
#9513 = EDGE_CURVE('',#516,#514,#9514,.T.);
#9514 = CIRCLE('',#9515,0.875);
#9515 = AXIS2_PLACEMENT_3D('',#9516,#9517,#9518);
#9516 = CARTESIAN_POINT('',(24.13,-2.8,25.770000000001));
#9517 = DIRECTION('',(0.,-1.,0.));
#9518 = DIRECTION('',(0.,0.,-1.));
#9519 = ORIENTED_EDGE('',*,*,#541,.T.);
#9520 = ORIENTED_EDGE('',*,*,#9292,.T.);
#9521 = CYLINDRICAL_SURFACE('',#9522,0.875);
#9522 = AXIS2_PLACEMENT_3D('',#9523,#9524,#9525);
#9523 = CARTESIAN_POINT('',(24.13,-2.8,25.770000000001));
#9524 = DIRECTION('',(-0.,1.,0.));
#9525 = DIRECTION('',(0.,0.,1.));
#9526 = ADVANCED_FACE('',(#9527),#9531,.T.);
#9527 = FACE_BOUND('',#9528,.T.);
#9528 = EDGE_LOOP('',(#9529,#9530));
#9529 = ORIENTED_EDGE('',*,*,#9513,.T.);
#9530 = ORIENTED_EDGE('',*,*,#513,.T.);
#9531 = PLANE('',#9532);
#9532 = AXIS2_PLACEMENT_3D('',#9533,#9534,#9535);
#9533 = CARTESIAN_POINT('',(24.13,-2.8,25.770000000001));
#9534 = DIRECTION('',(0.,-1.,0.));
#9535 = DIRECTION('',(0.,-0.,-1.));
#9536 = ADVANCED_FACE('',(#9537),#9549,.T.);
#9537 = FACE_BOUND('',#9538,.T.);
#9538 = EDGE_LOOP('',(#9539,#9540,#9547,#9548));
#9539 = ORIENTED_EDGE('',*,*,#482,.F.);
#9540 = ORIENTED_EDGE('',*,*,#9541,.F.);
#9541 = EDGE_CURVE('',#474,#472,#9542,.T.);
#9542 = CIRCLE('',#9543,0.875);
#9543 = AXIS2_PLACEMENT_3D('',#9544,#9545,#9546);
#9544 = CARTESIAN_POINT('',(21.59,-2.8,25.770000000001));
#9545 = DIRECTION('',(0.,-1.,0.));
#9546 = DIRECTION('',(0.,0.,-1.));
#9547 = ORIENTED_EDGE('',*,*,#499,.T.);
#9548 = ORIENTED_EDGE('',*,*,#9330,.T.);
#9549 = CYLINDRICAL_SURFACE('',#9550,0.875);
#9550 = AXIS2_PLACEMENT_3D('',#9551,#9552,#9553);
#9551 = CARTESIAN_POINT('',(21.59,-2.8,25.770000000001));
#9552 = DIRECTION('',(-0.,1.,0.));
#9553 = DIRECTION('',(0.,0.,1.));
#9554 = ADVANCED_FACE('',(#9555),#9559,.T.);
#9555 = FACE_BOUND('',#9556,.T.);
#9556 = EDGE_LOOP('',(#9557,#9558));
#9557 = ORIENTED_EDGE('',*,*,#9541,.T.);
#9558 = ORIENTED_EDGE('',*,*,#471,.T.);
#9559 = PLANE('',#9560);
#9560 = AXIS2_PLACEMENT_3D('',#9561,#9562,#9563);
#9561 = CARTESIAN_POINT('',(21.59,-2.8,25.770000000001));
#9562 = DIRECTION('',(0.,-1.,0.));
#9563 = DIRECTION('',(0.,-0.,-1.));
#9564 = ADVANCED_FACE('',(#9565),#9577,.T.);
#9565 = FACE_BOUND('',#9566,.T.);
#9566 = EDGE_LOOP('',(#9567,#9568,#9575,#9576));
#9567 = ORIENTED_EDGE('',*,*,#440,.F.);
#9568 = ORIENTED_EDGE('',*,*,#9569,.F.);
#9569 = EDGE_CURVE('',#432,#430,#9570,.T.);
#9570 = CIRCLE('',#9571,0.875);
#9571 = AXIS2_PLACEMENT_3D('',#9572,#9573,#9574);
#9572 = CARTESIAN_POINT('',(19.05,-2.8,23.230000000001));
#9573 = DIRECTION('',(0.,-1.,0.));
#9574 = DIRECTION('',(0.,0.,-1.));
#9575 = ORIENTED_EDGE('',*,*,#457,.T.);
#9576 = ORIENTED_EDGE('',*,*,#9444,.T.);
#9577 = CYLINDRICAL_SURFACE('',#9578,0.875);
#9578 = AXIS2_PLACEMENT_3D('',#9579,#9580,#9581);
#9579 = CARTESIAN_POINT('',(19.05,-2.8,23.230000000001));
#9580 = DIRECTION('',(-0.,1.,0.));
#9581 = DIRECTION('',(0.,0.,1.));
#9582 = ADVANCED_FACE('',(#9583),#9587,.T.);
#9583 = FACE_BOUND('',#9584,.T.);
#9584 = EDGE_LOOP('',(#9585,#9586));
#9585 = ORIENTED_EDGE('',*,*,#9569,.T.);
#9586 = ORIENTED_EDGE('',*,*,#429,.T.);
#9587 = PLANE('',#9588);
#9588 = AXIS2_PLACEMENT_3D('',#9589,#9590,#9591);
#9589 = CARTESIAN_POINT('',(19.05,-2.8,23.230000000001));
#9590 = DIRECTION('',(0.,-1.,0.));
#9591 = DIRECTION('',(0.,-0.,-1.));
#9592 = ADVANCED_FACE('',(#9593),#9605,.T.);
#9593 = FACE_BOUND('',#9594,.T.);
#9594 = EDGE_LOOP('',(#9595,#9596,#9603,#9604));
#9595 = ORIENTED_EDGE('',*,*,#398,.F.);
#9596 = ORIENTED_EDGE('',*,*,#9597,.F.);
#9597 = EDGE_CURVE('',#390,#388,#9598,.T.);
#9598 = CIRCLE('',#9599,0.875);
#9599 = AXIS2_PLACEMENT_3D('',#9600,#9601,#9602);
#9600 = CARTESIAN_POINT('',(21.59,-2.8,23.230000000001));
#9601 = DIRECTION('',(0.,-1.,0.));
#9602 = DIRECTION('',(0.,0.,-1.));
#9603 = ORIENTED_EDGE('',*,*,#415,.T.);
#9604 = ORIENTED_EDGE('',*,*,#9368,.T.);
#9605 = CYLINDRICAL_SURFACE('',#9606,0.875);
#9606 = AXIS2_PLACEMENT_3D('',#9607,#9608,#9609);
#9607 = CARTESIAN_POINT('',(21.59,-2.8,23.230000000001));
#9608 = DIRECTION('',(-0.,1.,0.));
#9609 = DIRECTION('',(0.,0.,1.));
#9610 = ADVANCED_FACE('',(#9611),#9615,.T.);
#9611 = FACE_BOUND('',#9612,.T.);
#9612 = EDGE_LOOP('',(#9613,#9614));
#9613 = ORIENTED_EDGE('',*,*,#9597,.T.);
#9614 = ORIENTED_EDGE('',*,*,#387,.T.);
#9615 = PLANE('',#9616);
#9616 = AXIS2_PLACEMENT_3D('',#9617,#9618,#9619);
#9617 = CARTESIAN_POINT('',(21.59,-2.8,23.230000000001));
#9618 = DIRECTION('',(0.,-1.,0.));
#9619 = DIRECTION('',(0.,-0.,-1.));
#9620 = ADVANCED_FACE('',(#9621),#9633,.T.);
#9621 = FACE_BOUND('',#9622,.T.);
#9622 = EDGE_LOOP('',(#9623,#9624,#9631,#9632));
#9623 = ORIENTED_EDGE('',*,*,#356,.F.);
#9624 = ORIENTED_EDGE('',*,*,#9625,.F.);
#9625 = EDGE_CURVE('',#348,#346,#9626,.T.);
#9626 = CIRCLE('',#9627,0.875);
#9627 = AXIS2_PLACEMENT_3D('',#9628,#9629,#9630);
#9628 = CARTESIAN_POINT('',(19.05,-2.8,25.770000000001));
#9629 = DIRECTION('',(0.,-1.,0.));
#9630 = DIRECTION('',(0.,0.,-1.));
#9631 = ORIENTED_EDGE('',*,*,#373,.T.);
#9632 = ORIENTED_EDGE('',*,*,#9406,.T.);
#9633 = CYLINDRICAL_SURFACE('',#9634,0.875);
#9634 = AXIS2_PLACEMENT_3D('',#9635,#9636,#9637);
#9635 = CARTESIAN_POINT('',(19.05,-2.8,25.770000000001));
#9636 = DIRECTION('',(-0.,1.,0.));
#9637 = DIRECTION('',(0.,0.,1.));
#9638 = ADVANCED_FACE('',(#9639),#9643,.T.);
#9639 = FACE_BOUND('',#9640,.T.);
#9640 = EDGE_LOOP('',(#9641,#9642));
#9641 = ORIENTED_EDGE('',*,*,#9625,.T.);
#9642 = ORIENTED_EDGE('',*,*,#345,.T.);
#9643 = PLANE('',#9644);
#9644 = AXIS2_PLACEMENT_3D('',#9645,#9646,#9647);
#9645 = CARTESIAN_POINT('',(19.05,-2.8,25.770000000001));
#9646 = DIRECTION('',(0.,-1.,0.));
#9647 = DIRECTION('',(0.,-0.,-1.));
#9648 = ADVANCED_FACE('',(#9649),#9661,.T.);
#9649 = FACE_BOUND('',#9650,.T.);
#9650 = EDGE_LOOP('',(#9651,#9652,#9659,#9660));
#9651 = ORIENTED_EDGE('',*,*,#314,.F.);
#9652 = ORIENTED_EDGE('',*,*,#9653,.F.);
#9653 = EDGE_CURVE('',#306,#304,#9654,.T.);
#9654 = CIRCLE('',#9655,0.875);
#9655 = AXIS2_PLACEMENT_3D('',#9656,#9657,#9658);
#9656 = CARTESIAN_POINT('',(13.97,-2.8,23.230000000001));
#9657 = DIRECTION('',(0.,-1.,0.));
#9658 = DIRECTION('',(0.,0.,-1.));
#9659 = ORIENTED_EDGE('',*,*,#331,.T.);
#9660 = ORIENTED_EDGE('',*,*,#9492,.T.);
#9661 = CYLINDRICAL_SURFACE('',#9662,0.875);
#9662 = AXIS2_PLACEMENT_3D('',#9663,#9664,#9665);
#9663 = CARTESIAN_POINT('',(13.97,-2.8,23.230000000001));
#9664 = DIRECTION('',(-0.,1.,0.));
#9665 = DIRECTION('',(0.,0.,1.));
#9666 = ADVANCED_FACE('',(#9667),#9671,.T.);
#9667 = FACE_BOUND('',#9668,.T.);
#9668 = EDGE_LOOP('',(#9669,#9670));
#9669 = ORIENTED_EDGE('',*,*,#9653,.T.);
#9670 = ORIENTED_EDGE('',*,*,#303,.T.);
#9671 = PLANE('',#9672);
#9672 = AXIS2_PLACEMENT_3D('',#9673,#9674,#9675);
#9673 = CARTESIAN_POINT('',(13.97,-2.8,23.230000000001));
#9674 = DIRECTION('',(0.,-1.,0.));
#9675 = DIRECTION('',(0.,-0.,-1.));
#9676 = ADVANCED_FACE('',(#9677),#9689,.T.);
#9677 = FACE_BOUND('',#9678,.T.);
#9678 = EDGE_LOOP('',(#9679,#9680,#9687,#9688));
#9679 = ORIENTED_EDGE('',*,*,#272,.F.);
#9680 = ORIENTED_EDGE('',*,*,#9681,.F.);
#9681 = EDGE_CURVE('',#264,#262,#9682,.T.);
#9682 = CIRCLE('',#9683,0.65);
#9683 = AXIS2_PLACEMENT_3D('',#9684,#9685,#9686);
#9684 = CARTESIAN_POINT('',(19.05,3.,23.230000000001));
#9685 = DIRECTION('',(0.,1.,0.));
#9686 = DIRECTION('',(0.,-0.,1.));
#9687 = ORIENTED_EDGE('',*,*,#289,.T.);
#9688 = ORIENTED_EDGE('',*,*,#5990,.F.);
#9689 = CYLINDRICAL_SURFACE('',#9690,0.65);
#9690 = AXIS2_PLACEMENT_3D('',#9691,#9692,#9693);
#9691 = CARTESIAN_POINT('',(19.05,3.,23.230000000001));
#9692 = DIRECTION('',(-0.,-1.,-0.));
#9693 = DIRECTION('',(0.,0.,-1.));
#9694 = ADVANCED_FACE('',(#9695),#9699,.T.);
#9695 = FACE_BOUND('',#9696,.T.);
#9696 = EDGE_LOOP('',(#9697,#9698));
#9697 = ORIENTED_EDGE('',*,*,#9681,.T.);
#9698 = ORIENTED_EDGE('',*,*,#261,.T.);
#9699 = PLANE('',#9700);
#9700 = AXIS2_PLACEMENT_3D('',#9701,#9702,#9703);
#9701 = CARTESIAN_POINT('',(19.05,3.,23.230000000001));
#9702 = DIRECTION('',(0.,1.,0.));
#9703 = DIRECTION('',(0.,-0.,1.));
#9704 = ADVANCED_FACE('',(#9705),#9717,.T.);
#9705 = FACE_BOUND('',#9706,.T.);
#9706 = EDGE_LOOP('',(#9707,#9708,#9715,#9716));
#9707 = ORIENTED_EDGE('',*,*,#230,.F.);
#9708 = ORIENTED_EDGE('',*,*,#9709,.F.);
#9709 = EDGE_CURVE('',#222,#220,#9710,.T.);
#9710 = CIRCLE('',#9711,0.65);
#9711 = AXIS2_PLACEMENT_3D('',#9712,#9713,#9714);
#9712 = CARTESIAN_POINT('',(19.05,3.,25.770000000001));
#9713 = DIRECTION('',(0.,1.,0.));
#9714 = DIRECTION('',(0.,-0.,1.));
#9715 = ORIENTED_EDGE('',*,*,#247,.T.);
#9716 = ORIENTED_EDGE('',*,*,#6260,.F.);
#9717 = CYLINDRICAL_SURFACE('',#9718,0.65);
#9718 = AXIS2_PLACEMENT_3D('',#9719,#9720,#9721);
#9719 = CARTESIAN_POINT('',(19.05,3.,25.770000000001));
#9720 = DIRECTION('',(-0.,-1.,-0.));
#9721 = DIRECTION('',(0.,0.,-1.));
#9722 = ADVANCED_FACE('',(#9723),#9727,.T.);
#9723 = FACE_BOUND('',#9724,.T.);
#9724 = EDGE_LOOP('',(#9725,#9726));
#9725 = ORIENTED_EDGE('',*,*,#9709,.T.);
#9726 = ORIENTED_EDGE('',*,*,#219,.T.);
#9727 = PLANE('',#9728);
#9728 = AXIS2_PLACEMENT_3D('',#9729,#9730,#9731);
#9729 = CARTESIAN_POINT('',(19.05,3.,25.770000000001));
#9730 = DIRECTION('',(0.,1.,0.));
#9731 = DIRECTION('',(0.,-0.,1.));
#9732 = ADVANCED_FACE('',(#9733),#9745,.T.);
#9733 = FACE_BOUND('',#9734,.T.);
#9734 = EDGE_LOOP('',(#9735,#9736,#9743,#9744));
#9735 = ORIENTED_EDGE('',*,*,#188,.F.);
#9736 = ORIENTED_EDGE('',*,*,#9737,.F.);
#9737 = EDGE_CURVE('',#180,#178,#9738,.T.);
#9738 = CIRCLE('',#9739,0.65);
#9739 = AXIS2_PLACEMENT_3D('',#9740,#9741,#9742);
#9740 = CARTESIAN_POINT('',(21.59,3.,23.230000000001));
#9741 = DIRECTION('',(0.,1.,0.));
#9742 = DIRECTION('',(0.,-0.,1.));
#9743 = ORIENTED_EDGE('',*,*,#205,.T.);
#9744 = ORIENTED_EDGE('',*,*,#6030,.F.);
#9745 = CYLINDRICAL_SURFACE('',#9746,0.65);
#9746 = AXIS2_PLACEMENT_3D('',#9747,#9748,#9749);
#9747 = CARTESIAN_POINT('',(21.59,3.,23.230000000001));
#9748 = DIRECTION('',(-0.,-1.,-0.));
#9749 = DIRECTION('',(0.,0.,-1.));
#9750 = ADVANCED_FACE('',(#9751),#9755,.T.);
#9751 = FACE_BOUND('',#9752,.T.);
#9752 = EDGE_LOOP('',(#9753,#9754));
#9753 = ORIENTED_EDGE('',*,*,#9737,.T.);
#9754 = ORIENTED_EDGE('',*,*,#177,.T.);
#9755 = PLANE('',#9756);
#9756 = AXIS2_PLACEMENT_3D('',#9757,#9758,#9759);
#9757 = CARTESIAN_POINT('',(21.59,3.,23.230000000001));
#9758 = DIRECTION('',(0.,1.,0.));
#9759 = DIRECTION('',(0.,-0.,1.));
#9760 = ADVANCED_FACE('',(#9761),#9773,.T.);
#9761 = FACE_BOUND('',#9762,.T.);
#9762 = EDGE_LOOP('',(#9763,#9764,#9771,#9772));
#9763 = ORIENTED_EDGE('',*,*,#146,.F.);
#9764 = ORIENTED_EDGE('',*,*,#9765,.F.);
#9765 = EDGE_CURVE('',#138,#136,#9766,.T.);
#9766 = CIRCLE('',#9767,0.65);
#9767 = AXIS2_PLACEMENT_3D('',#9768,#9769,#9770);
#9768 = CARTESIAN_POINT('',(21.59,3.,25.770000000001));
#9769 = DIRECTION('',(0.,1.,0.));
#9770 = DIRECTION('',(0.,-0.,1.));
#9771 = ORIENTED_EDGE('',*,*,#163,.T.);
#9772 = ORIENTED_EDGE('',*,*,#6270,.F.);
#9773 = CYLINDRICAL_SURFACE('',#9774,0.65);
#9774 = AXIS2_PLACEMENT_3D('',#9775,#9776,#9777);
#9775 = CARTESIAN_POINT('',(21.59,3.,25.770000000001));
#9776 = DIRECTION('',(-0.,-1.,-0.));
#9777 = DIRECTION('',(0.,0.,-1.));
#9778 = ADVANCED_FACE('',(#9779),#9783,.T.);
#9779 = FACE_BOUND('',#9780,.T.);
#9780 = EDGE_LOOP('',(#9781,#9782));
#9781 = ORIENTED_EDGE('',*,*,#9765,.T.);
#9782 = ORIENTED_EDGE('',*,*,#135,.T.);
#9783 = PLANE('',#9784);
#9784 = AXIS2_PLACEMENT_3D('',#9785,#9786,#9787);
#9785 = CARTESIAN_POINT('',(21.59,3.,25.770000000001));
#9786 = DIRECTION('',(0.,1.,0.));
#9787 = DIRECTION('',(0.,-0.,1.));
#9788 = ADVANCED_FACE('',(#9789),#9801,.T.);
#9789 = FACE_BOUND('',#9790,.T.);
#9790 = EDGE_LOOP('',(#9791,#9792,#9799,#9800));
#9791 = ORIENTED_EDGE('',*,*,#104,.F.);
#9792 = ORIENTED_EDGE('',*,*,#9793,.F.);
#9793 = EDGE_CURVE('',#96,#94,#9794,.T.);
#9794 = CIRCLE('',#9795,0.65);
#9795 = AXIS2_PLACEMENT_3D('',#9796,#9797,#9798);
#9796 = CARTESIAN_POINT('',(24.13,3.,25.770000000001));
#9797 = DIRECTION('',(0.,1.,0.));
#9798 = DIRECTION('',(0.,-0.,1.));
#9799 = ORIENTED_EDGE('',*,*,#121,.T.);
#9800 = ORIENTED_EDGE('',*,*,#6350,.F.);
#9801 = CYLINDRICAL_SURFACE('',#9802,0.65);
#9802 = AXIS2_PLACEMENT_3D('',#9803,#9804,#9805);
#9803 = CARTESIAN_POINT('',(24.13,3.,25.770000000001));
#9804 = DIRECTION('',(-0.,-1.,-0.));
#9805 = DIRECTION('',(0.,0.,-1.));
#9806 = ADVANCED_FACE('',(#9807),#9811,.T.);
#9807 = FACE_BOUND('',#9808,.T.);
#9808 = EDGE_LOOP('',(#9809,#9810));
#9809 = ORIENTED_EDGE('',*,*,#9793,.T.);
#9810 = ORIENTED_EDGE('',*,*,#93,.T.);
#9811 = PLANE('',#9812);
#9812 = AXIS2_PLACEMENT_3D('',#9813,#9814,#9815);
#9813 = CARTESIAN_POINT('',(24.13,3.,25.770000000001));
#9814 = DIRECTION('',(0.,1.,0.));
#9815 = DIRECTION('',(0.,-0.,1.));
#9816 = ADVANCED_FACE('',(#9817),#9829,.T.);
#9817 = FACE_BOUND('',#9818,.T.);
#9818 = EDGE_LOOP('',(#9819,#9820,#9827,#9828));
#9819 = ORIENTED_EDGE('',*,*,#62,.F.);
#9820 = ORIENTED_EDGE('',*,*,#9821,.F.);
#9821 = EDGE_CURVE('',#54,#52,#9822,.T.);
#9822 = CIRCLE('',#9823,0.65);
#9823 = AXIS2_PLACEMENT_3D('',#9824,#9825,#9826);
#9824 = CARTESIAN_POINT('',(-24.13,3.,23.23));
#9825 = DIRECTION('',(0.,1.,0.));
#9826 = DIRECTION('',(0.,-0.,1.));
#9827 = ORIENTED_EDGE('',*,*,#79,.T.);
#9828 = ORIENTED_EDGE('',*,*,#6290,.F.);
#9829 = CYLINDRICAL_SURFACE('',#9830,0.65);
#9830 = AXIS2_PLACEMENT_3D('',#9831,#9832,#9833);
#9831 = CARTESIAN_POINT('',(-24.13,3.,23.23));
#9832 = DIRECTION('',(-0.,-1.,-0.));
#9833 = DIRECTION('',(0.,0.,-1.));
#9834 = ADVANCED_FACE('',(#9835),#9839,.T.);
#9835 = FACE_BOUND('',#9836,.T.);
#9836 = EDGE_LOOP('',(#9837,#9838));
#9837 = ORIENTED_EDGE('',*,*,#9821,.T.);
#9838 = ORIENTED_EDGE('',*,*,#51,.T.);
#9839 = PLANE('',#9840);
#9840 = AXIS2_PLACEMENT_3D('',#9841,#9842,#9843);
#9841 = CARTESIAN_POINT('',(-24.13,3.,23.23));
#9842 = DIRECTION('',(0.,1.,0.));
#9843 = DIRECTION('',(0.,-0.,1.));
#9844 = ADVANCED_FACE('',(#9845),#9870,.F.);
#9845 = FACE_BOUND('',#9846,.T.);
#9846 = EDGE_LOOP('',(#9847,#9848,#9856,#9864));
#9847 = ORIENTED_EDGE('',*,*,#4406,.T.);
#9848 = ORIENTED_EDGE('',*,*,#9849,.F.);
#9849 = EDGE_CURVE('',#9850,#4409,#9852,.T.);
#9850 = VERTEX_POINT('',#9851);
#9851 = CARTESIAN_POINT('',(31.45898291983,-3.6,9.810208274444));
#9852 = LINE('',#9853,#9854);
#9853 = CARTESIAN_POINT('',(31.45898291983,-0.6,9.810208274444));
#9854 = VECTOR('',#9855,1.);
#9855 = DIRECTION('',(-0.,1.,-0.));
#9856 = ORIENTED_EDGE('',*,*,#9857,.F.);
#9857 = EDGE_CURVE('',#9858,#9850,#9860,.T.);
#9858 = VERTEX_POINT('',#9859);
#9859 = CARTESIAN_POINT('',(31.45898291983,-3.6,-0.610919884907));
#9860 = LINE('',#9861,#9862);
#9861 = CARTESIAN_POINT('',(31.45898291983,-3.6,-0.610919884907));
#9862 = VECTOR('',#9863,1.);
#9863 = DIRECTION('',(0.,0.,1.));
#9864 = ORIENTED_EDGE('',*,*,#9865,.T.);
#9865 = EDGE_CURVE('',#9858,#4407,#9866,.T.);
#9866 = LINE('',#9867,#9868);
#9867 = CARTESIAN_POINT('',(31.45898291983,-0.6,-0.610919884907));
#9868 = VECTOR('',#9869,1.);
#9869 = DIRECTION('',(-0.,1.,-0.));
#9870 = PLANE('',#9871);
#9871 = AXIS2_PLACEMENT_3D('',#9872,#9873,#9874);
#9872 = CARTESIAN_POINT('',(31.45898291983,-0.6,9.810208274444));
#9873 = DIRECTION('',(-1.,0.,-0.));
#9874 = DIRECTION('',(0.,0.,1.));
#9875 = ADVANCED_FACE('',(#9876),#9894,.F.);
#9876 = FACE_BOUND('',#9877,.T.);
#9877 = EDGE_LOOP('',(#9878,#9879,#9887,#9893));
#9878 = ORIENTED_EDGE('',*,*,#4432,.T.);
#9879 = ORIENTED_EDGE('',*,*,#9880,.F.);
#9880 = EDGE_CURVE('',#9881,#4425,#9883,.T.);
#9881 = VERTEX_POINT('',#9882);
#9882 = CARTESIAN_POINT('',(19.834543665825,-3.6,9.810208274444));
#9883 = LINE('',#9884,#9885);
#9884 = CARTESIAN_POINT('',(19.834543665825,-0.6,9.810208274444));
#9885 = VECTOR('',#9886,1.);
#9886 = DIRECTION('',(-0.,1.,-0.));
#9887 = ORIENTED_EDGE('',*,*,#9888,.F.);
#9888 = EDGE_CURVE('',#9850,#9881,#9889,.T.);
#9889 = LINE('',#9890,#9891);
#9890 = CARTESIAN_POINT('',(31.45898291983,-3.6,9.810208274444));
#9891 = VECTOR('',#9892,1.);
#9892 = DIRECTION('',(-1.,0.,0.));
#9893 = ORIENTED_EDGE('',*,*,#9849,.T.);
#9894 = PLANE('',#9895);
#9895 = AXIS2_PLACEMENT_3D('',#9896,#9897,#9898);
#9896 = CARTESIAN_POINT('',(31.45898291983,-0.6,9.810208274444));
#9897 = DIRECTION('',(-0.,0.,-1.));
#9898 = DIRECTION('',(-1.,0.,0.));
#9899 = ADVANCED_FACE('',(#9900),#9918,.F.);
#9900 = FACE_BOUND('',#9901,.T.);
#9901 = EDGE_LOOP('',(#9902,#9903,#9911,#9917));
#9902 = ORIENTED_EDGE('',*,*,#4424,.T.);
#9903 = ORIENTED_EDGE('',*,*,#9904,.F.);
#9904 = EDGE_CURVE('',#9905,#4417,#9907,.T.);
#9905 = VERTEX_POINT('',#9906);
#9906 = CARTESIAN_POINT('',(19.834543665825,-3.6,-0.610919884907));
#9907 = LINE('',#9908,#9909);
#9908 = CARTESIAN_POINT('',(19.834543665825,-0.6,-0.610919884907));
#9909 = VECTOR('',#9910,1.);
#9910 = DIRECTION('',(-0.,1.,-0.));
#9911 = ORIENTED_EDGE('',*,*,#9912,.F.);
#9912 = EDGE_CURVE('',#9881,#9905,#9913,.T.);
#9913 = LINE('',#9914,#9915);
#9914 = CARTESIAN_POINT('',(19.834543665825,-3.6,9.810208274444));
#9915 = VECTOR('',#9916,1.);
#9916 = DIRECTION('',(3.329243148056E-16,0.,-1.));
#9917 = ORIENTED_EDGE('',*,*,#9880,.T.);
#9918 = PLANE('',#9919);
#9919 = AXIS2_PLACEMENT_3D('',#9920,#9921,#9922);
#9920 = CARTESIAN_POINT('',(19.834543665825,-0.6,9.810208274444));
#9921 = DIRECTION('',(1.,0.,3.329243148056E-16));
#9922 = DIRECTION('',(3.329243148056E-16,0.,-1.));
#9923 = ADVANCED_FACE('',(#9924),#9935,.F.);
#9924 = FACE_BOUND('',#9925,.T.);
#9925 = EDGE_LOOP('',(#9926,#9927,#9928,#9934));
#9926 = ORIENTED_EDGE('',*,*,#4416,.T.);
#9927 = ORIENTED_EDGE('',*,*,#9865,.F.);
#9928 = ORIENTED_EDGE('',*,*,#9929,.F.);
#9929 = EDGE_CURVE('',#9905,#9858,#9930,.T.);
#9930 = LINE('',#9931,#9932);
#9931 = CARTESIAN_POINT('',(19.834543665825,-3.6,-0.610919884907));
#9932 = VECTOR('',#9933,1.);
#9933 = DIRECTION('',(1.,0.,1.212499625516E-16));
#9934 = ORIENTED_EDGE('',*,*,#9904,.T.);
#9935 = PLANE('',#9936);
#9936 = AXIS2_PLACEMENT_3D('',#9937,#9938,#9939);
#9937 = CARTESIAN_POINT('',(31.45898291983,-0.6,-0.610919884907));
#9938 = DIRECTION('',(-1.212499625516E-16,0.,1.));
#9939 = DIRECTION('',(1.,0.,1.212499625516E-16));
#9940 = ADVANCED_FACE('',(#9941),#9966,.F.);
#9941 = FACE_BOUND('',#9942,.T.);
#9942 = EDGE_LOOP('',(#9943,#9944,#9952,#9960));
#9943 = ORIENTED_EDGE('',*,*,#3770,.T.);
#9944 = ORIENTED_EDGE('',*,*,#9945,.F.);
#9945 = EDGE_CURVE('',#9946,#3773,#9948,.T.);
#9946 = VERTEX_POINT('',#9947);
#9947 = CARTESIAN_POINT('',(31.45898291983,-0.6,-1.178519457857));
#9948 = LINE('',#9949,#9950);
#9949 = CARTESIAN_POINT('',(31.45898291983,-0.6,-1.178519457857));
#9950 = VECTOR('',#9951,1.);
#9951 = DIRECTION('',(-0.,1.,-0.));
#9952 = ORIENTED_EDGE('',*,*,#9953,.F.);
#9953 = EDGE_CURVE('',#9954,#9946,#9956,.T.);
#9954 = VERTEX_POINT('',#9955);
#9955 = CARTESIAN_POINT('',(31.45898291983,-0.6,-4.516004946799));
#9956 = LINE('',#9957,#9958);
#9957 = CARTESIAN_POINT('',(31.45898291983,-0.6,-1.178519457857));
#9958 = VECTOR('',#9959,1.);
#9959 = DIRECTION('',(-2.079078374092E-15,-0.,1.));
#9960 = ORIENTED_EDGE('',*,*,#9961,.T.);
#9961 = EDGE_CURVE('',#9954,#3771,#9962,.T.);
#9962 = LINE('',#9963,#9964);
#9963 = CARTESIAN_POINT('',(31.45898291983,-0.6,-4.516004946799));
#9964 = VECTOR('',#9965,1.);
#9965 = DIRECTION('',(-0.,1.,-0.));
#9966 = PLANE('',#9967);
#9967 = AXIS2_PLACEMENT_3D('',#9968,#9969,#9970);
#9968 = CARTESIAN_POINT('',(31.45898291983,-0.6,-1.178519457857));
#9969 = DIRECTION('',(-1.,0.,-2.079078374092E-15));
#9970 = DIRECTION('',(-2.079078374092E-15,0.,1.));
#9971 = ADVANCED_FACE('',(#9972),#9990,.F.);
#9972 = FACE_BOUND('',#9973,.T.);
#9973 = EDGE_LOOP('',(#9974,#9975,#9983,#9989));
#9974 = ORIENTED_EDGE('',*,*,#3796,.T.);
#9975 = ORIENTED_EDGE('',*,*,#9976,.F.);
#9976 = EDGE_CURVE('',#9977,#3789,#9979,.T.);
#9977 = VERTEX_POINT('',#9978);
#9978 = CARTESIAN_POINT('',(28.166905396723,-0.6,-1.178519457857));
#9979 = LINE('',#9980,#9981);
#9980 = CARTESIAN_POINT('',(28.166905396723,-0.6,-1.178519457857));
#9981 = VECTOR('',#9982,1.);
#9982 = DIRECTION('',(-0.,1.,-0.));
#9983 = ORIENTED_EDGE('',*,*,#9984,.F.);
#9984 = EDGE_CURVE('',#9946,#9977,#9985,.T.);
#9985 = LINE('',#9986,#9987);
#9986 = CARTESIAN_POINT('',(31.45898291983,-0.6,-1.178519457857));
#9987 = VECTOR('',#9988,1.);
#9988 = DIRECTION('',(-1.,0.,0.));
#9989 = ORIENTED_EDGE('',*,*,#9945,.T.);
#9990 = PLANE('',#9991);
#9991 = AXIS2_PLACEMENT_3D('',#9992,#9993,#9994);
#9992 = CARTESIAN_POINT('',(31.45898291983,-0.6,-1.178519457857));
#9993 = DIRECTION('',(-0.,0.,-1.));
#9994 = DIRECTION('',(-1.,0.,0.));
#9995 = ADVANCED_FACE('',(#9996),#10014,.F.);
#9996 = FACE_BOUND('',#9997,.T.);
#9997 = EDGE_LOOP('',(#9998,#9999,#10007,#10013));
#9998 = ORIENTED_EDGE('',*,*,#3788,.T.);
#9999 = ORIENTED_EDGE('',*,*,#10000,.F.);
#10000 = EDGE_CURVE('',#10001,#3781,#10003,.T.);
#10001 = VERTEX_POINT('',#10002);
#10002 = CARTESIAN_POINT('',(28.166905396723,-0.6,-4.516004946799));
#10003 = LINE('',#10004,#10005);
#10004 = CARTESIAN_POINT('',(28.166905396723,-0.6,-4.516004946799));
#10005 = VECTOR('',#10006,1.);
#10006 = DIRECTION('',(-0.,1.,-0.));
#10007 = ORIENTED_EDGE('',*,*,#10008,.F.);
#10008 = EDGE_CURVE('',#9977,#10001,#10009,.T.);
#10009 = LINE('',#10010,#10011);
#10010 = CARTESIAN_POINT('',(28.166905396723,-0.6,-1.178519457857));
#10011 = VECTOR('',#10012,1.);
#10012 = DIRECTION('',(0.,0.,-1.));
#10013 = ORIENTED_EDGE('',*,*,#9976,.T.);
#10014 = PLANE('',#10015);
#10015 = AXIS2_PLACEMENT_3D('',#10016,#10017,#10018);
#10016 = CARTESIAN_POINT('',(28.166905396723,-0.6,-1.178519457857));
#10017 = DIRECTION('',(1.,0.,0.));
#10018 = DIRECTION('',(0.,0.,-1.));
#10019 = ADVANCED_FACE('',(#10020),#10031,.F.);
#10020 = FACE_BOUND('',#10021,.T.);
#10021 = EDGE_LOOP('',(#10022,#10023,#10024,#10030));
#10022 = ORIENTED_EDGE('',*,*,#3780,.T.);
#10023 = ORIENTED_EDGE('',*,*,#9961,.F.);
#10024 = ORIENTED_EDGE('',*,*,#10025,.F.);
#10025 = EDGE_CURVE('',#10001,#9954,#10026,.T.);
#10026 = LINE('',#10027,#10028);
#10027 = CARTESIAN_POINT('',(31.45898291983,-0.6,-4.516004946799));
#10028 = VECTOR('',#10029,1.);
#10029 = DIRECTION('',(1.,-0.,-0.));
#10030 = ORIENTED_EDGE('',*,*,#10000,.T.);
#10031 = PLANE('',#10032);
#10032 = AXIS2_PLACEMENT_3D('',#10033,#10034,#10035);
#10033 = CARTESIAN_POINT('',(31.45898291983,-0.6,-4.516004946799));
#10034 = DIRECTION('',(0.,0.,1.));
#10035 = DIRECTION('',(1.,0.,-0.));
#10036 = ADVANCED_FACE('',(#10037),#10043,.F.);
#10037 = FACE_BOUND('',#10038,.T.);
#10038 = EDGE_LOOP('',(#10039,#10040,#10041,#10042));
#10039 = ORIENTED_EDGE('',*,*,#9953,.T.);
#10040 = ORIENTED_EDGE('',*,*,#9984,.T.);
#10041 = ORIENTED_EDGE('',*,*,#10008,.T.);
#10042 = ORIENTED_EDGE('',*,*,#10025,.T.);
#10043 = PLANE('',#10044);
#10044 = AXIS2_PLACEMENT_3D('',#10045,#10046,#10047);
#10045 = CARTESIAN_POINT('',(0.,-0.6,0.));
#10046 = DIRECTION('',(0.,1.,0.));
#10047 = DIRECTION('',(0.,-0.,1.));
#10048 = ADVANCED_FACE('',(#10049),#10074,.F.);
#10049 = FACE_BOUND('',#10050,.T.);
#10050 = EDGE_LOOP('',(#10051,#10052,#10060,#10068));
#10051 = ORIENTED_EDGE('',*,*,#4440,.T.);
#10052 = ORIENTED_EDGE('',*,*,#10053,.F.);
#10053 = EDGE_CURVE('',#10054,#4443,#10056,.T.);
#10054 = VERTEX_POINT('',#10055);
#10055 = CARTESIAN_POINT('',(27.145226165414,-0.6,-1.405559287037));
#10056 = LINE('',#10057,#10058);
#10057 = CARTESIAN_POINT('',(27.145226165414,-0.6,-1.405559287037));
#10058 = VECTOR('',#10059,1.);
#10059 = DIRECTION('',(-0.,1.,-0.));
#10060 = ORIENTED_EDGE('',*,*,#10061,.F.);
#10061 = EDGE_CURVE('',#10062,#10054,#10064,.T.);
#10062 = VERTEX_POINT('',#10063);
#10063 = CARTESIAN_POINT('',(27.145226165414,-0.6,-4.198149185948));
#10064 = LINE('',#10065,#10066);
#10065 = CARTESIAN_POINT('',(27.145226165414,-0.6,-1.405559287037));
#10066 = VECTOR('',#10067,1.);
#10067 = DIRECTION('',(-0.,-0.,1.));
#10068 = ORIENTED_EDGE('',*,*,#10069,.T.);
#10069 = EDGE_CURVE('',#10062,#4441,#10070,.T.);
#10070 = LINE('',#10071,#10072);
#10071 = CARTESIAN_POINT('',(27.145226165414,-0.6,-4.198149185948));
#10072 = VECTOR('',#10073,1.);
#10073 = DIRECTION('',(-0.,1.,-0.));
#10074 = PLANE('',#10075);
#10075 = AXIS2_PLACEMENT_3D('',#10076,#10077,#10078);
#10076 = CARTESIAN_POINT('',(27.145226165414,-0.6,-1.405559287037));
#10077 = DIRECTION('',(-1.,0.,-0.));
#10078 = DIRECTION('',(0.,0.,1.));
#10079 = ADVANCED_FACE('',(#10080),#10098,.F.);
#10080 = FACE_BOUND('',#10081,.T.);
#10081 = EDGE_LOOP('',(#10082,#10083,#10091,#10097));
#10082 = ORIENTED_EDGE('',*,*,#4466,.T.);
#10083 = ORIENTED_EDGE('',*,*,#10084,.F.);
#10084 = EDGE_CURVE('',#10085,#4459,#10087,.T.);
#10085 = VERTEX_POINT('',#10086);
#10086 = CARTESIAN_POINT('',(22.331981786803,-0.6,-1.405559287037));
#10087 = LINE('',#10088,#10089);
#10088 = CARTESIAN_POINT('',(22.331981786803,-0.6,-1.405559287037));
#10089 = VECTOR('',#10090,1.);
#10090 = DIRECTION('',(-0.,1.,-0.));
#10091 = ORIENTED_EDGE('',*,*,#10092,.F.);
#10092 = EDGE_CURVE('',#10054,#10085,#10093,.T.);
#10093 = LINE('',#10094,#10095);
#10094 = CARTESIAN_POINT('',(27.145226165414,-0.6,-1.405559287037));
#10095 = VECTOR('',#10096,1.);
#10096 = DIRECTION('',(-1.,0.,0.));
#10097 = ORIENTED_EDGE('',*,*,#10053,.T.);
#10098 = PLANE('',#10099);
#10099 = AXIS2_PLACEMENT_3D('',#10100,#10101,#10102);
#10100 = CARTESIAN_POINT('',(27.145226165414,-0.6,-1.405559287037));
#10101 = DIRECTION('',(-0.,0.,-1.));
#10102 = DIRECTION('',(-1.,0.,0.));
#10103 = ADVANCED_FACE('',(#10104),#10122,.F.);
#10104 = FACE_BOUND('',#10105,.T.);
#10105 = EDGE_LOOP('',(#10106,#10107,#10115,#10121));
#10106 = ORIENTED_EDGE('',*,*,#4458,.T.);
#10107 = ORIENTED_EDGE('',*,*,#10108,.F.);
#10108 = EDGE_CURVE('',#10109,#4451,#10111,.T.);
#10109 = VERTEX_POINT('',#10110);
#10110 = CARTESIAN_POINT('',(22.331981786803,-0.6,-4.198149185948));
#10111 = LINE('',#10112,#10113);
#10112 = CARTESIAN_POINT('',(22.331981786803,-0.6,-4.198149185948));
#10113 = VECTOR('',#10114,1.);
#10114 = DIRECTION('',(-0.,1.,-0.));
#10115 = ORIENTED_EDGE('',*,*,#10116,.F.);
#10116 = EDGE_CURVE('',#10085,#10109,#10117,.T.);
#10117 = LINE('',#10118,#10119);
#10118 = CARTESIAN_POINT('',(22.331981786803,-0.6,-1.405559287037));
#10119 = VECTOR('',#10120,1.);
#10120 = DIRECTION('',(0.,0.,-1.));
#10121 = ORIENTED_EDGE('',*,*,#10084,.T.);
#10122 = PLANE('',#10123);
#10123 = AXIS2_PLACEMENT_3D('',#10124,#10125,#10126);
#10124 = CARTESIAN_POINT('',(22.331981786803,-0.6,-1.405559287037));
#10125 = DIRECTION('',(1.,0.,0.));
#10126 = DIRECTION('',(0.,0.,-1.));
#10127 = ADVANCED_FACE('',(#10128),#10139,.F.);
#10128 = FACE_BOUND('',#10129,.T.);
#10129 = EDGE_LOOP('',(#10130,#10131,#10132,#10138));
#10130 = ORIENTED_EDGE('',*,*,#4450,.T.);
#10131 = ORIENTED_EDGE('',*,*,#10069,.F.);
#10132 = ORIENTED_EDGE('',*,*,#10133,.F.);
#10133 = EDGE_CURVE('',#10109,#10062,#10134,.T.);
#10134 = LINE('',#10135,#10136);
#10135 = CARTESIAN_POINT('',(27.145226165414,-0.6,-4.198149185948));
#10136 = VECTOR('',#10137,1.);
#10137 = DIRECTION('',(1.,-0.,1.802031373771E-16));
#10138 = ORIENTED_EDGE('',*,*,#10108,.T.);
#10139 = PLANE('',#10140);
#10140 = AXIS2_PLACEMENT_3D('',#10141,#10142,#10143);
#10141 = CARTESIAN_POINT('',(27.145226165414,-0.6,-4.198149185948));
#10142 = DIRECTION('',(-1.802031373771E-16,0.,1.));
#10143 = DIRECTION('',(1.,0.,1.802031373771E-16));
#10144 = ADVANCED_FACE('',(#10145),#10151,.F.);
#10145 = FACE_BOUND('',#10146,.T.);
#10146 = EDGE_LOOP('',(#10147,#10148,#10149,#10150));
#10147 = ORIENTED_EDGE('',*,*,#10061,.T.);
#10148 = ORIENTED_EDGE('',*,*,#10092,.T.);
#10149 = ORIENTED_EDGE('',*,*,#10116,.T.);
#10150 = ORIENTED_EDGE('',*,*,#10133,.T.);
#10151 = PLANE('',#10152);
#10152 = AXIS2_PLACEMENT_3D('',#10153,#10154,#10155);
#10153 = CARTESIAN_POINT('',(0.,-0.6,0.));
#10154 = DIRECTION('',(0.,1.,0.));
#10155 = DIRECTION('',(0.,-0.,1.));
#10156 = ADVANCED_FACE('',(#10157),#10182,.F.);
#10157 = FACE_BOUND('',#10158,.T.);
#10158 = EDGE_LOOP('',(#10159,#10160,#10168,#10176));
#10159 = ORIENTED_EDGE('',*,*,#3736,.T.);
#10160 = ORIENTED_EDGE('',*,*,#10161,.F.);
#10161 = EDGE_CURVE('',#10162,#3739,#10164,.T.);
#10162 = VERTEX_POINT('',#10163);
#10163 = CARTESIAN_POINT('',(31.050311227306,-2.6,-4.992788588077));
#10164 = LINE('',#10165,#10166);
#10165 = CARTESIAN_POINT('',(31.050311227306,-0.6,-4.992788588077));
#10166 = VECTOR('',#10167,1.);
#10167 = DIRECTION('',(-0.,1.,-0.));
#10168 = ORIENTED_EDGE('',*,*,#10169,.F.);
#10169 = EDGE_CURVE('',#10170,#10162,#10172,.T.);
#10170 = VERTEX_POINT('',#10171);
#10171 = CARTESIAN_POINT('',(31.050311227306,-2.6,-11.75857549763));
#10172 = LINE('',#10173,#10174);
#10173 = CARTESIAN_POINT('',(31.050311227306,-2.6,-11.75857549763));
#10174 = VECTOR('',#10175,1.);
#10175 = DIRECTION('',(8.717477947746E-15,0.,1.));
#10176 = ORIENTED_EDGE('',*,*,#10177,.T.);
#10177 = EDGE_CURVE('',#10170,#3737,#10178,.T.);
#10178 = LINE('',#10179,#10180);
#10179 = CARTESIAN_POINT('',(31.050311227306,-0.6,-11.75857549763));
#10180 = VECTOR('',#10181,1.);
#10181 = DIRECTION('',(-0.,1.,-0.));
#10182 = PLANE('',#10183);
#10183 = AXIS2_PLACEMENT_3D('',#10184,#10185,#10186);
#10184 = CARTESIAN_POINT('',(31.050311227306,-0.6,-4.992788588077));
#10185 = DIRECTION('',(-1.,0.,8.717477947746E-15));
#10186 = DIRECTION('',(8.717477947746E-15,0.,1.));
#10187 = ADVANCED_FACE('',(#10188),#10206,.F.);
#10188 = FACE_BOUND('',#10189,.T.);
#10189 = EDGE_LOOP('',(#10190,#10191,#10199,#10205));
#10190 = ORIENTED_EDGE('',*,*,#3762,.T.);
#10191 = ORIENTED_EDGE('',*,*,#10192,.F.);
#10192 = EDGE_CURVE('',#10193,#3755,#10195,.T.);
#10193 = VERTEX_POINT('',#10194);
#10194 = CARTESIAN_POINT('',(23.557996864373,-2.6,-4.992788588077));
#10195 = LINE('',#10196,#10197);
#10196 = CARTESIAN_POINT('',(23.557996864373,-0.6,-4.992788588077));
#10197 = VECTOR('',#10198,1.);
#10198 = DIRECTION('',(-0.,1.,-0.));
#10199 = ORIENTED_EDGE('',*,*,#10200,.F.);
#10200 = EDGE_CURVE('',#10162,#10193,#10201,.T.);
#10201 = LINE('',#10202,#10203);
#10202 = CARTESIAN_POINT('',(31.050311227306,-2.6,-4.992788588077));
#10203 = VECTOR('',#10204,1.);
#10204 = DIRECTION('',(-1.,0.,0.));
#10205 = ORIENTED_EDGE('',*,*,#10161,.T.);
#10206 = PLANE('',#10207);
#10207 = AXIS2_PLACEMENT_3D('',#10208,#10209,#10210);
#10208 = CARTESIAN_POINT('',(31.050311227306,-0.6,-4.992788588077));
#10209 = DIRECTION('',(-0.,0.,-1.));
#10210 = DIRECTION('',(-1.,0.,0.));
#10211 = ADVANCED_FACE('',(#10212),#10230,.F.);
#10212 = FACE_BOUND('',#10213,.T.);
#10213 = EDGE_LOOP('',(#10214,#10215,#10223,#10229));
#10214 = ORIENTED_EDGE('',*,*,#3754,.T.);
#10215 = ORIENTED_EDGE('',*,*,#10216,.F.);
#10216 = EDGE_CURVE('',#10217,#3747,#10219,.T.);
#10217 = VERTEX_POINT('',#10218);
#10218 = CARTESIAN_POINT('',(23.557996864373,-2.6,-11.75857549763));
#10219 = LINE('',#10220,#10221);
#10220 = CARTESIAN_POINT('',(23.557996864373,-0.6,-11.75857549763));
#10221 = VECTOR('',#10222,1.);
#10222 = DIRECTION('',(-0.,1.,-0.));
#10223 = ORIENTED_EDGE('',*,*,#10224,.F.);
#10224 = EDGE_CURVE('',#10193,#10217,#10225,.T.);
#10225 = LINE('',#10226,#10227);
#10226 = CARTESIAN_POINT('',(23.557996864373,-2.6,-4.992788588077));
#10227 = VECTOR('',#10228,1.);
#10228 = DIRECTION('',(5.127928204556E-16,0.,-1.));
#10229 = ORIENTED_EDGE('',*,*,#10192,.T.);
#10230 = PLANE('',#10231);
#10231 = AXIS2_PLACEMENT_3D('',#10232,#10233,#10234);
#10232 = CARTESIAN_POINT('',(23.557996864373,-0.6,-4.992788588077));
#10233 = DIRECTION('',(1.,0.,5.127928204556E-16));
#10234 = DIRECTION('',(5.127928204556E-16,0.,-1.));
#10235 = ADVANCED_FACE('',(#10236),#10247,.F.);
#10236 = FACE_BOUND('',#10237,.T.);
#10237 = EDGE_LOOP('',(#10238,#10239,#10240,#10246));
#10238 = ORIENTED_EDGE('',*,*,#3746,.T.);
#10239 = ORIENTED_EDGE('',*,*,#10177,.F.);
#10240 = ORIENTED_EDGE('',*,*,#10241,.F.);
#10241 = EDGE_CURVE('',#10217,#10170,#10242,.T.);
#10242 = LINE('',#10243,#10244);
#10243 = CARTESIAN_POINT('',(23.557996864373,-2.6,-11.75857549763));
#10244 = VECTOR('',#10245,1.);
#10245 = DIRECTION('',(1.,0.,2.315337280239E-16));
#10246 = ORIENTED_EDGE('',*,*,#10216,.T.);
#10247 = PLANE('',#10248);
#10248 = AXIS2_PLACEMENT_3D('',#10249,#10250,#10251);
#10249 = CARTESIAN_POINT('',(31.050311227306,-0.6,-11.75857549763));
#10250 = DIRECTION('',(-2.315337280239E-16,0.,1.));
#10251 = DIRECTION('',(1.,0.,2.315337280239E-16));
#10252 = ADVANCED_FACE('',(#10253),#10278,.F.);
#10253 = FACE_BOUND('',#10254,.T.);
#10254 = EDGE_LOOP('',(#10255,#10256,#10264,#10272));
#10255 = ORIENTED_EDGE('',*,*,#4474,.T.);
#10256 = ORIENTED_EDGE('',*,*,#10257,.F.);
#10257 = EDGE_CURVE('',#10258,#4477,#10260,.T.);
#10258 = VERTEX_POINT('',#10259);
#10259 = CARTESIAN_POINT('',(31.45898291983,-0.6,-13.28844698892));
#10260 = LINE('',#10261,#10262);
#10261 = CARTESIAN_POINT('',(31.45898291983,-0.6,-13.28844698892));
#10262 = VECTOR('',#10263,1.);
#10263 = DIRECTION('',(-0.,1.,-0.));
#10264 = ORIENTED_EDGE('',*,*,#10265,.F.);
#10265 = EDGE_CURVE('',#10266,#10258,#10268,.T.);
#10266 = VERTEX_POINT('',#10267);
#10267 = CARTESIAN_POINT('',(31.45898291983,-0.6,-15.11950623165));
#10268 = LINE('',#10269,#10270);
#10269 = CARTESIAN_POINT('',(31.45898291983,-0.6,-13.28844698892));
#10270 = VECTOR('',#10271,1.);
#10271 = DIRECTION('',(-0.,-0.,1.));
#10272 = ORIENTED_EDGE('',*,*,#10273,.T.);
#10273 = EDGE_CURVE('',#10266,#4475,#10274,.T.);
#10274 = LINE('',#10275,#10276);
#10275 = CARTESIAN_POINT('',(31.45898291983,-0.6,-15.11950623165));
#10276 = VECTOR('',#10277,1.);
#10277 = DIRECTION('',(-0.,1.,-0.));
#10278 = PLANE('',#10279);
#10279 = AXIS2_PLACEMENT_3D('',#10280,#10281,#10282);
#10280 = CARTESIAN_POINT('',(31.45898291983,-0.6,-13.28844698892));
#10281 = DIRECTION('',(-1.,0.,-0.));
#10282 = DIRECTION('',(0.,0.,1.));
#10283 = ADVANCED_FACE('',(#10284),#10302,.F.);
#10284 = FACE_BOUND('',#10285,.T.);
#10285 = EDGE_LOOP('',(#10286,#10287,#10295,#10301));
#10286 = ORIENTED_EDGE('',*,*,#4500,.T.);
#10287 = ORIENTED_EDGE('',*,*,#10288,.F.);
#10288 = EDGE_CURVE('',#10289,#4493,#10291,.T.);
#10289 = VERTEX_POINT('',#10290);
#10290 = CARTESIAN_POINT('',(30.081200325118,-0.6,-13.28844698892));
#10291 = LINE('',#10292,#10293);
#10292 = CARTESIAN_POINT('',(30.081200325118,-0.6,-13.28844698892));
#10293 = VECTOR('',#10294,1.);
#10294 = DIRECTION('',(-0.,1.,-0.));
#10295 = ORIENTED_EDGE('',*,*,#10296,.F.);
#10296 = EDGE_CURVE('',#10258,#10289,#10297,.T.);
#10297 = LINE('',#10298,#10299);
#10298 = CARTESIAN_POINT('',(31.45898291983,-0.6,-13.28844698892));
#10299 = VECTOR('',#10300,1.);
#10300 = DIRECTION('',(-1.,0.,0.));
#10301 = ORIENTED_EDGE('',*,*,#10257,.T.);
#10302 = PLANE('',#10303);
#10303 = AXIS2_PLACEMENT_3D('',#10304,#10305,#10306);
#10304 = CARTESIAN_POINT('',(31.45898291983,-0.6,-13.28844698892));
#10305 = DIRECTION('',(-0.,0.,-1.));
#10306 = DIRECTION('',(-1.,0.,0.));
#10307 = ADVANCED_FACE('',(#10308),#10326,.F.);
#10308 = FACE_BOUND('',#10309,.T.);
#10309 = EDGE_LOOP('',(#10310,#10311,#10319,#10325));
#10310 = ORIENTED_EDGE('',*,*,#4492,.T.);
#10311 = ORIENTED_EDGE('',*,*,#10312,.F.);
#10312 = EDGE_CURVE('',#10313,#4485,#10315,.T.);
#10313 = VERTEX_POINT('',#10314);
#10314 = CARTESIAN_POINT('',(30.081200325118,-0.6,-15.11950623165));
#10315 = LINE('',#10316,#10317);
#10316 = CARTESIAN_POINT('',(30.081200325118,-0.6,-15.11950623165));
#10317 = VECTOR('',#10318,1.);
#10318 = DIRECTION('',(-0.,1.,-0.));
#10319 = ORIENTED_EDGE('',*,*,#10320,.F.);
#10320 = EDGE_CURVE('',#10289,#10313,#10321,.T.);
#10321 = LINE('',#10322,#10323);
#10322 = CARTESIAN_POINT('',(30.081200325118,-0.6,-13.28844698892));
#10323 = VECTOR('',#10324,1.);
#10324 = DIRECTION('',(0.,0.,-1.));
#10325 = ORIENTED_EDGE('',*,*,#10288,.T.);
#10326 = PLANE('',#10327);
#10327 = AXIS2_PLACEMENT_3D('',#10328,#10329,#10330);
#10328 = CARTESIAN_POINT('',(30.081200325118,-0.6,-13.28844698892));
#10329 = DIRECTION('',(1.,0.,0.));
#10330 = DIRECTION('',(0.,0.,-1.));
#10331 = ADVANCED_FACE('',(#10332),#10343,.F.);
#10332 = FACE_BOUND('',#10333,.T.);
#10333 = EDGE_LOOP('',(#10334,#10335,#10336,#10342));
#10334 = ORIENTED_EDGE('',*,*,#4484,.T.);
#10335 = ORIENTED_EDGE('',*,*,#10273,.F.);
#10336 = ORIENTED_EDGE('',*,*,#10337,.F.);
#10337 = EDGE_CURVE('',#10313,#10266,#10338,.T.);
#10338 = LINE('',#10339,#10340);
#10339 = CARTESIAN_POINT('',(31.45898291983,-0.6,-15.11950623165));
#10340 = VECTOR('',#10341,1.);
#10341 = DIRECTION('',(1.,-0.,-0.));
#10342 = ORIENTED_EDGE('',*,*,#10312,.T.);
#10343 = PLANE('',#10344);
#10344 = AXIS2_PLACEMENT_3D('',#10345,#10346,#10347);
#10345 = CARTESIAN_POINT('',(31.45898291983,-0.6,-15.11950623165));
#10346 = DIRECTION('',(0.,0.,1.));
#10347 = DIRECTION('',(1.,0.,-0.));
#10348 = ADVANCED_FACE('',(#10349),#10355,.F.);
#10349 = FACE_BOUND('',#10350,.T.);
#10350 = EDGE_LOOP('',(#10351,#10352,#10353,#10354));
#10351 = ORIENTED_EDGE('',*,*,#10265,.T.);
#10352 = ORIENTED_EDGE('',*,*,#10296,.T.);
#10353 = ORIENTED_EDGE('',*,*,#10320,.T.);
#10354 = ORIENTED_EDGE('',*,*,#10337,.T.);
#10355 = PLANE('',#10356);
#10356 = AXIS2_PLACEMENT_3D('',#10357,#10358,#10359);
#10357 = CARTESIAN_POINT('',(0.,-0.6,0.));
#10358 = DIRECTION('',(0.,1.,0.));
#10359 = DIRECTION('',(0.,-0.,1.));
#10360 = ADVANCED_FACE('',(#10361),#10386,.F.);
#10361 = FACE_BOUND('',#10362,.T.);
#10362 = EDGE_LOOP('',(#10363,#10364,#10372,#10380));
#10363 = ORIENTED_EDGE('',*,*,#3702,.T.);
#10364 = ORIENTED_EDGE('',*,*,#10365,.F.);
#10365 = EDGE_CURVE('',#10366,#3705,#10368,.T.);
#10366 = VERTEX_POINT('',#10367);
#10367 = CARTESIAN_POINT('',(29.394553109095,-0.6,-12.22032909733));
#10368 = LINE('',#10369,#10370);
#10369 = CARTESIAN_POINT('',(29.394553109095,-0.6,-12.22032909733));
#10370 = VECTOR('',#10371,1.);
#10371 = DIRECTION('',(-0.,1.,-0.));
#10372 = ORIENTED_EDGE('',*,*,#10373,.F.);
#10373 = EDGE_CURVE('',#10374,#10366,#10376,.T.);
#10374 = VERTEX_POINT('',#10375);
#10375 = CARTESIAN_POINT('',(29.394553109095,-0.6,-13.05956458358));
#10376 = LINE('',#10377,#10378);
#10377 = CARTESIAN_POINT('',(29.394553109095,-0.6,-12.22032909733));
#10378 = VECTOR('',#10379,1.);
#10379 = DIRECTION('',(-0.,-0.,1.));
#10380 = ORIENTED_EDGE('',*,*,#10381,.T.);
#10381 = EDGE_CURVE('',#10374,#3703,#10382,.T.);
#10382 = LINE('',#10383,#10384);
#10383 = CARTESIAN_POINT('',(29.394553109095,-0.6,-13.05956458358));
#10384 = VECTOR('',#10385,1.);
#10385 = DIRECTION('',(-0.,1.,-0.));
#10386 = PLANE('',#10387);
#10387 = AXIS2_PLACEMENT_3D('',#10388,#10389,#10390);
#10388 = CARTESIAN_POINT('',(29.394553109095,-0.6,-12.22032909733));
#10389 = DIRECTION('',(-1.,0.,-0.));
#10390 = DIRECTION('',(0.,0.,1.));
#10391 = ADVANCED_FACE('',(#10392),#10410,.F.);
#10392 = FACE_BOUND('',#10393,.T.);
#10393 = EDGE_LOOP('',(#10394,#10395,#10403,#10409));
#10394 = ORIENTED_EDGE('',*,*,#3728,.T.);
#10395 = ORIENTED_EDGE('',*,*,#10396,.F.);
#10396 = EDGE_CURVE('',#10397,#3721,#10399,.T.);
#10397 = VERTEX_POINT('',#10398);
#10398 = CARTESIAN_POINT('',(27.639788001483,-0.6,-12.22032909733));
#10399 = LINE('',#10400,#10401);
#10400 = CARTESIAN_POINT('',(27.639788001483,-0.6,-12.22032909733));
#10401 = VECTOR('',#10402,1.);
#10402 = DIRECTION('',(-0.,1.,-0.));
#10403 = ORIENTED_EDGE('',*,*,#10404,.F.);
#10404 = EDGE_CURVE('',#10366,#10397,#10405,.T.);
#10405 = LINE('',#10406,#10407);
#10406 = CARTESIAN_POINT('',(29.394553109095,-0.6,-12.22032909733));
#10407 = VECTOR('',#10408,1.);
#10408 = DIRECTION('',(-1.,0.,0.));
#10409 = ORIENTED_EDGE('',*,*,#10365,.T.);
#10410 = PLANE('',#10411);
#10411 = AXIS2_PLACEMENT_3D('',#10412,#10413,#10414);
#10412 = CARTESIAN_POINT('',(29.394553109095,-0.6,-12.22032909733));
#10413 = DIRECTION('',(-0.,0.,-1.));
#10414 = DIRECTION('',(-1.,0.,0.));
#10415 = ADVANCED_FACE('',(#10416),#10434,.F.);
#10416 = FACE_BOUND('',#10417,.T.);
#10417 = EDGE_LOOP('',(#10418,#10419,#10427,#10433));
#10418 = ORIENTED_EDGE('',*,*,#3720,.T.);
#10419 = ORIENTED_EDGE('',*,*,#10420,.F.);
#10420 = EDGE_CURVE('',#10421,#3713,#10423,.T.);
#10421 = VERTEX_POINT('',#10422);
#10422 = CARTESIAN_POINT('',(27.639788001483,-0.6,-13.05956458358));
#10423 = LINE('',#10424,#10425);
#10424 = CARTESIAN_POINT('',(27.639788001483,-0.6,-13.05956458358));
#10425 = VECTOR('',#10426,1.);
#10426 = DIRECTION('',(-0.,1.,-0.));
#10427 = ORIENTED_EDGE('',*,*,#10428,.F.);
#10428 = EDGE_CURVE('',#10397,#10421,#10429,.T.);
#10429 = LINE('',#10430,#10431);
#10430 = CARTESIAN_POINT('',(27.639788001483,-0.6,-12.22032909733));
#10431 = VECTOR('',#10432,1.);
#10432 = DIRECTION('',(0.,0.,-1.));
#10433 = ORIENTED_EDGE('',*,*,#10396,.T.);
#10434 = PLANE('',#10435);
#10435 = AXIS2_PLACEMENT_3D('',#10436,#10437,#10438);
#10436 = CARTESIAN_POINT('',(27.639788001483,-0.6,-12.22032909733));
#10437 = DIRECTION('',(1.,0.,0.));
#10438 = DIRECTION('',(0.,0.,-1.));
#10439 = ADVANCED_FACE('',(#10440),#10451,.F.);
#10440 = FACE_BOUND('',#10441,.T.);
#10441 = EDGE_LOOP('',(#10442,#10443,#10444,#10450));
#10442 = ORIENTED_EDGE('',*,*,#3712,.T.);
#10443 = ORIENTED_EDGE('',*,*,#10381,.F.);
#10444 = ORIENTED_EDGE('',*,*,#10445,.F.);
#10445 = EDGE_CURVE('',#10421,#10374,#10446,.T.);
#10446 = LINE('',#10447,#10448);
#10447 = CARTESIAN_POINT('',(29.394553109095,-0.6,-13.05956458358));
#10448 = VECTOR('',#10449,1.);
#10449 = DIRECTION('',(1.,-0.,-0.));
#10450 = ORIENTED_EDGE('',*,*,#10420,.T.);
#10451 = PLANE('',#10452);
#10452 = AXIS2_PLACEMENT_3D('',#10453,#10454,#10455);
#10453 = CARTESIAN_POINT('',(29.394553109095,-0.6,-13.05956458358));
#10454 = DIRECTION('',(0.,0.,1.));
#10455 = DIRECTION('',(1.,0.,-0.));
#10456 = ADVANCED_FACE('',(#10457),#10463,.F.);
#10457 = FACE_BOUND('',#10458,.T.);
#10458 = EDGE_LOOP('',(#10459,#10460,#10461,#10462));
#10459 = ORIENTED_EDGE('',*,*,#10373,.T.);
#10460 = ORIENTED_EDGE('',*,*,#10404,.T.);
#10461 = ORIENTED_EDGE('',*,*,#10428,.T.);
#10462 = ORIENTED_EDGE('',*,*,#10445,.T.);
#10463 = PLANE('',#10464);
#10464 = AXIS2_PLACEMENT_3D('',#10465,#10466,#10467);
#10465 = CARTESIAN_POINT('',(0.,-0.6,0.));
#10466 = DIRECTION('',(0.,1.,0.));
#10467 = DIRECTION('',(0.,-0.,1.));
#10468 = ADVANCED_FACE('',(#10469),#10493,.F.);
#10469 = FACE_BOUND('',#10470,.T.);
#10470 = EDGE_LOOP('',(#10471,#10472,#10480,#10486,#10487));
#10471 = ORIENTED_EDGE('',*,*,#4574,.T.);
#10472 = ORIENTED_EDGE('',*,*,#10473,.F.);
#10473 = EDGE_CURVE('',#10474,#4567,#10476,.T.);
#10474 = VERTEX_POINT('',#10475);
#10475 = CARTESIAN_POINT('',(25.122081542734,-0.6,-19.27753659534));
#10476 = LINE('',#10477,#10478);
#10477 = CARTESIAN_POINT('',(25.122081542734,-0.6,-19.27753659534));
#10478 = VECTOR('',#10479,1.);
#10479 = DIRECTION('',(-0.,1.,-0.));
#10480 = ORIENTED_EDGE('',*,*,#10481,.F.);
#10481 = EDGE_CURVE('',#5567,#10474,#10482,.T.);
#10482 = LINE('',#10483,#10484);
#10483 = CARTESIAN_POINT('',(25.122081542734,-0.6,-19.27753659534));
#10484 = VECTOR('',#10485,1.);
#10485 = DIRECTION('',(-0.,-0.,1.));
#10486 = ORIENTED_EDGE('',*,*,#5566,.T.);
#10487 = ORIENTED_EDGE('',*,*,#10488,.T.);
#10488 = EDGE_CURVE('',#5558,#4575,#10489,.T.);
#10489 = LINE('',#10490,#10491);
#10490 = CARTESIAN_POINT('',(25.122081542734,-0.6,-20.6));
#10491 = VECTOR('',#10492,1.);
#10492 = DIRECTION('',(-0.,1.,-0.));
#10493 = PLANE('',#10494);
#10494 = AXIS2_PLACEMENT_3D('',#10495,#10496,#10497);
#10495 = CARTESIAN_POINT('',(25.122081542734,-0.6,-19.27753659534));
#10496 = DIRECTION('',(-1.,0.,-0.));
#10497 = DIRECTION('',(0.,0.,1.));
#10498 = ADVANCED_FACE('',(#10499),#10517,.F.);
#10499 = FACE_BOUND('',#10500,.T.);
#10500 = EDGE_LOOP('',(#10501,#10502,#10510,#10516));
#10501 = ORIENTED_EDGE('',*,*,#4566,.T.);
#10502 = ORIENTED_EDGE('',*,*,#10503,.F.);
#10503 = EDGE_CURVE('',#10504,#4559,#10506,.T.);
#10504 = VERTEX_POINT('',#10505);
#10505 = CARTESIAN_POINT('',(23.02399282711,-0.6,-19.27753659534));
#10506 = LINE('',#10507,#10508);
#10507 = CARTESIAN_POINT('',(23.02399282711,-0.6,-19.27753659534));
#10508 = VECTOR('',#10509,1.);
#10509 = DIRECTION('',(-0.,1.,-0.));
#10510 = ORIENTED_EDGE('',*,*,#10511,.F.);
#10511 = EDGE_CURVE('',#10474,#10504,#10512,.T.);
#10512 = LINE('',#10513,#10514);
#10513 = CARTESIAN_POINT('',(25.122081542734,-0.6,-19.27753659534));
#10514 = VECTOR('',#10515,1.);
#10515 = DIRECTION('',(-1.,0.,0.));
#10516 = ORIENTED_EDGE('',*,*,#10473,.T.);
#10517 = PLANE('',#10518);
#10518 = AXIS2_PLACEMENT_3D('',#10519,#10520,#10521);
#10519 = CARTESIAN_POINT('',(25.122081542734,-0.6,-19.27753659534));
#10520 = DIRECTION('',(-0.,0.,-1.));
#10521 = DIRECTION('',(-1.,0.,0.));
#10522 = ADVANCED_FACE('',(#10523),#10534,.F.);
#10523 = FACE_BOUND('',#10524,.T.);
#10524 = EDGE_LOOP('',(#10525,#10526,#10527,#10533));
#10525 = ORIENTED_EDGE('',*,*,#4558,.T.);
#10526 = ORIENTED_EDGE('',*,*,#5582,.F.);
#10527 = ORIENTED_EDGE('',*,*,#10528,.F.);
#10528 = EDGE_CURVE('',#10504,#5575,#10529,.T.);
#10529 = LINE('',#10530,#10531);
#10530 = CARTESIAN_POINT('',(23.02399282711,-0.6,-19.27753659534));
#10531 = VECTOR('',#10532,1.);
#10532 = DIRECTION('',(0.,0.,-1.));
#10533 = ORIENTED_EDGE('',*,*,#10503,.T.);
#10534 = PLANE('',#10535);
#10535 = AXIS2_PLACEMENT_3D('',#10536,#10537,#10538);
#10536 = CARTESIAN_POINT('',(23.02399282711,-0.6,-19.27753659534));
#10537 = DIRECTION('',(1.,0.,0.));
#10538 = DIRECTION('',(0.,0.,-1.));
#10539 = ADVANCED_FACE('',(#10540),#10545,.F.);
#10540 = FACE_BOUND('',#10541,.T.);
#10541 = EDGE_LOOP('',(#10542,#10543,#10544));
#10542 = ORIENTED_EDGE('',*,*,#6917,.F.);
#10543 = ORIENTED_EDGE('',*,*,#4582,.T.);
#10544 = ORIENTED_EDGE('',*,*,#10488,.F.);
#10545 = PLANE('',#10546);
#10546 = AXIS2_PLACEMENT_3D('',#10547,#10548,#10549);
#10547 = CARTESIAN_POINT('',(25.122081542734,-0.6,-20.6));
#10548 = DIRECTION('',(0.,0.,1.));
#10549 = DIRECTION('',(1.,0.,-0.));
#10550 = ADVANCED_FACE('',(#10551),#10557,.F.);
#10551 = FACE_BOUND('',#10552,.T.);
#10552 = EDGE_LOOP('',(#10553,#10554,#10555,#10556));
#10553 = ORIENTED_EDGE('',*,*,#10481,.T.);
#10554 = ORIENTED_EDGE('',*,*,#10511,.T.);
#10555 = ORIENTED_EDGE('',*,*,#10528,.T.);
#10556 = ORIENTED_EDGE('',*,*,#5574,.T.);
#10557 = PLANE('',#10558);
#10558 = AXIS2_PLACEMENT_3D('',#10559,#10560,#10561);
#10559 = CARTESIAN_POINT('',(0.,-0.6,0.));
#10560 = DIRECTION('',(0.,1.,0.));
#10561 = DIRECTION('',(0.,-0.,1.));
#10562 = ADVANCED_FACE('',(#10563),#10581,.F.);
#10563 = FACE_BOUND('',#10564,.T.);
#10564 = EDGE_LOOP('',(#10565,#10566,#10574,#10580));
#10565 = ORIENTED_EDGE('',*,*,#4542,.T.);
#10566 = ORIENTED_EDGE('',*,*,#10567,.F.);
#10567 = EDGE_CURVE('',#10568,#4535,#10570,.T.);
#10568 = VERTEX_POINT('',#10569);
#10569 = CARTESIAN_POINT('',(21.803286665293,-0.6,-19.27753659534));
#10570 = LINE('',#10571,#10572);
#10571 = CARTESIAN_POINT('',(21.803286665293,-0.6,-19.27753659534));
#10572 = VECTOR('',#10573,1.);
#10573 = DIRECTION('',(-0.,1.,-0.));
#10574 = ORIENTED_EDGE('',*,*,#10575,.F.);
#10575 = EDGE_CURVE('',#5590,#10568,#10576,.T.);
#10576 = LINE('',#10577,#10578);
#10577 = CARTESIAN_POINT('',(21.803286665293,-0.6,-19.27753659534));
#10578 = VECTOR('',#10579,1.);
#10579 = DIRECTION('',(-0.,-0.,1.));
#10580 = ORIENTED_EDGE('',*,*,#5589,.T.);
#10581 = PLANE('',#10582);
#10582 = AXIS2_PLACEMENT_3D('',#10583,#10584,#10585);
#10583 = CARTESIAN_POINT('',(21.803286665293,-0.6,-19.27753659534));
#10584 = DIRECTION('',(-1.,0.,-0.));
#10585 = DIRECTION('',(0.,0.,1.));
#10586 = ADVANCED_FACE('',(#10587),#10605,.F.);
#10587 = FACE_BOUND('',#10588,.T.);
#10588 = EDGE_LOOP('',(#10589,#10590,#10598,#10604));
#10589 = ORIENTED_EDGE('',*,*,#4534,.T.);
#10590 = ORIENTED_EDGE('',*,*,#10591,.F.);
#10591 = EDGE_CURVE('',#10592,#4527,#10594,.T.);
#10592 = VERTEX_POINT('',#10593);
#10593 = CARTESIAN_POINT('',(20.735168773703,-0.6,-19.27753659534));
#10594 = LINE('',#10595,#10596);
#10595 = CARTESIAN_POINT('',(20.735168773703,-0.6,-19.27753659534));
#10596 = VECTOR('',#10597,1.);
#10597 = DIRECTION('',(-0.,1.,-0.));
#10598 = ORIENTED_EDGE('',*,*,#10599,.F.);
#10599 = EDGE_CURVE('',#10568,#10592,#10600,.T.);
#10600 = LINE('',#10601,#10602);
#10601 = CARTESIAN_POINT('',(21.803286665293,-0.6,-19.27753659534));
#10602 = VECTOR('',#10603,1.);
#10603 = DIRECTION('',(-1.,0.,0.));
#10604 = ORIENTED_EDGE('',*,*,#10567,.T.);
#10605 = PLANE('',#10606);
#10606 = AXIS2_PLACEMENT_3D('',#10607,#10608,#10609);
#10607 = CARTESIAN_POINT('',(21.803286665293,-0.6,-19.27753659534));
#10608 = DIRECTION('',(-0.,0.,-1.));
#10609 = DIRECTION('',(-1.,0.,0.));
#10610 = ADVANCED_FACE('',(#10611),#10622,.F.);
#10611 = FACE_BOUND('',#10612,.T.);
#10612 = EDGE_LOOP('',(#10613,#10614,#10615,#10621));
#10613 = ORIENTED_EDGE('',*,*,#4526,.T.);
#10614 = ORIENTED_EDGE('',*,*,#5605,.F.);
#10615 = ORIENTED_EDGE('',*,*,#10616,.F.);
#10616 = EDGE_CURVE('',#10592,#5598,#10617,.T.);
#10617 = LINE('',#10618,#10619);
#10618 = CARTESIAN_POINT('',(20.735168773703,-0.6,-19.27753659534));
#10619 = VECTOR('',#10620,1.);
#10620 = DIRECTION('',(0.,0.,-1.));
#10621 = ORIENTED_EDGE('',*,*,#10591,.T.);
#10622 = PLANE('',#10623);
#10623 = AXIS2_PLACEMENT_3D('',#10624,#10625,#10626);
#10624 = CARTESIAN_POINT('',(20.735168773703,-0.6,-19.27753659534));
#10625 = DIRECTION('',(1.,0.,0.));
#10626 = DIRECTION('',(0.,0.,-1.));
#10627 = ADVANCED_FACE('',(#10628),#10634,.F.);
#10628 = FACE_BOUND('',#10629,.T.);
#10629 = EDGE_LOOP('',(#10630,#10631,#10632,#10633));
#10630 = ORIENTED_EDGE('',*,*,#10575,.T.);
#10631 = ORIENTED_EDGE('',*,*,#10599,.T.);
#10632 = ORIENTED_EDGE('',*,*,#10616,.T.);
#10633 = ORIENTED_EDGE('',*,*,#5597,.T.);
#10634 = PLANE('',#10635);
#10635 = AXIS2_PLACEMENT_3D('',#10636,#10637,#10638);
#10636 = CARTESIAN_POINT('',(0.,-0.6,0.));
#10637 = DIRECTION('',(0.,1.,0.));
#10638 = DIRECTION('',(0.,-0.,1.));
#10639 = ADVANCED_FACE('',(#10640),#10658,.F.);
#10640 = FACE_BOUND('',#10641,.T.);
#10641 = EDGE_LOOP('',(#10642,#10643,#10651,#10657));
#10642 = ORIENTED_EDGE('',*,*,#4508,.T.);
#10643 = ORIENTED_EDGE('',*,*,#10644,.F.);
#10644 = EDGE_CURVE('',#10645,#4511,#10647,.T.);
#10645 = VERTEX_POINT('',#10646);
#10646 = CARTESIAN_POINT('',(20.239256895464,-0.6,-19.27753659534));
#10647 = LINE('',#10648,#10649);
#10648 = CARTESIAN_POINT('',(20.239256895464,-0.6,-19.27753659534));
#10649 = VECTOR('',#10650,1.);
#10650 = DIRECTION('',(-0.,1.,-0.));
#10651 = ORIENTED_EDGE('',*,*,#10652,.F.);
#10652 = EDGE_CURVE('',#5484,#10645,#10653,.T.);
#10653 = LINE('',#10654,#10655);
#10654 = CARTESIAN_POINT('',(20.239256895464,-0.6,-19.27753659534));
#10655 = VECTOR('',#10656,1.);
#10656 = DIRECTION('',(-0.,-0.,1.));
#10657 = ORIENTED_EDGE('',*,*,#5483,.T.);
#10658 = PLANE('',#10659);
#10659 = AXIS2_PLACEMENT_3D('',#10660,#10661,#10662);
#10660 = CARTESIAN_POINT('',(20.239256895464,-0.6,-19.27753659534));
#10661 = DIRECTION('',(-1.,0.,-0.));
#10662 = DIRECTION('',(0.,0.,1.));
#10663 = ADVANCED_FACE('',(#10664),#10682,.F.);
#10664 = FACE_BOUND('',#10665,.T.);
#10665 = EDGE_LOOP('',(#10666,#10667,#10675,#10681));
#10666 = ORIENTED_EDGE('',*,*,#4730,.T.);
#10667 = ORIENTED_EDGE('',*,*,#10668,.F.);
#10668 = EDGE_CURVE('',#10669,#4723,#10671,.T.);
#10669 = VERTEX_POINT('',#10670);
#10670 = CARTESIAN_POINT('',(19.247433138988,-0.6,-19.27753659534));
#10671 = LINE('',#10672,#10673);
#10672 = CARTESIAN_POINT('',(19.247433138988,-0.6,-19.27753659534));
#10673 = VECTOR('',#10674,1.);
#10674 = DIRECTION('',(-0.,1.,-0.));
#10675 = ORIENTED_EDGE('',*,*,#10676,.F.);
#10676 = EDGE_CURVE('',#10645,#10669,#10677,.T.);
#10677 = LINE('',#10678,#10679);
#10678 = CARTESIAN_POINT('',(20.239256895464,-0.6,-19.27753659534));
#10679 = VECTOR('',#10680,1.);
#10680 = DIRECTION('',(-1.,0.,0.));
#10681 = ORIENTED_EDGE('',*,*,#10644,.T.);
#10682 = PLANE('',#10683);
#10683 = AXIS2_PLACEMENT_3D('',#10684,#10685,#10686);
#10684 = CARTESIAN_POINT('',(20.239256895464,-0.6,-19.27753659534));
#10685 = DIRECTION('',(-0.,0.,-1.));
#10686 = DIRECTION('',(-1.,0.,0.));
#10687 = ADVANCED_FACE('',(#10688),#10699,.F.);
#10688 = FACE_BOUND('',#10689,.T.);
#10689 = EDGE_LOOP('',(#10690,#10691,#10692,#10698));
#10690 = ORIENTED_EDGE('',*,*,#4722,.T.);
#10691 = ORIENTED_EDGE('',*,*,#5499,.F.);
#10692 = ORIENTED_EDGE('',*,*,#10693,.F.);
#10693 = EDGE_CURVE('',#10669,#5492,#10694,.T.);
#10694 = LINE('',#10695,#10696);
#10695 = CARTESIAN_POINT('',(19.247433138988,-0.6,-19.27753659534));
#10696 = VECTOR('',#10697,1.);
#10697 = DIRECTION('',(0.,0.,-1.));
#10698 = ORIENTED_EDGE('',*,*,#10668,.T.);
#10699 = PLANE('',#10700);
#10700 = AXIS2_PLACEMENT_3D('',#10701,#10702,#10703);
#10701 = CARTESIAN_POINT('',(19.247433138988,-0.6,-19.27753659534));
#10702 = DIRECTION('',(1.,0.,0.));
#10703 = DIRECTION('',(0.,0.,-1.));
#10704 = ADVANCED_FACE('',(#10705),#10711,.F.);
#10705 = FACE_BOUND('',#10706,.T.);
#10706 = EDGE_LOOP('',(#10707,#10708,#10709,#10710));
#10707 = ORIENTED_EDGE('',*,*,#10652,.T.);
#10708 = ORIENTED_EDGE('',*,*,#10676,.T.);
#10709 = ORIENTED_EDGE('',*,*,#10693,.T.);
#10710 = ORIENTED_EDGE('',*,*,#5491,.T.);
#10711 = PLANE('',#10712);
#10712 = AXIS2_PLACEMENT_3D('',#10713,#10714,#10715);
#10713 = CARTESIAN_POINT('',(0.,-0.6,0.));
#10714 = DIRECTION('',(0.,1.,0.));
#10715 = DIRECTION('',(0.,-0.,1.));
#10716 = ADVANCED_FACE('',(#10717),#10742,.F.);
#10717 = FACE_BOUND('',#10718,.T.);
#10718 = EDGE_LOOP('',(#10719,#10720,#10728,#10736));
#10719 = ORIENTED_EDGE('',*,*,#3668,.T.);
#10720 = ORIENTED_EDGE('',*,*,#10721,.F.);
#10721 = EDGE_CURVE('',#10722,#3671,#10724,.T.);
#10722 = VERTEX_POINT('',#10723);
#10723 = CARTESIAN_POINT('',(25.122081542734,-0.6,-17.06500667705));
#10724 = LINE('',#10725,#10726);
#10725 = CARTESIAN_POINT('',(25.122081542734,-0.6,-17.06500667705));
#10726 = VECTOR('',#10727,1.);
#10727 = DIRECTION('',(-0.,1.,-0.));
#10728 = ORIENTED_EDGE('',*,*,#10729,.F.);
#10729 = EDGE_CURVE('',#10730,#10722,#10732,.T.);
#10730 = VERTEX_POINT('',#10731);
#10731 = CARTESIAN_POINT('',(25.122081542734,-0.6,-18.51459524421));
#10732 = LINE('',#10733,#10734);
#10733 = CARTESIAN_POINT('',(25.122081542734,-0.6,-17.06500667705));
#10734 = VECTOR('',#10735,1.);
#10735 = DIRECTION('',(-0.,-0.,1.));
#10736 = ORIENTED_EDGE('',*,*,#10737,.T.);
#10737 = EDGE_CURVE('',#10730,#3669,#10738,.T.);
#10738 = LINE('',#10739,#10740);
#10739 = CARTESIAN_POINT('',(25.122081542734,-0.6,-18.51459524421));
#10740 = VECTOR('',#10741,1.);
#10741 = DIRECTION('',(-0.,1.,-0.));
#10742 = PLANE('',#10743);
#10743 = AXIS2_PLACEMENT_3D('',#10744,#10745,#10746);
#10744 = CARTESIAN_POINT('',(25.122081542734,-0.6,-17.06500667705));
#10745 = DIRECTION('',(-1.,0.,-0.));
#10746 = DIRECTION('',(0.,0.,1.));
#10747 = ADVANCED_FACE('',(#10748),#10766,.F.);
#10748 = FACE_BOUND('',#10749,.T.);
#10749 = EDGE_LOOP('',(#10750,#10751,#10759,#10765));
#10750 = ORIENTED_EDGE('',*,*,#3694,.T.);
#10751 = ORIENTED_EDGE('',*,*,#10752,.F.);
#10752 = EDGE_CURVE('',#10753,#3687,#10755,.T.);
#10753 = VERTEX_POINT('',#10754);
#10754 = CARTESIAN_POINT('',(23.02399282711,-0.6,-17.06500667705));
#10755 = LINE('',#10756,#10757);
#10756 = CARTESIAN_POINT('',(23.02399282711,-0.6,-17.06500667705));
#10757 = VECTOR('',#10758,1.);
#10758 = DIRECTION('',(-0.,1.,-0.));
#10759 = ORIENTED_EDGE('',*,*,#10760,.F.);
#10760 = EDGE_CURVE('',#10722,#10753,#10761,.T.);
#10761 = LINE('',#10762,#10763);
#10762 = CARTESIAN_POINT('',(25.122081542734,-0.6,-17.06500667705));
#10763 = VECTOR('',#10764,1.);
#10764 = DIRECTION('',(-1.,0.,0.));
#10765 = ORIENTED_EDGE('',*,*,#10721,.T.);
#10766 = PLANE('',#10767);
#10767 = AXIS2_PLACEMENT_3D('',#10768,#10769,#10770);
#10768 = CARTESIAN_POINT('',(25.122081542734,-0.6,-17.06500667705));
#10769 = DIRECTION('',(-0.,0.,-1.));
#10770 = DIRECTION('',(-1.,0.,0.));
#10771 = ADVANCED_FACE('',(#10772),#10790,.F.);
#10772 = FACE_BOUND('',#10773,.T.);
#10773 = EDGE_LOOP('',(#10774,#10775,#10783,#10789));
#10774 = ORIENTED_EDGE('',*,*,#3686,.T.);
#10775 = ORIENTED_EDGE('',*,*,#10776,.F.);
#10776 = EDGE_CURVE('',#10777,#3679,#10779,.T.);
#10777 = VERTEX_POINT('',#10778);
#10778 = CARTESIAN_POINT('',(23.02399282711,-0.6,-18.51459524421));
#10779 = LINE('',#10780,#10781);
#10780 = CARTESIAN_POINT('',(23.02399282711,-0.6,-18.51459524421));
#10781 = VECTOR('',#10782,1.);
#10782 = DIRECTION('',(-0.,1.,-0.));
#10783 = ORIENTED_EDGE('',*,*,#10784,.F.);
#10784 = EDGE_CURVE('',#10753,#10777,#10785,.T.);
#10785 = LINE('',#10786,#10787);
#10786 = CARTESIAN_POINT('',(23.02399282711,-0.6,-17.06500667705));
#10787 = VECTOR('',#10788,1.);
#10788 = DIRECTION('',(0.,0.,-1.));
#10789 = ORIENTED_EDGE('',*,*,#10752,.T.);
#10790 = PLANE('',#10791);
#10791 = AXIS2_PLACEMENT_3D('',#10792,#10793,#10794);
#10792 = CARTESIAN_POINT('',(23.02399282711,-0.6,-17.06500667705));
#10793 = DIRECTION('',(1.,0.,0.));
#10794 = DIRECTION('',(0.,0.,-1.));
#10795 = ADVANCED_FACE('',(#10796),#10807,.F.);
#10796 = FACE_BOUND('',#10797,.T.);
#10797 = EDGE_LOOP('',(#10798,#10799,#10800,#10806));
#10798 = ORIENTED_EDGE('',*,*,#3678,.T.);
#10799 = ORIENTED_EDGE('',*,*,#10737,.F.);
#10800 = ORIENTED_EDGE('',*,*,#10801,.F.);
#10801 = EDGE_CURVE('',#10777,#10730,#10802,.T.);
#10802 = LINE('',#10803,#10804);
#10803 = CARTESIAN_POINT('',(25.122081542734,-0.6,-18.51459524421));
#10804 = VECTOR('',#10805,1.);
#10805 = DIRECTION('',(1.,-0.,1.653622616679E-15));
#10806 = ORIENTED_EDGE('',*,*,#10776,.T.);
#10807 = PLANE('',#10808);
#10808 = AXIS2_PLACEMENT_3D('',#10809,#10810,#10811);
#10809 = CARTESIAN_POINT('',(25.122081542734,-0.6,-18.51459524421));
#10810 = DIRECTION('',(-1.653622616679E-15,0.,1.));
#10811 = DIRECTION('',(1.,0.,1.653622616679E-15));
#10812 = ADVANCED_FACE('',(#10813),#10819,.F.);
#10813 = FACE_BOUND('',#10814,.T.);
#10814 = EDGE_LOOP('',(#10815,#10816,#10817,#10818));
#10815 = ORIENTED_EDGE('',*,*,#10729,.T.);
#10816 = ORIENTED_EDGE('',*,*,#10760,.T.);
#10817 = ORIENTED_EDGE('',*,*,#10784,.T.);
#10818 = ORIENTED_EDGE('',*,*,#10801,.T.);
#10819 = PLANE('',#10820);
#10820 = AXIS2_PLACEMENT_3D('',#10821,#10822,#10823);
#10821 = CARTESIAN_POINT('',(0.,-0.6,0.));
#10822 = DIRECTION('',(0.,1.,0.));
#10823 = DIRECTION('',(0.,-0.,1.));
#10824 = ADVANCED_FACE('',(#10825),#10850,.F.);
#10825 = FACE_BOUND('',#10826,.T.);
#10826 = EDGE_LOOP('',(#10827,#10828,#10836,#10844));
#10827 = ORIENTED_EDGE('',*,*,#4738,.T.);
#10828 = ORIENTED_EDGE('',*,*,#10829,.F.);
#10829 = EDGE_CURVE('',#10830,#4741,#10832,.T.);
#10830 = VERTEX_POINT('',#10831);
#10831 = CARTESIAN_POINT('',(21.269227719498,-0.6,-13.05956458358));
#10832 = LINE('',#10833,#10834);
#10833 = CARTESIAN_POINT('',(21.269227719498,-0.6,-13.05956458358));
#10834 = VECTOR('',#10835,1.);
#10835 = DIRECTION('',(-0.,1.,-0.));
#10836 = ORIENTED_EDGE('',*,*,#10837,.F.);
#10837 = EDGE_CURVE('',#10838,#10830,#10840,.T.);
#10838 = VERTEX_POINT('',#10839);
#10839 = CARTESIAN_POINT('',(21.269227719498,-0.6,-16.34021239347));
#10840 = LINE('',#10841,#10842);
#10841 = CARTESIAN_POINT('',(21.269227719498,-0.6,-13.05956458358));
#10842 = VECTOR('',#10843,1.);
#10843 = DIRECTION('',(-0.,-0.,1.));
#10844 = ORIENTED_EDGE('',*,*,#10845,.T.);
#10845 = EDGE_CURVE('',#10838,#4739,#10846,.T.);
#10846 = LINE('',#10847,#10848);
#10847 = CARTESIAN_POINT('',(21.269227719498,-0.6,-16.34021239347));
#10848 = VECTOR('',#10849,1.);
#10849 = DIRECTION('',(-0.,1.,-0.));
#10850 = PLANE('',#10851);
#10851 = AXIS2_PLACEMENT_3D('',#10852,#10853,#10854);
#10852 = CARTESIAN_POINT('',(21.269227719498,-0.6,-13.05956458358));
#10853 = DIRECTION('',(-1.,0.,-0.));
#10854 = DIRECTION('',(0.,0.,1.));
#10855 = ADVANCED_FACE('',(#10856),#10874,.F.);
#10856 = FACE_BOUND('',#10857,.T.);
#10857 = EDGE_LOOP('',(#10858,#10859,#10867,#10873));
#10858 = ORIENTED_EDGE('',*,*,#4764,.T.);
#10859 = ORIENTED_EDGE('',*,*,#10860,.F.);
#10860 = EDGE_CURVE('',#10861,#4757,#10863,.T.);
#10861 = VERTEX_POINT('',#10862);
#10862 = CARTESIAN_POINT('',(18.103021112284,-0.6,-13.05956458358));
#10863 = LINE('',#10864,#10865);
#10864 = CARTESIAN_POINT('',(18.103021112284,-0.6,-13.05956458358));
#10865 = VECTOR('',#10866,1.);
#10866 = DIRECTION('',(-0.,1.,-0.));
#10867 = ORIENTED_EDGE('',*,*,#10868,.F.);
#10868 = EDGE_CURVE('',#10830,#10861,#10869,.T.);
#10869 = LINE('',#10870,#10871);
#10870 = CARTESIAN_POINT('',(21.269227719498,-0.6,-13.05956458358));
#10871 = VECTOR('',#10872,1.);
#10872 = DIRECTION('',(-1.,0.,0.));
#10873 = ORIENTED_EDGE('',*,*,#10829,.T.);
#10874 = PLANE('',#10875);
#10875 = AXIS2_PLACEMENT_3D('',#10876,#10877,#10878);
#10876 = CARTESIAN_POINT('',(21.269227719498,-0.6,-13.05956458358));
#10877 = DIRECTION('',(-0.,0.,-1.));
#10878 = DIRECTION('',(-1.,0.,0.));
#10879 = ADVANCED_FACE('',(#10880),#10898,.F.);
#10880 = FACE_BOUND('',#10881,.T.);
#10881 = EDGE_LOOP('',(#10882,#10883,#10891,#10897));
#10882 = ORIENTED_EDGE('',*,*,#4756,.T.);
#10883 = ORIENTED_EDGE('',*,*,#10884,.F.);
#10884 = EDGE_CURVE('',#10885,#4749,#10887,.T.);
#10885 = VERTEX_POINT('',#10886);
#10886 = CARTESIAN_POINT('',(18.103021112284,-0.6,-16.34021239347));
#10887 = LINE('',#10888,#10889);
#10888 = CARTESIAN_POINT('',(18.103021112284,-0.6,-16.34021239347));
#10889 = VECTOR('',#10890,1.);
#10890 = DIRECTION('',(-0.,1.,-0.));
#10891 = ORIENTED_EDGE('',*,*,#10892,.F.);
#10892 = EDGE_CURVE('',#10861,#10885,#10893,.T.);
#10893 = LINE('',#10894,#10895);
#10894 = CARTESIAN_POINT('',(18.103021112284,-0.6,-13.05956458358));
#10895 = VECTOR('',#10896,1.);
#10896 = DIRECTION('',(0.,0.,-1.));
#10897 = ORIENTED_EDGE('',*,*,#10860,.T.);
#10898 = PLANE('',#10899);
#10899 = AXIS2_PLACEMENT_3D('',#10900,#10901,#10902);
#10900 = CARTESIAN_POINT('',(18.103021112284,-0.6,-13.05956458358));
#10901 = DIRECTION('',(1.,0.,0.));
#10902 = DIRECTION('',(0.,0.,-1.));
#10903 = ADVANCED_FACE('',(#10904),#10915,.F.);
#10904 = FACE_BOUND('',#10905,.T.);
#10905 = EDGE_LOOP('',(#10906,#10907,#10908,#10914));
#10906 = ORIENTED_EDGE('',*,*,#4748,.T.);
#10907 = ORIENTED_EDGE('',*,*,#10845,.F.);
#10908 = ORIENTED_EDGE('',*,*,#10909,.F.);
#10909 = EDGE_CURVE('',#10885,#10838,#10910,.T.);
#10910 = LINE('',#10911,#10912);
#10911 = CARTESIAN_POINT('',(21.269227719498,-0.6,-16.34021239347));
#10912 = VECTOR('',#10913,1.);
#10913 = DIRECTION('',(1.,-0.,-0.));
#10914 = ORIENTED_EDGE('',*,*,#10884,.T.);
#10915 = PLANE('',#10916);
#10916 = AXIS2_PLACEMENT_3D('',#10917,#10918,#10919);
#10917 = CARTESIAN_POINT('',(21.269227719498,-0.6,-16.34021239347));
#10918 = DIRECTION('',(0.,0.,1.));
#10919 = DIRECTION('',(1.,0.,-0.));
#10920 = ADVANCED_FACE('',(#10921),#10927,.F.);
#10921 = FACE_BOUND('',#10922,.T.);
#10922 = EDGE_LOOP('',(#10923,#10924,#10925,#10926));
#10923 = ORIENTED_EDGE('',*,*,#10837,.T.);
#10924 = ORIENTED_EDGE('',*,*,#10868,.T.);
#10925 = ORIENTED_EDGE('',*,*,#10892,.T.);
#10926 = ORIENTED_EDGE('',*,*,#10909,.T.);
#10927 = PLANE('',#10928);
#10928 = AXIS2_PLACEMENT_3D('',#10929,#10930,#10931);
#10929 = CARTESIAN_POINT('',(0.,-0.6,0.));
#10930 = DIRECTION('',(0.,1.,0.));
#10931 = DIRECTION('',(0.,-0.,1.));
#10932 = ADVANCED_FACE('',(#10933),#10958,.F.);
#10933 = FACE_BOUND('',#10934,.T.);
#10934 = EDGE_LOOP('',(#10935,#10936,#10944,#10952));
#10935 = ORIENTED_EDGE('',*,*,#3634,.T.);
#10936 = ORIENTED_EDGE('',*,*,#10937,.F.);
#10937 = EDGE_CURVE('',#10938,#3637,#10940,.T.);
#10938 = VERTEX_POINT('',#10939);
#10939 = CARTESIAN_POINT('',(19.247433138988,-0.6,-0.610919884907));
#10940 = LINE('',#10941,#10942);
#10941 = CARTESIAN_POINT('',(19.247433138988,-0.6,-0.610919884907));
#10942 = VECTOR('',#10943,1.);
#10943 = DIRECTION('',(-0.,1.,-0.));
#10944 = ORIENTED_EDGE('',*,*,#10945,.F.);
#10945 = EDGE_CURVE('',#10946,#10938,#10948,.T.);
#10946 = VERTEX_POINT('',#10947);
#10947 = CARTESIAN_POINT('',(19.247433138988,-0.6,-2.215961346065));
#10948 = LINE('',#10949,#10950);
#10949 = CARTESIAN_POINT('',(19.247433138988,-0.6,-0.610919884907));
#10950 = VECTOR('',#10951,1.);
#10951 = DIRECTION('',(-0.,-0.,1.));
#10952 = ORIENTED_EDGE('',*,*,#10953,.T.);
#10953 = EDGE_CURVE('',#10946,#3635,#10954,.T.);
#10954 = LINE('',#10955,#10956);
#10955 = CARTESIAN_POINT('',(19.247433138988,-0.6,-2.215961346065));
#10956 = VECTOR('',#10957,1.);
#10957 = DIRECTION('',(-0.,1.,-0.));
#10958 = PLANE('',#10959);
#10959 = AXIS2_PLACEMENT_3D('',#10960,#10961,#10962);
#10960 = CARTESIAN_POINT('',(19.247433138988,-0.6,-0.610919884907));
#10961 = DIRECTION('',(-1.,0.,-0.));
#10962 = DIRECTION('',(0.,0.,1.));
#10963 = ADVANCED_FACE('',(#10964),#10982,.F.);
#10964 = FACE_BOUND('',#10965,.T.);
#10965 = EDGE_LOOP('',(#10966,#10967,#10975,#10981));
#10966 = ORIENTED_EDGE('',*,*,#3660,.T.);
#10967 = ORIENTED_EDGE('',*,*,#10968,.F.);
#10968 = EDGE_CURVE('',#10969,#3653,#10971,.T.);
#10969 = VERTEX_POINT('',#10970);
#10970 = CARTESIAN_POINT('',(18.404723565433,-0.6,-0.610919884907));
#10971 = LINE('',#10972,#10973);
#10972 = CARTESIAN_POINT('',(18.404723565433,-0.6,-0.610919884907));
#10973 = VECTOR('',#10974,1.);
#10974 = DIRECTION('',(-0.,1.,-0.));
#10975 = ORIENTED_EDGE('',*,*,#10976,.F.);
#10976 = EDGE_CURVE('',#10938,#10969,#10977,.T.);
#10977 = LINE('',#10978,#10979);
#10978 = CARTESIAN_POINT('',(19.247433138988,-0.6,-0.610919884907));
#10979 = VECTOR('',#10980,1.);
#10980 = DIRECTION('',(-1.,0.,0.));
#10981 = ORIENTED_EDGE('',*,*,#10937,.T.);
#10982 = PLANE('',#10983);
#10983 = AXIS2_PLACEMENT_3D('',#10984,#10985,#10986);
#10984 = CARTESIAN_POINT('',(19.247433138988,-0.6,-0.610919884907));
#10985 = DIRECTION('',(-0.,0.,-1.));
#10986 = DIRECTION('',(-1.,0.,0.));
#10987 = ADVANCED_FACE('',(#10988),#11006,.F.);
#10988 = FACE_BOUND('',#10989,.T.);
#10989 = EDGE_LOOP('',(#10990,#10991,#10999,#11005));
#10990 = ORIENTED_EDGE('',*,*,#3652,.T.);
#10991 = ORIENTED_EDGE('',*,*,#10992,.F.);
#10992 = EDGE_CURVE('',#10993,#3645,#10995,.T.);
#10993 = VERTEX_POINT('',#10994);
#10994 = CARTESIAN_POINT('',(18.404723565433,-0.6,-2.215961346065));
#10995 = LINE('',#10996,#10997);
#10996 = CARTESIAN_POINT('',(18.404723565433,-0.6,-2.215961346065));
#10997 = VECTOR('',#10998,1.);
#10998 = DIRECTION('',(-0.,1.,-0.));
#10999 = ORIENTED_EDGE('',*,*,#11000,.F.);
#11000 = EDGE_CURVE('',#10969,#10993,#11001,.T.);
#11001 = LINE('',#11002,#11003);
#11002 = CARTESIAN_POINT('',(18.404723565433,-0.6,-0.610919884907));
#11003 = VECTOR('',#11004,1.);
#11004 = DIRECTION('',(0.,0.,-1.));
#11005 = ORIENTED_EDGE('',*,*,#10968,.T.);
#11006 = PLANE('',#11007);
#11007 = AXIS2_PLACEMENT_3D('',#11008,#11009,#11010);
#11008 = CARTESIAN_POINT('',(18.404723565433,-0.6,-0.610919884907));
#11009 = DIRECTION('',(1.,0.,0.));
#11010 = DIRECTION('',(0.,0.,-1.));
#11011 = ADVANCED_FACE('',(#11012),#11023,.F.);
#11012 = FACE_BOUND('',#11013,.T.);
#11013 = EDGE_LOOP('',(#11014,#11015,#11016,#11022));
#11014 = ORIENTED_EDGE('',*,*,#3644,.T.);
#11015 = ORIENTED_EDGE('',*,*,#10953,.F.);
#11016 = ORIENTED_EDGE('',*,*,#11017,.F.);
#11017 = EDGE_CURVE('',#10993,#10946,#11018,.T.);
#11018 = LINE('',#11019,#11020);
#11019 = CARTESIAN_POINT('',(19.247433138988,-0.6,-2.215961346065));
#11020 = VECTOR('',#11021,1.);
#11021 = DIRECTION('',(1.,-0.,-0.));
#11022 = ORIENTED_EDGE('',*,*,#10992,.T.);
#11023 = PLANE('',#11024);
#11024 = AXIS2_PLACEMENT_3D('',#11025,#11026,#11027);
#11025 = CARTESIAN_POINT('',(19.247433138988,-0.6,-2.215961346065));
#11026 = DIRECTION('',(0.,0.,1.));
#11027 = DIRECTION('',(1.,0.,-0.));
#11028 = ADVANCED_FACE('',(#11029),#11035,.F.);
#11029 = FACE_BOUND('',#11030,.T.);
#11030 = EDGE_LOOP('',(#11031,#11032,#11033,#11034));
#11031 = ORIENTED_EDGE('',*,*,#10945,.T.);
#11032 = ORIENTED_EDGE('',*,*,#10976,.T.);
#11033 = ORIENTED_EDGE('',*,*,#11000,.T.);
#11034 = ORIENTED_EDGE('',*,*,#11017,.T.);
#11035 = PLANE('',#11036);
#11036 = AXIS2_PLACEMENT_3D('',#11037,#11038,#11039);
#11037 = CARTESIAN_POINT('',(0.,-0.6,0.));
#11038 = DIRECTION('',(0.,1.,0.));
#11039 = DIRECTION('',(0.,-0.,1.));
#11040 = ADVANCED_FACE('',(#11041),#11059,.F.);
#11041 = FACE_BOUND('',#11042,.T.);
#11042 = EDGE_LOOP('',(#11043,#11044,#11052,#11058));
#11043 = ORIENTED_EDGE('',*,*,#4772,.T.);
#11044 = ORIENTED_EDGE('',*,*,#11045,.F.);
#11045 = EDGE_CURVE('',#11046,#4773,#11048,.T.);
#11046 = VERTEX_POINT('',#11047);
#11047 = CARTESIAN_POINT('',(13.158772800846,-1.6,-24.9730435361));
#11048 = LINE('',#11049,#11050);
#11049 = CARTESIAN_POINT('',(13.158772800846,-0.6,-24.9730435361));
#11050 = VECTOR('',#11051,1.);
#11051 = DIRECTION('',(-0.,1.,-0.));
#11052 = ORIENTED_EDGE('',*,*,#11053,.F.);
#11053 = EDGE_CURVE('',#2900,#11046,#11054,.T.);
#11054 = LINE('',#11055,#11056);
#11055 = CARTESIAN_POINT('',(13.158772800846,-1.6,-27.30047239644));
#11056 = VECTOR('',#11057,1.);
#11057 = DIRECTION('',(-7.453389899616E-16,0.,1.));
#11058 = ORIENTED_EDGE('',*,*,#2899,.T.);
#11059 = PLANE('',#11060);
#11060 = AXIS2_PLACEMENT_3D('',#11061,#11062,#11063);
#11061 = CARTESIAN_POINT('',(13.158772800846,-0.6,-24.9730435361));
#11062 = DIRECTION('',(-1.,0.,-7.453389899616E-16));
#11063 = DIRECTION('',(-7.453389899616E-16,0.,1.));
#11064 = ADVANCED_FACE('',(#11065),#11083,.F.);
#11065 = FACE_BOUND('',#11066,.T.);
#11066 = EDGE_LOOP('',(#11067,#11068,#11076,#11082));
#11067 = ORIENTED_EDGE('',*,*,#4789,.T.);
#11068 = ORIENTED_EDGE('',*,*,#11069,.F.);
#11069 = EDGE_CURVE('',#11070,#4782,#11072,.T.);
#11070 = VERTEX_POINT('',#11071);
#11071 = CARTESIAN_POINT('',(8.393085134426,-1.6,-24.9730435361));
#11072 = LINE('',#11073,#11074);
#11073 = CARTESIAN_POINT('',(8.393085134426,-0.6,-24.9730435361));
#11074 = VECTOR('',#11075,1.);
#11075 = DIRECTION('',(-0.,1.,-0.));
#11076 = ORIENTED_EDGE('',*,*,#11077,.F.);
#11077 = EDGE_CURVE('',#11046,#11070,#11078,.T.);
#11078 = LINE('',#11079,#11080);
#11079 = CARTESIAN_POINT('',(13.158772800846,-1.6,-24.9730435361));
#11080 = VECTOR('',#11081,1.);
#11081 = DIRECTION('',(-1.,0.,0.));
#11082 = ORIENTED_EDGE('',*,*,#11045,.T.);
#11083 = PLANE('',#11084);
#11084 = AXIS2_PLACEMENT_3D('',#11085,#11086,#11087);
#11085 = CARTESIAN_POINT('',(13.158772800846,-0.6,-24.9730435361));
#11086 = DIRECTION('',(-0.,0.,-1.));
#11087 = DIRECTION('',(-1.,0.,0.));
#11088 = ADVANCED_FACE('',(#11089),#11100,.F.);
#11089 = FACE_BOUND('',#11090,.T.);
#11090 = EDGE_LOOP('',(#11091,#11092,#11093,#11099));
#11091 = ORIENTED_EDGE('',*,*,#4781,.T.);
#11092 = ORIENTED_EDGE('',*,*,#2915,.F.);
#11093 = ORIENTED_EDGE('',*,*,#11094,.F.);
#11094 = EDGE_CURVE('',#11070,#2908,#11095,.T.);
#11095 = LINE('',#11096,#11097);
#11096 = CARTESIAN_POINT('',(8.393085134426,-1.6,-24.9730435361));
#11097 = VECTOR('',#11098,1.);
#11098 = DIRECTION('',(7.453389899616E-16,0.,-1.));
#11099 = ORIENTED_EDGE('',*,*,#11069,.T.);
#11100 = PLANE('',#11101);
#11101 = AXIS2_PLACEMENT_3D('',#11102,#11103,#11104);
#11102 = CARTESIAN_POINT('',(8.393085134426,-0.6,-24.9730435361));
#11103 = DIRECTION('',(1.,0.,7.453389899616E-16));
#11104 = DIRECTION('',(7.453389899616E-16,0.,-1.));
#11105 = ADVANCED_FACE('',(#11106),#11124,.F.);
#11106 = FACE_BOUND('',#11107,.T.);
#11107 = EDGE_LOOP('',(#11108,#11109,#11117,#11123));
#11108 = ORIENTED_EDGE('',*,*,#3609,.T.);
#11109 = ORIENTED_EDGE('',*,*,#11110,.F.);
#11110 = EDGE_CURVE('',#11111,#3610,#11113,.T.);
#11111 = VERTEX_POINT('',#11112);
#11112 = CARTESIAN_POINT('',(4.69875361007,-1.6,-24.9730435361));
#11113 = LINE('',#11114,#11115);
#11114 = CARTESIAN_POINT('',(4.69875361007,-0.6,-24.9730435361));
#11115 = VECTOR('',#11116,1.);
#11116 = DIRECTION('',(-0.,1.,-0.));
#11117 = ORIENTED_EDGE('',*,*,#11118,.F.);
#11118 = EDGE_CURVE('',#2826,#11111,#11119,.T.);
#11119 = LINE('',#11120,#11121);
#11120 = CARTESIAN_POINT('',(4.69875361007,-1.6,-27.30047239644));
#11121 = VECTOR('',#11122,1.);
#11122 = DIRECTION('',(-2.236016969885E-15,0.,1.));
#11123 = ORIENTED_EDGE('',*,*,#2825,.T.);
#11124 = PLANE('',#11125);
#11125 = AXIS2_PLACEMENT_3D('',#11126,#11127,#11128);
#11126 = CARTESIAN_POINT('',(4.69875361007,-0.6,-24.9730435361));
#11127 = DIRECTION('',(-1.,0.,-2.236016969885E-15));
#11128 = DIRECTION('',(-2.236016969885E-15,0.,1.));
#11129 = ADVANCED_FACE('',(#11130),#11148,.F.);
#11130 = FACE_BOUND('',#11131,.T.);
#11131 = EDGE_LOOP('',(#11132,#11133,#11141,#11147));
#11132 = ORIENTED_EDGE('',*,*,#3626,.T.);
#11133 = ORIENTED_EDGE('',*,*,#11134,.F.);
#11134 = EDGE_CURVE('',#11135,#3619,#11137,.T.);
#11135 = VERTEX_POINT('',#11136);
#11136 = CARTESIAN_POINT('',(0.,-1.6,-24.9730435361));
#11137 = LINE('',#11138,#11139);
#11138 = CARTESIAN_POINT('',(0.,-0.6,-24.9730435361));
#11139 = VECTOR('',#11140,1.);
#11140 = DIRECTION('',(-0.,1.,-0.));
#11141 = ORIENTED_EDGE('',*,*,#11142,.F.);
#11142 = EDGE_CURVE('',#11111,#11135,#11143,.T.);
#11143 = LINE('',#11144,#11145);
#11144 = CARTESIAN_POINT('',(4.69875361007,-1.6,-24.9730435361));
#11145 = VECTOR('',#11146,1.);
#11146 = DIRECTION('',(-1.,0.,0.));
#11147 = ORIENTED_EDGE('',*,*,#11110,.T.);
#11148 = PLANE('',#11149);
#11149 = AXIS2_PLACEMENT_3D('',#11150,#11151,#11152);
#11150 = CARTESIAN_POINT('',(4.69875361007,-0.6,-24.9730435361));
#11151 = DIRECTION('',(-0.,0.,-1.));
#11152 = DIRECTION('',(-1.,0.,0.));
#11153 = ADVANCED_FACE('',(#11154),#11165,.F.);
#11154 = FACE_BOUND('',#11155,.T.);
#11155 = EDGE_LOOP('',(#11156,#11157,#11158,#11164));
#11156 = ORIENTED_EDGE('',*,*,#3618,.T.);
#11157 = ORIENTED_EDGE('',*,*,#2841,.F.);
#11158 = ORIENTED_EDGE('',*,*,#11159,.F.);
#11159 = EDGE_CURVE('',#11135,#2834,#11160,.T.);
#11160 = LINE('',#11161,#11162);
#11161 = CARTESIAN_POINT('',(0.,-1.6,-24.9730435361));
#11162 = VECTOR('',#11163,1.);
#11163 = DIRECTION('',(1.224646799147E-16,0.,-1.));
#11164 = ORIENTED_EDGE('',*,*,#11134,.T.);
#11165 = PLANE('',#11166);
#11166 = AXIS2_PLACEMENT_3D('',#11167,#11168,#11169);
#11167 = CARTESIAN_POINT('',(0.,-0.6,-24.9730435361));
#11168 = DIRECTION('',(1.,0.,1.224646799147E-16));
#11169 = DIRECTION('',(1.224646799147E-16,0.,-1.));
#11170 = ADVANCED_FACE('',(#11171),#11196,.F.);
#11171 = FACE_BOUND('',#11172,.T.);
#11172 = EDGE_LOOP('',(#11173,#11174,#11182,#11190));
#11173 = ORIENTED_EDGE('',*,*,#4797,.T.);
#11174 = ORIENTED_EDGE('',*,*,#11175,.F.);
#11175 = EDGE_CURVE('',#11176,#4800,#11178,.T.);
#11176 = VERTEX_POINT('',#11177);
#11177 = CARTESIAN_POINT('',(8.393085134426,-0.6,15.975753829431));
#11178 = LINE('',#11179,#11180);
#11179 = CARTESIAN_POINT('',(8.393085134426,-0.6,15.975753829431));
#11180 = VECTOR('',#11181,1.);
#11181 = DIRECTION('',(-0.,1.,-0.));
#11182 = ORIENTED_EDGE('',*,*,#11183,.F.);
#11183 = EDGE_CURVE('',#11184,#11176,#11186,.T.);
#11184 = VERTEX_POINT('',#11185);
#11185 = CARTESIAN_POINT('',(8.393085134426,-0.6,13.249071881188));
#11186 = LINE('',#11187,#11188);
#11187 = CARTESIAN_POINT('',(8.393085134426,-0.6,15.975753829431));
#11188 = VECTOR('',#11189,1.);
#11189 = DIRECTION('',(-6.362030881874E-16,-0.,1.));
#11190 = ORIENTED_EDGE('',*,*,#11191,.T.);
#11191 = EDGE_CURVE('',#11184,#4798,#11192,.T.);
#11192 = LINE('',#11193,#11194);
#11193 = CARTESIAN_POINT('',(8.393085134426,-0.6,13.249071881188));
#11194 = VECTOR('',#11195,1.);
#11195 = DIRECTION('',(-0.,1.,-0.));
#11196 = PLANE('',#11197);
#11197 = AXIS2_PLACEMENT_3D('',#11198,#11199,#11200);
#11198 = CARTESIAN_POINT('',(8.393085134426,-0.6,15.975753829431));
#11199 = DIRECTION('',(-1.,0.,-6.362030881874E-16));
#11200 = DIRECTION('',(-6.362030881874E-16,0.,1.));
#11201 = ADVANCED_FACE('',(#11202),#11220,.F.);
#11202 = FACE_BOUND('',#11203,.T.);
#11203 = EDGE_LOOP('',(#11204,#11205,#11213,#11219));
#11204 = ORIENTED_EDGE('',*,*,#4823,.T.);
#11205 = ORIENTED_EDGE('',*,*,#11206,.F.);
#11206 = EDGE_CURVE('',#11207,#4816,#11209,.T.);
#11207 = VERTEX_POINT('',#11208);
#11208 = CARTESIAN_POINT('',(4.922136464712,-0.6,15.975753829431));
#11209 = LINE('',#11210,#11211);
#11210 = CARTESIAN_POINT('',(4.922136464712,-0.6,15.975753829431));
#11211 = VECTOR('',#11212,1.);
#11212 = DIRECTION('',(-0.,1.,-0.));
#11213 = ORIENTED_EDGE('',*,*,#11214,.F.);
#11214 = EDGE_CURVE('',#11176,#11207,#11215,.T.);
#11215 = LINE('',#11216,#11217);
#11216 = CARTESIAN_POINT('',(8.393085134426,-0.6,15.975753829431));
#11217 = VECTOR('',#11218,1.);
#11218 = DIRECTION('',(-1.,0.,0.));
#11219 = ORIENTED_EDGE('',*,*,#11175,.T.);
#11220 = PLANE('',#11221);
#11221 = AXIS2_PLACEMENT_3D('',#11222,#11223,#11224);
#11222 = CARTESIAN_POINT('',(8.393085134426,-0.6,15.975753829431));
#11223 = DIRECTION('',(-0.,0.,-1.));
#11224 = DIRECTION('',(-1.,0.,0.));
#11225 = ADVANCED_FACE('',(#11226),#11244,.F.);
#11226 = FACE_BOUND('',#11227,.T.);
#11227 = EDGE_LOOP('',(#11228,#11229,#11237,#11243));
#11228 = ORIENTED_EDGE('',*,*,#4815,.T.);
#11229 = ORIENTED_EDGE('',*,*,#11230,.F.);
#11230 = EDGE_CURVE('',#11231,#4808,#11233,.T.);
#11231 = VERTEX_POINT('',#11232);
#11232 = CARTESIAN_POINT('',(4.922136464712,-0.6,13.249071881188));
#11233 = LINE('',#11234,#11235);
#11234 = CARTESIAN_POINT('',(4.922136464712,-0.6,13.249071881188));
#11235 = VECTOR('',#11236,1.);
#11236 = DIRECTION('',(-0.,1.,-0.));
#11237 = ORIENTED_EDGE('',*,*,#11238,.F.);
#11238 = EDGE_CURVE('',#11207,#11231,#11239,.T.);
#11239 = LINE('',#11240,#11241);
#11240 = CARTESIAN_POINT('',(4.922136464712,-0.6,15.975753829431));
#11241 = VECTOR('',#11242,1.);
#11242 = DIRECTION('',(3.181015440937E-16,0.,-1.));
#11243 = ORIENTED_EDGE('',*,*,#11206,.T.);
#11244 = PLANE('',#11245);
#11245 = AXIS2_PLACEMENT_3D('',#11246,#11247,#11248);
#11246 = CARTESIAN_POINT('',(4.922136464712,-0.6,15.975753829431));
#11247 = DIRECTION('',(1.,0.,3.181015440937E-16));
#11248 = DIRECTION('',(3.181015440937E-16,0.,-1.));
#11249 = ADVANCED_FACE('',(#11250),#11261,.F.);
#11250 = FACE_BOUND('',#11251,.T.);
#11251 = EDGE_LOOP('',(#11252,#11253,#11254,#11260));
#11252 = ORIENTED_EDGE('',*,*,#4807,.T.);
#11253 = ORIENTED_EDGE('',*,*,#11191,.F.);
#11254 = ORIENTED_EDGE('',*,*,#11255,.F.);
#11255 = EDGE_CURVE('',#11231,#11184,#11256,.T.);
#11256 = LINE('',#11257,#11258);
#11257 = CARTESIAN_POINT('',(8.393085134426,-0.6,13.249071881188));
#11258 = VECTOR('',#11259,1.);
#11259 = DIRECTION('',(1.,-0.,-0.));
#11260 = ORIENTED_EDGE('',*,*,#11230,.T.);
#11261 = PLANE('',#11262);
#11262 = AXIS2_PLACEMENT_3D('',#11263,#11264,#11265);
#11263 = CARTESIAN_POINT('',(8.393085134426,-0.6,13.249071881188));
#11264 = DIRECTION('',(0.,0.,1.));
#11265 = DIRECTION('',(1.,0.,-0.));
#11266 = ADVANCED_FACE('',(#11267),#11273,.F.);
#11267 = FACE_BOUND('',#11268,.T.);
#11268 = EDGE_LOOP('',(#11269,#11270,#11271,#11272));
#11269 = ORIENTED_EDGE('',*,*,#11183,.T.);
#11270 = ORIENTED_EDGE('',*,*,#11214,.T.);
#11271 = ORIENTED_EDGE('',*,*,#11238,.T.);
#11272 = ORIENTED_EDGE('',*,*,#11255,.T.);
#11273 = PLANE('',#11274);
#11274 = AXIS2_PLACEMENT_3D('',#11275,#11276,#11277);
#11275 = CARTESIAN_POINT('',(0.,-0.6,0.));
#11276 = DIRECTION('',(0.,1.,0.));
#11277 = DIRECTION('',(0.,-0.,1.));
#11278 = ADVANCED_FACE('',(#11279),#11304,.F.);
#11279 = FACE_BOUND('',#11280,.T.);
#11280 = EDGE_LOOP('',(#11281,#11282,#11290,#11298));
#11281 = ORIENTED_EDGE('',*,*,#3575,.T.);
#11282 = ORIENTED_EDGE('',*,*,#11283,.F.);
#11283 = EDGE_CURVE('',#11284,#3578,#11286,.T.);
#11284 = VERTEX_POINT('',#11285);
#11285 = CARTESIAN_POINT('',(8.393085134426,-0.6,11.722129990172));
#11286 = LINE('',#11287,#11288);
#11287 = CARTESIAN_POINT('',(8.393085134426,-0.6,11.722129990172));
#11288 = VECTOR('',#11289,1.);
#11289 = DIRECTION('',(-0.,1.,-0.));
#11290 = ORIENTED_EDGE('',*,*,#11291,.F.);
#11291 = EDGE_CURVE('',#11292,#11284,#11294,.T.);
#11292 = VERTEX_POINT('',#11293);
#11293 = CARTESIAN_POINT('',(8.393085134426,-0.6,9.03180380124));
#11294 = LINE('',#11295,#11296);
#11295 = CARTESIAN_POINT('',(8.393085134426,-0.6,11.722129990172));
#11296 = VECTOR('',#11297,1.);
#11297 = DIRECTION('',(-0.,-0.,1.));
#11298 = ORIENTED_EDGE('',*,*,#11299,.T.);
#11299 = EDGE_CURVE('',#11292,#3576,#11300,.T.);
#11300 = LINE('',#11301,#11302);
#11301 = CARTESIAN_POINT('',(8.393085134426,-0.6,9.03180380124));
#11302 = VECTOR('',#11303,1.);
#11303 = DIRECTION('',(-0.,1.,-0.));
#11304 = PLANE('',#11305);
#11305 = AXIS2_PLACEMENT_3D('',#11306,#11307,#11308);
#11306 = CARTESIAN_POINT('',(8.393085134426,-0.6,11.722129990172));
#11307 = DIRECTION('',(-1.,0.,-0.));
#11308 = DIRECTION('',(0.,0.,1.));
#11309 = ADVANCED_FACE('',(#11310),#11328,.F.);
#11310 = FACE_BOUND('',#11311,.T.);
#11311 = EDGE_LOOP('',(#11312,#11313,#11321,#11327));
#11312 = ORIENTED_EDGE('',*,*,#3601,.T.);
#11313 = ORIENTED_EDGE('',*,*,#11314,.F.);
#11314 = EDGE_CURVE('',#11315,#3594,#11317,.T.);
#11315 = VERTEX_POINT('',#11316);
#11316 = CARTESIAN_POINT('',(4.922136464712,-0.6,11.722129990172));
#11317 = LINE('',#11318,#11319);
#11318 = CARTESIAN_POINT('',(4.922136464712,-0.6,11.722129990172));
#11319 = VECTOR('',#11320,1.);
#11320 = DIRECTION('',(-0.,1.,-0.));
#11321 = ORIENTED_EDGE('',*,*,#11322,.F.);
#11322 = EDGE_CURVE('',#11284,#11315,#11323,.T.);
#11323 = LINE('',#11324,#11325);
#11324 = CARTESIAN_POINT('',(8.393085134426,-0.6,11.722129990172));
#11325 = VECTOR('',#11326,1.);
#11326 = DIRECTION('',(-1.,0.,0.));
#11327 = ORIENTED_EDGE('',*,*,#11283,.T.);
#11328 = PLANE('',#11329);
#11329 = AXIS2_PLACEMENT_3D('',#11330,#11331,#11332);
#11330 = CARTESIAN_POINT('',(8.393085134426,-0.6,11.722129990172));
#11331 = DIRECTION('',(-0.,0.,-1.));
#11332 = DIRECTION('',(-1.,0.,0.));
#11333 = ADVANCED_FACE('',(#11334),#11352,.F.);
#11334 = FACE_BOUND('',#11335,.T.);
#11335 = EDGE_LOOP('',(#11336,#11337,#11345,#11351));
#11336 = ORIENTED_EDGE('',*,*,#3593,.T.);
#11337 = ORIENTED_EDGE('',*,*,#11338,.F.);
#11338 = EDGE_CURVE('',#11339,#3586,#11341,.T.);
#11339 = VERTEX_POINT('',#11340);
#11340 = CARTESIAN_POINT('',(4.922136464712,-0.6,9.03180380124));
#11341 = LINE('',#11342,#11343);
#11342 = CARTESIAN_POINT('',(4.922136464712,-0.6,9.03180380124));
#11343 = VECTOR('',#11344,1.);
#11344 = DIRECTION('',(-0.,1.,-0.));
#11345 = ORIENTED_EDGE('',*,*,#11346,.F.);
#11346 = EDGE_CURVE('',#11315,#11339,#11347,.T.);
#11347 = LINE('',#11348,#11349);
#11348 = CARTESIAN_POINT('',(4.922136464712,-0.6,11.722129990172));
#11349 = VECTOR('',#11350,1.);
#11350 = DIRECTION('',(0.,0.,-1.));
#11351 = ORIENTED_EDGE('',*,*,#11314,.T.);
#11352 = PLANE('',#11353);
#11353 = AXIS2_PLACEMENT_3D('',#11354,#11355,#11356);
#11354 = CARTESIAN_POINT('',(4.922136464712,-0.6,11.722129990172));
#11355 = DIRECTION('',(1.,0.,0.));
#11356 = DIRECTION('',(0.,0.,-1.));
#11357 = ADVANCED_FACE('',(#11358),#11369,.F.);
#11358 = FACE_BOUND('',#11359,.T.);
#11359 = EDGE_LOOP('',(#11360,#11361,#11362,#11368));
#11360 = ORIENTED_EDGE('',*,*,#3585,.T.);
#11361 = ORIENTED_EDGE('',*,*,#11299,.F.);
#11362 = ORIENTED_EDGE('',*,*,#11363,.F.);
#11363 = EDGE_CURVE('',#11339,#11292,#11364,.T.);
#11364 = LINE('',#11365,#11366);
#11365 = CARTESIAN_POINT('',(8.393085134426,-0.6,9.03180380124));
#11366 = VECTOR('',#11367,1.);
#11367 = DIRECTION('',(1.,-0.,-0.));
#11368 = ORIENTED_EDGE('',*,*,#11338,.T.);
#11369 = PLANE('',#11370);
#11370 = AXIS2_PLACEMENT_3D('',#11371,#11372,#11373);
#11371 = CARTESIAN_POINT('',(8.393085134426,-0.6,9.03180380124));
#11372 = DIRECTION('',(0.,0.,1.));
#11373 = DIRECTION('',(1.,0.,-0.));
#11374 = ADVANCED_FACE('',(#11375),#11381,.F.);
#11375 = FACE_BOUND('',#11376,.T.);
#11376 = EDGE_LOOP('',(#11377,#11378,#11379,#11380));
#11377 = ORIENTED_EDGE('',*,*,#11291,.T.);
#11378 = ORIENTED_EDGE('',*,*,#11322,.T.);
#11379 = ORIENTED_EDGE('',*,*,#11346,.T.);
#11380 = ORIENTED_EDGE('',*,*,#11363,.T.);
#11381 = PLANE('',#11382);
#11382 = AXIS2_PLACEMENT_3D('',#11383,#11384,#11385);
#11383 = CARTESIAN_POINT('',(0.,-0.6,0.));
#11384 = DIRECTION('',(0.,1.,0.));
#11385 = DIRECTION('',(0.,-0.,1.));
#11386 = ADVANCED_FACE('',(#11387),#11412,.F.);
#11387 = FACE_BOUND('',#11388,.T.);
#11388 = EDGE_LOOP('',(#11389,#11390,#11398,#11406));
#11389 = ORIENTED_EDGE('',*,*,#4831,.T.);
#11390 = ORIENTED_EDGE('',*,*,#11391,.F.);
#11391 = EDGE_CURVE('',#11392,#4834,#11394,.T.);
#11392 = VERTEX_POINT('',#11393);
#11393 = CARTESIAN_POINT('',(9.684740934309,-0.6,6.305121852997));
#11394 = LINE('',#11395,#11396);
#11395 = CARTESIAN_POINT('',(9.684740934309,-0.6,6.305121852997));
#11396 = VECTOR('',#11397,1.);
#11397 = DIRECTION('',(-0.,1.,-0.));
#11398 = ORIENTED_EDGE('',*,*,#11399,.F.);
#11399 = EDGE_CURVE('',#11400,#11392,#11402,.T.);
#11400 = VERTEX_POINT('',#11401);
#11401 = CARTESIAN_POINT('',(9.684740934309,-0.6,1.46980586478));
#11402 = LINE('',#11403,#11404);
#11403 = CARTESIAN_POINT('',(9.684740934309,-0.6,6.305121852997));
#11404 = VECTOR('',#11405,1.);
#11405 = DIRECTION('',(-3.228850259598E-15,-0.,1.));
#11406 = ORIENTED_EDGE('',*,*,#11407,.T.);
#11407 = EDGE_CURVE('',#11400,#4832,#11408,.T.);
#11408 = LINE('',#11409,#11410);
#11409 = CARTESIAN_POINT('',(9.684740934309,-0.6,1.46980586478));
#11410 = VECTOR('',#11411,1.);
#11411 = DIRECTION('',(-0.,1.,-0.));
#11412 = PLANE('',#11413);
#11413 = AXIS2_PLACEMENT_3D('',#11414,#11415,#11416);
#11414 = CARTESIAN_POINT('',(9.684740934309,-0.6,6.305121852997));
#11415 = DIRECTION('',(-1.,0.,-3.228850259598E-15));
#11416 = DIRECTION('',(-3.228850259598E-15,0.,1.));
#11417 = ADVANCED_FACE('',(#11418),#11436,.F.);
#11418 = FACE_BOUND('',#11419,.T.);
#11419 = EDGE_LOOP('',(#11420,#11421,#11429,#11435));
#11420 = ORIENTED_EDGE('',*,*,#4857,.T.);
#11421 = ORIENTED_EDGE('',*,*,#11422,.F.);
#11422 = EDGE_CURVE('',#11423,#4850,#11425,.T.);
#11423 = VERTEX_POINT('',#11424);
#11424 = CARTESIAN_POINT('',(5.903741966079,-0.6,6.305121852997));
#11425 = LINE('',#11426,#11427);
#11426 = CARTESIAN_POINT('',(5.903741966079,-0.6,6.305121852997));
#11427 = VECTOR('',#11428,1.);
#11428 = DIRECTION('',(-0.,1.,-0.));
#11429 = ORIENTED_EDGE('',*,*,#11430,.F.);
#11430 = EDGE_CURVE('',#11392,#11423,#11431,.T.);
#11431 = LINE('',#11432,#11433);
#11432 = CARTESIAN_POINT('',(9.684740934309,-0.6,6.305121852997));
#11433 = VECTOR('',#11434,1.);
#11434 = DIRECTION('',(-1.,0.,0.));
#11435 = ORIENTED_EDGE('',*,*,#11391,.T.);
#11436 = PLANE('',#11437);
#11437 = AXIS2_PLACEMENT_3D('',#11438,#11439,#11440);
#11438 = CARTESIAN_POINT('',(9.684740934309,-0.6,6.305121852997));
#11439 = DIRECTION('',(-0.,0.,-1.));
#11440 = DIRECTION('',(-1.,0.,0.));
#11441 = ADVANCED_FACE('',(#11442),#11460,.F.);
#11442 = FACE_BOUND('',#11443,.T.);
#11443 = EDGE_LOOP('',(#11444,#11445,#11453,#11459));
#11444 = ORIENTED_EDGE('',*,*,#4849,.T.);
#11445 = ORIENTED_EDGE('',*,*,#11446,.F.);
#11446 = EDGE_CURVE('',#11447,#4842,#11449,.T.);
#11447 = VERTEX_POINT('',#11448);
#11448 = CARTESIAN_POINT('',(5.903741966079,-0.6,1.46980586478));
#11449 = LINE('',#11450,#11451);
#11450 = CARTESIAN_POINT('',(5.903741966079,-0.6,1.46980586478));
#11451 = VECTOR('',#11452,1.);
#11452 = DIRECTION('',(-0.,1.,-0.));
#11453 = ORIENTED_EDGE('',*,*,#11454,.F.);
#11454 = EDGE_CURVE('',#11423,#11447,#11455,.T.);
#11455 = LINE('',#11456,#11457);
#11456 = CARTESIAN_POINT('',(5.903741966079,-0.6,6.305121852997));
#11457 = VECTOR('',#11458,1.);
#11458 = DIRECTION('',(1.793805699777E-16,0.,-1.));
#11459 = ORIENTED_EDGE('',*,*,#11422,.T.);
#11460 = PLANE('',#11461);
#11461 = AXIS2_PLACEMENT_3D('',#11462,#11463,#11464);
#11462 = CARTESIAN_POINT('',(5.903741966079,-0.6,6.305121852997));
#11463 = DIRECTION('',(1.,0.,1.793805699777E-16));
#11464 = DIRECTION('',(1.793805699777E-16,0.,-1.));
#11465 = ADVANCED_FACE('',(#11466),#11477,.F.);
#11466 = FACE_BOUND('',#11467,.T.);
#11467 = EDGE_LOOP('',(#11468,#11469,#11470,#11476));
#11468 = ORIENTED_EDGE('',*,*,#4841,.T.);
#11469 = ORIENTED_EDGE('',*,*,#11407,.F.);
#11470 = ORIENTED_EDGE('',*,*,#11471,.F.);
#11471 = EDGE_CURVE('',#11447,#11400,#11472,.T.);
#11472 = LINE('',#11473,#11474);
#11473 = CARTESIAN_POINT('',(9.684740934309,-0.6,1.46980586478));
#11474 = VECTOR('',#11475,1.);
#11475 = DIRECTION('',(1.,-0.,1.147000759953E-16));
#11476 = ORIENTED_EDGE('',*,*,#11446,.T.);
#11477 = PLANE('',#11478);
#11478 = AXIS2_PLACEMENT_3D('',#11479,#11480,#11481);
#11479 = CARTESIAN_POINT('',(9.684740934309,-0.6,1.46980586478));
#11480 = DIRECTION('',(-1.147000759953E-16,0.,1.));
#11481 = DIRECTION('',(1.,0.,1.147000759953E-16));
#11482 = ADVANCED_FACE('',(#11483),#11489,.F.);
#11483 = FACE_BOUND('',#11484,.T.);
#11484 = EDGE_LOOP('',(#11485,#11486,#11487,#11488));
#11485 = ORIENTED_EDGE('',*,*,#11399,.T.);
#11486 = ORIENTED_EDGE('',*,*,#11430,.T.);
#11487 = ORIENTED_EDGE('',*,*,#11454,.T.);
#11488 = ORIENTED_EDGE('',*,*,#11471,.T.);
#11489 = PLANE('',#11490);
#11490 = AXIS2_PLACEMENT_3D('',#11491,#11492,#11493);
#11491 = CARTESIAN_POINT('',(0.,-0.6,0.));
#11492 = DIRECTION('',(0.,1.,0.));
#11493 = DIRECTION('',(0.,-0.,1.));
#11494 = ADVANCED_FACE('',(#11495),#11520,.F.);
#11495 = FACE_BOUND('',#11496,.T.);
#11496 = EDGE_LOOP('',(#11497,#11498,#11506,#11514));
#11497 = ORIENTED_EDGE('',*,*,#3541,.T.);
#11498 = ORIENTED_EDGE('',*,*,#11499,.F.);
#11499 = EDGE_CURVE('',#11500,#3544,#11502,.T.);
#11500 = VERTEX_POINT('',#11501);
#11501 = CARTESIAN_POINT('',(-1.557175337034,-0.6,-24.16589385377));
#11502 = LINE('',#11503,#11504);
#11503 = CARTESIAN_POINT('',(-1.557175337034,-0.6,-24.16589385377));
#11504 = VECTOR('',#11505,1.);
#11505 = DIRECTION('',(-0.,1.,-0.));
#11506 = ORIENTED_EDGE('',*,*,#11507,.F.);
#11507 = EDGE_CURVE('',#11508,#11500,#11510,.T.);
#11508 = VERTEX_POINT('',#11509);
#11509 = CARTESIAN_POINT('',(-1.557175337034,-0.6,-27.30047239644));
#11510 = LINE('',#11511,#11512);
#11511 = CARTESIAN_POINT('',(-1.557175337034,-0.6,-24.16589385377));
#11512 = VECTOR('',#11513,1.);
#11513 = DIRECTION('',(-2.697899200886E-15,-0.,1.));
#11514 = ORIENTED_EDGE('',*,*,#11515,.T.);
#11515 = EDGE_CURVE('',#11508,#3542,#11516,.T.);
#11516 = LINE('',#11517,#11518);
#11517 = CARTESIAN_POINT('',(-1.557175337034,-0.6,-27.30047239644));
#11518 = VECTOR('',#11519,1.);
#11519 = DIRECTION('',(-0.,1.,-0.));
#11520 = PLANE('',#11521);
#11521 = AXIS2_PLACEMENT_3D('',#11522,#11523,#11524);
#11522 = CARTESIAN_POINT('',(-1.557175337034,-0.6,-24.16589385377));
#11523 = DIRECTION('',(-1.,0.,-2.697899200886E-15));
#11524 = DIRECTION('',(-2.697899200886E-15,0.,1.));
#11525 = ADVANCED_FACE('',(#11526),#11544,.F.);
#11526 = FACE_BOUND('',#11527,.T.);
#11527 = EDGE_LOOP('',(#11528,#11529,#11537,#11543));
#11528 = ORIENTED_EDGE('',*,*,#3567,.T.);
#11529 = ORIENTED_EDGE('',*,*,#11530,.F.);
#11530 = EDGE_CURVE('',#11531,#3560,#11533,.T.);
#11531 = VERTEX_POINT('',#11532);
#11532 = CARTESIAN_POINT('',(-3.367605477606,-0.6,-24.16589385377));
#11533 = LINE('',#11534,#11535);
#11534 = CARTESIAN_POINT('',(-3.367605477606,-0.6,-24.16589385377));
#11535 = VECTOR('',#11536,1.);
#11536 = DIRECTION('',(-0.,1.,-0.));
#11537 = ORIENTED_EDGE('',*,*,#11538,.F.);
#11538 = EDGE_CURVE('',#11500,#11531,#11539,.T.);
#11539 = LINE('',#11540,#11541);
#11540 = CARTESIAN_POINT('',(-1.557175337034,-0.6,-24.16589385377));
#11541 = VECTOR('',#11542,1.);
#11542 = DIRECTION('',(-1.,0.,0.));
#11543 = ORIENTED_EDGE('',*,*,#11499,.T.);
#11544 = PLANE('',#11545);
#11545 = AXIS2_PLACEMENT_3D('',#11546,#11547,#11548);
#11546 = CARTESIAN_POINT('',(-1.557175337034,-0.6,-24.16589385377));
#11547 = DIRECTION('',(-0.,0.,-1.));
#11548 = DIRECTION('',(-1.,0.,0.));
#11549 = ADVANCED_FACE('',(#11550),#11568,.F.);
#11550 = FACE_BOUND('',#11551,.T.);
#11551 = EDGE_LOOP('',(#11552,#11553,#11561,#11567));
#11552 = ORIENTED_EDGE('',*,*,#3559,.T.);
#11553 = ORIENTED_EDGE('',*,*,#11554,.F.);
#11554 = EDGE_CURVE('',#11555,#3552,#11557,.T.);
#11555 = VERTEX_POINT('',#11556);
#11556 = CARTESIAN_POINT('',(-3.367605477606,-0.6,-27.30047239644));
#11557 = LINE('',#11558,#11559);
#11558 = CARTESIAN_POINT('',(-3.367605477606,-0.6,-27.30047239644));
#11559 = VECTOR('',#11560,1.);
#11560 = DIRECTION('',(-0.,1.,-0.));
#11561 = ORIENTED_EDGE('',*,*,#11562,.F.);
#11562 = EDGE_CURVE('',#11531,#11555,#11563,.T.);
#11563 = LINE('',#11564,#11565);
#11564 = CARTESIAN_POINT('',(-3.367605477606,-0.6,-24.16589385377));
#11565 = VECTOR('',#11566,1.);
#11566 = DIRECTION('',(1.383538051736E-16,0.,-1.));
#11567 = ORIENTED_EDGE('',*,*,#11530,.T.);
#11568 = PLANE('',#11569);
#11569 = AXIS2_PLACEMENT_3D('',#11570,#11571,#11572);
#11570 = CARTESIAN_POINT('',(-3.367605477606,-0.6,-24.16589385377));
#11571 = DIRECTION('',(1.,0.,1.383538051736E-16));
#11572 = DIRECTION('',(1.383538051736E-16,0.,-1.));
#11573 = ADVANCED_FACE('',(#11574),#11585,.F.);
#11574 = FACE_BOUND('',#11575,.T.);
#11575 = EDGE_LOOP('',(#11576,#11577,#11578,#11584));
#11576 = ORIENTED_EDGE('',*,*,#3551,.T.);
#11577 = ORIENTED_EDGE('',*,*,#11515,.F.);
#11578 = ORIENTED_EDGE('',*,*,#11579,.F.);
#11579 = EDGE_CURVE('',#11555,#11508,#11580,.T.);
#11580 = LINE('',#11581,#11582);
#11581 = CARTESIAN_POINT('',(-1.557175337034,-0.6,-27.30047239644));
#11582 = VECTOR('',#11583,1.);
#11583 = DIRECTION('',(1.,-0.,-0.));
#11584 = ORIENTED_EDGE('',*,*,#11554,.T.);
#11585 = PLANE('',#11586);
#11586 = AXIS2_PLACEMENT_3D('',#11587,#11588,#11589);
#11587 = CARTESIAN_POINT('',(-1.557175337034,-0.6,-27.30047239644));
#11588 = DIRECTION('',(0.,0.,1.));
#11589 = DIRECTION('',(1.,0.,-0.));
#11590 = ADVANCED_FACE('',(#11591),#11597,.F.);
#11591 = FACE_BOUND('',#11592,.T.);
#11592 = EDGE_LOOP('',(#11593,#11594,#11595,#11596));
#11593 = ORIENTED_EDGE('',*,*,#11507,.T.);
#11594 = ORIENTED_EDGE('',*,*,#11538,.T.);
#11595 = ORIENTED_EDGE('',*,*,#11562,.T.);
#11596 = ORIENTED_EDGE('',*,*,#11579,.T.);
#11597 = PLANE('',#11598);
#11598 = AXIS2_PLACEMENT_3D('',#11599,#11600,#11601);
#11599 = CARTESIAN_POINT('',(0.,-0.6,0.));
#11600 = DIRECTION('',(0.,1.,0.));
#11601 = DIRECTION('',(0.,-0.,1.));
#11602 = ADVANCED_FACE('',(#11603),#11628,.F.);
#11603 = FACE_BOUND('',#11604,.T.);
#11604 = EDGE_LOOP('',(#11605,#11606,#11614,#11622));
#11605 = ORIENTED_EDGE('',*,*,#4865,.T.);
#11606 = ORIENTED_EDGE('',*,*,#11607,.F.);
#11607 = EDGE_CURVE('',#11608,#4868,#11610,.T.);
#11608 = VERTEX_POINT('',#11609);
#11609 = CARTESIAN_POINT('',(-7.001781685605,-0.6,-24.59871804796));
#11610 = LINE('',#11611,#11612);
#11611 = CARTESIAN_POINT('',(-7.001781685605,-0.6,-24.59871804796));
#11612 = VECTOR('',#11613,1.);
#11613 = DIRECTION('',(-0.,1.,-0.));
#11614 = ORIENTED_EDGE('',*,*,#11615,.F.);
#11615 = EDGE_CURVE('',#11616,#11608,#11618,.T.);
#11616 = VERTEX_POINT('',#11617);
#11617 = CARTESIAN_POINT('',(-7.001781685605,-0.6,-26.74526816436));
#11618 = LINE('',#11619,#11620);
#11619 = CARTESIAN_POINT('',(-7.001781685605,-0.6,-24.59871804796));
#11620 = VECTOR('',#11621,1.);
#11621 = DIRECTION('',(-4.040724376117E-16,-0.,1.));
#11622 = ORIENTED_EDGE('',*,*,#11623,.T.);
#11623 = EDGE_CURVE('',#11616,#4866,#11624,.T.);
#11624 = LINE('',#11625,#11626);
#11625 = CARTESIAN_POINT('',(-7.001781685605,-0.6,-26.74526816436));
#11626 = VECTOR('',#11627,1.);
#11627 = DIRECTION('',(-0.,1.,-0.));
#11628 = PLANE('',#11629);
#11629 = AXIS2_PLACEMENT_3D('',#11630,#11631,#11632);
#11630 = CARTESIAN_POINT('',(-7.001781685605,-0.6,-24.59871804796));
#11631 = DIRECTION('',(-1.,0.,-4.040724376117E-16));
#11632 = DIRECTION('',(-4.040724376117E-16,0.,1.));
#11633 = ADVANCED_FACE('',(#11634),#11652,.F.);
#11634 = FACE_BOUND('',#11635,.T.);
#11635 = EDGE_LOOP('',(#11636,#11637,#11645,#11651));
#11636 = ORIENTED_EDGE('',*,*,#4891,.T.);
#11637 = ORIENTED_EDGE('',*,*,#11638,.F.);
#11638 = EDGE_CURVE('',#11639,#4884,#11641,.T.);
#11639 = VERTEX_POINT('',#11640);
#11640 = CARTESIAN_POINT('',(-8.301781685605,-0.6,-24.59871804796));
#11641 = LINE('',#11642,#11643);
#11642 = CARTESIAN_POINT('',(-8.301781685605,-0.6,-24.59871804796));
#11643 = VECTOR('',#11644,1.);
#11644 = DIRECTION('',(-0.,1.,-0.));
#11645 = ORIENTED_EDGE('',*,*,#11646,.F.);
#11646 = EDGE_CURVE('',#11608,#11639,#11647,.T.);
#11647 = LINE('',#11648,#11649);
#11648 = CARTESIAN_POINT('',(-7.001781685605,-0.6,-24.59871804796));
#11649 = VECTOR('',#11650,1.);
#11650 = DIRECTION('',(-1.,0.,0.));
#11651 = ORIENTED_EDGE('',*,*,#11607,.T.);
#11652 = PLANE('',#11653);
#11653 = AXIS2_PLACEMENT_3D('',#11654,#11655,#11656);
#11654 = CARTESIAN_POINT('',(-7.001781685605,-0.6,-24.59871804796));
#11655 = DIRECTION('',(-0.,0.,-1.));
#11656 = DIRECTION('',(-1.,0.,0.));
#11657 = ADVANCED_FACE('',(#11658),#11676,.F.);
#11658 = FACE_BOUND('',#11659,.T.);
#11659 = EDGE_LOOP('',(#11660,#11661,#11669,#11675));
#11660 = ORIENTED_EDGE('',*,*,#4883,.T.);
#11661 = ORIENTED_EDGE('',*,*,#11662,.F.);
#11662 = EDGE_CURVE('',#11663,#4876,#11665,.T.);
#11663 = VERTEX_POINT('',#11664);
#11664 = CARTESIAN_POINT('',(-8.301781685605,-0.6,-26.74526816436));
#11665 = LINE('',#11666,#11667);
#11666 = CARTESIAN_POINT('',(-8.301781685605,-0.6,-26.74526816436));
#11667 = VECTOR('',#11668,1.);
#11668 = DIRECTION('',(-0.,1.,-0.));
#11669 = ORIENTED_EDGE('',*,*,#11670,.F.);
#11670 = EDGE_CURVE('',#11639,#11663,#11671,.T.);
#11671 = LINE('',#11672,#11673);
#11672 = CARTESIAN_POINT('',(-8.301781685605,-0.6,-24.59871804796));
#11673 = VECTOR('',#11674,1.);
#11674 = DIRECTION('',(8.081448752234E-16,0.,-1.));
#11675 = ORIENTED_EDGE('',*,*,#11638,.T.);
#11676 = PLANE('',#11677);
#11677 = AXIS2_PLACEMENT_3D('',#11678,#11679,#11680);
#11678 = CARTESIAN_POINT('',(-8.301781685605,-0.6,-24.59871804796));
#11679 = DIRECTION('',(1.,0.,8.081448752234E-16));
#11680 = DIRECTION('',(8.081448752234E-16,0.,-1.));
#11681 = ADVANCED_FACE('',(#11682),#11693,.F.);
#11682 = FACE_BOUND('',#11683,.T.);
#11683 = EDGE_LOOP('',(#11684,#11685,#11686,#11692));
#11684 = ORIENTED_EDGE('',*,*,#4875,.T.);
#11685 = ORIENTED_EDGE('',*,*,#11623,.F.);
#11686 = ORIENTED_EDGE('',*,*,#11687,.F.);
#11687 = EDGE_CURVE('',#11663,#11616,#11688,.T.);
#11688 = LINE('',#11689,#11690);
#11689 = CARTESIAN_POINT('',(-7.001781685605,-0.6,-26.74526816436));
#11690 = VECTOR('',#11691,1.);
#11691 = DIRECTION('',(1.,-0.,-0.));
#11692 = ORIENTED_EDGE('',*,*,#11662,.T.);
#11693 = PLANE('',#11694);
#11694 = AXIS2_PLACEMENT_3D('',#11695,#11696,#11697);
#11695 = CARTESIAN_POINT('',(-7.001781685605,-0.6,-26.74526816436));
#11696 = DIRECTION('',(0.,0.,1.));
#11697 = DIRECTION('',(1.,0.,-0.));
#11698 = ADVANCED_FACE('',(#11699),#11705,.F.);
#11699 = FACE_BOUND('',#11700,.T.);
#11700 = EDGE_LOOP('',(#11701,#11702,#11703,#11704));
#11701 = ORIENTED_EDGE('',*,*,#11615,.T.);
#11702 = ORIENTED_EDGE('',*,*,#11646,.T.);
#11703 = ORIENTED_EDGE('',*,*,#11670,.T.);
#11704 = ORIENTED_EDGE('',*,*,#11687,.T.);
#11705 = PLANE('',#11706);
#11706 = AXIS2_PLACEMENT_3D('',#11707,#11708,#11709);
#11707 = CARTESIAN_POINT('',(0.,-0.6,0.));
#11708 = DIRECTION('',(0.,1.,0.));
#11709 = DIRECTION('',(0.,-0.,1.));
#11710 = ADVANCED_FACE('',(#11711),#11736,.F.);
#11711 = FACE_BOUND('',#11712,.T.);
#11712 = EDGE_LOOP('',(#11713,#11714,#11722,#11730));
#11713 = ORIENTED_EDGE('',*,*,#3507,.T.);
#11714 = ORIENTED_EDGE('',*,*,#11715,.F.);
#11715 = EDGE_CURVE('',#11716,#3510,#11718,.T.);
#11716 = VERTEX_POINT('',#11717);
#11717 = CARTESIAN_POINT('',(-4.909467442707,-0.6,-24.59871804796));
#11718 = LINE('',#11719,#11720);
#11719 = CARTESIAN_POINT('',(-4.909467442707,-0.6,-24.59871804796));
#11720 = VECTOR('',#11721,1.);
#11721 = DIRECTION('',(-0.,1.,-0.));
#11722 = ORIENTED_EDGE('',*,*,#11723,.F.);
#11723 = EDGE_CURVE('',#11724,#11716,#11726,.T.);
#11724 = VERTEX_POINT('',#11725);
#11725 = CARTESIAN_POINT('',(-4.909467442707,-0.6,-26.74526816436));
#11726 = LINE('',#11727,#11728);
#11727 = CARTESIAN_POINT('',(-4.909467442707,-0.6,-24.59871804796));
#11728 = VECTOR('',#11729,1.);
#11729 = DIRECTION('',(-4.040724376117E-16,-0.,1.));
#11730 = ORIENTED_EDGE('',*,*,#11731,.T.);
#11731 = EDGE_CURVE('',#11724,#3508,#11732,.T.);
#11732 = LINE('',#11733,#11734);
#11733 = CARTESIAN_POINT('',(-4.909467442707,-0.6,-26.74526816436));
#11734 = VECTOR('',#11735,1.);
#11735 = DIRECTION('',(-0.,1.,-0.));
#11736 = PLANE('',#11737);
#11737 = AXIS2_PLACEMENT_3D('',#11738,#11739,#11740);
#11738 = CARTESIAN_POINT('',(-4.909467442707,-0.6,-24.59871804796));
#11739 = DIRECTION('',(-1.,0.,-4.040724376117E-16));
#11740 = DIRECTION('',(-4.040724376117E-16,0.,1.));
#11741 = ADVANCED_FACE('',(#11742),#11760,.F.);
#11742 = FACE_BOUND('',#11743,.T.);
#11743 = EDGE_LOOP('',(#11744,#11745,#11753,#11759));
#11744 = ORIENTED_EDGE('',*,*,#3533,.T.);
#11745 = ORIENTED_EDGE('',*,*,#11746,.F.);
#11746 = EDGE_CURVE('',#11747,#3526,#11749,.T.);
#11747 = VERTEX_POINT('',#11748);
#11748 = CARTESIAN_POINT('',(-6.209467442707,-0.6,-24.59871804796));
#11749 = LINE('',#11750,#11751);
#11750 = CARTESIAN_POINT('',(-6.209467442707,-0.6,-24.59871804796));
#11751 = VECTOR('',#11752,1.);
#11752 = DIRECTION('',(-0.,1.,-0.));
#11753 = ORIENTED_EDGE('',*,*,#11754,.F.);
#11754 = EDGE_CURVE('',#11716,#11747,#11755,.T.);
#11755 = LINE('',#11756,#11757);
#11756 = CARTESIAN_POINT('',(-4.909467442707,-0.6,-24.59871804796));
#11757 = VECTOR('',#11758,1.);
#11758 = DIRECTION('',(-1.,0.,0.));
#11759 = ORIENTED_EDGE('',*,*,#11715,.T.);
#11760 = PLANE('',#11761);
#11761 = AXIS2_PLACEMENT_3D('',#11762,#11763,#11764);
#11762 = CARTESIAN_POINT('',(-4.909467442707,-0.6,-24.59871804796));
#11763 = DIRECTION('',(-0.,0.,-1.));
#11764 = DIRECTION('',(-1.,0.,0.));
#11765 = ADVANCED_FACE('',(#11766),#11784,.F.);
#11766 = FACE_BOUND('',#11767,.T.);
#11767 = EDGE_LOOP('',(#11768,#11769,#11777,#11783));
#11768 = ORIENTED_EDGE('',*,*,#3525,.T.);
#11769 = ORIENTED_EDGE('',*,*,#11770,.F.);
#11770 = EDGE_CURVE('',#11771,#3518,#11773,.T.);
#11771 = VERTEX_POINT('',#11772);
#11772 = CARTESIAN_POINT('',(-6.209467442707,-0.6,-26.74526816436));
#11773 = LINE('',#11774,#11775);
#11774 = CARTESIAN_POINT('',(-6.209467442707,-0.6,-26.74526816436));
#11775 = VECTOR('',#11776,1.);
#11776 = DIRECTION('',(-0.,1.,-0.));
#11777 = ORIENTED_EDGE('',*,*,#11778,.F.);
#11778 = EDGE_CURVE('',#11747,#11771,#11779,.T.);
#11779 = LINE('',#11780,#11781);
#11780 = CARTESIAN_POINT('',(-6.209467442707,-0.6,-24.59871804796));
#11781 = VECTOR('',#11782,1.);
#11782 = DIRECTION('',(0.,0.,-1.));
#11783 = ORIENTED_EDGE('',*,*,#11746,.T.);
#11784 = PLANE('',#11785);
#11785 = AXIS2_PLACEMENT_3D('',#11786,#11787,#11788);
#11786 = CARTESIAN_POINT('',(-6.209467442707,-0.6,-24.59871804796));
#11787 = DIRECTION('',(1.,0.,0.));
#11788 = DIRECTION('',(0.,0.,-1.));
#11789 = ADVANCED_FACE('',(#11790),#11801,.F.);
#11790 = FACE_BOUND('',#11791,.T.);
#11791 = EDGE_LOOP('',(#11792,#11793,#11794,#11800));
#11792 = ORIENTED_EDGE('',*,*,#3517,.T.);
#11793 = ORIENTED_EDGE('',*,*,#11731,.F.);
#11794 = ORIENTED_EDGE('',*,*,#11795,.F.);
#11795 = EDGE_CURVE('',#11771,#11724,#11796,.T.);
#11796 = LINE('',#11797,#11798);
#11797 = CARTESIAN_POINT('',(-4.909467442707,-0.6,-26.74526816436));
#11798 = VECTOR('',#11799,1.);
#11799 = DIRECTION('',(1.,-0.,2.668805347657E-15));
#11800 = ORIENTED_EDGE('',*,*,#11770,.T.);
#11801 = PLANE('',#11802);
#11802 = AXIS2_PLACEMENT_3D('',#11803,#11804,#11805);
#11803 = CARTESIAN_POINT('',(-4.909467442707,-0.6,-26.74526816436));
#11804 = DIRECTION('',(-2.668805347657E-15,0.,1.));
#11805 = DIRECTION('',(1.,0.,2.668805347657E-15));
#11806 = ADVANCED_FACE('',(#11807),#11813,.F.);
#11807 = FACE_BOUND('',#11808,.T.);
#11808 = EDGE_LOOP('',(#11809,#11810,#11811,#11812));
#11809 = ORIENTED_EDGE('',*,*,#11723,.T.);
#11810 = ORIENTED_EDGE('',*,*,#11754,.T.);
#11811 = ORIENTED_EDGE('',*,*,#11778,.T.);
#11812 = ORIENTED_EDGE('',*,*,#11795,.T.);
#11813 = PLANE('',#11814);
#11814 = AXIS2_PLACEMENT_3D('',#11815,#11816,#11817);
#11815 = CARTESIAN_POINT('',(0.,-0.6,0.));
#11816 = DIRECTION('',(0.,1.,0.));
#11817 = DIRECTION('',(0.,-0.,1.));
#11818 = ADVANCED_FACE('',(#11819),#11844,.F.);
#11819 = FACE_BOUND('',#11820,.T.);
#11820 = EDGE_LOOP('',(#11821,#11822,#11830,#11838));
#11821 = ORIENTED_EDGE('',*,*,#4899,.T.);
#11822 = ORIENTED_EDGE('',*,*,#11823,.F.);
#11823 = EDGE_CURVE('',#11824,#4902,#11826,.T.);
#11824 = VERTEX_POINT('',#11825);
#11825 = CARTESIAN_POINT('',(-9.147265883507,-0.6,-24.59871804796));
#11826 = LINE('',#11827,#11828);
#11827 = CARTESIAN_POINT('',(-9.147265883507,-0.6,-24.59871804796));
#11828 = VECTOR('',#11829,1.);
#11829 = DIRECTION('',(-0.,1.,-0.));
#11830 = ORIENTED_EDGE('',*,*,#11831,.F.);
#11831 = EDGE_CURVE('',#11832,#11824,#11834,.T.);
#11832 = VERTEX_POINT('',#11833);
#11833 = CARTESIAN_POINT('',(-9.147265883507,-0.6,-26.74526816436));
#11834 = LINE('',#11835,#11836);
#11835 = CARTESIAN_POINT('',(-9.147265883507,-0.6,-24.59871804796));
#11836 = VECTOR('',#11837,1.);
#11837 = DIRECTION('',(-0.,-0.,1.));
#11838 = ORIENTED_EDGE('',*,*,#11839,.T.);
#11839 = EDGE_CURVE('',#11832,#4900,#11840,.T.);
#11840 = LINE('',#11841,#11842);
#11841 = CARTESIAN_POINT('',(-9.147265883507,-0.6,-26.74526816436));
#11842 = VECTOR('',#11843,1.);
#11843 = DIRECTION('',(-0.,1.,-0.));
#11844 = PLANE('',#11845);
#11845 = AXIS2_PLACEMENT_3D('',#11846,#11847,#11848);
#11846 = CARTESIAN_POINT('',(-9.147265883507,-0.6,-24.59871804796));
#11847 = DIRECTION('',(-1.,0.,-0.));
#11848 = DIRECTION('',(0.,0.,1.));
#11849 = ADVANCED_FACE('',(#11850),#11868,.F.);
#11850 = FACE_BOUND('',#11851,.T.);
#11851 = EDGE_LOOP('',(#11852,#11853,#11861,#11867));
#11852 = ORIENTED_EDGE('',*,*,#4925,.T.);
#11853 = ORIENTED_EDGE('',*,*,#11854,.F.);
#11854 = EDGE_CURVE('',#11855,#4918,#11857,.T.);
#11855 = VERTEX_POINT('',#11856);
#11856 = CARTESIAN_POINT('',(-10.4472658835,-0.6,-24.59871804796));
#11857 = LINE('',#11858,#11859);
#11858 = CARTESIAN_POINT('',(-10.4472658835,-0.6,-24.59871804796));
#11859 = VECTOR('',#11860,1.);
#11860 = DIRECTION('',(-0.,1.,-0.));
#11861 = ORIENTED_EDGE('',*,*,#11862,.F.);
#11862 = EDGE_CURVE('',#11824,#11855,#11863,.T.);
#11863 = LINE('',#11864,#11865);
#11864 = CARTESIAN_POINT('',(-9.147265883507,-0.6,-24.59871804796));
#11865 = VECTOR('',#11866,1.);
#11866 = DIRECTION('',(-1.,0.,0.));
#11867 = ORIENTED_EDGE('',*,*,#11823,.T.);
#11868 = PLANE('',#11869);
#11869 = AXIS2_PLACEMENT_3D('',#11870,#11871,#11872);
#11870 = CARTESIAN_POINT('',(-9.147265883507,-0.6,-24.59871804796));
#11871 = DIRECTION('',(-0.,0.,-1.));
#11872 = DIRECTION('',(-1.,0.,0.));
#11873 = ADVANCED_FACE('',(#11874),#11892,.F.);
#11874 = FACE_BOUND('',#11875,.T.);
#11875 = EDGE_LOOP('',(#11876,#11877,#11885,#11891));
#11876 = ORIENTED_EDGE('',*,*,#4917,.T.);
#11877 = ORIENTED_EDGE('',*,*,#11878,.F.);
#11878 = EDGE_CURVE('',#11879,#4910,#11881,.T.);
#11879 = VERTEX_POINT('',#11880);
#11880 = CARTESIAN_POINT('',(-10.4472658835,-0.6,-26.74526816436));
#11881 = LINE('',#11882,#11883);
#11882 = CARTESIAN_POINT('',(-10.4472658835,-0.6,-26.74526816436));
#11883 = VECTOR('',#11884,1.);
#11884 = DIRECTION('',(-0.,1.,-0.));
#11885 = ORIENTED_EDGE('',*,*,#11886,.F.);
#11886 = EDGE_CURVE('',#11855,#11879,#11887,.T.);
#11887 = LINE('',#11888,#11889);
#11888 = CARTESIAN_POINT('',(-10.4472658835,-0.6,-24.59871804796));
#11889 = VECTOR('',#11890,1.);
#11890 = DIRECTION('',(8.081448752234E-16,0.,-1.));
#11891 = ORIENTED_EDGE('',*,*,#11854,.T.);
#11892 = PLANE('',#11893);
#11893 = AXIS2_PLACEMENT_3D('',#11894,#11895,#11896);
#11894 = CARTESIAN_POINT('',(-10.4472658835,-0.6,-24.59871804796));
#11895 = DIRECTION('',(1.,0.,8.081448752234E-16));
#11896 = DIRECTION('',(8.081448752234E-16,0.,-1.));
#11897 = ADVANCED_FACE('',(#11898),#11909,.F.);
#11898 = FACE_BOUND('',#11899,.T.);
#11899 = EDGE_LOOP('',(#11900,#11901,#11902,#11908));
#11900 = ORIENTED_EDGE('',*,*,#4909,.T.);
#11901 = ORIENTED_EDGE('',*,*,#11839,.F.);
#11902 = ORIENTED_EDGE('',*,*,#11903,.F.);
#11903 = EDGE_CURVE('',#11879,#11832,#11904,.T.);
#11904 = LINE('',#11905,#11906);
#11905 = CARTESIAN_POINT('',(-9.147265883507,-0.6,-26.74526816436));
#11906 = VECTOR('',#11907,1.);
#11907 = DIRECTION('',(1.,-0.,2.668805347657E-15));
#11908 = ORIENTED_EDGE('',*,*,#11878,.T.);
#11909 = PLANE('',#11910);
#11910 = AXIS2_PLACEMENT_3D('',#11911,#11912,#11913);
#11911 = CARTESIAN_POINT('',(-9.147265883507,-0.6,-26.74526816436));
#11912 = DIRECTION('',(-2.668805347657E-15,0.,1.));
#11913 = DIRECTION('',(1.,0.,2.668805347657E-15));
#11914 = ADVANCED_FACE('',(#11915),#11921,.F.);
#11915 = FACE_BOUND('',#11916,.T.);
#11916 = EDGE_LOOP('',(#11917,#11918,#11919,#11920));
#11917 = ORIENTED_EDGE('',*,*,#11831,.T.);
#11918 = ORIENTED_EDGE('',*,*,#11862,.T.);
#11919 = ORIENTED_EDGE('',*,*,#11886,.T.);
#11920 = ORIENTED_EDGE('',*,*,#11903,.T.);
#11921 = PLANE('',#11922);
#11922 = AXIS2_PLACEMENT_3D('',#11923,#11924,#11925);
#11923 = CARTESIAN_POINT('',(0.,-0.6,0.));
#11924 = DIRECTION('',(0.,1.,0.));
#11925 = DIRECTION('',(0.,-0.,1.));
#11926 = ADVANCED_FACE('',(#11927),#11952,.F.);
#11927 = FACE_BOUND('',#11928,.T.);
#11928 = EDGE_LOOP('',(#11929,#11930,#11938,#11946));
#11929 = ORIENTED_EDGE('',*,*,#3473,.T.);
#11930 = ORIENTED_EDGE('',*,*,#11931,.F.);
#11931 = EDGE_CURVE('',#11932,#3476,#11934,.T.);
#11932 = VERTEX_POINT('',#11933);
#11933 = CARTESIAN_POINT('',(-11.21254506466,-0.6,-24.59871804796));
#11934 = LINE('',#11935,#11936);
#11935 = CARTESIAN_POINT('',(-11.21254506466,-0.6,-24.59871804796));
#11936 = VECTOR('',#11937,1.);
#11937 = DIRECTION('',(-0.,1.,-0.));
#11938 = ORIENTED_EDGE('',*,*,#11939,.F.);
#11939 = EDGE_CURVE('',#11940,#11932,#11942,.T.);
#11940 = VERTEX_POINT('',#11941);
#11941 = CARTESIAN_POINT('',(-11.21254506466,-0.6,-26.74526816436));
#11942 = LINE('',#11943,#11944);
#11943 = CARTESIAN_POINT('',(-11.21254506466,-0.6,-24.59871804796));
#11944 = VECTOR('',#11945,1.);
#11945 = DIRECTION('',(-0.,-0.,1.));
#11946 = ORIENTED_EDGE('',*,*,#11947,.T.);
#11947 = EDGE_CURVE('',#11940,#3474,#11948,.T.);
#11948 = LINE('',#11949,#11950);
#11949 = CARTESIAN_POINT('',(-11.21254506466,-0.6,-26.74526816436));
#11950 = VECTOR('',#11951,1.);
#11951 = DIRECTION('',(-0.,1.,-0.));
#11952 = PLANE('',#11953);
#11953 = AXIS2_PLACEMENT_3D('',#11954,#11955,#11956);
#11954 = CARTESIAN_POINT('',(-11.21254506466,-0.6,-24.59871804796));
#11955 = DIRECTION('',(-1.,0.,-0.));
#11956 = DIRECTION('',(0.,0.,1.));
#11957 = ADVANCED_FACE('',(#11958),#11976,.F.);
#11958 = FACE_BOUND('',#11959,.T.);
#11959 = EDGE_LOOP('',(#11960,#11961,#11969,#11975));
#11960 = ORIENTED_EDGE('',*,*,#3499,.T.);
#11961 = ORIENTED_EDGE('',*,*,#11962,.F.);
#11962 = EDGE_CURVE('',#11963,#3492,#11965,.T.);
#11963 = VERTEX_POINT('',#11964);
#11964 = CARTESIAN_POINT('',(-12.51254506466,-0.6,-24.59871804796));
#11965 = LINE('',#11966,#11967);
#11966 = CARTESIAN_POINT('',(-12.51254506466,-0.6,-24.59871804796));
#11967 = VECTOR('',#11968,1.);
#11968 = DIRECTION('',(-0.,1.,-0.));
#11969 = ORIENTED_EDGE('',*,*,#11970,.F.);
#11970 = EDGE_CURVE('',#11932,#11963,#11971,.T.);
#11971 = LINE('',#11972,#11973);
#11972 = CARTESIAN_POINT('',(-11.21254506466,-0.6,-24.59871804796));
#11973 = VECTOR('',#11974,1.);
#11974 = DIRECTION('',(-1.,0.,-2.668805347657E-15));
#11975 = ORIENTED_EDGE('',*,*,#11931,.T.);
#11976 = PLANE('',#11977);
#11977 = AXIS2_PLACEMENT_3D('',#11978,#11979,#11980);
#11978 = CARTESIAN_POINT('',(-11.21254506466,-0.6,-24.59871804796));
#11979 = DIRECTION('',(2.668805347657E-15,0.,-1.));
#11980 = DIRECTION('',(-1.,0.,-2.668805347657E-15));
#11981 = ADVANCED_FACE('',(#11982),#12000,.F.);
#11982 = FACE_BOUND('',#11983,.T.);
#11983 = EDGE_LOOP('',(#11984,#11985,#11993,#11999));
#11984 = ORIENTED_EDGE('',*,*,#3491,.T.);
#11985 = ORIENTED_EDGE('',*,*,#11986,.F.);
#11986 = EDGE_CURVE('',#11987,#3484,#11989,.T.);
#11987 = VERTEX_POINT('',#11988);
#11988 = CARTESIAN_POINT('',(-12.51254506466,-0.6,-26.74526816436));
#11989 = LINE('',#11990,#11991);
#11990 = CARTESIAN_POINT('',(-12.51254506466,-0.6,-26.74526816436));
#11991 = VECTOR('',#11992,1.);
#11992 = DIRECTION('',(-0.,1.,-0.));
#11993 = ORIENTED_EDGE('',*,*,#11994,.F.);
#11994 = EDGE_CURVE('',#11963,#11987,#11995,.T.);
#11995 = LINE('',#11996,#11997);
#11996 = CARTESIAN_POINT('',(-12.51254506466,-0.6,-24.59871804796));
#11997 = VECTOR('',#11998,1.);
#11998 = DIRECTION('',(8.081448752234E-16,0.,-1.));
#11999 = ORIENTED_EDGE('',*,*,#11962,.T.);
#12000 = PLANE('',#12001);
#12001 = AXIS2_PLACEMENT_3D('',#12002,#12003,#12004);
#12002 = CARTESIAN_POINT('',(-12.51254506466,-0.6,-24.59871804796));
#12003 = DIRECTION('',(1.,0.,8.081448752234E-16));
#12004 = DIRECTION('',(8.081448752234E-16,0.,-1.));
#12005 = ADVANCED_FACE('',(#12006),#12017,.F.);
#12006 = FACE_BOUND('',#12007,.T.);
#12007 = EDGE_LOOP('',(#12008,#12009,#12010,#12016));
#12008 = ORIENTED_EDGE('',*,*,#3483,.T.);
#12009 = ORIENTED_EDGE('',*,*,#11947,.F.);
#12010 = ORIENTED_EDGE('',*,*,#12011,.F.);
#12011 = EDGE_CURVE('',#11987,#11940,#12012,.T.);
#12012 = LINE('',#12013,#12014);
#12013 = CARTESIAN_POINT('',(-11.21254506466,-0.6,-26.74526816436));
#12014 = VECTOR('',#12015,1.);
#12015 = DIRECTION('',(1.,-0.,-0.));
#12016 = ORIENTED_EDGE('',*,*,#11986,.T.);
#12017 = PLANE('',#12018);
#12018 = AXIS2_PLACEMENT_3D('',#12019,#12020,#12021);
#12019 = CARTESIAN_POINT('',(-11.21254506466,-0.6,-26.74526816436));
#12020 = DIRECTION('',(0.,0.,1.));
#12021 = DIRECTION('',(1.,0.,-0.));
#12022 = ADVANCED_FACE('',(#12023),#12029,.F.);
#12023 = FACE_BOUND('',#12024,.T.);
#12024 = EDGE_LOOP('',(#12025,#12026,#12027,#12028));
#12025 = ORIENTED_EDGE('',*,*,#11939,.T.);
#12026 = ORIENTED_EDGE('',*,*,#11970,.T.);
#12027 = ORIENTED_EDGE('',*,*,#11994,.T.);
#12028 = ORIENTED_EDGE('',*,*,#12011,.T.);
#12029 = PLANE('',#12030);
#12030 = AXIS2_PLACEMENT_3D('',#12031,#12032,#12033);
#12031 = CARTESIAN_POINT('',(0.,-0.6,0.));
#12032 = DIRECTION('',(0.,1.,0.));
#12033 = DIRECTION('',(0.,-0.,1.));
#12034 = ADVANCED_FACE('',(#12035),#12060,.F.);
#12035 = FACE_BOUND('',#12036,.T.);
#12036 = EDGE_LOOP('',(#12037,#12038,#12046,#12054));
#12037 = ORIENTED_EDGE('',*,*,#4933,.T.);
#12038 = ORIENTED_EDGE('',*,*,#12039,.F.);
#12039 = EDGE_CURVE('',#12040,#4936,#12042,.T.);
#12040 = VERTEX_POINT('',#12041);
#12041 = CARTESIAN_POINT('',(-13.25777299163,-0.6,-24.59871804796));
#12042 = LINE('',#12043,#12044);
#12043 = CARTESIAN_POINT('',(-13.25777299163,-0.6,-24.59871804796));
#12044 = VECTOR('',#12045,1.);
#12045 = DIRECTION('',(-0.,1.,-0.));
#12046 = ORIENTED_EDGE('',*,*,#12047,.F.);
#12047 = EDGE_CURVE('',#12048,#12040,#12050,.T.);
#12048 = VERTEX_POINT('',#12049);
#12049 = CARTESIAN_POINT('',(-13.25777299163,-0.6,-26.74526816436));
#12050 = LINE('',#12051,#12052);
#12051 = CARTESIAN_POINT('',(-13.25777299163,-0.6,-24.59871804796));
#12052 = VECTOR('',#12053,1.);
#12053 = DIRECTION('',(-0.,-0.,1.));
#12054 = ORIENTED_EDGE('',*,*,#12055,.T.);
#12055 = EDGE_CURVE('',#12048,#4934,#12056,.T.);
#12056 = LINE('',#12057,#12058);
#12057 = CARTESIAN_POINT('',(-13.25777299163,-0.6,-26.74526816436));
#12058 = VECTOR('',#12059,1.);
#12059 = DIRECTION('',(-0.,1.,-0.));
#12060 = PLANE('',#12061);
#12061 = AXIS2_PLACEMENT_3D('',#12062,#12063,#12064);
#12062 = CARTESIAN_POINT('',(-13.25777299163,-0.6,-24.59871804796));
#12063 = DIRECTION('',(-1.,0.,-0.));
#12064 = DIRECTION('',(0.,0.,1.));
#12065 = ADVANCED_FACE('',(#12066),#12084,.F.);
#12066 = FACE_BOUND('',#12067,.T.);
#12067 = EDGE_LOOP('',(#12068,#12069,#12077,#12083));
#12068 = ORIENTED_EDGE('',*,*,#4959,.T.);
#12069 = ORIENTED_EDGE('',*,*,#12070,.F.);
#12070 = EDGE_CURVE('',#12071,#4952,#12073,.T.);
#12071 = VERTEX_POINT('',#12072);
#12072 = CARTESIAN_POINT('',(-14.55777299163,-0.6,-24.59871804796));
#12073 = LINE('',#12074,#12075);
#12074 = CARTESIAN_POINT('',(-14.55777299163,-0.6,-24.59871804796));
#12075 = VECTOR('',#12076,1.);
#12076 = DIRECTION('',(-0.,1.,-0.));
#12077 = ORIENTED_EDGE('',*,*,#12078,.F.);
#12078 = EDGE_CURVE('',#12040,#12071,#12079,.T.);
#12079 = LINE('',#12080,#12081);
#12080 = CARTESIAN_POINT('',(-13.25777299163,-0.6,-24.59871804796));
#12081 = VECTOR('',#12082,1.);
#12082 = DIRECTION('',(-1.,0.,-2.668805347657E-15));
#12083 = ORIENTED_EDGE('',*,*,#12039,.T.);
#12084 = PLANE('',#12085);
#12085 = AXIS2_PLACEMENT_3D('',#12086,#12087,#12088);
#12086 = CARTESIAN_POINT('',(-13.25777299163,-0.6,-24.59871804796));
#12087 = DIRECTION('',(2.668805347657E-15,0.,-1.));
#12088 = DIRECTION('',(-1.,0.,-2.668805347657E-15));
#12089 = ADVANCED_FACE('',(#12090),#12108,.F.);
#12090 = FACE_BOUND('',#12091,.T.);
#12091 = EDGE_LOOP('',(#12092,#12093,#12101,#12107));
#12092 = ORIENTED_EDGE('',*,*,#4951,.T.);
#12093 = ORIENTED_EDGE('',*,*,#12094,.F.);
#12094 = EDGE_CURVE('',#12095,#4944,#12097,.T.);
#12095 = VERTEX_POINT('',#12096);
#12096 = CARTESIAN_POINT('',(-14.55777299163,-0.6,-26.74526816436));
#12097 = LINE('',#12098,#12099);
#12098 = CARTESIAN_POINT('',(-14.55777299163,-0.6,-26.74526816436));
#12099 = VECTOR('',#12100,1.);
#12100 = DIRECTION('',(-0.,1.,-0.));
#12101 = ORIENTED_EDGE('',*,*,#12102,.F.);
#12102 = EDGE_CURVE('',#12071,#12095,#12103,.T.);
#12103 = LINE('',#12104,#12105);
#12104 = CARTESIAN_POINT('',(-14.55777299163,-0.6,-24.59871804796));
#12105 = VECTOR('',#12106,1.);
#12106 = DIRECTION('',(8.081448752234E-16,0.,-1.));
#12107 = ORIENTED_EDGE('',*,*,#12070,.T.);
#12108 = PLANE('',#12109);
#12109 = AXIS2_PLACEMENT_3D('',#12110,#12111,#12112);
#12110 = CARTESIAN_POINT('',(-14.55777299163,-0.6,-24.59871804796));
#12111 = DIRECTION('',(1.,0.,8.081448752234E-16));
#12112 = DIRECTION('',(8.081448752234E-16,0.,-1.));
#12113 = ADVANCED_FACE('',(#12114),#12125,.F.);
#12114 = FACE_BOUND('',#12115,.T.);
#12115 = EDGE_LOOP('',(#12116,#12117,#12118,#12124));
#12116 = ORIENTED_EDGE('',*,*,#4943,.T.);
#12117 = ORIENTED_EDGE('',*,*,#12055,.F.);
#12118 = ORIENTED_EDGE('',*,*,#12119,.F.);
#12119 = EDGE_CURVE('',#12095,#12048,#12120,.T.);
#12120 = LINE('',#12121,#12122);
#12121 = CARTESIAN_POINT('',(-13.25777299163,-0.6,-26.74526816436));
#12122 = VECTOR('',#12123,1.);
#12123 = DIRECTION('',(1.,-0.,-0.));
#12124 = ORIENTED_EDGE('',*,*,#12094,.T.);
#12125 = PLANE('',#12126);
#12126 = AXIS2_PLACEMENT_3D('',#12127,#12128,#12129);
#12127 = CARTESIAN_POINT('',(-13.25777299163,-0.6,-26.74526816436));
#12128 = DIRECTION('',(0.,0.,1.));
#12129 = DIRECTION('',(1.,0.,-0.));
#12130 = ADVANCED_FACE('',(#12131),#12137,.F.);
#12131 = FACE_BOUND('',#12132,.T.);
#12132 = EDGE_LOOP('',(#12133,#12134,#12135,#12136));
#12133 = ORIENTED_EDGE('',*,*,#12047,.T.);
#12134 = ORIENTED_EDGE('',*,*,#12078,.T.);
#12135 = ORIENTED_EDGE('',*,*,#12102,.T.);
#12136 = ORIENTED_EDGE('',*,*,#12119,.T.);
#12137 = PLANE('',#12138);
#12138 = AXIS2_PLACEMENT_3D('',#12139,#12140,#12141);
#12139 = CARTESIAN_POINT('',(0.,-0.6,0.));
#12140 = DIRECTION('',(0.,1.,0.));
#12141 = DIRECTION('',(0.,-0.,1.));
#12142 = ADVANCED_FACE('',(#12143),#12168,.F.);
#12143 = FACE_BOUND('',#12144,.T.);
#12144 = EDGE_LOOP('',(#12145,#12146,#12154,#12162));
#12145 = ORIENTED_EDGE('',*,*,#3439,.T.);
#12146 = ORIENTED_EDGE('',*,*,#12147,.F.);
#12147 = EDGE_CURVE('',#12148,#3442,#12150,.T.);
#12148 = VERTEX_POINT('',#12149);
#12149 = CARTESIAN_POINT('',(0.654462268665,-0.6,-17.81559116569));
#12150 = LINE('',#12151,#12152);
#12151 = CARTESIAN_POINT('',(0.654462268665,-0.6,-17.81559116569));
#12152 = VECTOR('',#12153,1.);
#12153 = DIRECTION('',(-0.,1.,-0.));
#12154 = ORIENTED_EDGE('',*,*,#12155,.F.);
#12155 = EDGE_CURVE('',#12156,#12148,#12158,.T.);
#12156 = VERTEX_POINT('',#12157);
#12157 = CARTESIAN_POINT('',(0.654462268665,-0.6,-19.68345262977));
#12158 = LINE('',#12159,#12160);
#12159 = CARTESIAN_POINT('',(0.654462268665,-0.6,-17.81559116569));
#12160 = VECTOR('',#12161,1.);
#12161 = DIRECTION('',(-2.20571403965E-15,-0.,1.));
#12162 = ORIENTED_EDGE('',*,*,#12163,.T.);
#12163 = EDGE_CURVE('',#12156,#3440,#12164,.T.);
#12164 = LINE('',#12165,#12166);
#12165 = CARTESIAN_POINT('',(0.654462268665,-0.6,-19.68345262977));
#12166 = VECTOR('',#12167,1.);
#12167 = DIRECTION('',(-0.,1.,-0.));
#12168 = PLANE('',#12169);
#12169 = AXIS2_PLACEMENT_3D('',#12170,#12171,#12172);
#12170 = CARTESIAN_POINT('',(0.654462268665,-0.6,-17.81559116569));
#12171 = DIRECTION('',(-1.,0.,-2.20571403965E-15));
#12172 = DIRECTION('',(-2.20571403965E-15,0.,1.));
#12173 = ADVANCED_FACE('',(#12174),#12192,.F.);
#12174 = FACE_BOUND('',#12175,.T.);
#12175 = EDGE_LOOP('',(#12176,#12177,#12185,#12191));
#12176 = ORIENTED_EDGE('',*,*,#3465,.T.);
#12177 = ORIENTED_EDGE('',*,*,#12178,.F.);
#12178 = EDGE_CURVE('',#12179,#3458,#12181,.T.);
#12179 = VERTEX_POINT('',#12180);
#12180 = CARTESIAN_POINT('',(-0.8398269026,-0.6,-17.81559116569));
#12181 = LINE('',#12182,#12183);
#12182 = CARTESIAN_POINT('',(-0.8398269026,-0.6,-17.81559116569));
#12183 = VECTOR('',#12184,1.);
#12184 = DIRECTION('',(-0.,1.,-0.));
#12185 = ORIENTED_EDGE('',*,*,#12186,.F.);
#12186 = EDGE_CURVE('',#12148,#12179,#12187,.T.);
#12187 = LINE('',#12188,#12189);
#12188 = CARTESIAN_POINT('',(0.654462268665,-0.6,-17.81559116569));
#12189 = VECTOR('',#12190,1.);
#12190 = DIRECTION('',(-1.,-0.,0.));
#12191 = ORIENTED_EDGE('',*,*,#12147,.T.);
#12192 = PLANE('',#12193);
#12193 = AXIS2_PLACEMENT_3D('',#12194,#12195,#12196);
#12194 = CARTESIAN_POINT('',(0.654462268665,-0.6,-17.81559116569));
#12195 = DIRECTION('',(0.,0.,-1.));
#12196 = DIRECTION('',(-1.,0.,-0.));
#12197 = ADVANCED_FACE('',(#12198),#12216,.F.);
#12198 = FACE_BOUND('',#12199,.T.);
#12199 = EDGE_LOOP('',(#12200,#12201,#12209,#12215));
#12200 = ORIENTED_EDGE('',*,*,#3457,.T.);
#12201 = ORIENTED_EDGE('',*,*,#12202,.F.);
#12202 = EDGE_CURVE('',#12203,#3450,#12205,.T.);
#12203 = VERTEX_POINT('',#12204);
#12204 = CARTESIAN_POINT('',(-0.8398269026,-0.6,-19.68345262977));
#12205 = LINE('',#12206,#12207);
#12206 = CARTESIAN_POINT('',(-0.8398269026,-0.6,-19.68345262977));
#12207 = VECTOR('',#12208,1.);
#12208 = DIRECTION('',(-0.,1.,-0.));
#12209 = ORIENTED_EDGE('',*,*,#12210,.F.);
#12210 = EDGE_CURVE('',#12179,#12203,#12211,.T.);
#12211 = LINE('',#12212,#12213);
#12212 = CARTESIAN_POINT('',(-0.8398269026,-0.6,-17.81559116569));
#12213 = VECTOR('',#12214,1.);
#12214 = DIRECTION('',(1.160902126132E-16,0.,-1.));
#12215 = ORIENTED_EDGE('',*,*,#12178,.T.);
#12216 = PLANE('',#12217);
#12217 = AXIS2_PLACEMENT_3D('',#12218,#12219,#12220);
#12218 = CARTESIAN_POINT('',(-0.8398269026,-0.6,-17.81559116569));
#12219 = DIRECTION('',(1.,0.,1.160902126132E-16));
#12220 = DIRECTION('',(1.160902126132E-16,0.,-1.));
#12221 = ADVANCED_FACE('',(#12222),#12233,.F.);
#12222 = FACE_BOUND('',#12223,.T.);
#12223 = EDGE_LOOP('',(#12224,#12225,#12226,#12232));
#12224 = ORIENTED_EDGE('',*,*,#3449,.T.);
#12225 = ORIENTED_EDGE('',*,*,#12163,.F.);
#12226 = ORIENTED_EDGE('',*,*,#12227,.F.);
#12227 = EDGE_CURVE('',#12203,#12156,#12228,.T.);
#12228 = LINE('',#12229,#12230);
#12229 = CARTESIAN_POINT('',(0.654462268665,-0.6,-19.68345262977));
#12230 = VECTOR('',#12231,1.);
#12231 = DIRECTION('',(1.,0.,-0.));
#12232 = ORIENTED_EDGE('',*,*,#12202,.T.);
#12233 = PLANE('',#12234);
#12234 = AXIS2_PLACEMENT_3D('',#12235,#12236,#12237);
#12235 = CARTESIAN_POINT('',(0.654462268665,-0.6,-19.68345262977));
#12236 = DIRECTION('',(0.,0.,1.));
#12237 = DIRECTION('',(1.,0.,-0.));
#12238 = ADVANCED_FACE('',(#12239),#12245,.F.);
#12239 = FACE_BOUND('',#12240,.T.);
#12240 = EDGE_LOOP('',(#12241,#12242,#12243,#12244));
#12241 = ORIENTED_EDGE('',*,*,#12155,.T.);
#12242 = ORIENTED_EDGE('',*,*,#12186,.T.);
#12243 = ORIENTED_EDGE('',*,*,#12210,.T.);
#12244 = ORIENTED_EDGE('',*,*,#12227,.T.);
#12245 = PLANE('',#12246);
#12246 = AXIS2_PLACEMENT_3D('',#12247,#12248,#12249);
#12247 = CARTESIAN_POINT('',(0.,-0.6,0.));
#12248 = DIRECTION('',(0.,1.,0.));
#12249 = DIRECTION('',(0.,-0.,1.));
#12250 = ADVANCED_FACE('',(#12251),#12276,.F.);
#12251 = FACE_BOUND('',#12252,.T.);
#12252 = EDGE_LOOP('',(#12253,#12254,#12262,#12270));
#12253 = ORIENTED_EDGE('',*,*,#4967,.T.);
#12254 = ORIENTED_EDGE('',*,*,#12255,.F.);
#12255 = EDGE_CURVE('',#12256,#4970,#12258,.T.);
#12256 = VERTEX_POINT('',#12257);
#12257 = CARTESIAN_POINT('',(-9.975367517831,-0.6,-18.08728010592));
#12258 = LINE('',#12259,#12260);
#12259 = CARTESIAN_POINT('',(-9.975367517831,-0.6,-18.08728010592));
#12260 = VECTOR('',#12261,1.);
#12261 = DIRECTION('',(-0.,1.,-0.));
#12262 = ORIENTED_EDGE('',*,*,#12263,.F.);
#12263 = EDGE_CURVE('',#12264,#12256,#12266,.T.);
#12264 = VERTEX_POINT('',#12265);
#12265 = CARTESIAN_POINT('',(-9.975367517831,-0.6,-18.97026916167));
#12266 = LINE('',#12267,#12268);
#12267 = CARTESIAN_POINT('',(-9.975367517831,-0.6,-18.08728010592));
#12268 = VECTOR('',#12269,1.);
#12269 = DIRECTION('',(-0.,-0.,1.));
#12270 = ORIENTED_EDGE('',*,*,#12271,.T.);
#12271 = EDGE_CURVE('',#12264,#4968,#12272,.T.);
#12272 = LINE('',#12273,#12274);
#12273 = CARTESIAN_POINT('',(-9.975367517831,-0.6,-18.97026916167));
#12274 = VECTOR('',#12275,1.);
#12275 = DIRECTION('',(-0.,1.,-0.));
#12276 = PLANE('',#12277);
#12277 = AXIS2_PLACEMENT_3D('',#12278,#12279,#12280);
#12278 = CARTESIAN_POINT('',(-9.975367517831,-0.6,-18.08728010592));
#12279 = DIRECTION('',(-1.,0.,-0.));
#12280 = DIRECTION('',(0.,0.,1.));
#12281 = ADVANCED_FACE('',(#12282),#12300,.F.);
#12282 = FACE_BOUND('',#12283,.T.);
#12283 = EDGE_LOOP('',(#12284,#12285,#12293,#12299));
#12284 = ORIENTED_EDGE('',*,*,#4993,.T.);
#12285 = ORIENTED_EDGE('',*,*,#12286,.F.);
#12286 = EDGE_CURVE('',#12287,#4986,#12289,.T.);
#12287 = VERTEX_POINT('',#12288);
#12288 = CARTESIAN_POINT('',(-11.67342339426,-0.6,-18.08728010592));
#12289 = LINE('',#12290,#12291);
#12290 = CARTESIAN_POINT('',(-11.67342339426,-0.6,-18.08728010592));
#12291 = VECTOR('',#12292,1.);
#12292 = DIRECTION('',(-0.,1.,-0.));
#12293 = ORIENTED_EDGE('',*,*,#12294,.F.);
#12294 = EDGE_CURVE('',#12256,#12287,#12295,.T.);
#12295 = LINE('',#12296,#12297);
#12296 = CARTESIAN_POINT('',(-9.975367517831,-0.6,-18.08728010592));
#12297 = VECTOR('',#12298,1.);
#12298 = DIRECTION('',(-1.,0.,0.));
#12299 = ORIENTED_EDGE('',*,*,#12255,.T.);
#12300 = PLANE('',#12301);
#12301 = AXIS2_PLACEMENT_3D('',#12302,#12303,#12304);
#12302 = CARTESIAN_POINT('',(-9.975367517831,-0.6,-18.08728010592));
#12303 = DIRECTION('',(-0.,0.,-1.));
#12304 = DIRECTION('',(-1.,0.,0.));
#12305 = ADVANCED_FACE('',(#12306),#12324,.F.);
#12306 = FACE_BOUND('',#12307,.T.);
#12307 = EDGE_LOOP('',(#12308,#12309,#12317,#12323));
#12308 = ORIENTED_EDGE('',*,*,#4985,.T.);
#12309 = ORIENTED_EDGE('',*,*,#12310,.F.);
#12310 = EDGE_CURVE('',#12311,#4978,#12313,.T.);
#12311 = VERTEX_POINT('',#12312);
#12312 = CARTESIAN_POINT('',(-11.67342339426,-0.6,-18.97026916167));
#12313 = LINE('',#12314,#12315);
#12314 = CARTESIAN_POINT('',(-11.67342339426,-0.6,-18.97026916167));
#12315 = VECTOR('',#12316,1.);
#12316 = DIRECTION('',(-0.,1.,-0.));
#12317 = ORIENTED_EDGE('',*,*,#12318,.F.);
#12318 = EDGE_CURVE('',#12287,#12311,#12319,.T.);
#12319 = LINE('',#12320,#12321);
#12320 = CARTESIAN_POINT('',(-11.67342339426,-0.6,-18.08728010592));
#12321 = VECTOR('',#12322,1.);
#12322 = DIRECTION('',(0.,0.,-1.));
#12323 = ORIENTED_EDGE('',*,*,#12286,.T.);
#12324 = PLANE('',#12325);
#12325 = AXIS2_PLACEMENT_3D('',#12326,#12327,#12328);
#12326 = CARTESIAN_POINT('',(-11.67342339426,-0.6,-18.08728010592));
#12327 = DIRECTION('',(1.,0.,0.));
#12328 = DIRECTION('',(0.,0.,-1.));
#12329 = ADVANCED_FACE('',(#12330),#12341,.F.);
#12330 = FACE_BOUND('',#12331,.T.);
#12331 = EDGE_LOOP('',(#12332,#12333,#12334,#12340));
#12332 = ORIENTED_EDGE('',*,*,#4977,.T.);
#12333 = ORIENTED_EDGE('',*,*,#12271,.F.);
#12334 = ORIENTED_EDGE('',*,*,#12335,.F.);
#12335 = EDGE_CURVE('',#12311,#12264,#12336,.T.);
#12336 = LINE('',#12337,#12338);
#12337 = CARTESIAN_POINT('',(-9.975367517831,-0.6,-18.97026916167));
#12338 = VECTOR('',#12339,1.);
#12339 = DIRECTION('',(1.,-0.,-0.));
#12340 = ORIENTED_EDGE('',*,*,#12310,.T.);
#12341 = PLANE('',#12342);
#12342 = AXIS2_PLACEMENT_3D('',#12343,#12344,#12345);
#12343 = CARTESIAN_POINT('',(-9.975367517831,-0.6,-18.97026916167));
#12344 = DIRECTION('',(0.,0.,1.));
#12345 = DIRECTION('',(1.,0.,-0.));
#12346 = ADVANCED_FACE('',(#12347),#12353,.F.);
#12347 = FACE_BOUND('',#12348,.T.);
#12348 = EDGE_LOOP('',(#12349,#12350,#12351,#12352));
#12349 = ORIENTED_EDGE('',*,*,#12263,.T.);
#12350 = ORIENTED_EDGE('',*,*,#12294,.T.);
#12351 = ORIENTED_EDGE('',*,*,#12318,.T.);
#12352 = ORIENTED_EDGE('',*,*,#12335,.T.);
#12353 = PLANE('',#12354);
#12354 = AXIS2_PLACEMENT_3D('',#12355,#12356,#12357);
#12355 = CARTESIAN_POINT('',(0.,-0.6,0.));
#12356 = DIRECTION('',(0.,1.,0.));
#12357 = DIRECTION('',(0.,-0.,1.));
#12358 = ADVANCED_FACE('',(#12359),#12384,.F.);
#12359 = FACE_BOUND('',#12360,.T.);
#12360 = EDGE_LOOP('',(#12361,#12362,#12370,#12378));
#12361 = ORIENTED_EDGE('',*,*,#3405,.T.);
#12362 = ORIENTED_EDGE('',*,*,#12363,.F.);
#12363 = EDGE_CURVE('',#12364,#3408,#12366,.T.);
#12364 = VERTEX_POINT('',#12365);
#12365 = CARTESIAN_POINT('',(-1.223282014118,-0.6,3.593984555562));
#12366 = LINE('',#12367,#12368);
#12367 = CARTESIAN_POINT('',(-1.223282014118,-0.6,3.593984555562));
#12368 = VECTOR('',#12369,1.);
#12369 = DIRECTION('',(-0.,1.,-0.));
#12370 = ORIENTED_EDGE('',*,*,#12371,.F.);
#12371 = EDGE_CURVE('',#12372,#12364,#12374,.T.);
#12372 = VERTEX_POINT('',#12373);
#12373 = CARTESIAN_POINT('',(-1.223282014118,-0.6,1.828249355482));
#12374 = LINE('',#12375,#12376);
#12375 = CARTESIAN_POINT('',(-1.223282014118,-0.6,3.593984555562));
#12376 = VECTOR('',#12377,1.);
#12377 = DIRECTION('',(-0.,-0.,1.));
#12378 = ORIENTED_EDGE('',*,*,#12379,.T.);
#12379 = EDGE_CURVE('',#12372,#3406,#12380,.T.);
#12380 = LINE('',#12381,#12382);
#12381 = CARTESIAN_POINT('',(-1.223282014118,-0.6,1.828249355482));
#12382 = VECTOR('',#12383,1.);
#12383 = DIRECTION('',(-0.,1.,-0.));
#12384 = PLANE('',#12385);
#12385 = AXIS2_PLACEMENT_3D('',#12386,#12387,#12388);
#12386 = CARTESIAN_POINT('',(-1.223282014118,-0.6,3.593984555562));
#12387 = DIRECTION('',(-1.,0.,-0.));
#12388 = DIRECTION('',(0.,0.,1.));
#12389 = ADVANCED_FACE('',(#12390),#12408,.F.);
#12390 = FACE_BOUND('',#12391,.T.);
#12391 = EDGE_LOOP('',(#12392,#12393,#12401,#12407));
#12392 = ORIENTED_EDGE('',*,*,#3431,.T.);
#12393 = ORIENTED_EDGE('',*,*,#12394,.F.);
#12394 = EDGE_CURVE('',#12395,#3424,#12397,.T.);
#12395 = VERTEX_POINT('',#12396);
#12396 = CARTESIAN_POINT('',(-2.667974450547,-0.6,3.593984555562));
#12397 = LINE('',#12398,#12399);
#12398 = CARTESIAN_POINT('',(-2.667974450547,-0.6,3.593984555562));
#12399 = VECTOR('',#12400,1.);
#12400 = DIRECTION('',(-0.,1.,-0.));
#12401 = ORIENTED_EDGE('',*,*,#12402,.F.);
#12402 = EDGE_CURVE('',#12364,#12395,#12403,.T.);
#12403 = LINE('',#12404,#12405);
#12404 = CARTESIAN_POINT('',(-1.223282014118,-0.6,3.593984555562));
#12405 = VECTOR('',#12406,1.);
#12406 = DIRECTION('',(-1.,0.,0.));
#12407 = ORIENTED_EDGE('',*,*,#12363,.T.);
#12408 = PLANE('',#12409);
#12409 = AXIS2_PLACEMENT_3D('',#12410,#12411,#12412);
#12410 = CARTESIAN_POINT('',(-1.223282014118,-0.6,3.593984555562));
#12411 = DIRECTION('',(-0.,0.,-1.));
#12412 = DIRECTION('',(-1.,0.,0.));
#12413 = ADVANCED_FACE('',(#12414),#12432,.F.);
#12414 = FACE_BOUND('',#12415,.T.);
#12415 = EDGE_LOOP('',(#12416,#12417,#12425,#12431));
#12416 = ORIENTED_EDGE('',*,*,#3423,.T.);
#12417 = ORIENTED_EDGE('',*,*,#12418,.F.);
#12418 = EDGE_CURVE('',#12419,#3416,#12421,.T.);
#12419 = VERTEX_POINT('',#12420);
#12420 = CARTESIAN_POINT('',(-2.667974450547,-0.6,1.828249355482));
#12421 = LINE('',#12422,#12423);
#12422 = CARTESIAN_POINT('',(-2.667974450547,-0.6,1.828249355482));
#12423 = VECTOR('',#12424,1.);
#12424 = DIRECTION('',(-0.,1.,-0.));
#12425 = ORIENTED_EDGE('',*,*,#12426,.F.);
#12426 = EDGE_CURVE('',#12395,#12419,#12427,.T.);
#12427 = LINE('',#12428,#12429);
#12428 = CARTESIAN_POINT('',(-2.667974450547,-0.6,3.593984555562));
#12429 = VECTOR('',#12430,1.);
#12430 = DIRECTION('',(0.,0.,-1.));
#12431 = ORIENTED_EDGE('',*,*,#12394,.T.);
#12432 = PLANE('',#12433);
#12433 = AXIS2_PLACEMENT_3D('',#12434,#12435,#12436);
#12434 = CARTESIAN_POINT('',(-2.667974450547,-0.6,3.593984555562));
#12435 = DIRECTION('',(1.,0.,0.));
#12436 = DIRECTION('',(0.,0.,-1.));
#12437 = ADVANCED_FACE('',(#12438),#12449,.F.);
#12438 = FACE_BOUND('',#12439,.T.);
#12439 = EDGE_LOOP('',(#12440,#12441,#12442,#12448));
#12440 = ORIENTED_EDGE('',*,*,#3415,.T.);
#12441 = ORIENTED_EDGE('',*,*,#12379,.F.);
#12442 = ORIENTED_EDGE('',*,*,#12443,.F.);
#12443 = EDGE_CURVE('',#12419,#12372,#12444,.T.);
#12444 = LINE('',#12445,#12446);
#12445 = CARTESIAN_POINT('',(-1.223282014118,-0.6,1.828249355482));
#12446 = VECTOR('',#12447,1.);
#12447 = DIRECTION('',(1.,-0.,-0.));
#12448 = ORIENTED_EDGE('',*,*,#12418,.T.);
#12449 = PLANE('',#12450);
#12450 = AXIS2_PLACEMENT_3D('',#12451,#12452,#12453);
#12451 = CARTESIAN_POINT('',(-1.223282014118,-0.6,1.828249355482));
#12452 = DIRECTION('',(0.,0.,1.));
#12453 = DIRECTION('',(1.,0.,-0.));
#12454 = ADVANCED_FACE('',(#12455),#12461,.F.);
#12455 = FACE_BOUND('',#12456,.T.);
#12456 = EDGE_LOOP('',(#12457,#12458,#12459,#12460));
#12457 = ORIENTED_EDGE('',*,*,#12371,.T.);
#12458 = ORIENTED_EDGE('',*,*,#12402,.T.);
#12459 = ORIENTED_EDGE('',*,*,#12426,.T.);
#12460 = ORIENTED_EDGE('',*,*,#12443,.T.);
#12461 = PLANE('',#12462);
#12462 = AXIS2_PLACEMENT_3D('',#12463,#12464,#12465);
#12463 = CARTESIAN_POINT('',(0.,-0.6,0.));
#12464 = DIRECTION('',(0.,1.,0.));
#12465 = DIRECTION('',(0.,-0.,1.));
#12466 = ADVANCED_FACE('',(#12467),#12492,.F.);
#12467 = FACE_BOUND('',#12468,.T.);
#12468 = EDGE_LOOP('',(#12469,#12470,#12478,#12486));
#12469 = ORIENTED_EDGE('',*,*,#5001,.T.);
#12470 = ORIENTED_EDGE('',*,*,#12471,.F.);
#12471 = EDGE_CURVE('',#12472,#5004,#12474,.T.);
#12472 = VERTEX_POINT('',#12473);
#12473 = CARTESIAN_POINT('',(-2.255205182995,-0.6,-2.75807583953));
#12474 = LINE('',#12475,#12476);
#12475 = CARTESIAN_POINT('',(-2.255205182995,-0.6,-2.75807583953));
#12476 = VECTOR('',#12477,1.);
#12477 = DIRECTION('',(-0.,1.,-0.));
#12478 = ORIENTED_EDGE('',*,*,#12479,.F.);
#12479 = EDGE_CURVE('',#12480,#12472,#12482,.T.);
#12480 = VERTEX_POINT('',#12481);
#12481 = CARTESIAN_POINT('',(-2.255205182995,-0.6,-4.516004946799));
#12482 = LINE('',#12483,#12484);
#12483 = CARTESIAN_POINT('',(-2.255205182995,-0.6,-2.75807583953));
#12484 = VECTOR('',#12485,1.);
#12485 = DIRECTION('',(-0.,-0.,1.));
#12486 = ORIENTED_EDGE('',*,*,#12487,.T.);
#12487 = EDGE_CURVE('',#12480,#5002,#12488,.T.);
#12488 = LINE('',#12489,#12490);
#12489 = CARTESIAN_POINT('',(-2.255205182995,-0.6,-4.516004946799));
#12490 = VECTOR('',#12491,1.);
#12491 = DIRECTION('',(-0.,1.,-0.));
#12492 = PLANE('',#12493);
#12493 = AXIS2_PLACEMENT_3D('',#12494,#12495,#12496);
#12494 = CARTESIAN_POINT('',(-2.255205182995,-0.6,-2.75807583953));
#12495 = DIRECTION('',(-1.,0.,-0.));
#12496 = DIRECTION('',(0.,0.,1.));
#12497 = ADVANCED_FACE('',(#12498),#12516,.F.);
#12498 = FACE_BOUND('',#12499,.T.);
#12499 = EDGE_LOOP('',(#12500,#12501,#12509,#12515));
#12500 = ORIENTED_EDGE('',*,*,#5027,.T.);
#12501 = ORIENTED_EDGE('',*,*,#12502,.F.);
#12502 = EDGE_CURVE('',#12503,#5020,#12505,.T.);
#12503 = VERTEX_POINT('',#12504);
#12504 = CARTESIAN_POINT('',(-3.172470221998,-0.6,-2.75807583953));
#12505 = LINE('',#12506,#12507);
#12506 = CARTESIAN_POINT('',(-3.172470221998,-0.6,-2.75807583953));
#12507 = VECTOR('',#12508,1.);
#12508 = DIRECTION('',(-0.,1.,-0.));
#12509 = ORIENTED_EDGE('',*,*,#12510,.F.);
#12510 = EDGE_CURVE('',#12472,#12503,#12511,.T.);
#12511 = LINE('',#12512,#12513);
#12512 = CARTESIAN_POINT('',(-2.255205182995,-0.6,-2.75807583953));
#12513 = VECTOR('',#12514,1.);
#12514 = DIRECTION('',(-1.,0.,0.));
#12515 = ORIENTED_EDGE('',*,*,#12471,.T.);
#12516 = PLANE('',#12517);
#12517 = AXIS2_PLACEMENT_3D('',#12518,#12519,#12520);
#12518 = CARTESIAN_POINT('',(-2.255205182995,-0.6,-2.75807583953));
#12519 = DIRECTION('',(-0.,0.,-1.));
#12520 = DIRECTION('',(-1.,0.,0.));
#12521 = ADVANCED_FACE('',(#12522),#12540,.F.);
#12522 = FACE_BOUND('',#12523,.T.);
#12523 = EDGE_LOOP('',(#12524,#12525,#12533,#12539));
#12524 = ORIENTED_EDGE('',*,*,#5019,.T.);
#12525 = ORIENTED_EDGE('',*,*,#12526,.F.);
#12526 = EDGE_CURVE('',#12527,#5012,#12529,.T.);
#12527 = VERTEX_POINT('',#12528);
#12528 = CARTESIAN_POINT('',(-3.172470221998,-0.6,-4.516004946799));
#12529 = LINE('',#12530,#12531);
#12530 = CARTESIAN_POINT('',(-3.172470221998,-0.6,-4.516004946799));
#12531 = VECTOR('',#12532,1.);
#12532 = DIRECTION('',(-0.,1.,-0.));
#12533 = ORIENTED_EDGE('',*,*,#12534,.F.);
#12534 = EDGE_CURVE('',#12503,#12527,#12535,.T.);
#12535 = LINE('',#12536,#12537);
#12536 = CARTESIAN_POINT('',(-3.172470221998,-0.6,-2.75807583953));
#12537 = VECTOR('',#12538,1.);
#12538 = DIRECTION('',(0.,0.,-1.));
#12539 = ORIENTED_EDGE('',*,*,#12502,.T.);
#12540 = PLANE('',#12541);
#12541 = AXIS2_PLACEMENT_3D('',#12542,#12543,#12544);
#12542 = CARTESIAN_POINT('',(-3.172470221998,-0.6,-2.75807583953));
#12543 = DIRECTION('',(1.,0.,0.));
#12544 = DIRECTION('',(0.,0.,-1.));
#12545 = ADVANCED_FACE('',(#12546),#12557,.F.);
#12546 = FACE_BOUND('',#12547,.T.);
#12547 = EDGE_LOOP('',(#12548,#12549,#12550,#12556));
#12548 = ORIENTED_EDGE('',*,*,#5011,.T.);
#12549 = ORIENTED_EDGE('',*,*,#12487,.F.);
#12550 = ORIENTED_EDGE('',*,*,#12551,.F.);
#12551 = EDGE_CURVE('',#12527,#12480,#12552,.T.);
#12552 = LINE('',#12553,#12554);
#12553 = CARTESIAN_POINT('',(-2.255205182995,-0.6,-4.516004946799));
#12554 = VECTOR('',#12555,1.);
#12555 = DIRECTION('',(1.,-0.,-0.));
#12556 = ORIENTED_EDGE('',*,*,#12526,.T.);
#12557 = PLANE('',#12558);
#12558 = AXIS2_PLACEMENT_3D('',#12559,#12560,#12561);
#12559 = CARTESIAN_POINT('',(-2.255205182995,-0.6,-4.516004946799));
#12560 = DIRECTION('',(0.,0.,1.));
#12561 = DIRECTION('',(1.,0.,-0.));
#12562 = ADVANCED_FACE('',(#12563),#12569,.F.);
#12563 = FACE_BOUND('',#12564,.T.);
#12564 = EDGE_LOOP('',(#12565,#12566,#12567,#12568));
#12565 = ORIENTED_EDGE('',*,*,#12479,.T.);
#12566 = ORIENTED_EDGE('',*,*,#12510,.T.);
#12567 = ORIENTED_EDGE('',*,*,#12534,.T.);
#12568 = ORIENTED_EDGE('',*,*,#12551,.T.);
#12569 = PLANE('',#12570);
#12570 = AXIS2_PLACEMENT_3D('',#12571,#12572,#12573);
#12571 = CARTESIAN_POINT('',(0.,-0.6,0.));
#12572 = DIRECTION('',(0.,1.,0.));
#12573 = DIRECTION('',(0.,-0.,1.));
#12574 = ADVANCED_FACE('',(#12575),#12600,.F.);
#12575 = FACE_BOUND('',#12576,.T.);
#12576 = EDGE_LOOP('',(#12577,#12578,#12586,#12594));
#12577 = ORIENTED_EDGE('',*,*,#3371,.T.);
#12578 = ORIENTED_EDGE('',*,*,#12579,.F.);
#12579 = EDGE_CURVE('',#12580,#3374,#12582,.T.);
#12580 = VERTEX_POINT('',#12581);
#12581 = CARTESIAN_POINT('',(-4.640094284402,-0.6,-2.75807583953));
#12582 = LINE('',#12583,#12584);
#12583 = CARTESIAN_POINT('',(-4.640094284402,-0.6,-2.75807583953));
#12584 = VECTOR('',#12585,1.);
#12585 = DIRECTION('',(-0.,1.,-0.));
#12586 = ORIENTED_EDGE('',*,*,#12587,.F.);
#12587 = EDGE_CURVE('',#12588,#12580,#12590,.T.);
#12588 = VERTEX_POINT('',#12589);
#12589 = CARTESIAN_POINT('',(-4.640094284402,-0.6,-4.516004946799));
#12590 = LINE('',#12591,#12592);
#12591 = CARTESIAN_POINT('',(-4.640094284402,-0.6,-2.75807583953));
#12592 = VECTOR('',#12593,1.);
#12593 = DIRECTION('',(-0.,-0.,1.));
#12594 = ORIENTED_EDGE('',*,*,#12595,.T.);
#12595 = EDGE_CURVE('',#12588,#3372,#12596,.T.);
#12596 = LINE('',#12597,#12598);
#12597 = CARTESIAN_POINT('',(-4.640094284402,-0.6,-4.516004946799));
#12598 = VECTOR('',#12599,1.);
#12599 = DIRECTION('',(-0.,1.,-0.));
#12600 = PLANE('',#12601);
#12601 = AXIS2_PLACEMENT_3D('',#12602,#12603,#12604);
#12602 = CARTESIAN_POINT('',(-4.640094284402,-0.6,-2.75807583953));
#12603 = DIRECTION('',(-1.,0.,-0.));
#12604 = DIRECTION('',(0.,0.,1.));
#12605 = ADVANCED_FACE('',(#12606),#12624,.F.);
#12606 = FACE_BOUND('',#12607,.T.);
#12607 = EDGE_LOOP('',(#12608,#12609,#12617,#12623));
#12608 = ORIENTED_EDGE('',*,*,#3397,.T.);
#12609 = ORIENTED_EDGE('',*,*,#12610,.F.);
#12610 = EDGE_CURVE('',#12611,#3390,#12613,.T.);
#12611 = VERTEX_POINT('',#12612);
#12612 = CARTESIAN_POINT('',(-5.534427697429,-0.6,-2.75807583953));
#12613 = LINE('',#12614,#12615);
#12614 = CARTESIAN_POINT('',(-5.534427697429,-0.6,-2.75807583953));
#12615 = VECTOR('',#12616,1.);
#12616 = DIRECTION('',(-0.,1.,-0.));
#12617 = ORIENTED_EDGE('',*,*,#12618,.F.);
#12618 = EDGE_CURVE('',#12580,#12611,#12619,.T.);
#12619 = LINE('',#12620,#12621);
#12620 = CARTESIAN_POINT('',(-4.640094284402,-0.6,-2.75807583953));
#12621 = VECTOR('',#12622,1.);
#12622 = DIRECTION('',(-1.,0.,0.));
#12623 = ORIENTED_EDGE('',*,*,#12579,.T.);
#12624 = PLANE('',#12625);
#12625 = AXIS2_PLACEMENT_3D('',#12626,#12627,#12628);
#12626 = CARTESIAN_POINT('',(-4.640094284402,-0.6,-2.75807583953));
#12627 = DIRECTION('',(-0.,0.,-1.));
#12628 = DIRECTION('',(-1.,0.,0.));
#12629 = ADVANCED_FACE('',(#12630),#12648,.F.);
#12630 = FACE_BOUND('',#12631,.T.);
#12631 = EDGE_LOOP('',(#12632,#12633,#12641,#12647));
#12632 = ORIENTED_EDGE('',*,*,#3389,.T.);
#12633 = ORIENTED_EDGE('',*,*,#12634,.F.);
#12634 = EDGE_CURVE('',#12635,#3382,#12637,.T.);
#12635 = VERTEX_POINT('',#12636);
#12636 = CARTESIAN_POINT('',(-5.534427697429,-0.6,-4.516004946799));
#12637 = LINE('',#12638,#12639);
#12638 = CARTESIAN_POINT('',(-5.534427697429,-0.6,-4.516004946799));
#12639 = VECTOR('',#12640,1.);
#12640 = DIRECTION('',(-0.,1.,-0.));
#12641 = ORIENTED_EDGE('',*,*,#12642,.F.);
#12642 = EDGE_CURVE('',#12611,#12635,#12643,.T.);
#12643 = LINE('',#12644,#12645);
#12644 = CARTESIAN_POINT('',(-5.534427697429,-0.6,-2.75807583953));
#12645 = VECTOR('',#12646,1.);
#12646 = DIRECTION('',(0.,0.,-1.));
#12647 = ORIENTED_EDGE('',*,*,#12610,.T.);
#12648 = PLANE('',#12649);
#12649 = AXIS2_PLACEMENT_3D('',#12650,#12651,#12652);
#12650 = CARTESIAN_POINT('',(-5.534427697429,-0.6,-2.75807583953));
#12651 = DIRECTION('',(1.,0.,0.));
#12652 = DIRECTION('',(0.,0.,-1.));
#12653 = ADVANCED_FACE('',(#12654),#12665,.F.);
#12654 = FACE_BOUND('',#12655,.T.);
#12655 = EDGE_LOOP('',(#12656,#12657,#12658,#12664));
#12656 = ORIENTED_EDGE('',*,*,#3381,.T.);
#12657 = ORIENTED_EDGE('',*,*,#12595,.F.);
#12658 = ORIENTED_EDGE('',*,*,#12659,.F.);
#12659 = EDGE_CURVE('',#12635,#12588,#12660,.T.);
#12660 = LINE('',#12661,#12662);
#12661 = CARTESIAN_POINT('',(-4.640094284402,-0.6,-4.516004946799));
#12662 = VECTOR('',#12663,1.);
#12663 = DIRECTION('',(1.,-0.,-0.));
#12664 = ORIENTED_EDGE('',*,*,#12634,.T.);
#12665 = PLANE('',#12666);
#12666 = AXIS2_PLACEMENT_3D('',#12667,#12668,#12669);
#12667 = CARTESIAN_POINT('',(-4.640094284402,-0.6,-4.516004946799));
#12668 = DIRECTION('',(0.,0.,1.));
#12669 = DIRECTION('',(1.,0.,-0.));
#12670 = ADVANCED_FACE('',(#12671),#12677,.F.);
#12671 = FACE_BOUND('',#12672,.T.);
#12672 = EDGE_LOOP('',(#12673,#12674,#12675,#12676));
#12673 = ORIENTED_EDGE('',*,*,#12587,.T.);
#12674 = ORIENTED_EDGE('',*,*,#12618,.T.);
#12675 = ORIENTED_EDGE('',*,*,#12642,.T.);
#12676 = ORIENTED_EDGE('',*,*,#12659,.T.);
#12677 = PLANE('',#12678);
#12678 = AXIS2_PLACEMENT_3D('',#12679,#12680,#12681);
#12679 = CARTESIAN_POINT('',(0.,-0.6,0.));
#12680 = DIRECTION('',(0.,1.,0.));
#12681 = DIRECTION('',(0.,-0.,1.));
#12682 = ADVANCED_FACE('',(#12683),#12708,.F.);
#12683 = FACE_BOUND('',#12684,.T.);
#12684 = EDGE_LOOP('',(#12685,#12686,#12694,#12702));
#12685 = ORIENTED_EDGE('',*,*,#5035,.T.);
#12686 = ORIENTED_EDGE('',*,*,#12687,.F.);
#12687 = EDGE_CURVE('',#12688,#5038,#12690,.T.);
#12688 = VERTEX_POINT('',#12689);
#12689 = CARTESIAN_POINT('',(-6.209467442707,-0.6,-3.895538788147));
#12690 = LINE('',#12691,#12692);
#12691 = CARTESIAN_POINT('',(-6.209467442707,-0.6,-3.895538788147));
#12692 = VECTOR('',#12693,1.);
#12693 = DIRECTION('',(-0.,1.,-0.));
#12694 = ORIENTED_EDGE('',*,*,#12695,.F.);
#12695 = EDGE_CURVE('',#12696,#12688,#12698,.T.);
#12696 = VERTEX_POINT('',#12697);
#12697 = CARTESIAN_POINT('',(-6.209467442707,-0.6,-5.727699244782));
#12698 = LINE('',#12699,#12700);
#12699 = CARTESIAN_POINT('',(-6.209467442707,-0.6,-3.895538788147));
#12700 = VECTOR('',#12701,1.);
#12701 = DIRECTION('',(-0.,-0.,1.));
#12702 = ORIENTED_EDGE('',*,*,#12703,.T.);
#12703 = EDGE_CURVE('',#12696,#5036,#12704,.T.);
#12704 = LINE('',#12705,#12706);
#12705 = CARTESIAN_POINT('',(-6.209467442707,-0.6,-5.727699244782));
#12706 = VECTOR('',#12707,1.);
#12707 = DIRECTION('',(-0.,1.,-0.));
#12708 = PLANE('',#12709);
#12709 = AXIS2_PLACEMENT_3D('',#12710,#12711,#12712);
#12710 = CARTESIAN_POINT('',(-6.209467442707,-0.6,-3.895538788147));
#12711 = DIRECTION('',(-1.,0.,-0.));
#12712 = DIRECTION('',(0.,0.,1.));
#12713 = ADVANCED_FACE('',(#12714),#12732,.F.);
#12714 = FACE_BOUND('',#12715,.T.);
#12715 = EDGE_LOOP('',(#12716,#12717,#12725,#12731));
#12716 = ORIENTED_EDGE('',*,*,#5061,.T.);
#12717 = ORIENTED_EDGE('',*,*,#12718,.F.);
#12718 = EDGE_CURVE('',#12719,#5054,#12721,.T.);
#12719 = VERTEX_POINT('',#12720);
#12720 = CARTESIAN_POINT('',(-7.226922930993,-0.6,-3.895538788147));
#12721 = LINE('',#12722,#12723);
#12722 = CARTESIAN_POINT('',(-7.226922930993,-0.6,-3.895538788147));
#12723 = VECTOR('',#12724,1.);
#12724 = DIRECTION('',(-0.,1.,-0.));
#12725 = ORIENTED_EDGE('',*,*,#12726,.F.);
#12726 = EDGE_CURVE('',#12688,#12719,#12727,.T.);
#12727 = LINE('',#12728,#12729);
#12728 = CARTESIAN_POINT('',(-6.209467442707,-0.6,-3.895538788147));
#12729 = VECTOR('',#12730,1.);
#12730 = DIRECTION('',(-1.,0.,0.));
#12731 = ORIENTED_EDGE('',*,*,#12687,.T.);
#12732 = PLANE('',#12733);
#12733 = AXIS2_PLACEMENT_3D('',#12734,#12735,#12736);
#12734 = CARTESIAN_POINT('',(-6.209467442707,-0.6,-3.895538788147));
#12735 = DIRECTION('',(-0.,0.,-1.));
#12736 = DIRECTION('',(-1.,0.,0.));
#12737 = ADVANCED_FACE('',(#12738),#12756,.F.);
#12738 = FACE_BOUND('',#12739,.T.);
#12739 = EDGE_LOOP('',(#12740,#12741,#12749,#12755));
#12740 = ORIENTED_EDGE('',*,*,#5053,.T.);
#12741 = ORIENTED_EDGE('',*,*,#12742,.F.);
#12742 = EDGE_CURVE('',#12743,#5046,#12745,.T.);
#12743 = VERTEX_POINT('',#12744);
#12744 = CARTESIAN_POINT('',(-7.226922930993,-0.6,-5.727699244782));
#12745 = LINE('',#12746,#12747);
#12746 = CARTESIAN_POINT('',(-7.226922930993,-0.6,-5.727699244782));
#12747 = VECTOR('',#12748,1.);
#12748 = DIRECTION('',(-0.,1.,-0.));
#12749 = ORIENTED_EDGE('',*,*,#12750,.F.);
#12750 = EDGE_CURVE('',#12719,#12743,#12751,.T.);
#12751 = LINE('',#12752,#12753);
#12752 = CARTESIAN_POINT('',(-7.226922930993,-0.6,-3.895538788147));
#12753 = VECTOR('',#12754,1.);
#12754 = DIRECTION('',(0.,0.,-1.));
#12755 = ORIENTED_EDGE('',*,*,#12718,.T.);
#12756 = PLANE('',#12757);
#12757 = AXIS2_PLACEMENT_3D('',#12758,#12759,#12760);
#12758 = CARTESIAN_POINT('',(-7.226922930993,-0.6,-3.895538788147));
#12759 = DIRECTION('',(1.,0.,0.));
#12760 = DIRECTION('',(0.,0.,-1.));
#12761 = ADVANCED_FACE('',(#12762),#12773,.F.);
#12762 = FACE_BOUND('',#12763,.T.);
#12763 = EDGE_LOOP('',(#12764,#12765,#12766,#12772));
#12764 = ORIENTED_EDGE('',*,*,#5045,.T.);
#12765 = ORIENTED_EDGE('',*,*,#12703,.F.);
#12766 = ORIENTED_EDGE('',*,*,#12767,.F.);
#12767 = EDGE_CURVE('',#12743,#12696,#12768,.T.);
#12768 = LINE('',#12769,#12770);
#12769 = CARTESIAN_POINT('',(-6.209467442707,-0.6,-5.727699244782));
#12770 = VECTOR('',#12771,1.);
#12771 = DIRECTION('',(1.,-0.,-0.));
#12772 = ORIENTED_EDGE('',*,*,#12742,.T.);
#12773 = PLANE('',#12774);
#12774 = AXIS2_PLACEMENT_3D('',#12775,#12776,#12777);
#12775 = CARTESIAN_POINT('',(-6.209467442707,-0.6,-5.727699244782));
#12776 = DIRECTION('',(0.,0.,1.));
#12777 = DIRECTION('',(1.,0.,-0.));
#12778 = ADVANCED_FACE('',(#12779),#12785,.F.);
#12779 = FACE_BOUND('',#12780,.T.);
#12780 = EDGE_LOOP('',(#12781,#12782,#12783,#12784));
#12781 = ORIENTED_EDGE('',*,*,#12695,.T.);
#12782 = ORIENTED_EDGE('',*,*,#12726,.T.);
#12783 = ORIENTED_EDGE('',*,*,#12750,.T.);
#12784 = ORIENTED_EDGE('',*,*,#12767,.T.);
#12785 = PLANE('',#12786);
#12786 = AXIS2_PLACEMENT_3D('',#12787,#12788,#12789);
#12787 = CARTESIAN_POINT('',(0.,-0.6,0.));
#12788 = DIRECTION('',(0.,1.,0.));
#12789 = DIRECTION('',(0.,-0.,1.));
#12790 = ADVANCED_FACE('',(#12791),#12816,.F.);
#12791 = FACE_BOUND('',#12792,.T.);
#12792 = EDGE_LOOP('',(#12793,#12794,#12802,#12810));
#12793 = ORIENTED_EDGE('',*,*,#3337,.T.);
#12794 = ORIENTED_EDGE('',*,*,#12795,.F.);
#12795 = EDGE_CURVE('',#12796,#3340,#12798,.T.);
#12796 = VERTEX_POINT('',#12797);
#12797 = CARTESIAN_POINT('',(-7.634069699134,-0.6,-3.895538788147));
#12798 = LINE('',#12799,#12800);
#12799 = CARTESIAN_POINT('',(-7.634069699134,-0.6,-3.895538788147));
#12800 = VECTOR('',#12801,1.);
#12801 = DIRECTION('',(-0.,1.,-0.));
#12802 = ORIENTED_EDGE('',*,*,#12803,.F.);
#12803 = EDGE_CURVE('',#12804,#12796,#12806,.T.);
#12804 = VERTEX_POINT('',#12805);
#12805 = CARTESIAN_POINT('',(-7.634069699134,-0.6,-5.727699244782));
#12806 = LINE('',#12807,#12808);
#12807 = CARTESIAN_POINT('',(-7.634069699134,-0.6,-3.895538788147));
#12808 = VECTOR('',#12809,1.);
#12809 = DIRECTION('',(-0.,-0.,1.));
#12810 = ORIENTED_EDGE('',*,*,#12811,.T.);
#12811 = EDGE_CURVE('',#12804,#3338,#12812,.T.);
#12812 = LINE('',#12813,#12814);
#12813 = CARTESIAN_POINT('',(-7.634069699134,-0.6,-5.727699244782));
#12814 = VECTOR('',#12815,1.);
#12815 = DIRECTION('',(-0.,1.,-0.));
#12816 = PLANE('',#12817);
#12817 = AXIS2_PLACEMENT_3D('',#12818,#12819,#12820);
#12818 = CARTESIAN_POINT('',(-7.634069699134,-0.6,-3.895538788147));
#12819 = DIRECTION('',(-1.,0.,-0.));
#12820 = DIRECTION('',(0.,0.,1.));
#12821 = ADVANCED_FACE('',(#12822),#12840,.F.);
#12822 = FACE_BOUND('',#12823,.T.);
#12823 = EDGE_LOOP('',(#12824,#12825,#12833,#12839));
#12824 = ORIENTED_EDGE('',*,*,#3363,.T.);
#12825 = ORIENTED_EDGE('',*,*,#12826,.F.);
#12826 = EDGE_CURVE('',#12827,#3356,#12829,.T.);
#12827 = VERTEX_POINT('',#12828);
#12828 = CARTESIAN_POINT('',(-8.503883249253,-0.6,-3.895538788147));
#12829 = LINE('',#12830,#12831);
#12830 = CARTESIAN_POINT('',(-8.503883249253,-0.6,-3.895538788147));
#12831 = VECTOR('',#12832,1.);
#12832 = DIRECTION('',(-0.,1.,-0.));
#12833 = ORIENTED_EDGE('',*,*,#12834,.F.);
#12834 = EDGE_CURVE('',#12796,#12827,#12835,.T.);
#12835 = LINE('',#12836,#12837);
#12836 = CARTESIAN_POINT('',(-7.634069699134,-0.6,-3.895538788147));
#12837 = VECTOR('',#12838,1.);
#12838 = DIRECTION('',(-1.,0.,0.));
#12839 = ORIENTED_EDGE('',*,*,#12795,.T.);
#12840 = PLANE('',#12841);
#12841 = AXIS2_PLACEMENT_3D('',#12842,#12843,#12844);
#12842 = CARTESIAN_POINT('',(-7.634069699134,-0.6,-3.895538788147));
#12843 = DIRECTION('',(-0.,0.,-1.));
#12844 = DIRECTION('',(-1.,0.,0.));
#12845 = ADVANCED_FACE('',(#12846),#12864,.F.);
#12846 = FACE_BOUND('',#12847,.T.);
#12847 = EDGE_LOOP('',(#12848,#12849,#12857,#12863));
#12848 = ORIENTED_EDGE('',*,*,#3355,.T.);
#12849 = ORIENTED_EDGE('',*,*,#12850,.F.);
#12850 = EDGE_CURVE('',#12851,#3348,#12853,.T.);
#12851 = VERTEX_POINT('',#12852);
#12852 = CARTESIAN_POINT('',(-8.503883249253,-0.6,-5.727699244782));
#12853 = LINE('',#12854,#12855);
#12854 = CARTESIAN_POINT('',(-8.503883249253,-0.6,-5.727699244782));
#12855 = VECTOR('',#12856,1.);
#12856 = DIRECTION('',(-0.,1.,-0.));
#12857 = ORIENTED_EDGE('',*,*,#12858,.F.);
#12858 = EDGE_CURVE('',#12827,#12851,#12859,.T.);
#12859 = LINE('',#12860,#12861);
#12860 = CARTESIAN_POINT('',(-8.503883249253,-0.6,-3.895538788147));
#12861 = VECTOR('',#12862,1.);
#12862 = DIRECTION('',(0.,0.,-1.));
#12863 = ORIENTED_EDGE('',*,*,#12826,.T.);
#12864 = PLANE('',#12865);
#12865 = AXIS2_PLACEMENT_3D('',#12866,#12867,#12868);
#12866 = CARTESIAN_POINT('',(-8.503883249253,-0.6,-3.895538788147));
#12867 = DIRECTION('',(1.,0.,0.));
#12868 = DIRECTION('',(0.,0.,-1.));
#12869 = ADVANCED_FACE('',(#12870),#12881,.F.);
#12870 = FACE_BOUND('',#12871,.T.);
#12871 = EDGE_LOOP('',(#12872,#12873,#12874,#12880));
#12872 = ORIENTED_EDGE('',*,*,#3347,.T.);
#12873 = ORIENTED_EDGE('',*,*,#12811,.F.);
#12874 = ORIENTED_EDGE('',*,*,#12875,.F.);
#12875 = EDGE_CURVE('',#12851,#12804,#12876,.T.);
#12876 = LINE('',#12877,#12878);
#12877 = CARTESIAN_POINT('',(-7.634069699134,-0.6,-5.727699244782));
#12878 = VECTOR('',#12879,1.);
#12879 = DIRECTION('',(1.,-0.,-0.));
#12880 = ORIENTED_EDGE('',*,*,#12850,.T.);
#12881 = PLANE('',#12882);
#12882 = AXIS2_PLACEMENT_3D('',#12883,#12884,#12885);
#12883 = CARTESIAN_POINT('',(-7.634069699134,-0.6,-5.727699244782));
#12884 = DIRECTION('',(0.,0.,1.));
#12885 = DIRECTION('',(1.,0.,-0.));
#12886 = ADVANCED_FACE('',(#12887),#12893,.F.);
#12887 = FACE_BOUND('',#12888,.T.);
#12888 = EDGE_LOOP('',(#12889,#12890,#12891,#12892));
#12889 = ORIENTED_EDGE('',*,*,#12803,.T.);
#12890 = ORIENTED_EDGE('',*,*,#12834,.T.);
#12891 = ORIENTED_EDGE('',*,*,#12858,.T.);
#12892 = ORIENTED_EDGE('',*,*,#12875,.T.);
#12893 = PLANE('',#12894);
#12894 = AXIS2_PLACEMENT_3D('',#12895,#12896,#12897);
#12895 = CARTESIAN_POINT('',(0.,-0.6,0.));
#12896 = DIRECTION('',(0.,1.,0.));
#12897 = DIRECTION('',(0.,-0.,1.));
#12898 = ADVANCED_FACE('',(#12899),#12924,.F.);
#12899 = FACE_BOUND('',#12900,.T.);
#12900 = EDGE_LOOP('',(#12901,#12902,#12910,#12918));
#12901 = ORIENTED_EDGE('',*,*,#5069,.T.);
#12902 = ORIENTED_EDGE('',*,*,#12903,.F.);
#12903 = EDGE_CURVE('',#12904,#5072,#12906,.T.);
#12904 = VERTEX_POINT('',#12905);
#12905 = CARTESIAN_POINT('',(-8.892523346115,-0.6,-3.895538788147));
#12906 = LINE('',#12907,#12908);
#12907 = CARTESIAN_POINT('',(-8.892523346115,-0.6,-3.895538788147));
#12908 = VECTOR('',#12909,1.);
#12909 = DIRECTION('',(-0.,1.,-0.));
#12910 = ORIENTED_EDGE('',*,*,#12911,.F.);
#12911 = EDGE_CURVE('',#12912,#12904,#12914,.T.);
#12912 = VERTEX_POINT('',#12913);
#12913 = CARTESIAN_POINT('',(-8.892523346115,-0.6,-5.727699244782));
#12914 = LINE('',#12915,#12916);
#12915 = CARTESIAN_POINT('',(-8.892523346115,-0.6,-3.895538788147));
#12916 = VECTOR('',#12917,1.);
#12917 = DIRECTION('',(-0.,-0.,1.));
#12918 = ORIENTED_EDGE('',*,*,#12919,.T.);
#12919 = EDGE_CURVE('',#12912,#5070,#12920,.T.);
#12920 = LINE('',#12921,#12922);
#12921 = CARTESIAN_POINT('',(-8.892523346115,-0.6,-5.727699244782));
#12922 = VECTOR('',#12923,1.);
#12923 = DIRECTION('',(-0.,1.,-0.));
#12924 = PLANE('',#12925);
#12925 = AXIS2_PLACEMENT_3D('',#12926,#12927,#12928);
#12926 = CARTESIAN_POINT('',(-8.892523346115,-0.6,-3.895538788147));
#12927 = DIRECTION('',(-1.,0.,-0.));
#12928 = DIRECTION('',(0.,0.,1.));
#12929 = ADVANCED_FACE('',(#12930),#12948,.F.);
#12930 = FACE_BOUND('',#12931,.T.);
#12931 = EDGE_LOOP('',(#12932,#12933,#12941,#12947));
#12932 = ORIENTED_EDGE('',*,*,#5095,.T.);
#12933 = ORIENTED_EDGE('',*,*,#12934,.F.);
#12934 = EDGE_CURVE('',#12935,#5088,#12937,.T.);
#12935 = VERTEX_POINT('',#12936);
#12936 = CARTESIAN_POINT('',(-9.817856910072,-0.6,-3.895538788147));
#12937 = LINE('',#12938,#12939);
#12938 = CARTESIAN_POINT('',(-9.817856910072,-0.6,-3.895538788147));
#12939 = VECTOR('',#12940,1.);
#12940 = DIRECTION('',(-0.,1.,-0.));
#12941 = ORIENTED_EDGE('',*,*,#12942,.F.);
#12942 = EDGE_CURVE('',#12904,#12935,#12943,.T.);
#12943 = LINE('',#12944,#12945);
#12944 = CARTESIAN_POINT('',(-8.892523346115,-0.6,-3.895538788147));
#12945 = VECTOR('',#12946,1.);
#12946 = DIRECTION('',(-1.,0.,0.));
#12947 = ORIENTED_EDGE('',*,*,#12903,.T.);
#12948 = PLANE('',#12949);
#12949 = AXIS2_PLACEMENT_3D('',#12950,#12951,#12952);
#12950 = CARTESIAN_POINT('',(-8.892523346115,-0.6,-3.895538788147));
#12951 = DIRECTION('',(-0.,0.,-1.));
#12952 = DIRECTION('',(-1.,0.,0.));
#12953 = ADVANCED_FACE('',(#12954),#12972,.F.);
#12954 = FACE_BOUND('',#12955,.T.);
#12955 = EDGE_LOOP('',(#12956,#12957,#12965,#12971));
#12956 = ORIENTED_EDGE('',*,*,#5087,.T.);
#12957 = ORIENTED_EDGE('',*,*,#12958,.F.);
#12958 = EDGE_CURVE('',#12959,#5080,#12961,.T.);
#12959 = VERTEX_POINT('',#12960);
#12960 = CARTESIAN_POINT('',(-9.817856910072,-0.6,-5.727699244782));
#12961 = LINE('',#12962,#12963);
#12962 = CARTESIAN_POINT('',(-9.817856910072,-0.6,-5.727699244782));
#12963 = VECTOR('',#12964,1.);
#12964 = DIRECTION('',(-0.,1.,-0.));
#12965 = ORIENTED_EDGE('',*,*,#12966,.F.);
#12966 = EDGE_CURVE('',#12935,#12959,#12967,.T.);
#12967 = LINE('',#12968,#12969);
#12968 = CARTESIAN_POINT('',(-9.817856910072,-0.6,-3.895538788147));
#12969 = VECTOR('',#12970,1.);
#12970 = DIRECTION('',(0.,0.,-1.));
#12971 = ORIENTED_EDGE('',*,*,#12934,.T.);
#12972 = PLANE('',#12973);
#12973 = AXIS2_PLACEMENT_3D('',#12974,#12975,#12976);
#12974 = CARTESIAN_POINT('',(-9.817856910072,-0.6,-3.895538788147));
#12975 = DIRECTION('',(1.,0.,0.));
#12976 = DIRECTION('',(0.,0.,-1.));
#12977 = ADVANCED_FACE('',(#12978),#12989,.F.);
#12978 = FACE_BOUND('',#12979,.T.);
#12979 = EDGE_LOOP('',(#12980,#12981,#12982,#12988));
#12980 = ORIENTED_EDGE('',*,*,#5079,.T.);
#12981 = ORIENTED_EDGE('',*,*,#12919,.F.);
#12982 = ORIENTED_EDGE('',*,*,#12983,.F.);
#12983 = EDGE_CURVE('',#12959,#12912,#12984,.T.);
#12984 = LINE('',#12985,#12986);
#12985 = CARTESIAN_POINT('',(-8.892523346115,-0.6,-5.727699244782));
#12986 = VECTOR('',#12987,1.);
#12987 = DIRECTION('',(1.,-0.,-0.));
#12988 = ORIENTED_EDGE('',*,*,#12958,.T.);
#12989 = PLANE('',#12990);
#12990 = AXIS2_PLACEMENT_3D('',#12991,#12992,#12993);
#12991 = CARTESIAN_POINT('',(-8.892523346115,-0.6,-5.727699244782));
#12992 = DIRECTION('',(0.,0.,1.));
#12993 = DIRECTION('',(1.,0.,-0.));
#12994 = ADVANCED_FACE('',(#12995),#13001,.F.);
#12995 = FACE_BOUND('',#12996,.T.);
#12996 = EDGE_LOOP('',(#12997,#12998,#12999,#13000));
#12997 = ORIENTED_EDGE('',*,*,#12911,.T.);
#12998 = ORIENTED_EDGE('',*,*,#12942,.T.);
#12999 = ORIENTED_EDGE('',*,*,#12966,.T.);
#13000 = ORIENTED_EDGE('',*,*,#12983,.T.);
#13001 = PLANE('',#13002);
#13002 = AXIS2_PLACEMENT_3D('',#13003,#13004,#13005);
#13003 = CARTESIAN_POINT('',(0.,-0.6,0.));
#13004 = DIRECTION('',(0.,1.,0.));
#13005 = DIRECTION('',(0.,-0.,1.));
#13006 = ADVANCED_FACE('',(#13007),#13032,.F.);
#13007 = FACE_BOUND('',#13008,.T.);
#13008 = EDGE_LOOP('',(#13009,#13010,#13018,#13026));
#13009 = ORIENTED_EDGE('',*,*,#3303,.T.);
#13010 = ORIENTED_EDGE('',*,*,#13011,.F.);
#13011 = EDGE_CURVE('',#13012,#3306,#13014,.T.);
#13012 = VERTEX_POINT('',#13013);
#13013 = CARTESIAN_POINT('',(-10.18799033565,-0.6,-3.895538788147));
#13014 = LINE('',#13015,#13016);
#13015 = CARTESIAN_POINT('',(-10.18799033565,-0.6,-3.895538788147));
#13016 = VECTOR('',#13017,1.);
#13017 = DIRECTION('',(-0.,1.,-0.));
#13018 = ORIENTED_EDGE('',*,*,#13019,.F.);
#13019 = EDGE_CURVE('',#13020,#13012,#13022,.T.);
#13020 = VERTEX_POINT('',#13021);
#13021 = CARTESIAN_POINT('',(-10.18799033565,-0.6,-5.727699244782));
#13022 = LINE('',#13023,#13024);
#13023 = CARTESIAN_POINT('',(-10.18799033565,-0.6,-3.895538788147));
#13024 = VECTOR('',#13025,1.);
#13025 = DIRECTION('',(-0.,-0.,1.));
#13026 = ORIENTED_EDGE('',*,*,#13027,.T.);
#13027 = EDGE_CURVE('',#13020,#3304,#13028,.T.);
#13028 = LINE('',#13029,#13030);
#13029 = CARTESIAN_POINT('',(-10.18799033565,-0.6,-5.727699244782));
#13030 = VECTOR('',#13031,1.);
#13031 = DIRECTION('',(-0.,1.,-0.));
#13032 = PLANE('',#13033);
#13033 = AXIS2_PLACEMENT_3D('',#13034,#13035,#13036);
#13034 = CARTESIAN_POINT('',(-10.18799033565,-0.6,-3.895538788147));
#13035 = DIRECTION('',(-1.,0.,-0.));
#13036 = DIRECTION('',(0.,0.,1.));
#13037 = ADVANCED_FACE('',(#13038),#13056,.F.);
#13038 = FACE_BOUND('',#13039,.T.);
#13039 = EDGE_LOOP('',(#13040,#13041,#13049,#13055));
#13040 = ORIENTED_EDGE('',*,*,#3329,.T.);
#13041 = ORIENTED_EDGE('',*,*,#13042,.F.);
#13042 = EDGE_CURVE('',#13043,#3322,#13045,.T.);
#13043 = VERTEX_POINT('',#13044);
#13044 = CARTESIAN_POINT('',(-11.21254506466,-0.6,-3.895538788147));
#13045 = LINE('',#13046,#13047);
#13046 = CARTESIAN_POINT('',(-11.21254506466,-0.6,-3.895538788147));
#13047 = VECTOR('',#13048,1.);
#13048 = DIRECTION('',(-0.,1.,-0.));
#13049 = ORIENTED_EDGE('',*,*,#13050,.F.);
#13050 = EDGE_CURVE('',#13012,#13043,#13051,.T.);
#13051 = LINE('',#13052,#13053);
#13052 = CARTESIAN_POINT('',(-10.18799033565,-0.6,-3.895538788147));
#13053 = VECTOR('',#13054,1.);
#13054 = DIRECTION('',(-1.,0.,0.));
#13055 = ORIENTED_EDGE('',*,*,#13011,.T.);
#13056 = PLANE('',#13057);
#13057 = AXIS2_PLACEMENT_3D('',#13058,#13059,#13060);
#13058 = CARTESIAN_POINT('',(-10.18799033565,-0.6,-3.895538788147));
#13059 = DIRECTION('',(-0.,0.,-1.));
#13060 = DIRECTION('',(-1.,0.,0.));
#13061 = ADVANCED_FACE('',(#13062),#13080,.F.);
#13062 = FACE_BOUND('',#13063,.T.);
#13063 = EDGE_LOOP('',(#13064,#13065,#13073,#13079));
#13064 = ORIENTED_EDGE('',*,*,#3321,.T.);
#13065 = ORIENTED_EDGE('',*,*,#13066,.F.);
#13066 = EDGE_CURVE('',#13067,#3314,#13069,.T.);
#13067 = VERTEX_POINT('',#13068);
#13068 = CARTESIAN_POINT('',(-11.21254506466,-0.6,-5.727699244782));
#13069 = LINE('',#13070,#13071);
#13070 = CARTESIAN_POINT('',(-11.21254506466,-0.6,-5.727699244782));
#13071 = VECTOR('',#13072,1.);
#13072 = DIRECTION('',(-0.,1.,-0.));
#13073 = ORIENTED_EDGE('',*,*,#13074,.F.);
#13074 = EDGE_CURVE('',#13043,#13067,#13075,.T.);
#13075 = LINE('',#13076,#13077);
#13076 = CARTESIAN_POINT('',(-11.21254506466,-0.6,-3.895538788147));
#13077 = VECTOR('',#13078,1.);
#13078 = DIRECTION('',(0.,0.,-1.));
#13079 = ORIENTED_EDGE('',*,*,#13042,.T.);
#13080 = PLANE('',#13081);
#13081 = AXIS2_PLACEMENT_3D('',#13082,#13083,#13084);
#13082 = CARTESIAN_POINT('',(-11.21254506466,-0.6,-3.895538788147));
#13083 = DIRECTION('',(1.,0.,0.));
#13084 = DIRECTION('',(0.,0.,-1.));
#13085 = ADVANCED_FACE('',(#13086),#13097,.F.);
#13086 = FACE_BOUND('',#13087,.T.);
#13087 = EDGE_LOOP('',(#13088,#13089,#13090,#13096));
#13088 = ORIENTED_EDGE('',*,*,#3313,.T.);
#13089 = ORIENTED_EDGE('',*,*,#13027,.F.);
#13090 = ORIENTED_EDGE('',*,*,#13091,.F.);
#13091 = EDGE_CURVE('',#13067,#13020,#13092,.T.);
#13092 = LINE('',#13093,#13094);
#13093 = CARTESIAN_POINT('',(-10.18799033565,-0.6,-5.727699244782));
#13094 = VECTOR('',#13095,1.);
#13095 = DIRECTION('',(1.,-0.,-0.));
#13096 = ORIENTED_EDGE('',*,*,#13066,.T.);
#13097 = PLANE('',#13098);
#13098 = AXIS2_PLACEMENT_3D('',#13099,#13100,#13101);
#13099 = CARTESIAN_POINT('',(-10.18799033565,-0.6,-5.727699244782));
#13100 = DIRECTION('',(0.,0.,1.));
#13101 = DIRECTION('',(1.,0.,-0.));
#13102 = ADVANCED_FACE('',(#13103),#13109,.F.);
#13103 = FACE_BOUND('',#13104,.T.);
#13104 = EDGE_LOOP('',(#13105,#13106,#13107,#13108));
#13105 = ORIENTED_EDGE('',*,*,#13019,.T.);
#13106 = ORIENTED_EDGE('',*,*,#13050,.T.);
#13107 = ORIENTED_EDGE('',*,*,#13074,.T.);
#13108 = ORIENTED_EDGE('',*,*,#13091,.T.);
#13109 = PLANE('',#13110);
#13110 = AXIS2_PLACEMENT_3D('',#13111,#13112,#13113);
#13111 = CARTESIAN_POINT('',(0.,-0.6,0.));
#13112 = DIRECTION('',(0.,1.,0.));
#13113 = DIRECTION('',(0.,-0.,1.));
#13114 = ADVANCED_FACE('',(#13115),#13140,.F.);
#13115 = FACE_BOUND('',#13116,.T.);
#13116 = EDGE_LOOP('',(#13117,#13118,#13126,#13134));
#13117 = ORIENTED_EDGE('',*,*,#5103,.T.);
#13118 = ORIENTED_EDGE('',*,*,#13119,.F.);
#13119 = EDGE_CURVE('',#13120,#5106,#13122,.T.);
#13120 = VERTEX_POINT('',#13121);
#13121 = CARTESIAN_POINT('',(12.581421951244,-0.6,9.371198365665));
#13122 = LINE('',#13123,#13124);
#13123 = CARTESIAN_POINT('',(12.581421951244,-0.6,9.371198365665));
#13124 = VECTOR('',#13125,1.);
#13125 = DIRECTION('',(-0.,1.,-0.));
#13126 = ORIENTED_EDGE('',*,*,#13127,.F.);
#13127 = EDGE_CURVE('',#13128,#13120,#13130,.T.);
#13128 = VERTEX_POINT('',#13129);
#13129 = CARTESIAN_POINT('',(12.581421951244,-0.6,8.256264114689));
#13130 = LINE('',#13131,#13132);
#13131 = CARTESIAN_POINT('',(12.581421951244,-0.6,9.371198365665));
#13132 = VECTOR('',#13133,1.);
#13133 = DIRECTION('',(-0.,-0.,1.));
#13134 = ORIENTED_EDGE('',*,*,#13135,.T.);
#13135 = EDGE_CURVE('',#13128,#5104,#13136,.T.);
#13136 = LINE('',#13137,#13138);
#13137 = CARTESIAN_POINT('',(12.581421951244,-0.6,8.256264114689));
#13138 = VECTOR('',#13139,1.);
#13139 = DIRECTION('',(-0.,1.,-0.));
#13140 = PLANE('',#13141);
#13141 = AXIS2_PLACEMENT_3D('',#13142,#13143,#13144);
#13142 = CARTESIAN_POINT('',(12.581421951244,-0.6,9.371198365665));
#13143 = DIRECTION('',(-1.,0.,-0.));
#13144 = DIRECTION('',(0.,0.,1.));
#13145 = ADVANCED_FACE('',(#13146),#13164,.F.);
#13146 = FACE_BOUND('',#13147,.T.);
#13147 = EDGE_LOOP('',(#13148,#13149,#13157,#13163));
#13148 = ORIENTED_EDGE('',*,*,#5129,.T.);
#13149 = ORIENTED_EDGE('',*,*,#13150,.F.);
#13150 = EDGE_CURVE('',#13151,#5122,#13153,.T.);
#13151 = VERTEX_POINT('',#13152);
#13152 = CARTESIAN_POINT('',(10.775928967636,-0.6,9.371198365665));
#13153 = LINE('',#13154,#13155);
#13154 = CARTESIAN_POINT('',(10.775928967636,-0.6,9.371198365665));
#13155 = VECTOR('',#13156,1.);
#13156 = DIRECTION('',(-0.,1.,-0.));
#13157 = ORIENTED_EDGE('',*,*,#13158,.F.);
#13158 = EDGE_CURVE('',#13120,#13151,#13159,.T.);
#13159 = LINE('',#13160,#13161);
#13160 = CARTESIAN_POINT('',(12.581421951244,-0.6,9.371198365665));
#13161 = VECTOR('',#13162,1.);
#13162 = DIRECTION('',(-1.,0.,0.));
#13163 = ORIENTED_EDGE('',*,*,#13119,.T.);
#13164 = PLANE('',#13165);
#13165 = AXIS2_PLACEMENT_3D('',#13166,#13167,#13168);
#13166 = CARTESIAN_POINT('',(12.581421951244,-0.6,9.371198365665));
#13167 = DIRECTION('',(-0.,0.,-1.));
#13168 = DIRECTION('',(-1.,0.,0.));
#13169 = ADVANCED_FACE('',(#13170),#13188,.F.);
#13170 = FACE_BOUND('',#13171,.T.);
#13171 = EDGE_LOOP('',(#13172,#13173,#13181,#13187));
#13172 = ORIENTED_EDGE('',*,*,#5121,.T.);
#13173 = ORIENTED_EDGE('',*,*,#13174,.F.);
#13174 = EDGE_CURVE('',#13175,#5114,#13177,.T.);
#13175 = VERTEX_POINT('',#13176);
#13176 = CARTESIAN_POINT('',(10.775928967636,-0.6,8.256264114689));
#13177 = LINE('',#13178,#13179);
#13178 = CARTESIAN_POINT('',(10.775928967636,-0.6,8.256264114689));
#13179 = VECTOR('',#13180,1.);
#13180 = DIRECTION('',(-0.,1.,-0.));
#13181 = ORIENTED_EDGE('',*,*,#13182,.F.);
#13182 = EDGE_CURVE('',#13151,#13175,#13183,.T.);
#13183 = LINE('',#13184,#13185);
#13184 = CARTESIAN_POINT('',(10.775928967636,-0.6,9.371198365665));
#13185 = VECTOR('',#13186,1.);
#13186 = DIRECTION('',(0.,0.,-1.));
#13187 = ORIENTED_EDGE('',*,*,#13150,.T.);
#13188 = PLANE('',#13189);
#13189 = AXIS2_PLACEMENT_3D('',#13190,#13191,#13192);
#13190 = CARTESIAN_POINT('',(10.775928967636,-0.6,9.371198365665));
#13191 = DIRECTION('',(1.,0.,0.));
#13192 = DIRECTION('',(0.,0.,-1.));
#13193 = ADVANCED_FACE('',(#13194),#13205,.F.);
#13194 = FACE_BOUND('',#13195,.T.);
#13195 = EDGE_LOOP('',(#13196,#13197,#13198,#13204));
#13196 = ORIENTED_EDGE('',*,*,#5113,.T.);
#13197 = ORIENTED_EDGE('',*,*,#13135,.F.);
#13198 = ORIENTED_EDGE('',*,*,#13199,.F.);
#13199 = EDGE_CURVE('',#13175,#13128,#13200,.T.);
#13200 = LINE('',#13201,#13202);
#13201 = CARTESIAN_POINT('',(12.581421951244,-0.6,8.256264114689));
#13202 = VECTOR('',#13203,1.);
#13203 = DIRECTION('',(1.,-0.,-0.));
#13204 = ORIENTED_EDGE('',*,*,#13174,.T.);
#13205 = PLANE('',#13206);
#13206 = AXIS2_PLACEMENT_3D('',#13207,#13208,#13209);
#13207 = CARTESIAN_POINT('',(12.581421951244,-0.6,8.256264114689));
#13208 = DIRECTION('',(0.,0.,1.));
#13209 = DIRECTION('',(1.,0.,-0.));
#13210 = ADVANCED_FACE('',(#13211),#13217,.F.);
#13211 = FACE_BOUND('',#13212,.T.);
#13212 = EDGE_LOOP('',(#13213,#13214,#13215,#13216));
#13213 = ORIENTED_EDGE('',*,*,#13127,.T.);
#13214 = ORIENTED_EDGE('',*,*,#13158,.T.);
#13215 = ORIENTED_EDGE('',*,*,#13182,.T.);
#13216 = ORIENTED_EDGE('',*,*,#13199,.T.);
#13217 = PLANE('',#13218);
#13218 = AXIS2_PLACEMENT_3D('',#13219,#13220,#13221);
#13219 = CARTESIAN_POINT('',(0.,-0.6,0.));
#13220 = DIRECTION('',(0.,1.,0.));
#13221 = DIRECTION('',(0.,-0.,1.));
#13222 = ADVANCED_FACE('',(#13223),#13248,.F.);
#13223 = FACE_BOUND('',#13224,.T.);
#13224 = EDGE_LOOP('',(#13225,#13226,#13234,#13242));
#13225 = ORIENTED_EDGE('',*,*,#3269,.T.);
#13226 = ORIENTED_EDGE('',*,*,#13227,.F.);
#13227 = EDGE_CURVE('',#13228,#3272,#13230,.T.);
#13228 = VERTEX_POINT('',#13229);
#13229 = CARTESIAN_POINT('',(11.67867545944,-0.6,7.884619364363));
#13230 = LINE('',#13231,#13232);
#13231 = CARTESIAN_POINT('',(11.67867545944,-0.6,7.884619364363));
#13232 = VECTOR('',#13233,1.);
#13233 = DIRECTION('',(-0.,1.,-0.));
#13234 = ORIENTED_EDGE('',*,*,#13235,.F.);
#13235 = EDGE_CURVE('',#13236,#13228,#13238,.T.);
#13236 = VERTEX_POINT('',#13237);
#13237 = CARTESIAN_POINT('',(11.67867545944,-0.6,6.95550748855));
#13238 = LINE('',#13239,#13240);
#13239 = CARTESIAN_POINT('',(11.67867545944,-0.6,7.884619364363));
#13240 = VECTOR('',#13241,1.);
#13241 = DIRECTION('',(-0.,-0.,1.));
#13242 = ORIENTED_EDGE('',*,*,#13243,.T.);
#13243 = EDGE_CURVE('',#13236,#3270,#13244,.T.);
#13244 = LINE('',#13245,#13246);
#13245 = CARTESIAN_POINT('',(11.67867545944,-0.6,6.95550748855));
#13246 = VECTOR('',#13247,1.);
#13247 = DIRECTION('',(-0.,1.,-0.));
#13248 = PLANE('',#13249);
#13249 = AXIS2_PLACEMENT_3D('',#13250,#13251,#13252);
#13250 = CARTESIAN_POINT('',(11.67867545944,-0.6,7.884619364363));
#13251 = DIRECTION('',(-1.,0.,-0.));
#13252 = DIRECTION('',(0.,0.,1.));
#13253 = ADVANCED_FACE('',(#13254),#13272,.F.);
#13254 = FACE_BOUND('',#13255,.T.);
#13255 = EDGE_LOOP('',(#13256,#13257,#13265,#13271));
#13256 = ORIENTED_EDGE('',*,*,#3295,.T.);
#13257 = ORIENTED_EDGE('',*,*,#13258,.F.);
#13258 = EDGE_CURVE('',#13259,#3288,#13261,.T.);
#13259 = VERTEX_POINT('',#13260);
#13260 = CARTESIAN_POINT('',(10.030855570996,-0.6,7.884619364363));
#13261 = LINE('',#13262,#13263);
#13262 = CARTESIAN_POINT('',(10.030855570996,-0.6,7.884619364363));
#13263 = VECTOR('',#13264,1.);
#13264 = DIRECTION('',(-0.,1.,-0.));
#13265 = ORIENTED_EDGE('',*,*,#13266,.F.);
#13266 = EDGE_CURVE('',#13228,#13259,#13267,.T.);
#13267 = LINE('',#13268,#13269);
#13268 = CARTESIAN_POINT('',(11.67867545944,-0.6,7.884619364363));
#13269 = VECTOR('',#13270,1.);
#13270 = DIRECTION('',(-1.,0.,0.));
#13271 = ORIENTED_EDGE('',*,*,#13227,.T.);
#13272 = PLANE('',#13273);
#13273 = AXIS2_PLACEMENT_3D('',#13274,#13275,#13276);
#13274 = CARTESIAN_POINT('',(11.67867545944,-0.6,7.884619364363));
#13275 = DIRECTION('',(-0.,0.,-1.));
#13276 = DIRECTION('',(-1.,0.,0.));
#13277 = ADVANCED_FACE('',(#13278),#13296,.F.);
#13278 = FACE_BOUND('',#13279,.T.);
#13279 = EDGE_LOOP('',(#13280,#13281,#13289,#13295));
#13280 = ORIENTED_EDGE('',*,*,#3287,.T.);
#13281 = ORIENTED_EDGE('',*,*,#13282,.F.);
#13282 = EDGE_CURVE('',#13283,#3280,#13285,.T.);
#13283 = VERTEX_POINT('',#13284);
#13284 = CARTESIAN_POINT('',(10.030855570996,-0.6,6.95550748855));
#13285 = LINE('',#13286,#13287);
#13286 = CARTESIAN_POINT('',(10.030855570996,-0.6,6.95550748855));
#13287 = VECTOR('',#13288,1.);
#13288 = DIRECTION('',(-0.,1.,-0.));
#13289 = ORIENTED_EDGE('',*,*,#13290,.F.);
#13290 = EDGE_CURVE('',#13259,#13283,#13291,.T.);
#13291 = LINE('',#13292,#13293);
#13292 = CARTESIAN_POINT('',(10.030855570996,-0.6,7.884619364363));
#13293 = VECTOR('',#13294,1.);
#13294 = DIRECTION('',(0.,0.,-1.));
#13295 = ORIENTED_EDGE('',*,*,#13258,.T.);
#13296 = PLANE('',#13297);
#13297 = AXIS2_PLACEMENT_3D('',#13298,#13299,#13300);
#13298 = CARTESIAN_POINT('',(10.030855570996,-0.6,7.884619364363));
#13299 = DIRECTION('',(1.,0.,0.));
#13300 = DIRECTION('',(0.,0.,-1.));
#13301 = ADVANCED_FACE('',(#13302),#13313,.F.);
#13302 = FACE_BOUND('',#13303,.T.);
#13303 = EDGE_LOOP('',(#13304,#13305,#13306,#13312));
#13304 = ORIENTED_EDGE('',*,*,#3279,.T.);
#13305 = ORIENTED_EDGE('',*,*,#13243,.F.);
#13306 = ORIENTED_EDGE('',*,*,#13307,.F.);
#13307 = EDGE_CURVE('',#13283,#13236,#13308,.T.);
#13308 = LINE('',#13309,#13310);
#13309 = CARTESIAN_POINT('',(11.67867545944,-0.6,6.95550748855));
#13310 = VECTOR('',#13311,1.);
#13311 = DIRECTION('',(1.,-0.,-0.));
#13312 = ORIENTED_EDGE('',*,*,#13282,.T.);
#13313 = PLANE('',#13314);
#13314 = AXIS2_PLACEMENT_3D('',#13315,#13316,#13317);
#13315 = CARTESIAN_POINT('',(11.67867545944,-0.6,6.95550748855));
#13316 = DIRECTION('',(0.,0.,1.));
#13317 = DIRECTION('',(1.,0.,-0.));
#13318 = ADVANCED_FACE('',(#13319),#13325,.F.);
#13319 = FACE_BOUND('',#13320,.T.);
#13320 = EDGE_LOOP('',(#13321,#13322,#13323,#13324));
#13321 = ORIENTED_EDGE('',*,*,#13235,.T.);
#13322 = ORIENTED_EDGE('',*,*,#13266,.T.);
#13323 = ORIENTED_EDGE('',*,*,#13290,.T.);
#13324 = ORIENTED_EDGE('',*,*,#13307,.T.);
#13325 = PLANE('',#13326);
#13326 = AXIS2_PLACEMENT_3D('',#13327,#13328,#13329);
#13327 = CARTESIAN_POINT('',(0.,-0.6,0.));
#13328 = DIRECTION('',(0.,1.,0.));
#13329 = DIRECTION('',(0.,-0.,1.));
#13330 = ADVANCED_FACE('',(#13331),#13356,.F.);
#13331 = FACE_BOUND('',#13332,.T.);
#13332 = EDGE_LOOP('',(#13333,#13334,#13342,#13350));
#13333 = ORIENTED_EDGE('',*,*,#5137,.T.);
#13334 = ORIENTED_EDGE('',*,*,#13335,.F.);
#13335 = EDGE_CURVE('',#13336,#5140,#13338,.T.);
#13336 = VERTEX_POINT('',#13337);
#13337 = CARTESIAN_POINT('',(12.149230647851,-0.6,6.305121852997));
#13338 = LINE('',#13339,#13340);
#13339 = CARTESIAN_POINT('',(12.149230647851,-0.6,6.305121852997));
#13340 = VECTOR('',#13341,1.);
#13341 = DIRECTION('',(-0.,1.,-0.));
#13342 = ORIENTED_EDGE('',*,*,#13343,.F.);
#13343 = EDGE_CURVE('',#13344,#13336,#13346,.T.);
#13344 = VERTEX_POINT('',#13345);
#13345 = CARTESIAN_POINT('',(12.149230647851,-0.6,5.283106112086));
#13346 = LINE('',#13347,#13348);
#13347 = CARTESIAN_POINT('',(12.149230647851,-0.6,6.305121852997));
#13348 = VECTOR('',#13349,1.);
#13349 = DIRECTION('',(-0.,-0.,1.));
#13350 = ORIENTED_EDGE('',*,*,#13351,.T.);
#13351 = EDGE_CURVE('',#13344,#5138,#13352,.T.);
#13352 = LINE('',#13353,#13354);
#13353 = CARTESIAN_POINT('',(12.149230647851,-0.6,5.283106112086));
#13354 = VECTOR('',#13355,1.);
#13355 = DIRECTION('',(-0.,1.,-0.));
#13356 = PLANE('',#13357);
#13357 = AXIS2_PLACEMENT_3D('',#13358,#13359,#13360);
#13358 = CARTESIAN_POINT('',(12.149230647851,-0.6,6.305121852997));
#13359 = DIRECTION('',(-1.,0.,-0.));
#13360 = DIRECTION('',(0.,0.,1.));
#13361 = ADVANCED_FACE('',(#13362),#13380,.F.);
#13362 = FACE_BOUND('',#13363,.T.);
#13363 = EDGE_LOOP('',(#13364,#13365,#13373,#13379));
#13364 = ORIENTED_EDGE('',*,*,#5163,.T.);
#13365 = ORIENTED_EDGE('',*,*,#13366,.F.);
#13366 = EDGE_CURVE('',#13367,#5156,#13369,.T.);
#13367 = VERTEX_POINT('',#13368);
#13368 = CARTESIAN_POINT('',(10.402500321321,-0.6,6.305121852997));
#13369 = LINE('',#13370,#13371);
#13370 = CARTESIAN_POINT('',(10.402500321321,-0.6,6.305121852997));
#13371 = VECTOR('',#13372,1.);
#13372 = DIRECTION('',(-0.,1.,-0.));
#13373 = ORIENTED_EDGE('',*,*,#13374,.F.);
#13374 = EDGE_CURVE('',#13336,#13367,#13375,.T.);
#13375 = LINE('',#13376,#13377);
#13376 = CARTESIAN_POINT('',(12.149230647851,-0.6,6.305121852997));
#13377 = VECTOR('',#13378,1.);
#13378 = DIRECTION('',(-1.,0.,0.));
#13379 = ORIENTED_EDGE('',*,*,#13335,.T.);
#13380 = PLANE('',#13381);
#13381 = AXIS2_PLACEMENT_3D('',#13382,#13383,#13384);
#13382 = CARTESIAN_POINT('',(12.149230647851,-0.6,6.305121852997));
#13383 = DIRECTION('',(-0.,0.,-1.));
#13384 = DIRECTION('',(-1.,0.,0.));
#13385 = ADVANCED_FACE('',(#13386),#13404,.F.);
#13386 = FACE_BOUND('',#13387,.T.);
#13387 = EDGE_LOOP('',(#13388,#13389,#13397,#13403));
#13388 = ORIENTED_EDGE('',*,*,#5155,.T.);
#13389 = ORIENTED_EDGE('',*,*,#13390,.F.);
#13390 = EDGE_CURVE('',#13391,#5148,#13393,.T.);
#13391 = VERTEX_POINT('',#13392);
#13392 = CARTESIAN_POINT('',(10.402500321321,-0.6,5.283106112086));
#13393 = LINE('',#13394,#13395);
#13394 = CARTESIAN_POINT('',(10.402500321321,-0.6,5.283106112086));
#13395 = VECTOR('',#13396,1.);
#13396 = DIRECTION('',(-0.,1.,-0.));
#13397 = ORIENTED_EDGE('',*,*,#13398,.F.);
#13398 = EDGE_CURVE('',#13367,#13391,#13399,.T.);
#13399 = LINE('',#13400,#13401);
#13400 = CARTESIAN_POINT('',(10.402500321321,-0.6,6.305121852997));
#13401 = VECTOR('',#13402,1.);
#13402 = DIRECTION('',(0.,0.,-1.));
#13403 = ORIENTED_EDGE('',*,*,#13366,.T.);
#13404 = PLANE('',#13405);
#13405 = AXIS2_PLACEMENT_3D('',#13406,#13407,#13408);
#13406 = CARTESIAN_POINT('',(10.402500321321,-0.6,6.305121852997));
#13407 = DIRECTION('',(1.,0.,0.));
#13408 = DIRECTION('',(0.,0.,-1.));
#13409 = ADVANCED_FACE('',(#13410),#13421,.F.);
#13410 = FACE_BOUND('',#13411,.T.);
#13411 = EDGE_LOOP('',(#13412,#13413,#13414,#13420));
#13412 = ORIENTED_EDGE('',*,*,#5147,.T.);
#13413 = ORIENTED_EDGE('',*,*,#13351,.F.);
#13414 = ORIENTED_EDGE('',*,*,#13415,.F.);
#13415 = EDGE_CURVE('',#13391,#13344,#13416,.T.);
#13416 = LINE('',#13417,#13418);
#13417 = CARTESIAN_POINT('',(12.149230647851,-0.6,5.283106112086));
#13418 = VECTOR('',#13419,1.);
#13419 = DIRECTION('',(1.,-0.,-0.));
#13420 = ORIENTED_EDGE('',*,*,#13390,.T.);
#13421 = PLANE('',#13422);
#13422 = AXIS2_PLACEMENT_3D('',#13423,#13424,#13425);
#13423 = CARTESIAN_POINT('',(12.149230647851,-0.6,5.283106112086));
#13424 = DIRECTION('',(0.,0.,1.));
#13425 = DIRECTION('',(1.,0.,-0.));
#13426 = ADVANCED_FACE('',(#13427),#13433,.F.);
#13427 = FACE_BOUND('',#13428,.T.);
#13428 = EDGE_LOOP('',(#13429,#13430,#13431,#13432));
#13429 = ORIENTED_EDGE('',*,*,#13343,.T.);
#13430 = ORIENTED_EDGE('',*,*,#13374,.T.);
#13431 = ORIENTED_EDGE('',*,*,#13398,.T.);
#13432 = ORIENTED_EDGE('',*,*,#13415,.T.);
#13433 = PLANE('',#13434);
#13434 = AXIS2_PLACEMENT_3D('',#13435,#13436,#13437);
#13435 = CARTESIAN_POINT('',(0.,-0.6,0.));
#13436 = DIRECTION('',(0.,1.,0.));
#13437 = DIRECTION('',(0.,-0.,1.));
#13438 = ADVANCED_FACE('',(#13439),#13464,.F.);
#13439 = FACE_BOUND('',#13440,.T.);
#13440 = EDGE_LOOP('',(#13441,#13442,#13450,#13458));
#13441 = ORIENTED_EDGE('',*,*,#3235,.T.);
#13442 = ORIENTED_EDGE('',*,*,#13443,.F.);
#13443 = EDGE_CURVE('',#13444,#3238,#13446,.T.);
#13444 = VERTEX_POINT('',#13445);
#13445 = CARTESIAN_POINT('',(12.149230647851,-0.6,1.46980586478));
#13446 = LINE('',#13447,#13448);
#13447 = CARTESIAN_POINT('',(12.149230647851,-0.6,1.46980586478));
#13448 = VECTOR('',#13449,1.);
#13449 = DIRECTION('',(-0.,1.,-0.));
#13450 = ORIENTED_EDGE('',*,*,#13451,.F.);
#13451 = EDGE_CURVE('',#13452,#13444,#13454,.T.);
#13452 = VERTEX_POINT('',#13453);
#13453 = CARTESIAN_POINT('',(12.149230647851,-0.6,0.563217782953));
#13454 = LINE('',#13455,#13456);
#13455 = CARTESIAN_POINT('',(12.149230647851,-0.6,1.46980586478));
#13456 = VECTOR('',#13457,1.);
#13457 = DIRECTION('',(-0.,-0.,1.));
#13458 = ORIENTED_EDGE('',*,*,#13459,.T.);
#13459 = EDGE_CURVE('',#13452,#3236,#13460,.T.);
#13460 = LINE('',#13461,#13462);
#13461 = CARTESIAN_POINT('',(12.149230647851,-0.6,0.563217782953));
#13462 = VECTOR('',#13463,1.);
#13463 = DIRECTION('',(-0.,1.,-0.));
#13464 = PLANE('',#13465);
#13465 = AXIS2_PLACEMENT_3D('',#13466,#13467,#13468);
#13466 = CARTESIAN_POINT('',(12.149230647851,-0.6,1.46980586478));
#13467 = DIRECTION('',(-1.,0.,-0.));
#13468 = DIRECTION('',(0.,0.,1.));
#13469 = ADVANCED_FACE('',(#13470),#13488,.F.);
#13470 = FACE_BOUND('',#13471,.T.);
#13471 = EDGE_LOOP('',(#13472,#13473,#13481,#13487));
#13472 = ORIENTED_EDGE('',*,*,#3261,.T.);
#13473 = ORIENTED_EDGE('',*,*,#13474,.F.);
#13474 = EDGE_CURVE('',#13475,#3254,#13477,.T.);
#13475 = VERTEX_POINT('',#13476);
#13476 = CARTESIAN_POINT('',(10.402500321321,-0.6,1.46980586478));
#13477 = LINE('',#13478,#13479);
#13478 = CARTESIAN_POINT('',(10.402500321321,-0.6,1.46980586478));
#13479 = VECTOR('',#13480,1.);
#13480 = DIRECTION('',(-0.,1.,-0.));
#13481 = ORIENTED_EDGE('',*,*,#13482,.F.);
#13482 = EDGE_CURVE('',#13444,#13475,#13483,.T.);
#13483 = LINE('',#13484,#13485);
#13484 = CARTESIAN_POINT('',(12.149230647851,-0.6,1.46980586478));
#13485 = VECTOR('',#13486,1.);
#13486 = DIRECTION('',(-1.,0.,0.));
#13487 = ORIENTED_EDGE('',*,*,#13443,.T.);
#13488 = PLANE('',#13489);
#13489 = AXIS2_PLACEMENT_3D('',#13490,#13491,#13492);
#13490 = CARTESIAN_POINT('',(12.149230647851,-0.6,1.46980586478));
#13491 = DIRECTION('',(-0.,0.,-1.));
#13492 = DIRECTION('',(-1.,0.,0.));
#13493 = ADVANCED_FACE('',(#13494),#13512,.F.);
#13494 = FACE_BOUND('',#13495,.T.);
#13495 = EDGE_LOOP('',(#13496,#13497,#13505,#13511));
#13496 = ORIENTED_EDGE('',*,*,#3253,.T.);
#13497 = ORIENTED_EDGE('',*,*,#13498,.F.);
#13498 = EDGE_CURVE('',#13499,#3246,#13501,.T.);
#13499 = VERTEX_POINT('',#13500);
#13500 = CARTESIAN_POINT('',(10.402500321321,-0.6,0.563217782953));
#13501 = LINE('',#13502,#13503);
#13502 = CARTESIAN_POINT('',(10.402500321321,-0.6,0.563217782953));
#13503 = VECTOR('',#13504,1.);
#13504 = DIRECTION('',(-0.,1.,-0.));
#13505 = ORIENTED_EDGE('',*,*,#13506,.F.);
#13506 = EDGE_CURVE('',#13475,#13499,#13507,.T.);
#13507 = LINE('',#13508,#13509);
#13508 = CARTESIAN_POINT('',(10.402500321321,-0.6,1.46980586478));
#13509 = VECTOR('',#13510,1.);
#13510 = DIRECTION('',(0.,0.,-1.));
#13511 = ORIENTED_EDGE('',*,*,#13474,.T.);
#13512 = PLANE('',#13513);
#13513 = AXIS2_PLACEMENT_3D('',#13514,#13515,#13516);
#13514 = CARTESIAN_POINT('',(10.402500321321,-0.6,1.46980586478));
#13515 = DIRECTION('',(1.,0.,0.));
#13516 = DIRECTION('',(0.,0.,-1.));
#13517 = ADVANCED_FACE('',(#13518),#13529,.F.);
#13518 = FACE_BOUND('',#13519,.T.);
#13519 = EDGE_LOOP('',(#13520,#13521,#13522,#13528));
#13520 = ORIENTED_EDGE('',*,*,#3245,.T.);
#13521 = ORIENTED_EDGE('',*,*,#13459,.F.);
#13522 = ORIENTED_EDGE('',*,*,#13523,.F.);
#13523 = EDGE_CURVE('',#13499,#13452,#13524,.T.);
#13524 = LINE('',#13525,#13526);
#13525 = CARTESIAN_POINT('',(12.149230647851,-0.6,0.563217782953));
#13526 = VECTOR('',#13527,1.);
#13527 = DIRECTION('',(1.,-0.,-0.));
#13528 = ORIENTED_EDGE('',*,*,#13498,.T.);
#13529 = PLANE('',#13530);
#13530 = AXIS2_PLACEMENT_3D('',#13531,#13532,#13533);
#13531 = CARTESIAN_POINT('',(12.149230647851,-0.6,0.563217782953));
#13532 = DIRECTION('',(0.,0.,1.));
#13533 = DIRECTION('',(1.,0.,-0.));
#13534 = ADVANCED_FACE('',(#13535),#13541,.F.);
#13535 = FACE_BOUND('',#13536,.T.);
#13536 = EDGE_LOOP('',(#13537,#13538,#13539,#13540));
#13537 = ORIENTED_EDGE('',*,*,#13451,.T.);
#13538 = ORIENTED_EDGE('',*,*,#13482,.T.);
#13539 = ORIENTED_EDGE('',*,*,#13506,.T.);
#13540 = ORIENTED_EDGE('',*,*,#13523,.T.);
#13541 = PLANE('',#13542);
#13542 = AXIS2_PLACEMENT_3D('',#13543,#13544,#13545);
#13543 = CARTESIAN_POINT('',(0.,-0.6,0.));
#13544 = DIRECTION('',(0.,1.,0.));
#13545 = DIRECTION('',(0.,-0.,1.));
#13546 = ADVANCED_FACE('',(#13547),#13572,.F.);
#13547 = FACE_BOUND('',#13548,.T.);
#13548 = EDGE_LOOP('',(#13549,#13550,#13558,#13566));
#13549 = ORIENTED_EDGE('',*,*,#5171,.T.);
#13550 = ORIENTED_EDGE('',*,*,#13551,.F.);
#13551 = EDGE_CURVE('',#13552,#5174,#13554,.T.);
#13552 = VERTEX_POINT('',#13553);
#13553 = CARTESIAN_POINT('',(11.67867545944,-0.6,-0.36589409286));
#13554 = LINE('',#13555,#13556);
#13555 = CARTESIAN_POINT('',(11.67867545944,-0.6,-0.36589409286));
#13556 = VECTOR('',#13557,1.);
#13557 = DIRECTION('',(-0.,1.,-0.));
#13558 = ORIENTED_EDGE('',*,*,#13559,.F.);
#13559 = EDGE_CURVE('',#13560,#13552,#13562,.T.);
#13560 = VERTEX_POINT('',#13561);
#13561 = CARTESIAN_POINT('',(11.67867545944,-0.6,-2.215961346065));
#13562 = LINE('',#13563,#13564);
#13563 = CARTESIAN_POINT('',(11.67867545944,-0.6,-0.36589409286));
#13564 = VECTOR('',#13565,1.);
#13565 = DIRECTION('',(-0.,-0.,1.));
#13566 = ORIENTED_EDGE('',*,*,#13567,.T.);
#13567 = EDGE_CURVE('',#13560,#5172,#13568,.T.);
#13568 = LINE('',#13569,#13570);
#13569 = CARTESIAN_POINT('',(11.67867545944,-0.6,-2.215961346065));
#13570 = VECTOR('',#13571,1.);
#13571 = DIRECTION('',(-0.,1.,-0.));
#13572 = PLANE('',#13573);
#13573 = AXIS2_PLACEMENT_3D('',#13574,#13575,#13576);
#13574 = CARTESIAN_POINT('',(11.67867545944,-0.6,-0.36589409286));
#13575 = DIRECTION('',(-1.,0.,-0.));
#13576 = DIRECTION('',(0.,0.,1.));
#13577 = ADVANCED_FACE('',(#13578),#13596,.F.);
#13578 = FACE_BOUND('',#13579,.T.);
#13579 = EDGE_LOOP('',(#13580,#13581,#13589,#13595));
#13580 = ORIENTED_EDGE('',*,*,#5197,.T.);
#13581 = ORIENTED_EDGE('',*,*,#13582,.F.);
#13582 = EDGE_CURVE('',#13583,#5190,#13585,.T.);
#13583 = VERTEX_POINT('',#13584);
#13584 = CARTESIAN_POINT('',(10.402500321321,-0.6,-0.36589409286));
#13585 = LINE('',#13586,#13587);
#13586 = CARTESIAN_POINT('',(10.402500321321,-0.6,-0.36589409286));
#13587 = VECTOR('',#13588,1.);
#13588 = DIRECTION('',(-0.,1.,-0.));
#13589 = ORIENTED_EDGE('',*,*,#13590,.F.);
#13590 = EDGE_CURVE('',#13552,#13583,#13591,.T.);
#13591 = LINE('',#13592,#13593);
#13592 = CARTESIAN_POINT('',(11.67867545944,-0.6,-0.36589409286));
#13593 = VECTOR('',#13594,1.);
#13594 = DIRECTION('',(-1.,0.,0.));
#13595 = ORIENTED_EDGE('',*,*,#13551,.T.);
#13596 = PLANE('',#13597);
#13597 = AXIS2_PLACEMENT_3D('',#13598,#13599,#13600);
#13598 = CARTESIAN_POINT('',(11.67867545944,-0.6,-0.36589409286));
#13599 = DIRECTION('',(-0.,0.,-1.));
#13600 = DIRECTION('',(-1.,0.,0.));
#13601 = ADVANCED_FACE('',(#13602),#13620,.F.);
#13602 = FACE_BOUND('',#13603,.T.);
#13603 = EDGE_LOOP('',(#13604,#13605,#13613,#13619));
#13604 = ORIENTED_EDGE('',*,*,#5189,.T.);
#13605 = ORIENTED_EDGE('',*,*,#13606,.F.);
#13606 = EDGE_CURVE('',#13607,#5182,#13609,.T.);
#13607 = VERTEX_POINT('',#13608);
#13608 = CARTESIAN_POINT('',(10.402500321321,-0.6,-2.215961346065));
#13609 = LINE('',#13610,#13611);
#13610 = CARTESIAN_POINT('',(10.402500321321,-0.6,-2.215961346065));
#13611 = VECTOR('',#13612,1.);
#13612 = DIRECTION('',(-0.,1.,-0.));
#13613 = ORIENTED_EDGE('',*,*,#13614,.F.);
#13614 = EDGE_CURVE('',#13583,#13607,#13615,.T.);
#13615 = LINE('',#13616,#13617);
#13616 = CARTESIAN_POINT('',(10.402500321321,-0.6,-0.36589409286));
#13617 = VECTOR('',#13618,1.);
#13618 = DIRECTION('',(0.,0.,-1.));
#13619 = ORIENTED_EDGE('',*,*,#13582,.T.);
#13620 = PLANE('',#13621);
#13621 = AXIS2_PLACEMENT_3D('',#13622,#13623,#13624);
#13622 = CARTESIAN_POINT('',(10.402500321321,-0.6,-0.36589409286));
#13623 = DIRECTION('',(1.,0.,0.));
#13624 = DIRECTION('',(0.,0.,-1.));
#13625 = ADVANCED_FACE('',(#13626),#13637,.F.);
#13626 = FACE_BOUND('',#13627,.T.);
#13627 = EDGE_LOOP('',(#13628,#13629,#13630,#13636));
#13628 = ORIENTED_EDGE('',*,*,#5181,.T.);
#13629 = ORIENTED_EDGE('',*,*,#13567,.F.);
#13630 = ORIENTED_EDGE('',*,*,#13631,.F.);
#13631 = EDGE_CURVE('',#13607,#13560,#13632,.T.);
#13632 = LINE('',#13633,#13634);
#13633 = CARTESIAN_POINT('',(11.67867545944,-0.6,-2.215961346065));
#13634 = VECTOR('',#13635,1.);
#13635 = DIRECTION('',(1.,-0.,-0.));
#13636 = ORIENTED_EDGE('',*,*,#13606,.T.);
#13637 = PLANE('',#13638);
#13638 = AXIS2_PLACEMENT_3D('',#13639,#13640,#13641);
#13639 = CARTESIAN_POINT('',(11.67867545944,-0.6,-2.215961346065));
#13640 = DIRECTION('',(0.,0.,1.));
#13641 = DIRECTION('',(1.,0.,-0.));
#13642 = ADVANCED_FACE('',(#13643),#13649,.F.);
#13643 = FACE_BOUND('',#13644,.T.);
#13644 = EDGE_LOOP('',(#13645,#13646,#13647,#13648));
#13645 = ORIENTED_EDGE('',*,*,#13559,.T.);
#13646 = ORIENTED_EDGE('',*,*,#13590,.T.);
#13647 = ORIENTED_EDGE('',*,*,#13614,.T.);
#13648 = ORIENTED_EDGE('',*,*,#13631,.T.);
#13649 = PLANE('',#13650);
#13650 = AXIS2_PLACEMENT_3D('',#13651,#13652,#13653);
#13651 = CARTESIAN_POINT('',(0.,-0.6,0.));
#13652 = DIRECTION('',(0.,1.,0.));
#13653 = DIRECTION('',(0.,-0.,1.));
#13654 = ADVANCED_FACE('',(#13655),#13680,.F.);
#13655 = FACE_BOUND('',#13656,.T.);
#13656 = EDGE_LOOP('',(#13657,#13658,#13666,#13674));
#13657 = ORIENTED_EDGE('',*,*,#3201,.T.);
#13658 = ORIENTED_EDGE('',*,*,#13659,.F.);
#13659 = EDGE_CURVE('',#13660,#3204,#13662,.T.);
#13660 = VERTEX_POINT('',#13661);
#13661 = CARTESIAN_POINT('',(10.030855570996,-0.6,-0.36589409286));
#13662 = LINE('',#13663,#13664);
#13663 = CARTESIAN_POINT('',(10.030855570996,-0.6,-0.36589409286));
#13664 = VECTOR('',#13665,1.);
#13665 = DIRECTION('',(-0.,1.,-0.));
#13666 = ORIENTED_EDGE('',*,*,#13667,.F.);
#13667 = EDGE_CURVE('',#13668,#13660,#13670,.T.);
#13668 = VERTEX_POINT('',#13669);
#13669 = CARTESIAN_POINT('',(10.030855570996,-0.6,-2.215961346065));
#13670 = LINE('',#13671,#13672);
#13671 = CARTESIAN_POINT('',(10.030855570996,-0.6,-0.36589409286));
#13672 = VECTOR('',#13673,1.);
#13673 = DIRECTION('',(-0.,-0.,1.));
#13674 = ORIENTED_EDGE('',*,*,#13675,.T.);
#13675 = EDGE_CURVE('',#13668,#3202,#13676,.T.);
#13676 = LINE('',#13677,#13678);
#13677 = CARTESIAN_POINT('',(10.030855570996,-0.6,-2.215961346065));
#13678 = VECTOR('',#13679,1.);
#13679 = DIRECTION('',(-0.,1.,-0.));
#13680 = PLANE('',#13681);
#13681 = AXIS2_PLACEMENT_3D('',#13682,#13683,#13684);
#13682 = CARTESIAN_POINT('',(10.030855570996,-0.6,-0.36589409286));
#13683 = DIRECTION('',(-1.,0.,-0.));
#13684 = DIRECTION('',(0.,0.,1.));
#13685 = ADVANCED_FACE('',(#13686),#13704,.F.);
#13686 = FACE_BOUND('',#13687,.T.);
#13687 = EDGE_LOOP('',(#13688,#13689,#13697,#13703));
#13688 = ORIENTED_EDGE('',*,*,#3227,.T.);
#13689 = ORIENTED_EDGE('',*,*,#13690,.F.);
#13690 = EDGE_CURVE('',#13691,#3220,#13693,.T.);
#13691 = VERTEX_POINT('',#13692);
#13692 = CARTESIAN_POINT('',(8.91592132002,-0.6,-0.36589409286));
#13693 = LINE('',#13694,#13695);
#13694 = CARTESIAN_POINT('',(8.91592132002,-0.6,-0.36589409286));
#13695 = VECTOR('',#13696,1.);
#13696 = DIRECTION('',(-0.,1.,-0.));
#13697 = ORIENTED_EDGE('',*,*,#13698,.F.);
#13698 = EDGE_CURVE('',#13660,#13691,#13699,.T.);
#13699 = LINE('',#13700,#13701);
#13700 = CARTESIAN_POINT('',(10.030855570996,-0.6,-0.36589409286));
#13701 = VECTOR('',#13702,1.);
#13702 = DIRECTION('',(-1.,0.,0.));
#13703 = ORIENTED_EDGE('',*,*,#13659,.T.);
#13704 = PLANE('',#13705);
#13705 = AXIS2_PLACEMENT_3D('',#13706,#13707,#13708);
#13706 = CARTESIAN_POINT('',(10.030855570996,-0.6,-0.36589409286));
#13707 = DIRECTION('',(-0.,0.,-1.));
#13708 = DIRECTION('',(-1.,0.,0.));
#13709 = ADVANCED_FACE('',(#13710),#13728,.F.);
#13710 = FACE_BOUND('',#13711,.T.);
#13711 = EDGE_LOOP('',(#13712,#13713,#13721,#13727));
#13712 = ORIENTED_EDGE('',*,*,#3219,.T.);
#13713 = ORIENTED_EDGE('',*,*,#13714,.F.);
#13714 = EDGE_CURVE('',#13715,#3212,#13717,.T.);
#13715 = VERTEX_POINT('',#13716);
#13716 = CARTESIAN_POINT('',(8.91592132002,-0.6,-2.215961346065));
#13717 = LINE('',#13718,#13719);
#13718 = CARTESIAN_POINT('',(8.91592132002,-0.6,-2.215961346065));
#13719 = VECTOR('',#13720,1.);
#13720 = DIRECTION('',(-0.,1.,-0.));
#13721 = ORIENTED_EDGE('',*,*,#13722,.F.);
#13722 = EDGE_CURVE('',#13691,#13715,#13723,.T.);
#13723 = LINE('',#13724,#13725);
#13724 = CARTESIAN_POINT('',(8.91592132002,-0.6,-0.36589409286));
#13725 = VECTOR('',#13726,1.);
#13726 = DIRECTION('',(0.,0.,-1.));
#13727 = ORIENTED_EDGE('',*,*,#13690,.T.);
#13728 = PLANE('',#13729);
#13729 = AXIS2_PLACEMENT_3D('',#13730,#13731,#13732);
#13730 = CARTESIAN_POINT('',(8.91592132002,-0.6,-0.36589409286));
#13731 = DIRECTION('',(1.,0.,0.));
#13732 = DIRECTION('',(0.,0.,-1.));
#13733 = ADVANCED_FACE('',(#13734),#13745,.F.);
#13734 = FACE_BOUND('',#13735,.T.);
#13735 = EDGE_LOOP('',(#13736,#13737,#13738,#13744));
#13736 = ORIENTED_EDGE('',*,*,#3211,.T.);
#13737 = ORIENTED_EDGE('',*,*,#13675,.F.);
#13738 = ORIENTED_EDGE('',*,*,#13739,.F.);
#13739 = EDGE_CURVE('',#13715,#13668,#13740,.T.);
#13740 = LINE('',#13741,#13742);
#13741 = CARTESIAN_POINT('',(10.030855570996,-0.6,-2.215961346065));
#13742 = VECTOR('',#13743,1.);
#13743 = DIRECTION('',(1.,-0.,-0.));
#13744 = ORIENTED_EDGE('',*,*,#13714,.T.);
#13745 = PLANE('',#13746);
#13746 = AXIS2_PLACEMENT_3D('',#13747,#13748,#13749);
#13747 = CARTESIAN_POINT('',(10.030855570996,-0.6,-2.215961346065));
#13748 = DIRECTION('',(0.,0.,1.));
#13749 = DIRECTION('',(1.,0.,-0.));
#13750 = ADVANCED_FACE('',(#13751),#13757,.F.);
#13751 = FACE_BOUND('',#13752,.T.);
#13752 = EDGE_LOOP('',(#13753,#13754,#13755,#13756));
#13753 = ORIENTED_EDGE('',*,*,#13667,.T.);
#13754 = ORIENTED_EDGE('',*,*,#13698,.T.);
#13755 = ORIENTED_EDGE('',*,*,#13722,.T.);
#13756 = ORIENTED_EDGE('',*,*,#13739,.T.);
#13757 = PLANE('',#13758);
#13758 = AXIS2_PLACEMENT_3D('',#13759,#13760,#13761);
#13759 = CARTESIAN_POINT('',(0.,-0.6,0.));
#13760 = DIRECTION('',(0.,1.,0.));
#13761 = DIRECTION('',(0.,-0.,1.));
#13762 = ADVANCED_FACE('',(#13763),#13788,.F.);
#13763 = FACE_BOUND('',#13764,.T.);
#13764 = EDGE_LOOP('',(#13765,#13766,#13774,#13782));
#13765 = ORIENTED_EDGE('',*,*,#5205,.T.);
#13766 = ORIENTED_EDGE('',*,*,#13767,.F.);
#13767 = EDGE_CURVE('',#13768,#5208,#13770,.T.);
#13768 = VERTEX_POINT('',#13769);
#13769 = CARTESIAN_POINT('',(8.91592132002,-0.6,7.884619364363));
#13770 = LINE('',#13771,#13772);
#13771 = CARTESIAN_POINT('',(8.91592132002,-0.6,7.884619364363));
#13772 = VECTOR('',#13773,1.);
#13773 = DIRECTION('',(-0.,1.,-0.));
#13774 = ORIENTED_EDGE('',*,*,#13775,.F.);
#13775 = EDGE_CURVE('',#13776,#13768,#13778,.T.);
#13776 = VERTEX_POINT('',#13777);
#13777 = CARTESIAN_POINT('',(8.91592132002,-0.6,6.95550748855));
#13778 = LINE('',#13779,#13780);
#13779 = CARTESIAN_POINT('',(8.91592132002,-0.6,7.884619364363));
#13780 = VECTOR('',#13781,1.);
#13781 = DIRECTION('',(-0.,-0.,1.));
#13782 = ORIENTED_EDGE('',*,*,#13783,.T.);
#13783 = EDGE_CURVE('',#13776,#5206,#13784,.T.);
#13784 = LINE('',#13785,#13786);
#13785 = CARTESIAN_POINT('',(8.91592132002,-0.6,6.95550748855));
#13786 = VECTOR('',#13787,1.);
#13787 = DIRECTION('',(-0.,1.,-0.));
#13788 = PLANE('',#13789);
#13789 = AXIS2_PLACEMENT_3D('',#13790,#13791,#13792);
#13790 = CARTESIAN_POINT('',(8.91592132002,-0.6,7.884619364363));
#13791 = DIRECTION('',(-1.,0.,-0.));
#13792 = DIRECTION('',(0.,0.,1.));
#13793 = ADVANCED_FACE('',(#13794),#13812,.F.);
#13794 = FACE_BOUND('',#13795,.T.);
#13795 = EDGE_LOOP('',(#13796,#13797,#13805,#13811));
#13796 = ORIENTED_EDGE('',*,*,#5231,.T.);
#13797 = ORIENTED_EDGE('',*,*,#13798,.F.);
#13798 = EDGE_CURVE('',#13799,#5224,#13801,.T.);
#13799 = VERTEX_POINT('',#13800);
#13800 = CARTESIAN_POINT('',(7.206355468523,-0.6,7.884619364363));
#13801 = LINE('',#13802,#13803);
#13802 = CARTESIAN_POINT('',(7.206355468523,-0.6,7.884619364363));
#13803 = VECTOR('',#13804,1.);
#13804 = DIRECTION('',(-0.,1.,-0.));
#13805 = ORIENTED_EDGE('',*,*,#13806,.F.);
#13806 = EDGE_CURVE('',#13768,#13799,#13807,.T.);
#13807 = LINE('',#13808,#13809);
#13808 = CARTESIAN_POINT('',(8.91592132002,-0.6,7.884619364363));
#13809 = VECTOR('',#13810,1.);
#13810 = DIRECTION('',(-1.,0.,0.));
#13811 = ORIENTED_EDGE('',*,*,#13767,.T.);
#13812 = PLANE('',#13813);
#13813 = AXIS2_PLACEMENT_3D('',#13814,#13815,#13816);
#13814 = CARTESIAN_POINT('',(8.91592132002,-0.6,7.884619364363));
#13815 = DIRECTION('',(-0.,0.,-1.));
#13816 = DIRECTION('',(-1.,0.,0.));
#13817 = ADVANCED_FACE('',(#13818),#13836,.F.);
#13818 = FACE_BOUND('',#13819,.T.);
#13819 = EDGE_LOOP('',(#13820,#13821,#13829,#13835));
#13820 = ORIENTED_EDGE('',*,*,#5223,.T.);
#13821 = ORIENTED_EDGE('',*,*,#13822,.F.);
#13822 = EDGE_CURVE('',#13823,#5216,#13825,.T.);
#13823 = VERTEX_POINT('',#13824);
#13824 = CARTESIAN_POINT('',(7.206355468523,-0.6,6.95550748855));
#13825 = LINE('',#13826,#13827);
#13826 = CARTESIAN_POINT('',(7.206355468523,-0.6,6.95550748855));
#13827 = VECTOR('',#13828,1.);
#13828 = DIRECTION('',(-0.,1.,-0.));
#13829 = ORIENTED_EDGE('',*,*,#13830,.F.);
#13830 = EDGE_CURVE('',#13799,#13823,#13831,.T.);
#13831 = LINE('',#13832,#13833);
#13832 = CARTESIAN_POINT('',(7.206355468523,-0.6,7.884619364363));
#13833 = VECTOR('',#13834,1.);
#13834 = DIRECTION('',(0.,0.,-1.));
#13835 = ORIENTED_EDGE('',*,*,#13798,.T.);
#13836 = PLANE('',#13837);
#13837 = AXIS2_PLACEMENT_3D('',#13838,#13839,#13840);
#13838 = CARTESIAN_POINT('',(7.206355468523,-0.6,7.884619364363));
#13839 = DIRECTION('',(1.,0.,0.));
#13840 = DIRECTION('',(0.,0.,-1.));
#13841 = ADVANCED_FACE('',(#13842),#13853,.F.);
#13842 = FACE_BOUND('',#13843,.T.);
#13843 = EDGE_LOOP('',(#13844,#13845,#13846,#13852));
#13844 = ORIENTED_EDGE('',*,*,#5215,.T.);
#13845 = ORIENTED_EDGE('',*,*,#13783,.F.);
#13846 = ORIENTED_EDGE('',*,*,#13847,.F.);
#13847 = EDGE_CURVE('',#13823,#13776,#13848,.T.);
#13848 = LINE('',#13849,#13850);
#13849 = CARTESIAN_POINT('',(8.91592132002,-0.6,6.95550748855));
#13850 = VECTOR('',#13851,1.);
#13851 = DIRECTION('',(1.,-0.,-0.));
#13852 = ORIENTED_EDGE('',*,*,#13822,.T.);
#13853 = PLANE('',#13854);
#13854 = AXIS2_PLACEMENT_3D('',#13855,#13856,#13857);
#13855 = CARTESIAN_POINT('',(8.91592132002,-0.6,6.95550748855));
#13856 = DIRECTION('',(0.,0.,1.));
#13857 = DIRECTION('',(1.,0.,-0.));
#13858 = ADVANCED_FACE('',(#13859),#13865,.F.);
#13859 = FACE_BOUND('',#13860,.T.);
#13860 = EDGE_LOOP('',(#13861,#13862,#13863,#13864));
#13861 = ORIENTED_EDGE('',*,*,#13775,.T.);
#13862 = ORIENTED_EDGE('',*,*,#13806,.T.);
#13863 = ORIENTED_EDGE('',*,*,#13830,.T.);
#13864 = ORIENTED_EDGE('',*,*,#13847,.T.);
#13865 = PLANE('',#13866);
#13866 = AXIS2_PLACEMENT_3D('',#13867,#13868,#13869);
#13867 = CARTESIAN_POINT('',(0.,-0.6,0.));
#13868 = DIRECTION('',(0.,1.,0.));
#13869 = DIRECTION('',(0.,-0.,1.));
#13870 = ADVANCED_FACE('',(#13871),#13896,.F.);
#13871 = FACE_BOUND('',#13872,.T.);
#13872 = EDGE_LOOP('',(#13873,#13874,#13882,#13890));
#13873 = ORIENTED_EDGE('',*,*,#3167,.T.);
#13874 = ORIENTED_EDGE('',*,*,#13875,.F.);
#13875 = EDGE_CURVE('',#13876,#3170,#13878,.T.);
#13876 = VERTEX_POINT('',#13877);
#13877 = CARTESIAN_POINT('',(6.57455939297,-0.6,0.563217782953));
#13878 = LINE('',#13879,#13880);
#13879 = CARTESIAN_POINT('',(6.57455939297,-0.6,0.563217782953));
#13880 = VECTOR('',#13881,1.);
#13881 = DIRECTION('',(-0.,1.,-0.));
#13882 = ORIENTED_EDGE('',*,*,#13883,.F.);
#13883 = EDGE_CURVE('',#13884,#13876,#13886,.T.);
#13884 = VERTEX_POINT('',#13885);
#13885 = CARTESIAN_POINT('',(6.57455939297,-0.6,-0.923361218348));
#13886 = LINE('',#13887,#13888);
#13887 = CARTESIAN_POINT('',(6.57455939297,-0.6,0.563217782953));
#13888 = VECTOR('',#13889,1.);
#13889 = DIRECTION('',(-0.,-0.,1.));
#13890 = ORIENTED_EDGE('',*,*,#13891,.T.);
#13891 = EDGE_CURVE('',#13884,#3168,#13892,.T.);
#13892 = LINE('',#13893,#13894);
#13893 = CARTESIAN_POINT('',(6.57455939297,-0.6,-0.923361218348));
#13894 = VECTOR('',#13895,1.);
#13895 = DIRECTION('',(-0.,1.,-0.));
#13896 = PLANE('',#13897);
#13897 = AXIS2_PLACEMENT_3D('',#13898,#13899,#13900);
#13898 = CARTESIAN_POINT('',(6.57455939297,-0.6,0.563217782953));
#13899 = DIRECTION('',(-1.,0.,-0.));
#13900 = DIRECTION('',(0.,0.,1.));
#13901 = ADVANCED_FACE('',(#13902),#13920,.F.);
#13902 = FACE_BOUND('',#13903,.T.);
#13903 = EDGE_LOOP('',(#13904,#13905,#13913,#13919));
#13904 = ORIENTED_EDGE('',*,*,#3193,.T.);
#13905 = ORIENTED_EDGE('',*,*,#13906,.F.);
#13906 = EDGE_CURVE('',#13907,#3186,#13909,.T.);
#13907 = VERTEX_POINT('',#13908);
#13908 = CARTESIAN_POINT('',(5.608283042124,-0.6,0.563217782953));
#13909 = LINE('',#13910,#13911);
#13910 = CARTESIAN_POINT('',(5.608283042124,-0.6,0.563217782953));
#13911 = VECTOR('',#13912,1.);
#13912 = DIRECTION('',(-0.,1.,-0.));
#13913 = ORIENTED_EDGE('',*,*,#13914,.F.);
#13914 = EDGE_CURVE('',#13876,#13907,#13915,.T.);
#13915 = LINE('',#13916,#13917);
#13916 = CARTESIAN_POINT('',(6.57455939297,-0.6,0.563217782953));
#13917 = VECTOR('',#13918,1.);
#13918 = DIRECTION('',(-1.,0.,0.));
#13919 = ORIENTED_EDGE('',*,*,#13875,.T.);
#13920 = PLANE('',#13921);
#13921 = AXIS2_PLACEMENT_3D('',#13922,#13923,#13924);
#13922 = CARTESIAN_POINT('',(6.57455939297,-0.6,0.563217782953));
#13923 = DIRECTION('',(-0.,0.,-1.));
#13924 = DIRECTION('',(-1.,0.,0.));
#13925 = ADVANCED_FACE('',(#13926),#13944,.F.);
#13926 = FACE_BOUND('',#13927,.T.);
#13927 = EDGE_LOOP('',(#13928,#13929,#13937,#13943));
#13928 = ORIENTED_EDGE('',*,*,#3185,.T.);
#13929 = ORIENTED_EDGE('',*,*,#13930,.F.);
#13930 = EDGE_CURVE('',#13931,#3178,#13933,.T.);
#13931 = VERTEX_POINT('',#13932);
#13932 = CARTESIAN_POINT('',(5.608283042124,-0.6,-0.923361218348));
#13933 = LINE('',#13934,#13935);
#13934 = CARTESIAN_POINT('',(5.608283042124,-0.6,-0.923361218348));
#13935 = VECTOR('',#13936,1.);
#13936 = DIRECTION('',(-0.,1.,-0.));
#13937 = ORIENTED_EDGE('',*,*,#13938,.F.);
#13938 = EDGE_CURVE('',#13907,#13931,#13939,.T.);
#13939 = LINE('',#13940,#13941);
#13940 = CARTESIAN_POINT('',(5.608283042124,-0.6,0.563217782953));
#13941 = VECTOR('',#13942,1.);
#13942 = DIRECTION('',(0.,0.,-1.));
#13943 = ORIENTED_EDGE('',*,*,#13906,.T.);
#13944 = PLANE('',#13945);
#13945 = AXIS2_PLACEMENT_3D('',#13946,#13947,#13948);
#13946 = CARTESIAN_POINT('',(5.608283042124,-0.6,0.563217782953));
#13947 = DIRECTION('',(1.,0.,0.));
#13948 = DIRECTION('',(0.,0.,-1.));
#13949 = ADVANCED_FACE('',(#13950),#13961,.F.);
#13950 = FACE_BOUND('',#13951,.T.);
#13951 = EDGE_LOOP('',(#13952,#13953,#13954,#13960));
#13952 = ORIENTED_EDGE('',*,*,#3177,.T.);
#13953 = ORIENTED_EDGE('',*,*,#13891,.F.);
#13954 = ORIENTED_EDGE('',*,*,#13955,.F.);
#13955 = EDGE_CURVE('',#13931,#13884,#13956,.T.);
#13956 = LINE('',#13957,#13958);
#13957 = CARTESIAN_POINT('',(6.57455939297,-0.6,-0.923361218348));
#13958 = VECTOR('',#13959,1.);
#13959 = DIRECTION('',(1.,-0.,-0.));
#13960 = ORIENTED_EDGE('',*,*,#13930,.T.);
#13961 = PLANE('',#13962);
#13962 = AXIS2_PLACEMENT_3D('',#13963,#13964,#13965);
#13963 = CARTESIAN_POINT('',(6.57455939297,-0.6,-0.923361218348));
#13964 = DIRECTION('',(0.,0.,1.));
#13965 = DIRECTION('',(1.,0.,-0.));
#13966 = ADVANCED_FACE('',(#13967),#13973,.F.);
#13967 = FACE_BOUND('',#13968,.T.);
#13968 = EDGE_LOOP('',(#13969,#13970,#13971,#13972));
#13969 = ORIENTED_EDGE('',*,*,#13883,.T.);
#13970 = ORIENTED_EDGE('',*,*,#13914,.T.);
#13971 = ORIENTED_EDGE('',*,*,#13938,.T.);
#13972 = ORIENTED_EDGE('',*,*,#13955,.T.);
#13973 = PLANE('',#13974);
#13974 = AXIS2_PLACEMENT_3D('',#13975,#13976,#13977);
#13975 = CARTESIAN_POINT('',(0.,-0.6,0.));
#13976 = DIRECTION('',(0.,1.,0.));
#13977 = DIRECTION('',(0.,-0.,1.));
#13978 = ADVANCED_FACE('',(#13979),#14004,.F.);
#13979 = FACE_BOUND('',#13980,.T.);
#13980 = EDGE_LOOP('',(#13981,#13982,#13990,#13998));
#13981 = ORIENTED_EDGE('',*,*,#5239,.T.);
#13982 = ORIENTED_EDGE('',*,*,#13983,.F.);
#13983 = EDGE_CURVE('',#13984,#5242,#13986,.T.);
#13984 = VERTEX_POINT('',#13985);
#13985 = CARTESIAN_POINT('',(4.922136464712,-0.6,1.828249355482));
#13986 = LINE('',#13987,#13988);
#13987 = CARTESIAN_POINT('',(4.922136464712,-0.6,1.828249355482));
#13988 = VECTOR('',#13989,1.);
#13989 = DIRECTION('',(-0.,1.,-0.));
#13990 = ORIENTED_EDGE('',*,*,#13991,.F.);
#13991 = EDGE_CURVE('',#13992,#13984,#13994,.T.);
#13992 = VERTEX_POINT('',#13993);
#13993 = CARTESIAN_POINT('',(4.922136464712,-0.6,1.016511823867));
#13994 = LINE('',#13995,#13996);
#13995 = CARTESIAN_POINT('',(4.922136464712,-0.6,1.828249355482));
#13996 = VECTOR('',#13997,1.);
#13997 = DIRECTION('',(-0.,-0.,1.));
#13998 = ORIENTED_EDGE('',*,*,#13999,.T.);
#13999 = EDGE_CURVE('',#13992,#5240,#14000,.T.);
#14000 = LINE('',#14001,#14002);
#14001 = CARTESIAN_POINT('',(4.922136464712,-0.6,1.016511823867));
#14002 = VECTOR('',#14003,1.);
#14003 = DIRECTION('',(-0.,1.,-0.));
#14004 = PLANE('',#14005);
#14005 = AXIS2_PLACEMENT_3D('',#14006,#14007,#14008);
#14006 = CARTESIAN_POINT('',(4.922136464712,-0.6,1.828249355482));
#14007 = DIRECTION('',(-1.,0.,-0.));
#14008 = DIRECTION('',(0.,0.,1.));
#14009 = ADVANCED_FACE('',(#14010),#14028,.F.);
#14010 = FACE_BOUND('',#14011,.T.);
#14011 = EDGE_LOOP('',(#14012,#14013,#14021,#14027));
#14012 = ORIENTED_EDGE('',*,*,#5265,.T.);
#14013 = ORIENTED_EDGE('',*,*,#14014,.F.);
#14014 = EDGE_CURVE('',#14015,#5258,#14017,.T.);
#14015 = VERTEX_POINT('',#14016);
#14016 = CARTESIAN_POINT('',(3.192592165009,-0.6,1.828249355482));
#14017 = LINE('',#14018,#14019);
#14018 = CARTESIAN_POINT('',(3.192592165009,-0.6,1.828249355482));
#14019 = VECTOR('',#14020,1.);
#14020 = DIRECTION('',(-0.,1.,-0.));
#14021 = ORIENTED_EDGE('',*,*,#14022,.F.);
#14022 = EDGE_CURVE('',#13984,#14015,#14023,.T.);
#14023 = LINE('',#14024,#14025);
#14024 = CARTESIAN_POINT('',(4.922136464712,-0.6,1.828249355482));
#14025 = VECTOR('',#14026,1.);
#14026 = DIRECTION('',(-1.,0.,0.));
#14027 = ORIENTED_EDGE('',*,*,#13983,.T.);
#14028 = PLANE('',#14029);
#14029 = AXIS2_PLACEMENT_3D('',#14030,#14031,#14032);
#14030 = CARTESIAN_POINT('',(4.922136464712,-0.6,1.828249355482));
#14031 = DIRECTION('',(-0.,0.,-1.));
#14032 = DIRECTION('',(-1.,0.,0.));
#14033 = ADVANCED_FACE('',(#14034),#14052,.F.);
#14034 = FACE_BOUND('',#14035,.T.);
#14035 = EDGE_LOOP('',(#14036,#14037,#14045,#14051));
#14036 = ORIENTED_EDGE('',*,*,#5257,.T.);
#14037 = ORIENTED_EDGE('',*,*,#14038,.F.);
#14038 = EDGE_CURVE('',#14039,#5250,#14041,.T.);
#14039 = VERTEX_POINT('',#14040);
#14040 = CARTESIAN_POINT('',(3.192592165009,-0.6,1.016511823867));
#14041 = LINE('',#14042,#14043);
#14042 = CARTESIAN_POINT('',(3.192592165009,-0.6,1.016511823867));
#14043 = VECTOR('',#14044,1.);
#14044 = DIRECTION('',(-0.,1.,-0.));
#14045 = ORIENTED_EDGE('',*,*,#14046,.F.);
#14046 = EDGE_CURVE('',#14015,#14039,#14047,.T.);
#14047 = LINE('',#14048,#14049);
#14048 = CARTESIAN_POINT('',(3.192592165009,-0.6,1.828249355482));
#14049 = VECTOR('',#14050,1.);
#14050 = DIRECTION('',(0.,0.,-1.));
#14051 = ORIENTED_EDGE('',*,*,#14014,.T.);
#14052 = PLANE('',#14053);
#14053 = AXIS2_PLACEMENT_3D('',#14054,#14055,#14056);
#14054 = CARTESIAN_POINT('',(3.192592165009,-0.6,1.828249355482));
#14055 = DIRECTION('',(1.,0.,0.));
#14056 = DIRECTION('',(0.,0.,-1.));
#14057 = ADVANCED_FACE('',(#14058),#14069,.F.);
#14058 = FACE_BOUND('',#14059,.T.);
#14059 = EDGE_LOOP('',(#14060,#14061,#14062,#14068));
#14060 = ORIENTED_EDGE('',*,*,#5249,.T.);
#14061 = ORIENTED_EDGE('',*,*,#13999,.F.);
#14062 = ORIENTED_EDGE('',*,*,#14063,.F.);
#14063 = EDGE_CURVE('',#14039,#13992,#14064,.T.);
#14064 = LINE('',#14065,#14066);
#14065 = CARTESIAN_POINT('',(4.922136464712,-0.6,1.016511823867));
#14066 = VECTOR('',#14067,1.);
#14067 = DIRECTION('',(1.,-0.,-0.));
#14068 = ORIENTED_EDGE('',*,*,#14038,.T.);
#14069 = PLANE('',#14070);
#14070 = AXIS2_PLACEMENT_3D('',#14071,#14072,#14073);
#14071 = CARTESIAN_POINT('',(4.922136464712,-0.6,1.016511823867));
#14072 = DIRECTION('',(0.,0.,1.));
#14073 = DIRECTION('',(1.,0.,-0.));
#14074 = ADVANCED_FACE('',(#14075),#14081,.F.);
#14075 = FACE_BOUND('',#14076,.T.);
#14076 = EDGE_LOOP('',(#14077,#14078,#14079,#14080));
#14077 = ORIENTED_EDGE('',*,*,#13991,.T.);
#14078 = ORIENTED_EDGE('',*,*,#14022,.T.);
#14079 = ORIENTED_EDGE('',*,*,#14046,.T.);
#14080 = ORIENTED_EDGE('',*,*,#14063,.T.);
#14081 = PLANE('',#14082);
#14082 = AXIS2_PLACEMENT_3D('',#14083,#14084,#14085);
#14083 = CARTESIAN_POINT('',(0.,-0.6,0.));
#14084 = DIRECTION('',(0.,1.,0.));
#14085 = DIRECTION('',(0.,-0.,1.));
#14086 = ADVANCED_FACE('',(#14087),#14112,.F.);
#14087 = FACE_BOUND('',#14088,.T.);
#14088 = EDGE_LOOP('',(#14089,#14090,#14098,#14106));
#14089 = ORIENTED_EDGE('',*,*,#3133,.T.);
#14090 = ORIENTED_EDGE('',*,*,#14091,.F.);
#14091 = EDGE_CURVE('',#14092,#3136,#14094,.T.);
#14092 = VERTEX_POINT('',#14093);
#14093 = CARTESIAN_POINT('',(4.922136464712,-0.6,0.228737507661));
#14094 = LINE('',#14095,#14096);
#14095 = CARTESIAN_POINT('',(4.922136464712,-0.6,0.228737507661));
#14096 = VECTOR('',#14097,1.);
#14097 = DIRECTION('',(-0.,1.,-0.));
#14098 = ORIENTED_EDGE('',*,*,#14099,.F.);
#14099 = EDGE_CURVE('',#14100,#14092,#14102,.T.);
#14100 = VERTEX_POINT('',#14101);
#14101 = CARTESIAN_POINT('',(4.922136464712,-0.6,-1.405559287037));
#14102 = LINE('',#14103,#14104);
#14103 = CARTESIAN_POINT('',(4.922136464712,-0.6,0.228737507661));
#14104 = VECTOR('',#14105,1.);
#14105 = DIRECTION('',(-0.,-0.,1.));
#14106 = ORIENTED_EDGE('',*,*,#14107,.T.);
#14107 = EDGE_CURVE('',#14100,#3134,#14108,.T.);
#14108 = LINE('',#14109,#14110);
#14109 = CARTESIAN_POINT('',(4.922136464712,-0.6,-1.405559287037));
#14110 = VECTOR('',#14111,1.);
#14111 = DIRECTION('',(-0.,1.,-0.));
#14112 = PLANE('',#14113);
#14113 = AXIS2_PLACEMENT_3D('',#14114,#14115,#14116);
#14114 = CARTESIAN_POINT('',(4.922136464712,-0.6,0.228737507661));
#14115 = DIRECTION('',(-1.,0.,-0.));
#14116 = DIRECTION('',(0.,0.,1.));
#14117 = ADVANCED_FACE('',(#14118),#14136,.F.);
#14118 = FACE_BOUND('',#14119,.T.);
#14119 = EDGE_LOOP('',(#14120,#14121,#14129,#14135));
#14120 = ORIENTED_EDGE('',*,*,#3159,.T.);
#14121 = ORIENTED_EDGE('',*,*,#14122,.F.);
#14122 = EDGE_CURVE('',#14123,#3152,#14125,.T.);
#14123 = VERTEX_POINT('',#14124);
#14124 = CARTESIAN_POINT('',(4.05736431486,-0.6,0.228737507661));
#14125 = LINE('',#14126,#14127);
#14126 = CARTESIAN_POINT('',(4.05736431486,-0.6,0.228737507661));
#14127 = VECTOR('',#14128,1.);
#14128 = DIRECTION('',(-0.,1.,-0.));
#14129 = ORIENTED_EDGE('',*,*,#14130,.F.);
#14130 = EDGE_CURVE('',#14092,#14123,#14131,.T.);
#14131 = LINE('',#14132,#14133);
#14132 = CARTESIAN_POINT('',(4.922136464712,-0.6,0.228737507661));
#14133 = VECTOR('',#14134,1.);
#14134 = DIRECTION('',(-1.,0.,0.));
#14135 = ORIENTED_EDGE('',*,*,#14091,.T.);
#14136 = PLANE('',#14137);
#14137 = AXIS2_PLACEMENT_3D('',#14138,#14139,#14140);
#14138 = CARTESIAN_POINT('',(4.922136464712,-0.6,0.228737507661));
#14139 = DIRECTION('',(-0.,0.,-1.));
#14140 = DIRECTION('',(-1.,0.,0.));
#14141 = ADVANCED_FACE('',(#14142),#14160,.F.);
#14142 = FACE_BOUND('',#14143,.T.);
#14143 = EDGE_LOOP('',(#14144,#14145,#14153,#14159));
#14144 = ORIENTED_EDGE('',*,*,#3151,.T.);
#14145 = ORIENTED_EDGE('',*,*,#14146,.F.);
#14146 = EDGE_CURVE('',#14147,#3144,#14149,.T.);
#14147 = VERTEX_POINT('',#14148);
#14148 = CARTESIAN_POINT('',(4.05736431486,-0.6,-1.405559287037));
#14149 = LINE('',#14150,#14151);
#14150 = CARTESIAN_POINT('',(4.05736431486,-0.6,-1.405559287037));
#14151 = VECTOR('',#14152,1.);
#14152 = DIRECTION('',(-0.,1.,-0.));
#14153 = ORIENTED_EDGE('',*,*,#14154,.F.);
#14154 = EDGE_CURVE('',#14123,#14147,#14155,.T.);
#14155 = LINE('',#14156,#14157);
#14156 = CARTESIAN_POINT('',(4.05736431486,-0.6,0.228737507661));
#14157 = VECTOR('',#14158,1.);
#14158 = DIRECTION('',(0.,0.,-1.));
#14159 = ORIENTED_EDGE('',*,*,#14122,.T.);
#14160 = PLANE('',#14161);
#14161 = AXIS2_PLACEMENT_3D('',#14162,#14163,#14164);
#14162 = CARTESIAN_POINT('',(4.05736431486,-0.6,0.228737507661));
#14163 = DIRECTION('',(1.,0.,0.));
#14164 = DIRECTION('',(0.,0.,-1.));
#14165 = ADVANCED_FACE('',(#14166),#14177,.F.);
#14166 = FACE_BOUND('',#14167,.T.);
#14167 = EDGE_LOOP('',(#14168,#14169,#14170,#14176));
#14168 = ORIENTED_EDGE('',*,*,#3143,.T.);
#14169 = ORIENTED_EDGE('',*,*,#14107,.F.);
#14170 = ORIENTED_EDGE('',*,*,#14171,.F.);
#14171 = EDGE_CURVE('',#14147,#14100,#14172,.T.);
#14172 = LINE('',#14173,#14174);
#14173 = CARTESIAN_POINT('',(4.922136464712,-0.6,-1.405559287037));
#14174 = VECTOR('',#14175,1.);
#14175 = DIRECTION('',(1.,-0.,-0.));
#14176 = ORIENTED_EDGE('',*,*,#14146,.T.);
#14177 = PLANE('',#14178);
#14178 = AXIS2_PLACEMENT_3D('',#14179,#14180,#14181);
#14179 = CARTESIAN_POINT('',(4.922136464712,-0.6,-1.405559287037));
#14180 = DIRECTION('',(0.,0.,1.));
#14181 = DIRECTION('',(1.,0.,-0.));
#14182 = ADVANCED_FACE('',(#14183),#14189,.F.);
#14183 = FACE_BOUND('',#14184,.T.);
#14184 = EDGE_LOOP('',(#14185,#14186,#14187,#14188));
#14185 = ORIENTED_EDGE('',*,*,#14099,.T.);
#14186 = ORIENTED_EDGE('',*,*,#14130,.T.);
#14187 = ORIENTED_EDGE('',*,*,#14154,.T.);
#14188 = ORIENTED_EDGE('',*,*,#14171,.T.);
#14189 = PLANE('',#14190);
#14190 = AXIS2_PLACEMENT_3D('',#14191,#14192,#14193);
#14191 = CARTESIAN_POINT('',(0.,-0.6,0.));
#14192 = DIRECTION('',(0.,1.,0.));
#14193 = DIRECTION('',(0.,-0.,1.));
#14194 = ADVANCED_FACE('',(#14195),#14220,.F.);
#14195 = FACE_BOUND('',#14196,.T.);
#14196 = EDGE_LOOP('',(#14197,#14198,#14206,#14214));
#14197 = ORIENTED_EDGE('',*,*,#5273,.T.);
#14198 = ORIENTED_EDGE('',*,*,#14199,.F.);
#14199 = EDGE_CURVE('',#14200,#5276,#14202,.T.);
#14200 = VERTEX_POINT('',#14201);
#14201 = CARTESIAN_POINT('',(3.638565865399,-0.6,0.228737507661));
#14202 = LINE('',#14203,#14204);
#14203 = CARTESIAN_POINT('',(3.638565865399,-0.6,0.228737507661));
#14204 = VECTOR('',#14205,1.);
#14205 = DIRECTION('',(-0.,1.,-0.));
#14206 = ORIENTED_EDGE('',*,*,#14207,.F.);
#14207 = EDGE_CURVE('',#14208,#14200,#14210,.T.);
#14208 = VERTEX_POINT('',#14209);
#14209 = CARTESIAN_POINT('',(3.638565865399,-0.6,-1.405559287037));
#14210 = LINE('',#14211,#14212);
#14211 = CARTESIAN_POINT('',(3.638565865399,-0.6,0.228737507661));
#14212 = VECTOR('',#14213,1.);
#14213 = DIRECTION('',(-0.,-0.,1.));
#14214 = ORIENTED_EDGE('',*,*,#14215,.T.);
#14215 = EDGE_CURVE('',#14208,#5274,#14216,.T.);
#14216 = LINE('',#14217,#14218);
#14217 = CARTESIAN_POINT('',(3.638565865399,-0.6,-1.405559287037));
#14218 = VECTOR('',#14219,1.);
#14219 = DIRECTION('',(-0.,1.,-0.));
#14220 = PLANE('',#14221);
#14221 = AXIS2_PLACEMENT_3D('',#14222,#14223,#14224);
#14222 = CARTESIAN_POINT('',(3.638565865399,-0.6,0.228737507661));
#14223 = DIRECTION('',(-1.,0.,-0.));
#14224 = DIRECTION('',(0.,0.,1.));
#14225 = ADVANCED_FACE('',(#14226),#14244,.F.);
#14226 = FACE_BOUND('',#14227,.T.);
#14227 = EDGE_LOOP('',(#14228,#14229,#14237,#14243));
#14228 = ORIENTED_EDGE('',*,*,#5299,.T.);
#14229 = ORIENTED_EDGE('',*,*,#14230,.F.);
#14230 = EDGE_CURVE('',#14231,#5292,#14233,.T.);
#14231 = VERTEX_POINT('',#14232);
#14232 = CARTESIAN_POINT('',(2.746618464618,-0.6,0.228737507661));
#14233 = LINE('',#14234,#14235);
#14234 = CARTESIAN_POINT('',(2.746618464618,-0.6,0.228737507661));
#14235 = VECTOR('',#14236,1.);
#14236 = DIRECTION('',(-0.,1.,-0.));
#14237 = ORIENTED_EDGE('',*,*,#14238,.F.);
#14238 = EDGE_CURVE('',#14200,#14231,#14239,.T.);
#14239 = LINE('',#14240,#14241);
#14240 = CARTESIAN_POINT('',(3.638565865399,-0.6,0.228737507661));
#14241 = VECTOR('',#14242,1.);
#14242 = DIRECTION('',(-1.,0.,0.));
#14243 = ORIENTED_EDGE('',*,*,#14199,.T.);
#14244 = PLANE('',#14245);
#14245 = AXIS2_PLACEMENT_3D('',#14246,#14247,#14248);
#14246 = CARTESIAN_POINT('',(3.638565865399,-0.6,0.228737507661));
#14247 = DIRECTION('',(-0.,0.,-1.));
#14248 = DIRECTION('',(-1.,0.,0.));
#14249 = ADVANCED_FACE('',(#14250),#14268,.F.);
#14250 = FACE_BOUND('',#14251,.T.);
#14251 = EDGE_LOOP('',(#14252,#14253,#14261,#14267));
#14252 = ORIENTED_EDGE('',*,*,#5291,.T.);
#14253 = ORIENTED_EDGE('',*,*,#14254,.F.);
#14254 = EDGE_CURVE('',#14255,#5284,#14257,.T.);
#14255 = VERTEX_POINT('',#14256);
#14256 = CARTESIAN_POINT('',(2.746618464618,-0.6,-1.405559287037));
#14257 = LINE('',#14258,#14259);
#14258 = CARTESIAN_POINT('',(2.746618464618,-0.6,-1.405559287037));
#14259 = VECTOR('',#14260,1.);
#14260 = DIRECTION('',(-0.,1.,-0.));
#14261 = ORIENTED_EDGE('',*,*,#14262,.F.);
#14262 = EDGE_CURVE('',#14231,#14255,#14263,.T.);
#14263 = LINE('',#14264,#14265);
#14264 = CARTESIAN_POINT('',(2.746618464618,-0.6,0.228737507661));
#14265 = VECTOR('',#14266,1.);
#14266 = DIRECTION('',(0.,0.,-1.));
#14267 = ORIENTED_EDGE('',*,*,#14230,.T.);
#14268 = PLANE('',#14269);
#14269 = AXIS2_PLACEMENT_3D('',#14270,#14271,#14272);
#14270 = CARTESIAN_POINT('',(2.746618464618,-0.6,0.228737507661));
#14271 = DIRECTION('',(1.,0.,0.));
#14272 = DIRECTION('',(0.,0.,-1.));
#14273 = ADVANCED_FACE('',(#14274),#14285,.F.);
#14274 = FACE_BOUND('',#14275,.T.);
#14275 = EDGE_LOOP('',(#14276,#14277,#14278,#14284));
#14276 = ORIENTED_EDGE('',*,*,#5283,.T.);
#14277 = ORIENTED_EDGE('',*,*,#14215,.F.);
#14278 = ORIENTED_EDGE('',*,*,#14279,.F.);
#14279 = EDGE_CURVE('',#14255,#14208,#14280,.T.);
#14280 = LINE('',#14281,#14282);
#14281 = CARTESIAN_POINT('',(3.638565865399,-0.6,-1.405559287037));
#14282 = VECTOR('',#14283,1.);
#14283 = DIRECTION('',(1.,-0.,-0.));
#14284 = ORIENTED_EDGE('',*,*,#14254,.T.);
#14285 = PLANE('',#14286);
#14286 = AXIS2_PLACEMENT_3D('',#14287,#14288,#14289);
#14287 = CARTESIAN_POINT('',(3.638565865399,-0.6,-1.405559287037));
#14288 = DIRECTION('',(0.,0.,1.));
#14289 = DIRECTION('',(1.,0.,-0.));
#14290 = ADVANCED_FACE('',(#14291),#14297,.F.);
#14291 = FACE_BOUND('',#14292,.T.);
#14292 = EDGE_LOOP('',(#14293,#14294,#14295,#14296));
#14293 = ORIENTED_EDGE('',*,*,#14207,.T.);
#14294 = ORIENTED_EDGE('',*,*,#14238,.T.);
#14295 = ORIENTED_EDGE('',*,*,#14262,.T.);
#14296 = ORIENTED_EDGE('',*,*,#14279,.T.);
#14297 = PLANE('',#14298);
#14298 = AXIS2_PLACEMENT_3D('',#14299,#14300,#14301);
#14299 = CARTESIAN_POINT('',(0.,-0.6,0.));
#14300 = DIRECTION('',(0.,1.,0.));
#14301 = DIRECTION('',(0.,-0.,1.));
#14302 = ADVANCED_FACE('',(#14303),#14328,.F.);
#14303 = FACE_BOUND('',#14304,.T.);
#14304 = EDGE_LOOP('',(#14305,#14306,#14314,#14322));
#14305 = ORIENTED_EDGE('',*,*,#3099,.T.);
#14306 = ORIENTED_EDGE('',*,*,#14307,.F.);
#14307 = EDGE_CURVE('',#14308,#3102,#14310,.T.);
#14308 = VERTEX_POINT('',#14309);
#14309 = CARTESIAN_POINT('',(5.37545705772,-0.6,4.814174835362));
#14310 = LINE('',#14311,#14312);
#14311 = CARTESIAN_POINT('',(5.37545705772,-0.6,4.814174835362));
#14312 = VECTOR('',#14313,1.);
#14313 = DIRECTION('',(-0.,1.,-0.));
#14314 = ORIENTED_EDGE('',*,*,#14315,.F.);
#14315 = EDGE_CURVE('',#14316,#14308,#14318,.T.);
#14316 = VERTEX_POINT('',#14317);
#14317 = CARTESIAN_POINT('',(5.37545705772,-0.6,3.063479463397));
#14318 = LINE('',#14319,#14320);
#14319 = CARTESIAN_POINT('',(5.37545705772,-0.6,3.063479463397));
#14320 = VECTOR('',#14321,1.);
#14321 = DIRECTION('',(0.,0.,1.));
#14322 = ORIENTED_EDGE('',*,*,#14323,.T.);
#14323 = EDGE_CURVE('',#14316,#3100,#14324,.T.);
#14324 = LINE('',#14325,#14326);
#14325 = CARTESIAN_POINT('',(5.37545705772,-0.6,3.063479463397));
#14326 = VECTOR('',#14327,1.);
#14327 = DIRECTION('',(-0.,1.,-0.));
#14328 = PLANE('',#14329);
#14329 = AXIS2_PLACEMENT_3D('',#14330,#14331,#14332);
#14330 = CARTESIAN_POINT('',(5.37545705772,-0.6,3.063479463397));
#14331 = DIRECTION('',(-1.,0.,0.));
#14332 = DIRECTION('',(0.,0.,1.));
#14333 = ADVANCED_FACE('',(#14334),#14352,.F.);
#14334 = FACE_BOUND('',#14335,.T.);
#14335 = EDGE_LOOP('',(#14336,#14337,#14345,#14351));
#14336 = ORIENTED_EDGE('',*,*,#3125,.T.);
#14337 = ORIENTED_EDGE('',*,*,#14338,.F.);
#14338 = EDGE_CURVE('',#14339,#3118,#14341,.T.);
#14339 = VERTEX_POINT('',#14340);
#14340 = CARTESIAN_POINT('',(4.494154625574,-0.6,4.814174835362));
#14341 = LINE('',#14342,#14343);
#14342 = CARTESIAN_POINT('',(4.494154625574,-0.6,4.814174835362));
#14343 = VECTOR('',#14344,1.);
#14344 = DIRECTION('',(-0.,1.,-0.));
#14345 = ORIENTED_EDGE('',*,*,#14346,.F.);
#14346 = EDGE_CURVE('',#14308,#14339,#14347,.T.);
#14347 = LINE('',#14348,#14349);
#14348 = CARTESIAN_POINT('',(5.37545705772,-0.6,4.814174835362));
#14349 = VECTOR('',#14350,1.);
#14350 = DIRECTION('',(-1.,0.,0.));
#14351 = ORIENTED_EDGE('',*,*,#14307,.T.);
#14352 = PLANE('',#14353);
#14353 = AXIS2_PLACEMENT_3D('',#14354,#14355,#14356);
#14354 = CARTESIAN_POINT('',(5.37545705772,-0.6,4.814174835362));
#14355 = DIRECTION('',(-0.,0.,-1.));
#14356 = DIRECTION('',(-1.,0.,0.));
#14357 = ADVANCED_FACE('',(#14358),#14376,.F.);
#14358 = FACE_BOUND('',#14359,.T.);
#14359 = EDGE_LOOP('',(#14360,#14361,#14369,#14375));
#14360 = ORIENTED_EDGE('',*,*,#3117,.T.);
#14361 = ORIENTED_EDGE('',*,*,#14362,.F.);
#14362 = EDGE_CURVE('',#14363,#3110,#14365,.T.);
#14363 = VERTEX_POINT('',#14364);
#14364 = CARTESIAN_POINT('',(4.494154625574,-0.6,3.063479463397));
#14365 = LINE('',#14366,#14367);
#14366 = CARTESIAN_POINT('',(4.494154625574,-0.6,3.063479463397));
#14367 = VECTOR('',#14368,1.);
#14368 = DIRECTION('',(-0.,1.,-0.));
#14369 = ORIENTED_EDGE('',*,*,#14370,.F.);
#14370 = EDGE_CURVE('',#14339,#14363,#14371,.T.);
#14371 = LINE('',#14372,#14373);
#14372 = CARTESIAN_POINT('',(4.494154625574,-0.6,3.063479463397));
#14373 = VECTOR('',#14374,1.);
#14374 = DIRECTION('',(-0.,-0.,-1.));
#14375 = ORIENTED_EDGE('',*,*,#14338,.T.);
#14376 = PLANE('',#14377);
#14377 = AXIS2_PLACEMENT_3D('',#14378,#14379,#14380);
#14378 = CARTESIAN_POINT('',(4.494154625574,-0.6,3.063479463397));
#14379 = DIRECTION('',(1.,0.,-0.));
#14380 = DIRECTION('',(-0.,0.,-1.));
#14381 = ADVANCED_FACE('',(#14382),#14393,.F.);
#14382 = FACE_BOUND('',#14383,.T.);
#14383 = EDGE_LOOP('',(#14384,#14385,#14386,#14392));
#14384 = ORIENTED_EDGE('',*,*,#3109,.T.);
#14385 = ORIENTED_EDGE('',*,*,#14323,.F.);
#14386 = ORIENTED_EDGE('',*,*,#14387,.F.);
#14387 = EDGE_CURVE('',#14363,#14316,#14388,.T.);
#14388 = LINE('',#14389,#14390);
#14389 = CARTESIAN_POINT('',(5.37545705772,-0.6,3.063479463397));
#14390 = VECTOR('',#14391,1.);
#14391 = DIRECTION('',(1.,-0.,-0.));
#14392 = ORIENTED_EDGE('',*,*,#14362,.T.);
#14393 = PLANE('',#14394);
#14394 = AXIS2_PLACEMENT_3D('',#14395,#14396,#14397);
#14395 = CARTESIAN_POINT('',(5.37545705772,-0.6,3.063479463397));
#14396 = DIRECTION('',(0.,0.,1.));
#14397 = DIRECTION('',(1.,0.,-0.));
#14398 = ADVANCED_FACE('',(#14399),#14405,.T.);
#14399 = FACE_BOUND('',#14400,.T.);
#14400 = EDGE_LOOP('',(#14401,#14402,#14403,#14404));
#14401 = ORIENTED_EDGE('',*,*,#14315,.T.);
#14402 = ORIENTED_EDGE('',*,*,#14346,.T.);
#14403 = ORIENTED_EDGE('',*,*,#14370,.T.);
#14404 = ORIENTED_EDGE('',*,*,#14387,.T.);
#14405 = PLANE('',#14406);
#14406 = AXIS2_PLACEMENT_3D('',#14407,#14408,#14409);
#14407 = CARTESIAN_POINT('',(0.,-0.6,0.));
#14408 = DIRECTION('',(0.,-1.,0.));
#14409 = DIRECTION('',(0.,-0.,-1.));
#14410 = ADVANCED_FACE('',(#14411),#14436,.F.);
#14411 = FACE_BOUND('',#14412,.T.);
#14412 = EDGE_LOOP('',(#14413,#14414,#14422,#14430));
#14413 = ORIENTED_EDGE('',*,*,#5307,.T.);
#14414 = ORIENTED_EDGE('',*,*,#14415,.F.);
#14415 = EDGE_CURVE('',#14416,#5310,#14418,.T.);
#14416 = VERTEX_POINT('',#14417);
#14417 = CARTESIAN_POINT('',(1.631684213642,-0.6,2.347112584515));
#14418 = LINE('',#14419,#14420);
#14419 = CARTESIAN_POINT('',(1.631684213642,-0.6,2.347112584515));
#14420 = VECTOR('',#14421,1.);
#14421 = DIRECTION('',(-0.,1.,-0.));
#14422 = ORIENTED_EDGE('',*,*,#14423,.F.);
#14423 = EDGE_CURVE('',#14424,#14416,#14426,.T.);
#14424 = VERTEX_POINT('',#14425);
#14425 = CARTESIAN_POINT('',(1.631684213642,-0.6,3.313388935361));
#14426 = LINE('',#14427,#14428);
#14427 = CARTESIAN_POINT('',(1.631684213642,-0.6,2.347112584515));
#14428 = VECTOR('',#14429,1.);
#14429 = DIRECTION('',(-0.,-0.,-1.));
#14430 = ORIENTED_EDGE('',*,*,#14431,.T.);
#14431 = EDGE_CURVE('',#14424,#5308,#14432,.T.);
#14432 = LINE('',#14433,#14434);
#14433 = CARTESIAN_POINT('',(1.631684213642,-0.6,3.313388935361));
#14434 = VECTOR('',#14435,1.);
#14435 = DIRECTION('',(-0.,1.,-0.));
#14436 = PLANE('',#14437);
#14437 = AXIS2_PLACEMENT_3D('',#14438,#14439,#14440);
#14438 = CARTESIAN_POINT('',(1.631684213642,-0.6,2.347112584515));
#14439 = DIRECTION('',(1.,0.,-0.));
#14440 = DIRECTION('',(-0.,0.,-1.));
#14441 = ADVANCED_FACE('',(#14442),#14460,.F.);
#14442 = FACE_BOUND('',#14443,.T.);
#14443 = EDGE_LOOP('',(#14444,#14445,#14453,#14459));
#14444 = ORIENTED_EDGE('',*,*,#5333,.T.);
#14445 = ORIENTED_EDGE('',*,*,#14446,.F.);
#14446 = EDGE_CURVE('',#14447,#5326,#14449,.T.);
#14447 = VERTEX_POINT('',#14448);
#14448 = CARTESIAN_POINT('',(3.192592165009,-0.6,2.347112584515));
#14449 = LINE('',#14450,#14451);
#14450 = CARTESIAN_POINT('',(3.192592165009,-0.6,2.347112584515));
#14451 = VECTOR('',#14452,1.);
#14452 = DIRECTION('',(-0.,1.,-0.));
#14453 = ORIENTED_EDGE('',*,*,#14454,.F.);
#14454 = EDGE_CURVE('',#14416,#14447,#14455,.T.);
#14455 = LINE('',#14456,#14457);
#14456 = CARTESIAN_POINT('',(1.631684213642,-0.6,2.347112584515));
#14457 = VECTOR('',#14458,1.);
#14458 = DIRECTION('',(1.,0.,0.));
#14459 = ORIENTED_EDGE('',*,*,#14415,.T.);
#14460 = PLANE('',#14461);
#14461 = AXIS2_PLACEMENT_3D('',#14462,#14463,#14464);
#14462 = CARTESIAN_POINT('',(1.631684213642,-0.6,2.347112584515));
#14463 = DIRECTION('',(-0.,0.,1.));
#14464 = DIRECTION('',(1.,0.,0.));
#14465 = ADVANCED_FACE('',(#14466),#14484,.F.);
#14466 = FACE_BOUND('',#14467,.T.);
#14467 = EDGE_LOOP('',(#14468,#14469,#14477,#14483));
#14468 = ORIENTED_EDGE('',*,*,#5325,.T.);
#14469 = ORIENTED_EDGE('',*,*,#14470,.F.);
#14470 = EDGE_CURVE('',#14471,#5318,#14473,.T.);
#14471 = VERTEX_POINT('',#14472);
#14472 = CARTESIAN_POINT('',(3.192592165009,-0.6,3.313388935361));
#14473 = LINE('',#14474,#14475);
#14474 = CARTESIAN_POINT('',(3.192592165009,-0.6,3.313388935361));
#14475 = VECTOR('',#14476,1.);
#14476 = DIRECTION('',(-0.,1.,-0.));
#14477 = ORIENTED_EDGE('',*,*,#14478,.F.);
#14478 = EDGE_CURVE('',#14447,#14471,#14479,.T.);
#14479 = LINE('',#14480,#14481);
#14480 = CARTESIAN_POINT('',(3.192592165009,-0.6,2.347112584515));
#14481 = VECTOR('',#14482,1.);
#14482 = DIRECTION('',(0.,0.,1.));
#14483 = ORIENTED_EDGE('',*,*,#14446,.T.);
#14484 = PLANE('',#14485);
#14485 = AXIS2_PLACEMENT_3D('',#14486,#14487,#14488);
#14486 = CARTESIAN_POINT('',(3.192592165009,-0.6,2.347112584515));
#14487 = DIRECTION('',(-1.,0.,0.));
#14488 = DIRECTION('',(0.,0.,1.));
#14489 = ADVANCED_FACE('',(#14490),#14501,.F.);
#14490 = FACE_BOUND('',#14491,.T.);
#14491 = EDGE_LOOP('',(#14492,#14493,#14494,#14500));
#14492 = ORIENTED_EDGE('',*,*,#5317,.T.);
#14493 = ORIENTED_EDGE('',*,*,#14431,.F.);
#14494 = ORIENTED_EDGE('',*,*,#14495,.F.);
#14495 = EDGE_CURVE('',#14471,#14424,#14496,.T.);
#14496 = LINE('',#14497,#14498);
#14497 = CARTESIAN_POINT('',(1.631684213642,-0.6,3.313388935361));
#14498 = VECTOR('',#14499,1.);
#14499 = DIRECTION('',(-1.,-0.,-0.));
#14500 = ORIENTED_EDGE('',*,*,#14470,.T.);
#14501 = PLANE('',#14502);
#14502 = AXIS2_PLACEMENT_3D('',#14503,#14504,#14505);
#14503 = CARTESIAN_POINT('',(1.631684213642,-0.6,3.313388935361));
#14504 = DIRECTION('',(0.,0.,-1.));
#14505 = DIRECTION('',(-1.,0.,-0.));
#14506 = ADVANCED_FACE('',(#14507),#14513,.F.);
#14507 = FACE_BOUND('',#14508,.T.);
#14508 = EDGE_LOOP('',(#14509,#14510,#14511,#14512));
#14509 = ORIENTED_EDGE('',*,*,#14423,.T.);
#14510 = ORIENTED_EDGE('',*,*,#14454,.T.);
#14511 = ORIENTED_EDGE('',*,*,#14478,.T.);
#14512 = ORIENTED_EDGE('',*,*,#14495,.T.);
#14513 = PLANE('',#14514);
#14514 = AXIS2_PLACEMENT_3D('',#14515,#14516,#14517);
#14515 = CARTESIAN_POINT('',(0.,-0.6,0.));
#14516 = DIRECTION('',(0.,1.,0.));
#14517 = DIRECTION('',(0.,-0.,1.));
#14518 = ADVANCED_FACE('',(#14519),#14544,.F.);
#14519 = FACE_BOUND('',#14520,.T.);
#14520 = EDGE_LOOP('',(#14521,#14522,#14530,#14538));
#14521 = ORIENTED_EDGE('',*,*,#3065,.T.);
#14522 = ORIENTED_EDGE('',*,*,#14523,.F.);
#14523 = EDGE_CURVE('',#14524,#3068,#14526,.T.);
#14524 = VERTEX_POINT('',#14525);
#14525 = CARTESIAN_POINT('',(-26.43652786171,-0.6,18.130942285315));
#14526 = LINE('',#14527,#14528);
#14527 = CARTESIAN_POINT('',(-26.43652786171,-0.6,18.130942285315));
#14528 = VECTOR('',#14529,1.);
#14529 = DIRECTION('',(-0.,1.,-0.));
#14530 = ORIENTED_EDGE('',*,*,#14531,.F.);
#14531 = EDGE_CURVE('',#14532,#14524,#14534,.T.);
#14532 = VERTEX_POINT('',#14533);
#14533 = CARTESIAN_POINT('',(-26.43652786171,-0.6,14.81511795284));
#14534 = LINE('',#14535,#14536);
#14535 = CARTESIAN_POINT('',(-26.43652786171,-0.6,18.130942285315));
#14536 = VECTOR('',#14537,1.);
#14537 = DIRECTION('',(-0.,-0.,1.));
#14538 = ORIENTED_EDGE('',*,*,#14539,.T.);
#14539 = EDGE_CURVE('',#14532,#3066,#14540,.T.);
#14540 = LINE('',#14541,#14542);
#14541 = CARTESIAN_POINT('',(-26.43652786171,-0.6,14.81511795284));
#14542 = VECTOR('',#14543,1.);
#14543 = DIRECTION('',(-0.,1.,-0.));
#14544 = PLANE('',#14545);
#14545 = AXIS2_PLACEMENT_3D('',#14546,#14547,#14548);
#14546 = CARTESIAN_POINT('',(-26.43652786171,-0.6,18.130942285315));
#14547 = DIRECTION('',(-1.,0.,-0.));
#14548 = DIRECTION('',(0.,0.,1.));
#14549 = ADVANCED_FACE('',(#14550),#14568,.F.);
#14550 = FACE_BOUND('',#14551,.T.);
#14551 = EDGE_LOOP('',(#14552,#14553,#14561,#14567));
#14552 = ORIENTED_EDGE('',*,*,#3091,.T.);
#14553 = ORIENTED_EDGE('',*,*,#14554,.F.);
#14554 = EDGE_CURVE('',#14555,#3084,#14557,.T.);
#14555 = VERTEX_POINT('',#14556);
#14556 = CARTESIAN_POINT('',(-28.12302472047,-0.6,18.130942285315));
#14557 = LINE('',#14558,#14559);
#14558 = CARTESIAN_POINT('',(-28.12302472047,-0.6,18.130942285315));
#14559 = VECTOR('',#14560,1.);
#14560 = DIRECTION('',(-0.,1.,-0.));
#14561 = ORIENTED_EDGE('',*,*,#14562,.F.);
#14562 = EDGE_CURVE('',#14524,#14555,#14563,.T.);
#14563 = LINE('',#14564,#14565);
#14564 = CARTESIAN_POINT('',(-26.43652786171,-0.6,18.130942285315));
#14565 = VECTOR('',#14566,1.);
#14566 = DIRECTION('',(-1.,0.,0.));
#14567 = ORIENTED_EDGE('',*,*,#14523,.T.);
#14568 = PLANE('',#14569);
#14569 = AXIS2_PLACEMENT_3D('',#14570,#14571,#14572);
#14570 = CARTESIAN_POINT('',(-26.43652786171,-0.6,18.130942285315));
#14571 = DIRECTION('',(-0.,0.,-1.));
#14572 = DIRECTION('',(-1.,0.,0.));
#14573 = ADVANCED_FACE('',(#14574),#14592,.F.);
#14574 = FACE_BOUND('',#14575,.T.);
#14575 = EDGE_LOOP('',(#14576,#14577,#14585,#14591));
#14576 = ORIENTED_EDGE('',*,*,#3083,.T.);
#14577 = ORIENTED_EDGE('',*,*,#14578,.F.);
#14578 = EDGE_CURVE('',#14579,#3076,#14581,.T.);
#14579 = VERTEX_POINT('',#14580);
#14580 = CARTESIAN_POINT('',(-28.12302472047,-0.6,14.81511795284));
#14581 = LINE('',#14582,#14583);
#14582 = CARTESIAN_POINT('',(-28.12302472047,-0.6,14.81511795284));
#14583 = VECTOR('',#14584,1.);
#14584 = DIRECTION('',(-0.,1.,-0.));
#14585 = ORIENTED_EDGE('',*,*,#14586,.F.);
#14586 = EDGE_CURVE('',#14555,#14579,#14587,.T.);
#14587 = LINE('',#14588,#14589);
#14588 = CARTESIAN_POINT('',(-28.12302472047,-0.6,18.130942285315));
#14589 = VECTOR('',#14590,1.);
#14590 = DIRECTION('',(0.,0.,-1.));
#14591 = ORIENTED_EDGE('',*,*,#14554,.T.);
#14592 = PLANE('',#14593);
#14593 = AXIS2_PLACEMENT_3D('',#14594,#14595,#14596);
#14594 = CARTESIAN_POINT('',(-28.12302472047,-0.6,18.130942285315));
#14595 = DIRECTION('',(1.,0.,0.));
#14596 = DIRECTION('',(0.,0.,-1.));
#14597 = ADVANCED_FACE('',(#14598),#14609,.F.);
#14598 = FACE_BOUND('',#14599,.T.);
#14599 = EDGE_LOOP('',(#14600,#14601,#14602,#14608));
#14600 = ORIENTED_EDGE('',*,*,#3075,.T.);
#14601 = ORIENTED_EDGE('',*,*,#14539,.F.);
#14602 = ORIENTED_EDGE('',*,*,#14603,.F.);
#14603 = EDGE_CURVE('',#14579,#14532,#14604,.T.);
#14604 = LINE('',#14605,#14606);
#14605 = CARTESIAN_POINT('',(-26.43652786171,-0.6,14.81511795284));
#14606 = VECTOR('',#14607,1.);
#14607 = DIRECTION('',(1.,-0.,-0.));
#14608 = ORIENTED_EDGE('',*,*,#14578,.T.);
#14609 = PLANE('',#14610);
#14610 = AXIS2_PLACEMENT_3D('',#14611,#14612,#14613);
#14611 = CARTESIAN_POINT('',(-26.43652786171,-0.6,14.81511795284));
#14612 = DIRECTION('',(0.,0.,1.));
#14613 = DIRECTION('',(1.,0.,-0.));
#14614 = ADVANCED_FACE('',(#14615),#14621,.F.);
#14615 = FACE_BOUND('',#14616,.T.);
#14616 = EDGE_LOOP('',(#14617,#14618,#14619,#14620));
#14617 = ORIENTED_EDGE('',*,*,#14531,.T.);
#14618 = ORIENTED_EDGE('',*,*,#14562,.T.);
#14619 = ORIENTED_EDGE('',*,*,#14586,.T.);
#14620 = ORIENTED_EDGE('',*,*,#14603,.T.);
#14621 = PLANE('',#14622);
#14622 = AXIS2_PLACEMENT_3D('',#14623,#14624,#14625);
#14623 = CARTESIAN_POINT('',(0.,-0.6,0.));
#14624 = DIRECTION('',(0.,1.,0.));
#14625 = DIRECTION('',(0.,-0.,1.));
#14626 = ADVANCED_FACE('',(#14627),#14652,.F.);
#14627 = FACE_BOUND('',#14628,.T.);
#14628 = EDGE_LOOP('',(#14629,#14630,#14638,#14646));
#14629 = ORIENTED_EDGE('',*,*,#5341,.T.);
#14630 = ORIENTED_EDGE('',*,*,#14631,.F.);
#14631 = EDGE_CURVE('',#14632,#5344,#14634,.T.);
#14632 = VERTEX_POINT('',#14633);
#14633 = CARTESIAN_POINT('',(-14.874560349,-0.6,-12.22032909733));
#14634 = LINE('',#14635,#14636);
#14635 = CARTESIAN_POINT('',(-14.874560349,-0.6,-12.22032909733));
#14636 = VECTOR('',#14637,1.);
#14637 = DIRECTION('',(-0.,1.,-0.));
#14638 = ORIENTED_EDGE('',*,*,#14639,.F.);
#14639 = EDGE_CURVE('',#14640,#14632,#14642,.T.);
#14640 = VERTEX_POINT('',#14641);
#14641 = CARTESIAN_POINT('',(-14.874560349,-0.6,-13.19333567187));
#14642 = LINE('',#14643,#14644);
#14643 = CARTESIAN_POINT('',(-14.874560349,-0.6,-12.22032909733));
#14644 = VECTOR('',#14645,1.);
#14645 = DIRECTION('',(-0.,-0.,1.));
#14646 = ORIENTED_EDGE('',*,*,#14647,.T.);
#14647 = EDGE_CURVE('',#14640,#5342,#14648,.T.);
#14648 = LINE('',#14649,#14650);
#14649 = CARTESIAN_POINT('',(-14.874560349,-0.6,-13.19333567187));
#14650 = VECTOR('',#14651,1.);
#14651 = DIRECTION('',(-0.,1.,-0.));
#14652 = PLANE('',#14653);
#14653 = AXIS2_PLACEMENT_3D('',#14654,#14655,#14656);
#14654 = CARTESIAN_POINT('',(-14.874560349,-0.6,-12.22032909733));
#14655 = DIRECTION('',(-1.,0.,-0.));
#14656 = DIRECTION('',(0.,0.,1.));
#14657 = ADVANCED_FACE('',(#14658),#14676,.F.);
#14658 = FACE_BOUND('',#14659,.T.);
#14659 = EDGE_LOOP('',(#14660,#14661,#14669,#14675));
#14660 = ORIENTED_EDGE('',*,*,#5367,.T.);
#14661 = ORIENTED_EDGE('',*,*,#14662,.F.);
#14662 = EDGE_CURVE('',#14663,#5360,#14665,.T.);
#14663 = VERTEX_POINT('',#14664);
#14664 = CARTESIAN_POINT('',(-16.64485532587,-0.6,-12.22032909733));
#14665 = LINE('',#14666,#14667);
#14666 = CARTESIAN_POINT('',(-16.64485532587,-0.6,-12.22032909733));
#14667 = VECTOR('',#14668,1.);
#14668 = DIRECTION('',(-0.,1.,-0.));
#14669 = ORIENTED_EDGE('',*,*,#14670,.F.);
#14670 = EDGE_CURVE('',#14632,#14663,#14671,.T.);
#14671 = LINE('',#14672,#14673);
#14672 = CARTESIAN_POINT('',(-14.874560349,-0.6,-12.22032909733));
#14673 = VECTOR('',#14674,1.);
#14674 = DIRECTION('',(-1.,0.,0.));
#14675 = ORIENTED_EDGE('',*,*,#14631,.T.);
#14676 = PLANE('',#14677);
#14677 = AXIS2_PLACEMENT_3D('',#14678,#14679,#14680);
#14678 = CARTESIAN_POINT('',(-14.874560349,-0.6,-12.22032909733));
#14679 = DIRECTION('',(-0.,0.,-1.));
#14680 = DIRECTION('',(-1.,0.,0.));
#14681 = ADVANCED_FACE('',(#14682),#14700,.F.);
#14682 = FACE_BOUND('',#14683,.T.);
#14683 = EDGE_LOOP('',(#14684,#14685,#14693,#14699));
#14684 = ORIENTED_EDGE('',*,*,#5359,.T.);
#14685 = ORIENTED_EDGE('',*,*,#14686,.F.);
#14686 = EDGE_CURVE('',#14687,#5352,#14689,.T.);
#14687 = VERTEX_POINT('',#14688);
#14688 = CARTESIAN_POINT('',(-16.64485532587,-0.6,-13.19333567187));
#14689 = LINE('',#14690,#14691);
#14690 = CARTESIAN_POINT('',(-16.64485532587,-0.6,-13.19333567187));
#14691 = VECTOR('',#14692,1.);
#14692 = DIRECTION('',(-0.,1.,-0.));
#14693 = ORIENTED_EDGE('',*,*,#14694,.F.);
#14694 = EDGE_CURVE('',#14663,#14687,#14695,.T.);
#14695 = LINE('',#14696,#14697);
#14696 = CARTESIAN_POINT('',(-16.64485532587,-0.6,-12.22032909733));
#14697 = VECTOR('',#14698,1.);
#14698 = DIRECTION('',(0.,0.,-1.));
#14699 = ORIENTED_EDGE('',*,*,#14662,.T.);
#14700 = PLANE('',#14701);
#14701 = AXIS2_PLACEMENT_3D('',#14702,#14703,#14704);
#14702 = CARTESIAN_POINT('',(-16.64485532587,-0.6,-12.22032909733));
#14703 = DIRECTION('',(1.,0.,0.));
#14704 = DIRECTION('',(0.,0.,-1.));
#14705 = ADVANCED_FACE('',(#14706),#14717,.F.);
#14706 = FACE_BOUND('',#14707,.T.);
#14707 = EDGE_LOOP('',(#14708,#14709,#14710,#14716));
#14708 = ORIENTED_EDGE('',*,*,#5351,.T.);
#14709 = ORIENTED_EDGE('',*,*,#14647,.F.);
#14710 = ORIENTED_EDGE('',*,*,#14711,.F.);
#14711 = EDGE_CURVE('',#14687,#14640,#14712,.T.);
#14712 = LINE('',#14713,#14714);
#14713 = CARTESIAN_POINT('',(-14.874560349,-0.6,-13.19333567187));
#14714 = VECTOR('',#14715,1.);
#14715 = DIRECTION('',(1.,-0.,-0.));
#14716 = ORIENTED_EDGE('',*,*,#14686,.T.);
#14717 = PLANE('',#14718);
#14718 = AXIS2_PLACEMENT_3D('',#14719,#14720,#14721);
#14719 = CARTESIAN_POINT('',(-14.874560349,-0.6,-13.19333567187));
#14720 = DIRECTION('',(0.,0.,1.));
#14721 = DIRECTION('',(1.,0.,-0.));
#14722 = ADVANCED_FACE('',(#14723),#14729,.F.);
#14723 = FACE_BOUND('',#14724,.T.);
#14724 = EDGE_LOOP('',(#14725,#14726,#14727,#14728));
#14725 = ORIENTED_EDGE('',*,*,#14639,.T.);
#14726 = ORIENTED_EDGE('',*,*,#14670,.T.);
#14727 = ORIENTED_EDGE('',*,*,#14694,.T.);
#14728 = ORIENTED_EDGE('',*,*,#14711,.T.);
#14729 = PLANE('',#14730);
#14730 = AXIS2_PLACEMENT_3D('',#14731,#14732,#14733);
#14731 = CARTESIAN_POINT('',(0.,-0.6,0.));
#14732 = DIRECTION('',(0.,1.,0.));
#14733 = DIRECTION('',(0.,-0.,1.));
#14734 = ADVANCED_FACE('',(#14735),#14760,.F.);
#14735 = FACE_BOUND('',#14736,.T.);
#14736 = EDGE_LOOP('',(#14737,#14738,#14746,#14754));
#14737 = ORIENTED_EDGE('',*,*,#3031,.T.);
#14738 = ORIENTED_EDGE('',*,*,#14739,.F.);
#14739 = EDGE_CURVE('',#14740,#3034,#14742,.T.);
#14740 = VERTEX_POINT('',#14741);
#14741 = CARTESIAN_POINT('',(-14.20119661546,-0.6,-14.6160880766));
#14742 = LINE('',#14743,#14744);
#14743 = CARTESIAN_POINT('',(-14.20119661546,-0.6,-14.6160880766));
#14744 = VECTOR('',#14745,1.);
#14745 = DIRECTION('',(-0.,1.,-0.));
#14746 = ORIENTED_EDGE('',*,*,#14747,.F.);
#14747 = EDGE_CURVE('',#14748,#14740,#14750,.T.);
#14748 = VERTEX_POINT('',#14749);
#14749 = CARTESIAN_POINT('',(-14.20119661546,-0.6,-16.5384329288));
#14750 = LINE('',#14751,#14752);
#14751 = CARTESIAN_POINT('',(-14.20119661546,-0.6,-14.6160880766));
#14752 = VECTOR('',#14753,1.);
#14753 = DIRECTION('',(-0.,-0.,1.));
#14754 = ORIENTED_EDGE('',*,*,#14755,.T.);
#14755 = EDGE_CURVE('',#14748,#3032,#14756,.T.);
#14756 = LINE('',#14757,#14758);
#14757 = CARTESIAN_POINT('',(-14.20119661546,-0.6,-16.5384329288));
#14758 = VECTOR('',#14759,1.);
#14759 = DIRECTION('',(-0.,1.,-0.));
#14760 = PLANE('',#14761);
#14761 = AXIS2_PLACEMENT_3D('',#14762,#14763,#14764);
#14762 = CARTESIAN_POINT('',(-14.20119661546,-0.6,-14.6160880766));
#14763 = DIRECTION('',(-1.,0.,-0.));
#14764 = DIRECTION('',(0.,0.,1.));
#14765 = ADVANCED_FACE('',(#14766),#14784,.F.);
#14766 = FACE_BOUND('',#14767,.T.);
#14767 = EDGE_LOOP('',(#14768,#14769,#14777,#14783));
#14768 = ORIENTED_EDGE('',*,*,#3057,.T.);
#14769 = ORIENTED_EDGE('',*,*,#14770,.F.);
#14770 = EDGE_CURVE('',#14771,#3050,#14773,.T.);
#14771 = VERTEX_POINT('',#14772);
#14772 = CARTESIAN_POINT('',(-17.36166188093,-0.6,-14.6160880766));
#14773 = LINE('',#14774,#14775);
#14774 = CARTESIAN_POINT('',(-17.36166188093,-0.6,-14.6160880766));
#14775 = VECTOR('',#14776,1.);
#14776 = DIRECTION('',(-0.,1.,-0.));
#14777 = ORIENTED_EDGE('',*,*,#14778,.F.);
#14778 = EDGE_CURVE('',#14740,#14771,#14779,.T.);
#14779 = LINE('',#14780,#14781);
#14780 = CARTESIAN_POINT('',(-14.20119661546,-0.6,-14.6160880766));
#14781 = VECTOR('',#14782,1.);
#14782 = DIRECTION('',(-1.,0.,0.));
#14783 = ORIENTED_EDGE('',*,*,#14739,.T.);
#14784 = PLANE('',#14785);
#14785 = AXIS2_PLACEMENT_3D('',#14786,#14787,#14788);
#14786 = CARTESIAN_POINT('',(-14.20119661546,-0.6,-14.6160880766));
#14787 = DIRECTION('',(-0.,0.,-1.));
#14788 = DIRECTION('',(-1.,0.,0.));
#14789 = ADVANCED_FACE('',(#14790),#14808,.F.);
#14790 = FACE_BOUND('',#14791,.T.);
#14791 = EDGE_LOOP('',(#14792,#14793,#14801,#14807));
#14792 = ORIENTED_EDGE('',*,*,#3049,.T.);
#14793 = ORIENTED_EDGE('',*,*,#14794,.F.);
#14794 = EDGE_CURVE('',#14795,#3042,#14797,.T.);
#14795 = VERTEX_POINT('',#14796);
#14796 = CARTESIAN_POINT('',(-17.36166188093,-0.6,-16.5384329288));
#14797 = LINE('',#14798,#14799);
#14798 = CARTESIAN_POINT('',(-17.36166188093,-0.6,-16.5384329288));
#14799 = VECTOR('',#14800,1.);
#14800 = DIRECTION('',(-0.,1.,-0.));
#14801 = ORIENTED_EDGE('',*,*,#14802,.F.);
#14802 = EDGE_CURVE('',#14771,#14795,#14803,.T.);
#14803 = LINE('',#14804,#14805);
#14804 = CARTESIAN_POINT('',(-17.36166188093,-0.6,-14.6160880766));
#14805 = VECTOR('',#14806,1.);
#14806 = DIRECTION('',(0.,0.,-1.));
#14807 = ORIENTED_EDGE('',*,*,#14770,.T.);
#14808 = PLANE('',#14809);
#14809 = AXIS2_PLACEMENT_3D('',#14810,#14811,#14812);
#14810 = CARTESIAN_POINT('',(-17.36166188093,-0.6,-14.6160880766));
#14811 = DIRECTION('',(1.,0.,0.));
#14812 = DIRECTION('',(0.,0.,-1.));
#14813 = ADVANCED_FACE('',(#14814),#14825,.F.);
#14814 = FACE_BOUND('',#14815,.T.);
#14815 = EDGE_LOOP('',(#14816,#14817,#14818,#14824));
#14816 = ORIENTED_EDGE('',*,*,#3041,.T.);
#14817 = ORIENTED_EDGE('',*,*,#14755,.F.);
#14818 = ORIENTED_EDGE('',*,*,#14819,.F.);
#14819 = EDGE_CURVE('',#14795,#14748,#14820,.T.);
#14820 = LINE('',#14821,#14822);
#14821 = CARTESIAN_POINT('',(-14.20119661546,-0.6,-16.5384329288));
#14822 = VECTOR('',#14823,1.);
#14823 = DIRECTION('',(1.,-0.,-0.));
#14824 = ORIENTED_EDGE('',*,*,#14794,.T.);
#14825 = PLANE('',#14826);
#14826 = AXIS2_PLACEMENT_3D('',#14827,#14828,#14829);
#14827 = CARTESIAN_POINT('',(-14.20119661546,-0.6,-16.5384329288));
#14828 = DIRECTION('',(0.,0.,1.));
#14829 = DIRECTION('',(1.,0.,-0.));
#14830 = ADVANCED_FACE('',(#14831),#14837,.F.);
#14831 = FACE_BOUND('',#14832,.T.);
#14832 = EDGE_LOOP('',(#14833,#14834,#14835,#14836));
#14833 = ORIENTED_EDGE('',*,*,#14747,.T.);
#14834 = ORIENTED_EDGE('',*,*,#14778,.T.);
#14835 = ORIENTED_EDGE('',*,*,#14802,.T.);
#14836 = ORIENTED_EDGE('',*,*,#14819,.T.);
#14837 = PLANE('',#14838);
#14838 = AXIS2_PLACEMENT_3D('',#14839,#14840,#14841);
#14839 = CARTESIAN_POINT('',(0.,-0.6,0.));
#14840 = DIRECTION('',(0.,1.,0.));
#14841 = DIRECTION('',(0.,-0.,1.));
#14842 = ADVANCED_FACE('',(#14843),#14868,.F.);
#14843 = FACE_BOUND('',#14844,.T.);
#14844 = EDGE_LOOP('',(#14845,#14846,#14854,#14862));
#14845 = ORIENTED_EDGE('',*,*,#5375,.T.);
#14846 = ORIENTED_EDGE('',*,*,#14847,.F.);
#14847 = EDGE_CURVE('',#14848,#5378,#14850,.T.);
#14848 = VERTEX_POINT('',#14849);
#14849 = CARTESIAN_POINT('',(-17.85039362301,-0.6,-16.69048280411));
#14850 = LINE('',#14851,#14852);
#14851 = CARTESIAN_POINT('',(-17.85039362301,-0.6,-16.69048280411));
#14852 = VECTOR('',#14853,1.);
#14853 = DIRECTION('',(-0.,1.,-0.));
#14854 = ORIENTED_EDGE('',*,*,#14855,.F.);
#14855 = EDGE_CURVE('',#14856,#14848,#14858,.T.);
#14856 = VERTEX_POINT('',#14857);
#14857 = CARTESIAN_POINT('',(-17.85039362301,-0.6,-18.36303143257));
#14858 = LINE('',#14859,#14860);
#14859 = CARTESIAN_POINT('',(-17.85039362301,-0.6,-16.69048280411));
#14860 = VECTOR('',#14861,1.);
#14861 = DIRECTION('',(-0.,-0.,1.));
#14862 = ORIENTED_EDGE('',*,*,#14863,.T.);
#14863 = EDGE_CURVE('',#14856,#5376,#14864,.T.);
#14864 = LINE('',#14865,#14866);
#14865 = CARTESIAN_POINT('',(-17.85039362301,-0.6,-18.36303143257));
#14866 = VECTOR('',#14867,1.);
#14867 = DIRECTION('',(-0.,1.,-0.));
#14868 = PLANE('',#14869);
#14869 = AXIS2_PLACEMENT_3D('',#14870,#14871,#14872);
#14870 = CARTESIAN_POINT('',(-17.85039362301,-0.6,-16.69048280411));
#14871 = DIRECTION('',(-1.,0.,-0.));
#14872 = DIRECTION('',(0.,0.,1.));
#14873 = ADVANCED_FACE('',(#14874),#14892,.F.);
#14874 = FACE_BOUND('',#14875,.T.);
#14875 = EDGE_LOOP('',(#14876,#14877,#14885,#14891));
#14876 = ORIENTED_EDGE('',*,*,#5401,.T.);
#14877 = ORIENTED_EDGE('',*,*,#14878,.F.);
#14878 = EDGE_CURVE('',#14879,#5394,#14881,.T.);
#14879 = VERTEX_POINT('',#14880);
#14880 = CARTESIAN_POINT('',(-18.80613569642,-0.6,-16.69048280411));
#14881 = LINE('',#14882,#14883);
#14882 = CARTESIAN_POINT('',(-18.80613569642,-0.6,-16.69048280411));
#14883 = VECTOR('',#14884,1.);
#14884 = DIRECTION('',(-0.,1.,-0.));
#14885 = ORIENTED_EDGE('',*,*,#14886,.F.);
#14886 = EDGE_CURVE('',#14848,#14879,#14887,.T.);
#14887 = LINE('',#14888,#14889);
#14888 = CARTESIAN_POINT('',(-17.85039362301,-0.6,-16.69048280411));
#14889 = VECTOR('',#14890,1.);
#14890 = DIRECTION('',(-1.,0.,0.));
#14891 = ORIENTED_EDGE('',*,*,#14847,.T.);
#14892 = PLANE('',#14893);
#14893 = AXIS2_PLACEMENT_3D('',#14894,#14895,#14896);
#14894 = CARTESIAN_POINT('',(-17.85039362301,-0.6,-16.69048280411));
#14895 = DIRECTION('',(-0.,0.,-1.));
#14896 = DIRECTION('',(-1.,0.,0.));
#14897 = ADVANCED_FACE('',(#14898),#14916,.F.);
#14898 = FACE_BOUND('',#14899,.T.);
#14899 = EDGE_LOOP('',(#14900,#14901,#14909,#14915));
#14900 = ORIENTED_EDGE('',*,*,#5393,.T.);
#14901 = ORIENTED_EDGE('',*,*,#14902,.F.);
#14902 = EDGE_CURVE('',#14903,#5386,#14905,.T.);
#14903 = VERTEX_POINT('',#14904);
#14904 = CARTESIAN_POINT('',(-18.80613569642,-0.6,-18.36303143257));
#14905 = LINE('',#14906,#14907);
#14906 = CARTESIAN_POINT('',(-18.80613569642,-0.6,-18.36303143257));
#14907 = VECTOR('',#14908,1.);
#14908 = DIRECTION('',(-0.,1.,-0.));
#14909 = ORIENTED_EDGE('',*,*,#14910,.F.);
#14910 = EDGE_CURVE('',#14879,#14903,#14911,.T.);
#14911 = LINE('',#14912,#14913);
#14912 = CARTESIAN_POINT('',(-18.80613569642,-0.6,-16.69048280411));
#14913 = VECTOR('',#14914,1.);
#14914 = DIRECTION('',(0.,0.,-1.));
#14915 = ORIENTED_EDGE('',*,*,#14878,.T.);
#14916 = PLANE('',#14917);
#14917 = AXIS2_PLACEMENT_3D('',#14918,#14919,#14920);
#14918 = CARTESIAN_POINT('',(-18.80613569642,-0.6,-16.69048280411));
#14919 = DIRECTION('',(1.,0.,0.));
#14920 = DIRECTION('',(0.,0.,-1.));
#14921 = ADVANCED_FACE('',(#14922),#14933,.F.);
#14922 = FACE_BOUND('',#14923,.T.);
#14923 = EDGE_LOOP('',(#14924,#14925,#14926,#14932));
#14924 = ORIENTED_EDGE('',*,*,#5385,.T.);
#14925 = ORIENTED_EDGE('',*,*,#14863,.F.);
#14926 = ORIENTED_EDGE('',*,*,#14927,.F.);
#14927 = EDGE_CURVE('',#14903,#14856,#14928,.T.);
#14928 = LINE('',#14929,#14930);
#14929 = CARTESIAN_POINT('',(-17.85039362301,-0.6,-18.36303143257));
#14930 = VECTOR('',#14931,1.);
#14931 = DIRECTION('',(1.,-0.,-0.));
#14932 = ORIENTED_EDGE('',*,*,#14902,.T.);
#14933 = PLANE('',#14934);
#14934 = AXIS2_PLACEMENT_3D('',#14935,#14936,#14937);
#14935 = CARTESIAN_POINT('',(-17.85039362301,-0.6,-18.36303143257));
#14936 = DIRECTION('',(0.,0.,1.));
#14937 = DIRECTION('',(1.,0.,-0.));
#14938 = ADVANCED_FACE('',(#14939),#14945,.F.);
#14939 = FACE_BOUND('',#14940,.T.);
#14940 = EDGE_LOOP('',(#14941,#14942,#14943,#14944));
#14941 = ORIENTED_EDGE('',*,*,#14855,.T.);
#14942 = ORIENTED_EDGE('',*,*,#14886,.T.);
#14943 = ORIENTED_EDGE('',*,*,#14910,.T.);
#14944 = ORIENTED_EDGE('',*,*,#14927,.T.);
#14945 = PLANE('',#14946);
#14946 = AXIS2_PLACEMENT_3D('',#14947,#14948,#14949);
#14947 = CARTESIAN_POINT('',(0.,-0.6,0.));
#14948 = DIRECTION('',(0.,1.,0.));
#14949 = DIRECTION('',(0.,-0.,1.));
#14950 = ADVANCED_FACE('',(#14951),#14976,.F.);
#14951 = FACE_BOUND('',#14952,.T.);
#14952 = EDGE_LOOP('',(#14953,#14954,#14962,#14970));
#14953 = ORIENTED_EDGE('',*,*,#2997,.T.);
#14954 = ORIENTED_EDGE('',*,*,#14955,.F.);
#14955 = EDGE_CURVE('',#14956,#3000,#14958,.T.);
#14956 = VERTEX_POINT('',#14957);
#14957 = CARTESIAN_POINT('',(-19.4652827797,-0.6,-16.69048280411));
#14958 = LINE('',#14959,#14960);
#14959 = CARTESIAN_POINT('',(-19.4652827797,-0.6,-16.69048280411));
#14960 = VECTOR('',#14961,1.);
#14961 = DIRECTION('',(-0.,1.,-0.));
#14962 = ORIENTED_EDGE('',*,*,#14963,.F.);
#14963 = EDGE_CURVE('',#14964,#14956,#14966,.T.);
#14964 = VERTEX_POINT('',#14965);
#14965 = CARTESIAN_POINT('',(-19.4652827797,-0.6,-18.36303143257));
#14966 = LINE('',#14967,#14968);
#14967 = CARTESIAN_POINT('',(-19.4652827797,-0.6,-16.69048280411));
#14968 = VECTOR('',#14969,1.);
#14969 = DIRECTION('',(-0.,-0.,1.));
#14970 = ORIENTED_EDGE('',*,*,#14971,.T.);
#14971 = EDGE_CURVE('',#14964,#2998,#14972,.T.);
#14972 = LINE('',#14973,#14974);
#14973 = CARTESIAN_POINT('',(-19.4652827797,-0.6,-18.36303143257));
#14974 = VECTOR('',#14975,1.);
#14975 = DIRECTION('',(-0.,1.,-0.));
#14976 = PLANE('',#14977);
#14977 = AXIS2_PLACEMENT_3D('',#14978,#14979,#14980);
#14978 = CARTESIAN_POINT('',(-19.4652827797,-0.6,-16.69048280411));
#14979 = DIRECTION('',(-1.,0.,-0.));
#14980 = DIRECTION('',(0.,0.,1.));
#14981 = ADVANCED_FACE('',(#14982),#15000,.F.);
#14982 = FACE_BOUND('',#14983,.T.);
#14983 = EDGE_LOOP('',(#14984,#14985,#14993,#14999));
#14984 = ORIENTED_EDGE('',*,*,#3023,.T.);
#14985 = ORIENTED_EDGE('',*,*,#14986,.F.);
#14986 = EDGE_CURVE('',#14987,#3016,#14989,.T.);
#14987 = VERTEX_POINT('',#14988);
#14988 = CARTESIAN_POINT('',(-20.41102535111,-0.6,-16.69048280411));
#14989 = LINE('',#14990,#14991);
#14990 = CARTESIAN_POINT('',(-20.41102535111,-0.6,-16.69048280411));
#14991 = VECTOR('',#14992,1.);
#14992 = DIRECTION('',(-0.,1.,-0.));
#14993 = ORIENTED_EDGE('',*,*,#14994,.F.);
#14994 = EDGE_CURVE('',#14956,#14987,#14995,.T.);
#14995 = LINE('',#14996,#14997);
#14996 = CARTESIAN_POINT('',(-19.4652827797,-0.6,-16.69048280411));
#14997 = VECTOR('',#14998,1.);
#14998 = DIRECTION('',(-1.,0.,0.));
#14999 = ORIENTED_EDGE('',*,*,#14955,.T.);
#15000 = PLANE('',#15001);
#15001 = AXIS2_PLACEMENT_3D('',#15002,#15003,#15004);
#15002 = CARTESIAN_POINT('',(-19.4652827797,-0.6,-16.69048280411));
#15003 = DIRECTION('',(-0.,0.,-1.));
#15004 = DIRECTION('',(-1.,0.,0.));
#15005 = ADVANCED_FACE('',(#15006),#15024,.F.);
#15006 = FACE_BOUND('',#15007,.T.);
#15007 = EDGE_LOOP('',(#15008,#15009,#15017,#15023));
#15008 = ORIENTED_EDGE('',*,*,#3015,.T.);
#15009 = ORIENTED_EDGE('',*,*,#15010,.F.);
#15010 = EDGE_CURVE('',#15011,#3008,#15013,.T.);
#15011 = VERTEX_POINT('',#15012);
#15012 = CARTESIAN_POINT('',(-20.41102535111,-0.6,-18.36303143257));
#15013 = LINE('',#15014,#15015);
#15014 = CARTESIAN_POINT('',(-20.41102535111,-0.6,-18.36303143257));
#15015 = VECTOR('',#15016,1.);
#15016 = DIRECTION('',(-0.,1.,-0.));
#15017 = ORIENTED_EDGE('',*,*,#15018,.F.);
#15018 = EDGE_CURVE('',#14987,#15011,#15019,.T.);
#15019 = LINE('',#15020,#15021);
#15020 = CARTESIAN_POINT('',(-20.41102535111,-0.6,-16.69048280411));
#15021 = VECTOR('',#15022,1.);
#15022 = DIRECTION('',(0.,0.,-1.));
#15023 = ORIENTED_EDGE('',*,*,#14986,.T.);
#15024 = PLANE('',#15025);
#15025 = AXIS2_PLACEMENT_3D('',#15026,#15027,#15028);
#15026 = CARTESIAN_POINT('',(-20.41102535111,-0.6,-16.69048280411));
#15027 = DIRECTION('',(1.,0.,0.));
#15028 = DIRECTION('',(0.,0.,-1.));
#15029 = ADVANCED_FACE('',(#15030),#15041,.F.);
#15030 = FACE_BOUND('',#15031,.T.);
#15031 = EDGE_LOOP('',(#15032,#15033,#15034,#15040));
#15032 = ORIENTED_EDGE('',*,*,#3007,.T.);
#15033 = ORIENTED_EDGE('',*,*,#14971,.F.);
#15034 = ORIENTED_EDGE('',*,*,#15035,.F.);
#15035 = EDGE_CURVE('',#15011,#14964,#15036,.T.);
#15036 = LINE('',#15037,#15038);
#15037 = CARTESIAN_POINT('',(-19.4652827797,-0.6,-18.36303143257));
#15038 = VECTOR('',#15039,1.);
#15039 = DIRECTION('',(1.,-0.,-0.));
#15040 = ORIENTED_EDGE('',*,*,#15010,.T.);
#15041 = PLANE('',#15042);
#15042 = AXIS2_PLACEMENT_3D('',#15043,#15044,#15045);
#15043 = CARTESIAN_POINT('',(-19.4652827797,-0.6,-18.36303143257));
#15044 = DIRECTION('',(0.,0.,1.));
#15045 = DIRECTION('',(1.,0.,-0.));
#15046 = ADVANCED_FACE('',(#15047),#15053,.F.);
#15047 = FACE_BOUND('',#15048,.T.);
#15048 = EDGE_LOOP('',(#15049,#15050,#15051,#15052));
#15049 = ORIENTED_EDGE('',*,*,#14963,.T.);
#15050 = ORIENTED_EDGE('',*,*,#14994,.T.);
#15051 = ORIENTED_EDGE('',*,*,#15018,.T.);
#15052 = ORIENTED_EDGE('',*,*,#15035,.T.);
#15053 = PLANE('',#15054);
#15054 = AXIS2_PLACEMENT_3D('',#15055,#15056,#15057);
#15055 = CARTESIAN_POINT('',(0.,-0.6,0.));
#15056 = DIRECTION('',(0.,1.,0.));
#15057 = DIRECTION('',(0.,-0.,1.));
#15058 = ADVANCED_FACE('',(#15059),#15084,.F.);
#15059 = FACE_BOUND('',#15060,.T.);
#15060 = EDGE_LOOP('',(#15061,#15062,#15070,#15078));
#15061 = ORIENTED_EDGE('',*,*,#5409,.T.);
#15062 = ORIENTED_EDGE('',*,*,#15063,.F.);
#15063 = EDGE_CURVE('',#15064,#5412,#15066,.T.);
#15064 = VERTEX_POINT('',#15065);
#15065 = CARTESIAN_POINT('',(-21.00029572252,-0.6,-16.69048280411));
#15066 = LINE('',#15067,#15068);
#15067 = CARTESIAN_POINT('',(-21.00029572252,-0.6,-16.69048280411));
#15068 = VECTOR('',#15069,1.);
#15069 = DIRECTION('',(-0.,1.,-0.));
#15070 = ORIENTED_EDGE('',*,*,#15071,.F.);
#15071 = EDGE_CURVE('',#15072,#15064,#15074,.T.);
#15072 = VERTEX_POINT('',#15073);
#15073 = CARTESIAN_POINT('',(-21.00029572252,-0.6,-18.36303143257));
#15074 = LINE('',#15075,#15076);
#15075 = CARTESIAN_POINT('',(-21.00029572252,-0.6,-16.69048280411));
#15076 = VECTOR('',#15077,1.);
#15077 = DIRECTION('',(-0.,-0.,1.));
#15078 = ORIENTED_EDGE('',*,*,#15079,.T.);
#15079 = EDGE_CURVE('',#15072,#5410,#15080,.T.);
#15080 = LINE('',#15081,#15082);
#15081 = CARTESIAN_POINT('',(-21.00029572252,-0.6,-18.36303143257));
#15082 = VECTOR('',#15083,1.);
#15083 = DIRECTION('',(-0.,1.,-0.));
#15084 = PLANE('',#15085);
#15085 = AXIS2_PLACEMENT_3D('',#15086,#15087,#15088);
#15086 = CARTESIAN_POINT('',(-21.00029572252,-0.6,-16.69048280411));
#15087 = DIRECTION('',(-1.,0.,-0.));
#15088 = DIRECTION('',(0.,0.,1.));
#15089 = ADVANCED_FACE('',(#15090),#15108,.F.);
#15090 = FACE_BOUND('',#15091,.T.);
#15091 = EDGE_LOOP('',(#15092,#15093,#15101,#15107));
#15092 = ORIENTED_EDGE('',*,*,#5435,.T.);
#15093 = ORIENTED_EDGE('',*,*,#15094,.F.);
#15094 = EDGE_CURVE('',#15095,#5428,#15097,.T.);
#15095 = VERTEX_POINT('',#15096);
#15096 = CARTESIAN_POINT('',(-21.95331323678,-0.6,-16.69048280411));
#15097 = LINE('',#15098,#15099);
#15098 = CARTESIAN_POINT('',(-21.95331323678,-0.6,-16.69048280411));
#15099 = VECTOR('',#15100,1.);
#15100 = DIRECTION('',(-0.,1.,-0.));
#15101 = ORIENTED_EDGE('',*,*,#15102,.F.);
#15102 = EDGE_CURVE('',#15064,#15095,#15103,.T.);
#15103 = LINE('',#15104,#15105);
#15104 = CARTESIAN_POINT('',(-21.00029572252,-0.6,-16.69048280411));
#15105 = VECTOR('',#15106,1.);
#15106 = DIRECTION('',(-1.,0.,0.));
#15107 = ORIENTED_EDGE('',*,*,#15063,.T.);
#15108 = PLANE('',#15109);
#15109 = AXIS2_PLACEMENT_3D('',#15110,#15111,#15112);
#15110 = CARTESIAN_POINT('',(-21.00029572252,-0.6,-16.69048280411));
#15111 = DIRECTION('',(-0.,0.,-1.));
#15112 = DIRECTION('',(-1.,0.,0.));
#15113 = ADVANCED_FACE('',(#15114),#15132,.F.);
#15114 = FACE_BOUND('',#15115,.T.);
#15115 = EDGE_LOOP('',(#15116,#15117,#15125,#15131));
#15116 = ORIENTED_EDGE('',*,*,#5427,.T.);
#15117 = ORIENTED_EDGE('',*,*,#15118,.F.);
#15118 = EDGE_CURVE('',#15119,#5420,#15121,.T.);
#15119 = VERTEX_POINT('',#15120);
#15120 = CARTESIAN_POINT('',(-21.95331323678,-0.6,-18.36303143257));
#15121 = LINE('',#15122,#15123);
#15122 = CARTESIAN_POINT('',(-21.95331323678,-0.6,-18.36303143257));
#15123 = VECTOR('',#15124,1.);
#15124 = DIRECTION('',(-0.,1.,-0.));
#15125 = ORIENTED_EDGE('',*,*,#15126,.F.);
#15126 = EDGE_CURVE('',#15095,#15119,#15127,.T.);
#15127 = LINE('',#15128,#15129);
#15128 = CARTESIAN_POINT('',(-21.95331323678,-0.6,-16.69048280411));
#15129 = VECTOR('',#15130,1.);
#15130 = DIRECTION('',(0.,0.,-1.));
#15131 = ORIENTED_EDGE('',*,*,#15094,.T.);
#15132 = PLANE('',#15133);
#15133 = AXIS2_PLACEMENT_3D('',#15134,#15135,#15136);
#15134 = CARTESIAN_POINT('',(-21.95331323678,-0.6,-16.69048280411));
#15135 = DIRECTION('',(1.,0.,0.));
#15136 = DIRECTION('',(0.,0.,-1.));
#15137 = ADVANCED_FACE('',(#15138),#15149,.F.);
#15138 = FACE_BOUND('',#15139,.T.);
#15139 = EDGE_LOOP('',(#15140,#15141,#15142,#15148));
#15140 = ORIENTED_EDGE('',*,*,#5419,.T.);
#15141 = ORIENTED_EDGE('',*,*,#15079,.F.);
#15142 = ORIENTED_EDGE('',*,*,#15143,.F.);
#15143 = EDGE_CURVE('',#15119,#15072,#15144,.T.);
#15144 = LINE('',#15145,#15146);
#15145 = CARTESIAN_POINT('',(-21.00029572252,-0.6,-18.36303143257));
#15146 = VECTOR('',#15147,1.);
#15147 = DIRECTION('',(1.,-0.,-0.));
#15148 = ORIENTED_EDGE('',*,*,#15118,.T.);
#15149 = PLANE('',#15150);
#15150 = AXIS2_PLACEMENT_3D('',#15151,#15152,#15153);
#15151 = CARTESIAN_POINT('',(-21.00029572252,-0.6,-18.36303143257));
#15152 = DIRECTION('',(0.,0.,1.));
#15153 = DIRECTION('',(1.,0.,-0.));
#15154 = ADVANCED_FACE('',(#15155),#15161,.F.);
#15155 = FACE_BOUND('',#15156,.T.);
#15156 = EDGE_LOOP('',(#15157,#15158,#15159,#15160));
#15157 = ORIENTED_EDGE('',*,*,#15071,.T.);
#15158 = ORIENTED_EDGE('',*,*,#15102,.T.);
#15159 = ORIENTED_EDGE('',*,*,#15126,.T.);
#15160 = ORIENTED_EDGE('',*,*,#15143,.T.);
#15161 = PLANE('',#15162);
#15162 = AXIS2_PLACEMENT_3D('',#15163,#15164,#15165);
#15163 = CARTESIAN_POINT('',(0.,-0.6,0.));
#15164 = DIRECTION('',(0.,1.,0.));
#15165 = DIRECTION('',(0.,-0.,1.));
#15166 = ADVANCED_FACE('',(#15167),#15192,.F.);
#15167 = FACE_BOUND('',#15168,.T.);
#15168 = EDGE_LOOP('',(#15169,#15170,#15178,#15186));
#15169 = ORIENTED_EDGE('',*,*,#2963,.T.);
#15170 = ORIENTED_EDGE('',*,*,#15171,.F.);
#15171 = EDGE_CURVE('',#15172,#2966,#15174,.T.);
#15172 = VERTEX_POINT('',#15173);
#15173 = CARTESIAN_POINT('',(-22.44191701821,-0.6,-16.69048280411));
#15174 = LINE('',#15175,#15176);
#15175 = CARTESIAN_POINT('',(-22.44191701821,-0.6,-16.69048280411));
#15176 = VECTOR('',#15177,1.);
#15177 = DIRECTION('',(-0.,1.,-0.));
#15178 = ORIENTED_EDGE('',*,*,#15179,.F.);
#15179 = EDGE_CURVE('',#15180,#15172,#15182,.T.);
#15180 = VERTEX_POINT('',#15181);
#15181 = CARTESIAN_POINT('',(-22.44191701821,-0.6,-18.36303143257));
#15182 = LINE('',#15183,#15184);
#15183 = CARTESIAN_POINT('',(-22.44191701821,-0.6,-16.69048280411));
#15184 = VECTOR('',#15185,1.);
#15185 = DIRECTION('',(-0.,-0.,1.));
#15186 = ORIENTED_EDGE('',*,*,#15187,.T.);
#15187 = EDGE_CURVE('',#15180,#2964,#15188,.T.);
#15188 = LINE('',#15189,#15190);
#15189 = CARTESIAN_POINT('',(-22.44191701821,-0.6,-18.36303143257));
#15190 = VECTOR('',#15191,1.);
#15191 = DIRECTION('',(-0.,1.,-0.));
#15192 = PLANE('',#15193);
#15193 = AXIS2_PLACEMENT_3D('',#15194,#15195,#15196);
#15194 = CARTESIAN_POINT('',(-22.44191701821,-0.6,-16.69048280411));
#15195 = DIRECTION('',(-1.,0.,-0.));
#15196 = DIRECTION('',(0.,0.,1.));
#15197 = ADVANCED_FACE('',(#15198),#15216,.F.);
#15198 = FACE_BOUND('',#15199,.T.);
#15199 = EDGE_LOOP('',(#15200,#15201,#15209,#15215));
#15200 = ORIENTED_EDGE('',*,*,#2989,.T.);
#15201 = ORIENTED_EDGE('',*,*,#15202,.F.);
#15202 = EDGE_CURVE('',#15203,#2982,#15205,.T.);
#15203 = VERTEX_POINT('',#15204);
#15204 = CARTESIAN_POINT('',(-23.39321494416,-0.6,-16.69048280411));
#15205 = LINE('',#15206,#15207);
#15206 = CARTESIAN_POINT('',(-23.39321494416,-0.6,-16.69048280411));
#15207 = VECTOR('',#15208,1.);
#15208 = DIRECTION('',(-0.,1.,-0.));
#15209 = ORIENTED_EDGE('',*,*,#15210,.F.);
#15210 = EDGE_CURVE('',#15172,#15203,#15211,.T.);
#15211 = LINE('',#15212,#15213);
#15212 = CARTESIAN_POINT('',(-22.44191701821,-0.6,-16.69048280411));
#15213 = VECTOR('',#15214,1.);
#15214 = DIRECTION('',(-1.,0.,0.));
#15215 = ORIENTED_EDGE('',*,*,#15171,.T.);
#15216 = PLANE('',#15217);
#15217 = AXIS2_PLACEMENT_3D('',#15218,#15219,#15220);
#15218 = CARTESIAN_POINT('',(-22.44191701821,-0.6,-16.69048280411));
#15219 = DIRECTION('',(-0.,0.,-1.));
#15220 = DIRECTION('',(-1.,0.,0.));
#15221 = ADVANCED_FACE('',(#15222),#15240,.F.);
#15222 = FACE_BOUND('',#15223,.T.);
#15223 = EDGE_LOOP('',(#15224,#15225,#15233,#15239));
#15224 = ORIENTED_EDGE('',*,*,#2981,.T.);
#15225 = ORIENTED_EDGE('',*,*,#15226,.F.);
#15226 = EDGE_CURVE('',#15227,#2974,#15229,.T.);
#15227 = VERTEX_POINT('',#15228);
#15228 = CARTESIAN_POINT('',(-23.39321494416,-0.6,-18.36303143257));
#15229 = LINE('',#15230,#15231);
#15230 = CARTESIAN_POINT('',(-23.39321494416,-0.6,-18.36303143257));
#15231 = VECTOR('',#15232,1.);
#15232 = DIRECTION('',(-0.,1.,-0.));
#15233 = ORIENTED_EDGE('',*,*,#15234,.F.);
#15234 = EDGE_CURVE('',#15203,#15227,#15235,.T.);
#15235 = LINE('',#15236,#15237);
#15236 = CARTESIAN_POINT('',(-23.39321494416,-0.6,-16.69048280411));
#15237 = VECTOR('',#15238,1.);
#15238 = DIRECTION('',(0.,0.,-1.));
#15239 = ORIENTED_EDGE('',*,*,#15202,.T.);
#15240 = PLANE('',#15241);
#15241 = AXIS2_PLACEMENT_3D('',#15242,#15243,#15244);
#15242 = CARTESIAN_POINT('',(-23.39321494416,-0.6,-16.69048280411));
#15243 = DIRECTION('',(1.,0.,0.));
#15244 = DIRECTION('',(0.,0.,-1.));
#15245 = ADVANCED_FACE('',(#15246),#15257,.F.);
#15246 = FACE_BOUND('',#15247,.T.);
#15247 = EDGE_LOOP('',(#15248,#15249,#15250,#15256));
#15248 = ORIENTED_EDGE('',*,*,#2973,.T.);
#15249 = ORIENTED_EDGE('',*,*,#15187,.F.);
#15250 = ORIENTED_EDGE('',*,*,#15251,.F.);
#15251 = EDGE_CURVE('',#15227,#15180,#15252,.T.);
#15252 = LINE('',#15253,#15254);
#15253 = CARTESIAN_POINT('',(-22.44191701821,-0.6,-18.36303143257));
#15254 = VECTOR('',#15255,1.);
#15255 = DIRECTION('',(1.,-0.,-0.));
#15256 = ORIENTED_EDGE('',*,*,#15226,.T.);
#15257 = PLANE('',#15258);
#15258 = AXIS2_PLACEMENT_3D('',#15259,#15260,#15261);
#15259 = CARTESIAN_POINT('',(-22.44191701821,-0.6,-18.36303143257));
#15260 = DIRECTION('',(0.,0.,1.));
#15261 = DIRECTION('',(1.,0.,-0.));
#15262 = ADVANCED_FACE('',(#15263),#15269,.F.);
#15263 = FACE_BOUND('',#15264,.T.);
#15264 = EDGE_LOOP('',(#15265,#15266,#15267,#15268));
#15265 = ORIENTED_EDGE('',*,*,#15179,.T.);
#15266 = ORIENTED_EDGE('',*,*,#15210,.T.);
#15267 = ORIENTED_EDGE('',*,*,#15234,.T.);
#15268 = ORIENTED_EDGE('',*,*,#15251,.T.);
#15269 = PLANE('',#15270);
#15270 = AXIS2_PLACEMENT_3D('',#15271,#15272,#15273);
#15271 = CARTESIAN_POINT('',(0.,-0.6,0.));
#15272 = DIRECTION('',(0.,1.,0.));
#15273 = DIRECTION('',(0.,-0.,1.));
#15274 = ADVANCED_FACE('',(#15275),#15300,.F.);
#15275 = FACE_BOUND('',#15276,.T.);
#15276 = EDGE_LOOP('',(#15277,#15278,#15286,#15294));
#15277 = ORIENTED_EDGE('',*,*,#5443,.T.);
#15278 = ORIENTED_EDGE('',*,*,#15279,.F.);
#15279 = EDGE_CURVE('',#15280,#5446,#15282,.T.);
#15280 = VERTEX_POINT('',#15281);
#15281 = CARTESIAN_POINT('',(-19.56375860284,-0.6,-11.40612967347));
#15282 = LINE('',#15283,#15284);
#15283 = CARTESIAN_POINT('',(-19.56375860284,-0.6,-11.40612967347));
#15284 = VECTOR('',#15285,1.);
#15285 = DIRECTION('',(-0.,1.,-0.));
#15286 = ORIENTED_EDGE('',*,*,#15287,.F.);
#15287 = EDGE_CURVE('',#15288,#15280,#15290,.T.);
#15288 = VERTEX_POINT('',#15289);
#15289 = CARTESIAN_POINT('',(-19.56375860284,-0.6,-14.90233976314));
#15290 = LINE('',#15291,#15292);
#15291 = CARTESIAN_POINT('',(-19.56375860284,-0.6,-11.40612967347));
#15292 = VECTOR('',#15293,1.);
#15293 = DIRECTION('',(-0.,-0.,1.));
#15294 = ORIENTED_EDGE('',*,*,#15295,.T.);
#15295 = EDGE_CURVE('',#15288,#5444,#15296,.T.);
#15296 = LINE('',#15297,#15298);
#15297 = CARTESIAN_POINT('',(-19.56375860284,-0.6,-14.90233976314));
#15298 = VECTOR('',#15299,1.);
#15299 = DIRECTION('',(-0.,1.,-0.));
#15300 = PLANE('',#15301);
#15301 = AXIS2_PLACEMENT_3D('',#15302,#15303,#15304);
#15302 = CARTESIAN_POINT('',(-19.56375860284,-0.6,-11.40612967347));
#15303 = DIRECTION('',(-1.,0.,-0.));
#15304 = DIRECTION('',(0.,0.,1.));
#15305 = ADVANCED_FACE('',(#15306),#15324,.F.);
#15306 = FACE_BOUND('',#15307,.T.);
#15307 = EDGE_LOOP('',(#15308,#15309,#15317,#15323));
#15308 = ORIENTED_EDGE('',*,*,#5469,.T.);
#15309 = ORIENTED_EDGE('',*,*,#15310,.F.);
#15310 = EDGE_CURVE('',#15311,#5462,#15313,.T.);
#15311 = VERTEX_POINT('',#15312);
#15312 = CARTESIAN_POINT('',(-22.18839223956,-0.6,-11.40612967347));
#15313 = LINE('',#15314,#15315);
#15314 = CARTESIAN_POINT('',(-22.18839223956,-0.6,-11.40612967347));
#15315 = VECTOR('',#15316,1.);
#15316 = DIRECTION('',(-0.,1.,-0.));
#15317 = ORIENTED_EDGE('',*,*,#15318,.F.);
#15318 = EDGE_CURVE('',#15280,#15311,#15319,.T.);
#15319 = LINE('',#15320,#15321);
#15320 = CARTESIAN_POINT('',(-19.56375860284,-0.6,-11.40612967347));
#15321 = VECTOR('',#15322,1.);
#15322 = DIRECTION('',(-1.,0.,0.));
#15323 = ORIENTED_EDGE('',*,*,#15279,.T.);
#15324 = PLANE('',#15325);
#15325 = AXIS2_PLACEMENT_3D('',#15326,#15327,#15328);
#15326 = CARTESIAN_POINT('',(-19.56375860284,-0.6,-11.40612967347));
#15327 = DIRECTION('',(-0.,0.,-1.));
#15328 = DIRECTION('',(-1.,0.,0.));
#15329 = ADVANCED_FACE('',(#15330),#15348,.F.);
#15330 = FACE_BOUND('',#15331,.T.);
#15331 = EDGE_LOOP('',(#15332,#15333,#15341,#15347));
#15332 = ORIENTED_EDGE('',*,*,#5461,.T.);
#15333 = ORIENTED_EDGE('',*,*,#15334,.F.);
#15334 = EDGE_CURVE('',#15335,#5454,#15337,.T.);
#15335 = VERTEX_POINT('',#15336);
#15336 = CARTESIAN_POINT('',(-22.18839223956,-0.6,-14.90233976314));
#15337 = LINE('',#15338,#15339);
#15338 = CARTESIAN_POINT('',(-22.18839223956,-0.6,-14.90233976314));
#15339 = VECTOR('',#15340,1.);
#15340 = DIRECTION('',(-0.,1.,-0.));
#15341 = ORIENTED_EDGE('',*,*,#15342,.F.);
#15342 = EDGE_CURVE('',#15311,#15335,#15343,.T.);
#15343 = LINE('',#15344,#15345);
#15344 = CARTESIAN_POINT('',(-22.18839223956,-0.6,-11.40612967347));
#15345 = VECTOR('',#15346,1.);
#15346 = DIRECTION('',(0.,0.,-1.));
#15347 = ORIENTED_EDGE('',*,*,#15310,.T.);
#15348 = PLANE('',#15349);
#15349 = AXIS2_PLACEMENT_3D('',#15350,#15351,#15352);
#15350 = CARTESIAN_POINT('',(-22.18839223956,-0.6,-11.40612967347));
#15351 = DIRECTION('',(1.,0.,0.));
#15352 = DIRECTION('',(0.,0.,-1.));
#15353 = ADVANCED_FACE('',(#15354),#15365,.F.);
#15354 = FACE_BOUND('',#15355,.T.);
#15355 = EDGE_LOOP('',(#15356,#15357,#15358,#15364));
#15356 = ORIENTED_EDGE('',*,*,#5453,.T.);
#15357 = ORIENTED_EDGE('',*,*,#15295,.F.);
#15358 = ORIENTED_EDGE('',*,*,#15359,.F.);
#15359 = EDGE_CURVE('',#15335,#15288,#15360,.T.);
#15360 = LINE('',#15361,#15362);
#15361 = CARTESIAN_POINT('',(-19.56375860284,-0.6,-14.90233976314));
#15362 = VECTOR('',#15363,1.);
#15363 = DIRECTION('',(1.,-0.,-0.));
#15364 = ORIENTED_EDGE('',*,*,#15334,.T.);
#15365 = PLANE('',#15366);
#15366 = AXIS2_PLACEMENT_3D('',#15367,#15368,#15369);
#15367 = CARTESIAN_POINT('',(-19.56375860284,-0.6,-14.90233976314));
#15368 = DIRECTION('',(0.,0.,1.));
#15369 = DIRECTION('',(1.,0.,-0.));
#15370 = ADVANCED_FACE('',(#15371),#15377,.F.);
#15371 = FACE_BOUND('',#15372,.T.);
#15372 = EDGE_LOOP('',(#15373,#15374,#15375,#15376));
#15373 = ORIENTED_EDGE('',*,*,#15287,.T.);
#15374 = ORIENTED_EDGE('',*,*,#15318,.T.);
#15375 = ORIENTED_EDGE('',*,*,#15342,.T.);
#15376 = ORIENTED_EDGE('',*,*,#15359,.T.);
#15377 = PLANE('',#15378);
#15378 = AXIS2_PLACEMENT_3D('',#15379,#15380,#15381);
#15379 = CARTESIAN_POINT('',(0.,-0.6,0.));
#15380 = DIRECTION('',(0.,1.,0.));
#15381 = DIRECTION('',(0.,-0.,1.));
#15382 = ADVANCED_FACE('',(#15383),#15389,.T.);
#15383 = FACE_BOUND('',#15384,.T.);
#15384 = EDGE_LOOP('',(#15385,#15386,#15387,#15388));
#15385 = ORIENTED_EDGE('',*,*,#9929,.T.);
#15386 = ORIENTED_EDGE('',*,*,#9857,.T.);
#15387 = ORIENTED_EDGE('',*,*,#9888,.T.);
#15388 = ORIENTED_EDGE('',*,*,#9912,.T.);
#15389 = PLANE('',#15390);
#15390 = AXIS2_PLACEMENT_3D('',#15391,#15392,#15393);
#15391 = CARTESIAN_POINT('',(0.,-3.6,0.));
#15392 = DIRECTION('',(0.,-1.,0.));
#15393 = DIRECTION('',(0.,-0.,-1.));
#15394 = ADVANCED_FACE('',(#15395),#15401,.T.);
#15395 = FACE_BOUND('',#15396,.T.);
#15396 = EDGE_LOOP('',(#15397,#15398,#15399,#15400));
#15397 = ORIENTED_EDGE('',*,*,#10241,.T.);
#15398 = ORIENTED_EDGE('',*,*,#10169,.T.);
#15399 = ORIENTED_EDGE('',*,*,#10200,.T.);
#15400 = ORIENTED_EDGE('',*,*,#10224,.T.);
#15401 = PLANE('',#15402);
#15402 = AXIS2_PLACEMENT_3D('',#15403,#15404,#15405);
#15403 = CARTESIAN_POINT('',(0.,-2.6,0.));
#15404 = DIRECTION('',(0.,-1.,0.));
#15405 = DIRECTION('',(0.,-0.,-1.));
#15406 = ADVANCED_FACE('',(#15407),#15413,.T.);
#15407 = FACE_BOUND('',#15408,.T.);
#15408 = EDGE_LOOP('',(#15409,#15410,#15411,#15412));
#15409 = ORIENTED_EDGE('',*,*,#2907,.T.);
#15410 = ORIENTED_EDGE('',*,*,#11053,.T.);
#15411 = ORIENTED_EDGE('',*,*,#11077,.T.);
#15412 = ORIENTED_EDGE('',*,*,#11094,.T.);
#15413 = PLANE('',#15414);
#15414 = AXIS2_PLACEMENT_3D('',#15415,#15416,#15417);
#15415 = CARTESIAN_POINT('',(0.,-1.6,0.));
#15416 = DIRECTION('',(0.,-1.,0.));
#15417 = DIRECTION('',(0.,-0.,-1.));
#15418 = ADVANCED_FACE('',(#15419),#15425,.T.);
#15419 = FACE_BOUND('',#15420,.T.);
#15420 = EDGE_LOOP('',(#15421,#15422,#15423,#15424));
#15421 = ORIENTED_EDGE('',*,*,#2833,.T.);
#15422 = ORIENTED_EDGE('',*,*,#11118,.T.);
#15423 = ORIENTED_EDGE('',*,*,#11142,.T.);
#15424 = ORIENTED_EDGE('',*,*,#11159,.T.);
#15425 = PLANE('',#15426);
#15426 = AXIS2_PLACEMENT_3D('',#15427,#15428,#15429);
#15427 = CARTESIAN_POINT('',(0.,-1.6,0.));
#15428 = DIRECTION('',(0.,-1.,0.));
#15429 = DIRECTION('',(0.,-0.,-1.));
#15430 = ADVANCED_FACE('',(#15431),#15456,.F.);
#15431 = FACE_BOUND('',#15432,.T.);
#15432 = EDGE_LOOP('',(#15433,#15434,#15442,#15450));
#15433 = ORIENTED_EDGE('',*,*,#2923,.T.);
#15434 = ORIENTED_EDGE('',*,*,#15435,.F.);
#15435 = EDGE_CURVE('',#15436,#2926,#15438,.T.);
#15436 = VERTEX_POINT('',#15437);
#15437 = CARTESIAN_POINT('',(11.975928967636,-1.303876992662,
    -28.10047239644));
#15438 = LINE('',#15439,#15440);
#15439 = CARTESIAN_POINT('',(11.975928967636,-1.303876992662,
    -28.10047239644));
#15440 = VECTOR('',#15441,1.);
#15441 = DIRECTION('',(-0.,-0.,1.));
#15442 = ORIENTED_EDGE('',*,*,#15443,.F.);
#15443 = EDGE_CURVE('',#15444,#15436,#15446,.T.);
#15444 = VERTEX_POINT('',#15445);
#15445 = CARTESIAN_POINT('',(11.975928967636,-0.296123007338,
    -28.10047239644));
#15446 = LINE('',#15447,#15448);
#15447 = CARTESIAN_POINT('',(11.975928967636,-1.303876992662,
    -28.10047239644));
#15448 = VECTOR('',#15449,1.);
#15449 = DIRECTION('',(-0.,-1.,-0.));
#15450 = ORIENTED_EDGE('',*,*,#15451,.T.);
#15451 = EDGE_CURVE('',#15444,#2924,#15452,.T.);
#15452 = LINE('',#15453,#15454);
#15453 = CARTESIAN_POINT('',(11.975928967636,-0.296123007338,
    -28.10047239644));
#15454 = VECTOR('',#15455,1.);
#15455 = DIRECTION('',(-0.,-0.,1.));
#15456 = PLANE('',#15457);
#15457 = AXIS2_PLACEMENT_3D('',#15458,#15459,#15460);
#15458 = CARTESIAN_POINT('',(11.975928967636,-1.303876992662,
    -28.10047239644));
#15459 = DIRECTION('',(-1.,0.,0.));
#15460 = DIRECTION('',(0.,0.,1.));
#15461 = ADVANCED_FACE('',(#15462),#15480,.F.);
#15462 = FACE_BOUND('',#15463,.T.);
#15463 = EDGE_LOOP('',(#15464,#15465,#15473,#15479));
#15464 = ORIENTED_EDGE('',*,*,#2949,.T.);
#15465 = ORIENTED_EDGE('',*,*,#15466,.F.);
#15466 = EDGE_CURVE('',#15467,#2942,#15469,.T.);
#15467 = VERTEX_POINT('',#15468);
#15468 = CARTESIAN_POINT('',(9.575928967636,-1.303876992662,
    -28.10047239644));
#15469 = LINE('',#15470,#15471);
#15470 = CARTESIAN_POINT('',(9.575928967636,-1.303876992662,
    -28.10047239644));
#15471 = VECTOR('',#15472,1.);
#15472 = DIRECTION('',(-0.,-0.,1.));
#15473 = ORIENTED_EDGE('',*,*,#15474,.F.);
#15474 = EDGE_CURVE('',#15436,#15467,#15475,.T.);
#15475 = LINE('',#15476,#15477);
#15476 = CARTESIAN_POINT('',(9.575928967636,-1.303876992662,
    -28.10047239644));
#15477 = VECTOR('',#15478,1.);
#15478 = DIRECTION('',(-1.,9.035018104046E-17,-0.));
#15479 = ORIENTED_EDGE('',*,*,#15435,.T.);
#15480 = PLANE('',#15481);
#15481 = AXIS2_PLACEMENT_3D('',#15482,#15483,#15484);
#15482 = CARTESIAN_POINT('',(9.575928967636,-1.303876992662,
    -28.10047239644));
#15483 = DIRECTION('',(9.035018104046E-17,1.,0.));
#15484 = DIRECTION('',(-1.,9.035018104046E-17,0.));
#15485 = ADVANCED_FACE('',(#15486),#15504,.F.);
#15486 = FACE_BOUND('',#15487,.T.);
#15487 = EDGE_LOOP('',(#15488,#15489,#15497,#15503));
#15488 = ORIENTED_EDGE('',*,*,#2941,.T.);
#15489 = ORIENTED_EDGE('',*,*,#15490,.F.);
#15490 = EDGE_CURVE('',#15491,#2934,#15493,.T.);
#15491 = VERTEX_POINT('',#15492);
#15492 = CARTESIAN_POINT('',(9.575928967636,-0.296123007338,
    -28.10047239644));
#15493 = LINE('',#15494,#15495);
#15494 = CARTESIAN_POINT('',(9.575928967636,-0.296123007338,
    -28.10047239644));
#15495 = VECTOR('',#15496,1.);
#15496 = DIRECTION('',(-0.,-0.,1.));
#15497 = ORIENTED_EDGE('',*,*,#15498,.F.);
#15498 = EDGE_CURVE('',#15467,#15491,#15499,.T.);
#15499 = LINE('',#15500,#15501);
#15500 = CARTESIAN_POINT('',(9.575928967636,-1.303876992662,
    -28.10047239644));
#15501 = VECTOR('',#15502,1.);
#15502 = DIRECTION('',(0.,1.,0.));
#15503 = ORIENTED_EDGE('',*,*,#15466,.T.);
#15504 = PLANE('',#15505);
#15505 = AXIS2_PLACEMENT_3D('',#15506,#15507,#15508);
#15506 = CARTESIAN_POINT('',(9.575928967636,-1.303876992662,
    -28.10047239644));
#15507 = DIRECTION('',(1.,-0.,0.));
#15508 = DIRECTION('',(0.,0.,-1.));
#15509 = ADVANCED_FACE('',(#15510),#15521,.F.);
#15510 = FACE_BOUND('',#15511,.T.);
#15511 = EDGE_LOOP('',(#15512,#15513,#15514,#15520));
#15512 = ORIENTED_EDGE('',*,*,#2933,.T.);
#15513 = ORIENTED_EDGE('',*,*,#15451,.F.);
#15514 = ORIENTED_EDGE('',*,*,#15515,.F.);
#15515 = EDGE_CURVE('',#15491,#15444,#15516,.T.);
#15516 = LINE('',#15517,#15518);
#15517 = CARTESIAN_POINT('',(9.575928967636,-0.296123007338,
    -28.10047239644));
#15518 = VECTOR('',#15519,1.);
#15519 = DIRECTION('',(1.,-1.129377263006E-16,0.));
#15520 = ORIENTED_EDGE('',*,*,#15490,.T.);
#15521 = PLANE('',#15522);
#15522 = AXIS2_PLACEMENT_3D('',#15523,#15524,#15525);
#15523 = CARTESIAN_POINT('',(9.575928967636,-0.296123007338,
    -28.10047239644));
#15524 = DIRECTION('',(-1.129377263006E-16,-1.,0.));
#15525 = DIRECTION('',(1.,-1.129377263006E-16,0.));
#15526 = ADVANCED_FACE('',(#15527),#15533,.T.);
#15527 = FACE_BOUND('',#15528,.T.);
#15528 = EDGE_LOOP('',(#15529,#15530,#15531,#15532));
#15529 = ORIENTED_EDGE('',*,*,#15443,.T.);
#15530 = ORIENTED_EDGE('',*,*,#15474,.T.);
#15531 = ORIENTED_EDGE('',*,*,#15498,.T.);
#15532 = ORIENTED_EDGE('',*,*,#15515,.T.);
#15533 = PLANE('',#15534);
#15534 = AXIS2_PLACEMENT_3D('',#15535,#15536,#15537);
#15535 = CARTESIAN_POINT('',(0.,0.,-28.10047239644));
#15536 = DIRECTION('',(0.,0.,-1.));
#15537 = DIRECTION('',(-1.,0.,-0.));
#15538 = ADVANCED_FACE('',(#15539),#15564,.F.);
#15539 = FACE_BOUND('',#15540,.T.);
#15540 = EDGE_LOOP('',(#15541,#15542,#15550,#15558));
#15541 = ORIENTED_EDGE('',*,*,#2849,.T.);
#15542 = ORIENTED_EDGE('',*,*,#15543,.F.);
#15543 = EDGE_CURVE('',#15544,#2852,#15546,.T.);
#15544 = VERTEX_POINT('',#15545);
#15545 = CARTESIAN_POINT('',(3.549376805035,-1.303876992662,
    -28.10047239644));
#15546 = LINE('',#15547,#15548);
#15547 = CARTESIAN_POINT('',(3.549376805035,-1.303876992662,
    -28.10047239644));
#15548 = VECTOR('',#15549,1.);
#15549 = DIRECTION('',(-0.,-0.,1.));
#15550 = ORIENTED_EDGE('',*,*,#15551,.F.);
#15551 = EDGE_CURVE('',#15552,#15544,#15554,.T.);
#15552 = VERTEX_POINT('',#15553);
#15553 = CARTESIAN_POINT('',(3.549376805035,-0.296123007338,
    -28.10047239644));
#15554 = LINE('',#15555,#15556);
#15555 = CARTESIAN_POINT('',(3.549376805035,-1.303876992662,
    -28.10047239644));
#15556 = VECTOR('',#15557,1.);
#15557 = DIRECTION('',(-0.,-1.,-0.));
#15558 = ORIENTED_EDGE('',*,*,#15559,.T.);
#15559 = EDGE_CURVE('',#15552,#2850,#15560,.T.);
#15560 = LINE('',#15561,#15562);
#15561 = CARTESIAN_POINT('',(3.549376805035,-0.296123007338,
    -28.10047239644));
#15562 = VECTOR('',#15563,1.);
#15563 = DIRECTION('',(-0.,-0.,1.));
#15564 = PLANE('',#15565);
#15565 = AXIS2_PLACEMENT_3D('',#15566,#15567,#15568);
#15566 = CARTESIAN_POINT('',(3.549376805035,-1.303876992662,
    -28.10047239644));
#15567 = DIRECTION('',(-1.,0.,0.));
#15568 = DIRECTION('',(0.,0.,1.));
#15569 = ADVANCED_FACE('',(#15570),#15588,.F.);
#15570 = FACE_BOUND('',#15571,.T.);
#15571 = EDGE_LOOP('',(#15572,#15573,#15581,#15587));
#15572 = ORIENTED_EDGE('',*,*,#2875,.T.);
#15573 = ORIENTED_EDGE('',*,*,#15574,.F.);
#15574 = EDGE_CURVE('',#15575,#2868,#15577,.T.);
#15575 = VERTEX_POINT('',#15576);
#15576 = CARTESIAN_POINT('',(1.149376805035,-1.303876992662,
    -28.10047239644));
#15577 = LINE('',#15578,#15579);
#15578 = CARTESIAN_POINT('',(1.149376805035,-1.303876992662,
    -28.10047239644));
#15579 = VECTOR('',#15580,1.);
#15580 = DIRECTION('',(-0.,-0.,1.));
#15581 = ORIENTED_EDGE('',*,*,#15582,.F.);
#15582 = EDGE_CURVE('',#15544,#15575,#15583,.T.);
#15583 = LINE('',#15584,#15585);
#15584 = CARTESIAN_POINT('',(1.149376805035,-1.303876992662,
    -28.10047239644));
#15585 = VECTOR('',#15586,1.);
#15586 = DIRECTION('',(-1.,-0.,-0.));
#15587 = ORIENTED_EDGE('',*,*,#15543,.T.);
#15588 = PLANE('',#15589);
#15589 = AXIS2_PLACEMENT_3D('',#15590,#15591,#15592);
#15590 = CARTESIAN_POINT('',(1.149376805035,-1.303876992662,
    -28.10047239644));
#15591 = DIRECTION('',(-0.,1.,0.));
#15592 = DIRECTION('',(0.,0.,1.));
#15593 = ADVANCED_FACE('',(#15594),#15612,.F.);
#15594 = FACE_BOUND('',#15595,.T.);
#15595 = EDGE_LOOP('',(#15596,#15597,#15605,#15611));
#15596 = ORIENTED_EDGE('',*,*,#2867,.T.);
#15597 = ORIENTED_EDGE('',*,*,#15598,.F.);
#15598 = EDGE_CURVE('',#15599,#2860,#15601,.T.);
#15599 = VERTEX_POINT('',#15600);
#15600 = CARTESIAN_POINT('',(1.149376805035,-0.296123007338,
    -28.10047239644));
#15601 = LINE('',#15602,#15603);
#15602 = CARTESIAN_POINT('',(1.149376805035,-0.296123007338,
    -28.10047239644));
#15603 = VECTOR('',#15604,1.);
#15604 = DIRECTION('',(-0.,-0.,1.));
#15605 = ORIENTED_EDGE('',*,*,#15606,.F.);
#15606 = EDGE_CURVE('',#15575,#15599,#15607,.T.);
#15607 = LINE('',#15608,#15609);
#15608 = CARTESIAN_POINT('',(1.149376805035,-1.303876992662,
    -28.10047239644));
#15609 = VECTOR('',#15610,1.);
#15610 = DIRECTION('',(0.,1.,0.));
#15611 = ORIENTED_EDGE('',*,*,#15574,.T.);
#15612 = PLANE('',#15613);
#15613 = AXIS2_PLACEMENT_3D('',#15614,#15615,#15616);
#15614 = CARTESIAN_POINT('',(1.149376805035,-1.303876992662,
    -28.10047239644));
#15615 = DIRECTION('',(1.,-0.,0.));
#15616 = DIRECTION('',(0.,0.,-1.));
#15617 = ADVANCED_FACE('',(#15618),#15629,.F.);
#15618 = FACE_BOUND('',#15619,.T.);
#15619 = EDGE_LOOP('',(#15620,#15621,#15622,#15628));
#15620 = ORIENTED_EDGE('',*,*,#2859,.T.);
#15621 = ORIENTED_EDGE('',*,*,#15559,.F.);
#15622 = ORIENTED_EDGE('',*,*,#15623,.F.);
#15623 = EDGE_CURVE('',#15599,#15552,#15624,.T.);
#15624 = LINE('',#15625,#15626);
#15625 = CARTESIAN_POINT('',(1.149376805035,-0.296123007338,
    -28.10047239644));
#15626 = VECTOR('',#15627,1.);
#15627 = DIRECTION('',(1.,-1.129377263006E-16,0.));
#15628 = ORIENTED_EDGE('',*,*,#15598,.T.);
#15629 = PLANE('',#15630);
#15630 = AXIS2_PLACEMENT_3D('',#15631,#15632,#15633);
#15631 = CARTESIAN_POINT('',(1.149376805035,-0.296123007338,
    -28.10047239644));
#15632 = DIRECTION('',(-1.129377263006E-16,-1.,0.));
#15633 = DIRECTION('',(1.,-1.129377263006E-16,0.));
#15634 = ADVANCED_FACE('',(#15635),#15641,.T.);
#15635 = FACE_BOUND('',#15636,.T.);
#15636 = EDGE_LOOP('',(#15637,#15638,#15639,#15640));
#15637 = ORIENTED_EDGE('',*,*,#15551,.T.);
#15638 = ORIENTED_EDGE('',*,*,#15582,.T.);
#15639 = ORIENTED_EDGE('',*,*,#15606,.T.);
#15640 = ORIENTED_EDGE('',*,*,#15623,.T.);
#15641 = PLANE('',#15642);
#15642 = AXIS2_PLACEMENT_3D('',#15643,#15644,#15645);
#15643 = CARTESIAN_POINT('',(0.,0.,-28.10047239644));
#15644 = DIRECTION('',(0.,0.,-1.));
#15645 = DIRECTION('',(-1.,0.,-0.));
#15646 = ( GEOMETRIC_REPRESENTATION_CONTEXT(3) 
GLOBAL_UNCERTAINTY_ASSIGNED_CONTEXT((#15650)) 
GLOBAL_UNIT_ASSIGNED_CONTEXT((#15647,#15648,#15649)) 
REPRESENTATION_CONTEXT('Context #1',
  '3D Context with UNIT and UNCERTAINTY') );
#15647 = ( LENGTH_UNIT() NAMED_UNIT(*) SI_UNIT(.MILLI.,.METRE.) );
#15648 = ( NAMED_UNIT(*) PLANE_ANGLE_UNIT() SI_UNIT($,.RADIAN.) );
#15649 = ( NAMED_UNIT(*) SI_UNIT($,.STERADIAN.) SOLID_ANGLE_UNIT() );
#15650 = UNCERTAINTY_MEASURE_WITH_UNIT(LENGTH_MEASURE(1.E-07),#15647,
  'distance_accuracy_value','confusion accuracy');
#15651 = CONTEXT_DEPENDENT_SHAPE_REPRESENTATION(#15652,#15654);
#15652 = ( REPRESENTATION_RELATIONSHIP('','',#44,#10) 
REPRESENTATION_RELATIONSHIP_WITH_TRANSFORMATION(#15653) 
SHAPE_REPRESENTATION_RELATIONSHIP() );
#15653 = ITEM_DEFINED_TRANSFORMATION('','',#11,#15);
#15654 = PRODUCT_DEFINITION_SHAPE('Placement','Placement of an item',
  #15655);
#15655 = NEXT_ASSEMBLY_USAGE_OCCURRENCE('1',
  'PiSugar 3 Plus board (vendor)','',#5,#39,$);
#15656 = PRODUCT_RELATED_PRODUCT_CATEGORY('part',$,(#41));
#15657 = SHAPE_DEFINITION_REPRESENTATION(#15658,#15664);
#15658 = PRODUCT_DEFINITION_SHAPE('','',#15659);
#15659 = PRODUCT_DEFINITION('design','',#15660,#15663);
#15660 = PRODUCT_DEFINITION_FORMATION('','',#15661);
#15661 = PRODUCT('Battery 5000mAh pouch','Battery 5000mAh pouch','',(
    #15662));
#15662 = PRODUCT_CONTEXT('',#2,'mechanical');
#15663 = PRODUCT_DEFINITION_CONTEXT('part definition',#2,'design');
#15664 = ADVANCED_BREP_SHAPE_REPRESENTATION('',(#11,#15665),#15955);
#15665 = MANIFOLD_SOLID_BREP('',#15666);
#15666 = CLOSED_SHELL('',(#15667,#15707,#15774,#15799,#15824,#15875,
    #15892,#15909,#15926,#15943));
#15667 = ADVANCED_FACE('',(#15668),#15702,.F.);
#15668 = FACE_BOUND('',#15669,.F.);
#15669 = EDGE_LOOP('',(#15670,#15680,#15688,#15696));
#15670 = ORIENTED_EDGE('',*,*,#15671,.F.);
#15671 = EDGE_CURVE('',#15672,#15674,#15676,.T.);
#15672 = VERTEX_POINT('',#15673);
#15673 = CARTESIAN_POINT('',(4.8,2.5,-3.4));
#15674 = VERTEX_POINT('',#15675);
#15675 = CARTESIAN_POINT('',(4.8,53.5,-3.4));
#15676 = LINE('',#15677,#15678);
#15677 = CARTESIAN_POINT('',(4.8,0.5,-3.4));
#15678 = VECTOR('',#15679,1.);
#15679 = DIRECTION('',(-0.,1.,0.));
#15680 = ORIENTED_EDGE('',*,*,#15681,.F.);
#15681 = EDGE_CURVE('',#15682,#15672,#15684,.T.);
#15682 = VERTEX_POINT('',#15683);
#15683 = CARTESIAN_POINT('',(4.8,2.5,-12.4));
#15684 = LINE('',#15685,#15686);
#15685 = CARTESIAN_POINT('',(4.8,2.5,-12.4));
#15686 = VECTOR('',#15687,1.);
#15687 = DIRECTION('',(0.,0.,1.));
#15688 = ORIENTED_EDGE('',*,*,#15689,.T.);
#15689 = EDGE_CURVE('',#15682,#15690,#15692,.T.);
#15690 = VERTEX_POINT('',#15691);
#15691 = CARTESIAN_POINT('',(4.8,53.5,-12.4));
#15692 = LINE('',#15693,#15694);
#15693 = CARTESIAN_POINT('',(4.8,0.5,-12.4));
#15694 = VECTOR('',#15695,1.);
#15695 = DIRECTION('',(-0.,1.,0.));
#15696 = ORIENTED_EDGE('',*,*,#15697,.T.);
#15697 = EDGE_CURVE('',#15690,#15674,#15698,.T.);
#15698 = LINE('',#15699,#15700);
#15699 = CARTESIAN_POINT('',(4.8,53.5,-12.4));
#15700 = VECTOR('',#15701,1.);
#15701 = DIRECTION('',(0.,0.,1.));
#15702 = PLANE('',#15703);
#15703 = AXIS2_PLACEMENT_3D('',#15704,#15705,#15706);
#15704 = CARTESIAN_POINT('',(4.8,0.5,-12.4));
#15705 = DIRECTION('',(1.,0.,-0.));
#15706 = DIRECTION('',(0.,0.,1.));
#15707 = ADVANCED_FACE('',(#15708),#15769,.T.);
#15708 = FACE_BOUND('',#15709,.T.);
#15709 = EDGE_LOOP('',(#15710,#15711,#15720,#15728,#15737,#15745,#15754,
    #15762));
#15710 = ORIENTED_EDGE('',*,*,#15671,.F.);
#15711 = ORIENTED_EDGE('',*,*,#15712,.T.);
#15712 = EDGE_CURVE('',#15672,#15713,#15715,.T.);
#15713 = VERTEX_POINT('',#15714);
#15714 = CARTESIAN_POINT('',(6.8,0.5,-3.4));
#15715 = CIRCLE('',#15716,2.);
#15716 = AXIS2_PLACEMENT_3D('',#15717,#15718,#15719);
#15717 = CARTESIAN_POINT('',(6.8,2.5,-3.4));
#15718 = DIRECTION('',(0.,0.,1.));
#15719 = DIRECTION('',(0.,-1.,0.));
#15720 = ORIENTED_EDGE('',*,*,#15721,.T.);
#15721 = EDGE_CURVE('',#15713,#15722,#15724,.T.);
#15722 = VERTEX_POINT('',#15723);
#15723 = CARTESIAN_POINT('',(69.8,0.5,-3.4));
#15724 = LINE('',#15725,#15726);
#15725 = CARTESIAN_POINT('',(4.8,0.5,-3.4));
#15726 = VECTOR('',#15727,1.);
#15727 = DIRECTION('',(1.,0.,-0.));
#15728 = ORIENTED_EDGE('',*,*,#15729,.F.);
#15729 = EDGE_CURVE('',#15730,#15722,#15732,.T.);
#15730 = VERTEX_POINT('',#15731);
#15731 = CARTESIAN_POINT('',(71.8,2.5,-3.4));
#15732 = CIRCLE('',#15733,2.);
#15733 = AXIS2_PLACEMENT_3D('',#15734,#15735,#15736);
#15734 = CARTESIAN_POINT('',(69.8,2.5,-3.4));
#15735 = DIRECTION('',(-0.,-0.,-1.));
#15736 = DIRECTION('',(0.,-1.,0.));
#15737 = ORIENTED_EDGE('',*,*,#15738,.T.);
#15738 = EDGE_CURVE('',#15730,#15739,#15741,.T.);
#15739 = VERTEX_POINT('',#15740);
#15740 = CARTESIAN_POINT('',(71.8,53.5,-3.4));
#15741 = LINE('',#15742,#15743);
#15742 = CARTESIAN_POINT('',(71.8,0.5,-3.4));
#15743 = VECTOR('',#15744,1.);
#15744 = DIRECTION('',(-0.,1.,0.));
#15745 = ORIENTED_EDGE('',*,*,#15746,.T.);
#15746 = EDGE_CURVE('',#15739,#15747,#15749,.T.);
#15747 = VERTEX_POINT('',#15748);
#15748 = CARTESIAN_POINT('',(69.8,55.5,-3.4));
#15749 = CIRCLE('',#15750,2.);
#15750 = AXIS2_PLACEMENT_3D('',#15751,#15752,#15753);
#15751 = CARTESIAN_POINT('',(69.8,53.5,-3.4));
#15752 = DIRECTION('',(0.,0.,1.));
#15753 = DIRECTION('',(0.,-1.,0.));
#15754 = ORIENTED_EDGE('',*,*,#15755,.F.);
#15755 = EDGE_CURVE('',#15756,#15747,#15758,.T.);
#15756 = VERTEX_POINT('',#15757);
#15757 = CARTESIAN_POINT('',(6.8,55.5,-3.4));
#15758 = LINE('',#15759,#15760);
#15759 = CARTESIAN_POINT('',(4.8,55.5,-3.4));
#15760 = VECTOR('',#15761,1.);
#15761 = DIRECTION('',(1.,0.,-0.));
#15762 = ORIENTED_EDGE('',*,*,#15763,.F.);
#15763 = EDGE_CURVE('',#15674,#15756,#15764,.T.);
#15764 = CIRCLE('',#15765,2.);
#15765 = AXIS2_PLACEMENT_3D('',#15766,#15767,#15768);
#15766 = CARTESIAN_POINT('',(6.8,53.5,-3.4));
#15767 = DIRECTION('',(-0.,-0.,-1.));
#15768 = DIRECTION('',(0.,-1.,0.));
#15769 = PLANE('',#15770);
#15770 = AXIS2_PLACEMENT_3D('',#15771,#15772,#15773);
#15771 = CARTESIAN_POINT('',(4.8,0.5,-3.4));
#15772 = DIRECTION('',(0.,0.,1.));
#15773 = DIRECTION('',(1.,0.,-0.));
#15774 = ADVANCED_FACE('',(#15775),#15794,.T.);
#15775 = FACE_BOUND('',#15776,.T.);
#15776 = EDGE_LOOP('',(#15777,#15786,#15792,#15793));
#15777 = ORIENTED_EDGE('',*,*,#15778,.T.);
#15778 = EDGE_CURVE('',#15682,#15779,#15781,.T.);
#15779 = VERTEX_POINT('',#15780);
#15780 = CARTESIAN_POINT('',(6.8,0.5,-12.4));
#15781 = CIRCLE('',#15782,2.);
#15782 = AXIS2_PLACEMENT_3D('',#15783,#15784,#15785);
#15783 = CARTESIAN_POINT('',(6.8,2.5,-12.4));
#15784 = DIRECTION('',(0.,0.,1.));
#15785 = DIRECTION('',(0.,-1.,0.));
#15786 = ORIENTED_EDGE('',*,*,#15787,.T.);
#15787 = EDGE_CURVE('',#15779,#15713,#15788,.T.);
#15788 = LINE('',#15789,#15790);
#15789 = CARTESIAN_POINT('',(6.8,0.5,-12.4));
#15790 = VECTOR('',#15791,1.);
#15791 = DIRECTION('',(0.,0.,1.));
#15792 = ORIENTED_EDGE('',*,*,#15712,.F.);
#15793 = ORIENTED_EDGE('',*,*,#15681,.F.);
#15794 = CYLINDRICAL_SURFACE('',#15795,2.);
#15795 = AXIS2_PLACEMENT_3D('',#15796,#15797,#15798);
#15796 = CARTESIAN_POINT('',(6.8,2.5,-12.4));
#15797 = DIRECTION('',(0.,0.,1.));
#15798 = DIRECTION('',(-1.,-0.,0.));
#15799 = ADVANCED_FACE('',(#15800),#15819,.T.);
#15800 = FACE_BOUND('',#15801,.F.);
#15801 = EDGE_LOOP('',(#15802,#15811,#15817,#15818));
#15802 = ORIENTED_EDGE('',*,*,#15803,.T.);
#15803 = EDGE_CURVE('',#15690,#15804,#15806,.T.);
#15804 = VERTEX_POINT('',#15805);
#15805 = CARTESIAN_POINT('',(6.8,55.5,-12.4));
#15806 = CIRCLE('',#15807,2.);
#15807 = AXIS2_PLACEMENT_3D('',#15808,#15809,#15810);
#15808 = CARTESIAN_POINT('',(6.8,53.5,-12.4));
#15809 = DIRECTION('',(-0.,-0.,-1.));
#15810 = DIRECTION('',(0.,-1.,0.));
#15811 = ORIENTED_EDGE('',*,*,#15812,.T.);
#15812 = EDGE_CURVE('',#15804,#15756,#15813,.T.);
#15813 = LINE('',#15814,#15815);
#15814 = CARTESIAN_POINT('',(6.8,55.5,-12.4));
#15815 = VECTOR('',#15816,1.);
#15816 = DIRECTION('',(0.,0.,1.));
#15817 = ORIENTED_EDGE('',*,*,#15763,.F.);
#15818 = ORIENTED_EDGE('',*,*,#15697,.F.);
#15819 = CYLINDRICAL_SURFACE('',#15820,2.);
#15820 = AXIS2_PLACEMENT_3D('',#15821,#15822,#15823);
#15821 = CARTESIAN_POINT('',(6.8,53.5,-12.4));
#15822 = DIRECTION('',(0.,0.,1.));
#15823 = DIRECTION('',(-1.,-0.,0.));
#15824 = ADVANCED_FACE('',(#15825),#15870,.F.);
#15825 = FACE_BOUND('',#15826,.F.);
#15826 = EDGE_LOOP('',(#15827,#15828,#15829,#15837,#15846,#15854,#15863,
    #15869));
#15827 = ORIENTED_EDGE('',*,*,#15689,.F.);
#15828 = ORIENTED_EDGE('',*,*,#15778,.T.);
#15829 = ORIENTED_EDGE('',*,*,#15830,.T.);
#15830 = EDGE_CURVE('',#15779,#15831,#15833,.T.);
#15831 = VERTEX_POINT('',#15832);
#15832 = CARTESIAN_POINT('',(69.8,0.5,-12.4));
#15833 = LINE('',#15834,#15835);
#15834 = CARTESIAN_POINT('',(4.8,0.5,-12.4));
#15835 = VECTOR('',#15836,1.);
#15836 = DIRECTION('',(1.,0.,-0.));
#15837 = ORIENTED_EDGE('',*,*,#15838,.F.);
#15838 = EDGE_CURVE('',#15839,#15831,#15841,.T.);
#15839 = VERTEX_POINT('',#15840);
#15840 = CARTESIAN_POINT('',(71.8,2.5,-12.4));
#15841 = CIRCLE('',#15842,2.);
#15842 = AXIS2_PLACEMENT_3D('',#15843,#15844,#15845);
#15843 = CARTESIAN_POINT('',(69.8,2.5,-12.4));
#15844 = DIRECTION('',(-0.,-0.,-1.));
#15845 = DIRECTION('',(0.,-1.,0.));
#15846 = ORIENTED_EDGE('',*,*,#15847,.T.);
#15847 = EDGE_CURVE('',#15839,#15848,#15850,.T.);
#15848 = VERTEX_POINT('',#15849);
#15849 = CARTESIAN_POINT('',(71.8,53.5,-12.4));
#15850 = LINE('',#15851,#15852);
#15851 = CARTESIAN_POINT('',(71.8,0.5,-12.4));
#15852 = VECTOR('',#15853,1.);
#15853 = DIRECTION('',(-0.,1.,0.));
#15854 = ORIENTED_EDGE('',*,*,#15855,.T.);
#15855 = EDGE_CURVE('',#15848,#15856,#15858,.T.);
#15856 = VERTEX_POINT('',#15857);
#15857 = CARTESIAN_POINT('',(69.8,55.5,-12.4));
#15858 = CIRCLE('',#15859,2.);
#15859 = AXIS2_PLACEMENT_3D('',#15860,#15861,#15862);
#15860 = CARTESIAN_POINT('',(69.8,53.5,-12.4));
#15861 = DIRECTION('',(0.,0.,1.));
#15862 = DIRECTION('',(0.,-1.,0.));
#15863 = ORIENTED_EDGE('',*,*,#15864,.F.);
#15864 = EDGE_CURVE('',#15804,#15856,#15865,.T.);
#15865 = LINE('',#15866,#15867);
#15866 = CARTESIAN_POINT('',(4.8,55.5,-12.4));
#15867 = VECTOR('',#15868,1.);
#15868 = DIRECTION('',(1.,0.,-0.));
#15869 = ORIENTED_EDGE('',*,*,#15803,.F.);
#15870 = PLANE('',#15871);
#15871 = AXIS2_PLACEMENT_3D('',#15872,#15873,#15874);
#15872 = CARTESIAN_POINT('',(4.8,0.5,-12.4));
#15873 = DIRECTION('',(0.,0.,1.));
#15874 = DIRECTION('',(1.,0.,-0.));
#15875 = ADVANCED_FACE('',(#15876),#15887,.F.);
#15876 = FACE_BOUND('',#15877,.F.);
#15877 = EDGE_LOOP('',(#15878,#15879,#15880,#15881));
#15878 = ORIENTED_EDGE('',*,*,#15830,.F.);
#15879 = ORIENTED_EDGE('',*,*,#15787,.T.);
#15880 = ORIENTED_EDGE('',*,*,#15721,.T.);
#15881 = ORIENTED_EDGE('',*,*,#15882,.F.);
#15882 = EDGE_CURVE('',#15831,#15722,#15883,.T.);
#15883 = LINE('',#15884,#15885);
#15884 = CARTESIAN_POINT('',(69.8,0.5,-12.4));
#15885 = VECTOR('',#15886,1.);
#15886 = DIRECTION('',(0.,0.,1.));
#15887 = PLANE('',#15888);
#15888 = AXIS2_PLACEMENT_3D('',#15889,#15890,#15891);
#15889 = CARTESIAN_POINT('',(4.8,0.5,-12.4));
#15890 = DIRECTION('',(-0.,1.,0.));
#15891 = DIRECTION('',(0.,0.,1.));
#15892 = ADVANCED_FACE('',(#15893),#15904,.T.);
#15893 = FACE_BOUND('',#15894,.T.);
#15894 = EDGE_LOOP('',(#15895,#15896,#15897,#15898));
#15895 = ORIENTED_EDGE('',*,*,#15864,.F.);
#15896 = ORIENTED_EDGE('',*,*,#15812,.T.);
#15897 = ORIENTED_EDGE('',*,*,#15755,.T.);
#15898 = ORIENTED_EDGE('',*,*,#15899,.F.);
#15899 = EDGE_CURVE('',#15856,#15747,#15900,.T.);
#15900 = LINE('',#15901,#15902);
#15901 = CARTESIAN_POINT('',(69.8,55.5,-12.4));
#15902 = VECTOR('',#15903,1.);
#15903 = DIRECTION('',(0.,0.,1.));
#15904 = PLANE('',#15905);
#15905 = AXIS2_PLACEMENT_3D('',#15906,#15907,#15908);
#15906 = CARTESIAN_POINT('',(4.8,55.5,-12.4));
#15907 = DIRECTION('',(-0.,1.,0.));
#15908 = DIRECTION('',(0.,0.,1.));
#15909 = ADVANCED_FACE('',(#15910),#15921,.T.);
#15910 = FACE_BOUND('',#15911,.F.);
#15911 = EDGE_LOOP('',(#15912,#15913,#15914,#15915));
#15912 = ORIENTED_EDGE('',*,*,#15838,.T.);
#15913 = ORIENTED_EDGE('',*,*,#15882,.T.);
#15914 = ORIENTED_EDGE('',*,*,#15729,.F.);
#15915 = ORIENTED_EDGE('',*,*,#15916,.F.);
#15916 = EDGE_CURVE('',#15839,#15730,#15917,.T.);
#15917 = LINE('',#15918,#15919);
#15918 = CARTESIAN_POINT('',(71.8,2.5,-12.4));
#15919 = VECTOR('',#15920,1.);
#15920 = DIRECTION('',(0.,0.,1.));
#15921 = CYLINDRICAL_SURFACE('',#15922,2.);
#15922 = AXIS2_PLACEMENT_3D('',#15923,#15924,#15925);
#15923 = CARTESIAN_POINT('',(69.8,2.5,-12.4));
#15924 = DIRECTION('',(0.,0.,1.));
#15925 = DIRECTION('',(1.,0.,-0.));
#15926 = ADVANCED_FACE('',(#15927),#15938,.T.);
#15927 = FACE_BOUND('',#15928,.T.);
#15928 = EDGE_LOOP('',(#15929,#15930,#15931,#15932));
#15929 = ORIENTED_EDGE('',*,*,#15855,.T.);
#15930 = ORIENTED_EDGE('',*,*,#15899,.T.);
#15931 = ORIENTED_EDGE('',*,*,#15746,.F.);
#15932 = ORIENTED_EDGE('',*,*,#15933,.F.);
#15933 = EDGE_CURVE('',#15848,#15739,#15934,.T.);
#15934 = LINE('',#15935,#15936);
#15935 = CARTESIAN_POINT('',(71.8,53.5,-12.4));
#15936 = VECTOR('',#15937,1.);
#15937 = DIRECTION('',(0.,0.,1.));
#15938 = CYLINDRICAL_SURFACE('',#15939,2.);
#15939 = AXIS2_PLACEMENT_3D('',#15940,#15941,#15942);
#15940 = CARTESIAN_POINT('',(69.8,53.5,-12.4));
#15941 = DIRECTION('',(0.,0.,1.));
#15942 = DIRECTION('',(1.,0.,-0.));
#15943 = ADVANCED_FACE('',(#15944),#15950,.T.);
#15944 = FACE_BOUND('',#15945,.T.);
#15945 = EDGE_LOOP('',(#15946,#15947,#15948,#15949));
#15946 = ORIENTED_EDGE('',*,*,#15738,.F.);
#15947 = ORIENTED_EDGE('',*,*,#15916,.F.);
#15948 = ORIENTED_EDGE('',*,*,#15847,.T.);
#15949 = ORIENTED_EDGE('',*,*,#15933,.T.);
#15950 = PLANE('',#15951);
#15951 = AXIS2_PLACEMENT_3D('',#15952,#15953,#15954);
#15952 = CARTESIAN_POINT('',(71.8,0.5,-12.4));
#15953 = DIRECTION('',(1.,0.,-0.));
#15954 = DIRECTION('',(0.,0.,1.));
#15955 = ( GEOMETRIC_REPRESENTATION_CONTEXT(3) 
GLOBAL_UNCERTAINTY_ASSIGNED_CONTEXT((#15959)) 
GLOBAL_UNIT_ASSIGNED_CONTEXT((#15956,#15957,#15958)) 
REPRESENTATION_CONTEXT('Context #1',
  '3D Context with UNIT and UNCERTAINTY') );
#15956 = ( LENGTH_UNIT() NAMED_UNIT(*) SI_UNIT(.MILLI.,.METRE.) );
#15957 = ( NAMED_UNIT(*) PLANE_ANGLE_UNIT() SI_UNIT($,.RADIAN.) );
#15958 = ( NAMED_UNIT(*) SI_UNIT($,.STERADIAN.) SOLID_ANGLE_UNIT() );
#15959 = UNCERTAINTY_MEASURE_WITH_UNIT(LENGTH_MEASURE(1.E-07),#15956,
  'distance_accuracy_value','confusion accuracy');
#15960 = CONTEXT_DEPENDENT_SHAPE_REPRESENTATION(#15961,#15963);
#15961 = ( REPRESENTATION_RELATIONSHIP('','',#15664,#10) 
REPRESENTATION_RELATIONSHIP_WITH_TRANSFORMATION(#15962) 
SHAPE_REPRESENTATION_RELATIONSHIP() );
#15962 = ITEM_DEFINED_TRANSFORMATION('','',#11,#19);
#15963 = PRODUCT_DEFINITION_SHAPE('Placement','Placement of an item',
  #15964);
#15964 = NEXT_ASSEMBLY_USAGE_OCCURRENCE('2','Battery 5000mAh pouch','',
  #5,#15659,$);
#15965 = PRODUCT_RELATED_PRODUCT_CATEGORY('part',$,(#15661));
#15966 = SHAPE_DEFINITION_REPRESENTATION(#15967,#15973);
#15967 = PRODUCT_DEFINITION_SHAPE('','',#15968);
#15968 = PRODUCT_DEFINITION('design','',#15969,#15972);
#15969 = PRODUCT_DEFINITION_FORMATION('','',#15970);
#15970 = PRODUCT('Battery magnet disc','Battery magnet disc','',(#15971)
  );
#15971 = PRODUCT_CONTEXT('',#2,'mechanical');
#15972 = PRODUCT_DEFINITION_CONTEXT('part definition',#2,'design');
#15973 = ADVANCED_BREP_SHAPE_REPRESENTATION('',(#11,#15974),#16027);
#15974 = MANIFOLD_SOLID_BREP('',#15975);
#15975 = CLOSED_SHELL('',(#15976,#16009,#16018));
#15976 = ADVANCED_FACE('',(#15977),#16004,.T.);
#15977 = FACE_BOUND('',#15978,.T.);
#15978 = EDGE_LOOP('',(#15979,#15988,#15996,#16003));
#15979 = ORIENTED_EDGE('',*,*,#15980,.F.);
#15980 = EDGE_CURVE('',#15981,#15981,#15983,.T.);
#15981 = VERTEX_POINT('',#15982);
#15982 = CARTESIAN_POINT('',(42.,28.,-2.));
#15983 = CIRCLE('',#15984,7.);
#15984 = AXIS2_PLACEMENT_3D('',#15985,#15986,#15987);
#15985 = CARTESIAN_POINT('',(35.,28.,-2.));
#15986 = DIRECTION('',(0.,0.,1.));
#15987 = DIRECTION('',(1.,0.,-0.));
#15988 = ORIENTED_EDGE('',*,*,#15989,.F.);
#15989 = EDGE_CURVE('',#15990,#15981,#15992,.T.);
#15990 = VERTEX_POINT('',#15991);
#15991 = CARTESIAN_POINT('',(42.,28.,-3.4));
#15992 = LINE('',#15993,#15994);
#15993 = CARTESIAN_POINT('',(42.,28.,-3.4));
#15994 = VECTOR('',#15995,1.);
#15995 = DIRECTION('',(0.,0.,1.));
#15996 = ORIENTED_EDGE('',*,*,#15997,.T.);
#15997 = EDGE_CURVE('',#15990,#15990,#15998,.T.);
#15998 = CIRCLE('',#15999,7.);
#15999 = AXIS2_PLACEMENT_3D('',#16000,#16001,#16002);
#16000 = CARTESIAN_POINT('',(35.,28.,-3.4));
#16001 = DIRECTION('',(0.,0.,1.));
#16002 = DIRECTION('',(1.,0.,-0.));
#16003 = ORIENTED_EDGE('',*,*,#15989,.T.);
#16004 = CYLINDRICAL_SURFACE('',#16005,7.);
#16005 = AXIS2_PLACEMENT_3D('',#16006,#16007,#16008);
#16006 = CARTESIAN_POINT('',(35.,28.,-3.4));
#16007 = DIRECTION('',(0.,0.,1.));
#16008 = DIRECTION('',(1.,0.,-0.));
#16009 = ADVANCED_FACE('',(#16010),#16013,.T.);
#16010 = FACE_BOUND('',#16011,.T.);
#16011 = EDGE_LOOP('',(#16012));
#16012 = ORIENTED_EDGE('',*,*,#15980,.T.);
#16013 = PLANE('',#16014);
#16014 = AXIS2_PLACEMENT_3D('',#16015,#16016,#16017);
#16015 = CARTESIAN_POINT('',(35.,28.,-2.));
#16016 = DIRECTION('',(0.,0.,1.));
#16017 = DIRECTION('',(1.,0.,-0.));
#16018 = ADVANCED_FACE('',(#16019),#16022,.F.);
#16019 = FACE_BOUND('',#16020,.T.);
#16020 = EDGE_LOOP('',(#16021));
#16021 = ORIENTED_EDGE('',*,*,#15997,.F.);
#16022 = PLANE('',#16023);
#16023 = AXIS2_PLACEMENT_3D('',#16024,#16025,#16026);
#16024 = CARTESIAN_POINT('',(35.,28.,-3.4));
#16025 = DIRECTION('',(0.,0.,1.));
#16026 = DIRECTION('',(1.,0.,-0.));
#16027 = ( GEOMETRIC_REPRESENTATION_CONTEXT(3) 
GLOBAL_UNCERTAINTY_ASSIGNED_CONTEXT((#16031)) 
GLOBAL_UNIT_ASSIGNED_CONTEXT((#16028,#16029,#16030)) 
REPRESENTATION_CONTEXT('Context #1',
  '3D Context with UNIT and UNCERTAINTY') );
#16028 = ( LENGTH_UNIT() NAMED_UNIT(*) SI_UNIT(.MILLI.,.METRE.) );
#16029 = ( NAMED_UNIT(*) PLANE_ANGLE_UNIT() SI_UNIT($,.RADIAN.) );
#16030 = ( NAMED_UNIT(*) SI_UNIT($,.STERADIAN.) SOLID_ANGLE_UNIT() );
#16031 = UNCERTAINTY_MEASURE_WITH_UNIT(LENGTH_MEASURE(1.E-07),#16028,
  'distance_accuracy_value','confusion accuracy');
#16032 = CONTEXT_DEPENDENT_SHAPE_REPRESENTATION(#16033,#16035);
#16033 = ( REPRESENTATION_RELATIONSHIP('','',#15973,#10) 
REPRESENTATION_RELATIONSHIP_WITH_TRANSFORMATION(#16034) 
SHAPE_REPRESENTATION_RELATIONSHIP() );
#16034 = ITEM_DEFINED_TRANSFORMATION('','',#11,#23);
#16035 = PRODUCT_DEFINITION_SHAPE('Placement','Placement of an item',
  #16036);
#16036 = NEXT_ASSEMBLY_USAGE_OCCURRENCE('3','Battery magnet disc','',#5,
  #15968,$);
#16037 = PRODUCT_RELATED_PRODUCT_CATEGORY('part',$,(#15970));
#16038 = SHAPE_DEFINITION_REPRESENTATION(#16039,#16045);
#16039 = PRODUCT_DEFINITION_SHAPE('','',#16040);
#16040 = PRODUCT_DEFINITION('design','',#16041,#16044);
#16041 = PRODUCT_DEFINITION_FORMATION('','',#16042);
#16042 = PRODUCT('Battery lead keep-out','Battery lead keep-out','',(
    #16043));
#16043 = PRODUCT_CONTEXT('',#2,'mechanical');
#16044 = PRODUCT_DEFINITION_CONTEXT('part definition',#2,'design');
#16045 = ADVANCED_BREP_SHAPE_REPRESENTATION('',(#11,#16046),#16922);
#16046 = MANIFOLD_SOLID_BREP('',#16047);
#16047 = CLOSED_SHELL('',(#16048,#16904,#16913));
#16048 = ADVANCED_FACE('',(#16049),#16182,.T.);
#16049 = FACE_BOUND('',#16050,.T.);
#16050 = EDGE_LOOP('',(#16051,#16161,#16171,#16172));
#16051 = ORIENTED_EDGE('',*,*,#16052,.T.);
#16052 = EDGE_CURVE('',#16053,#16055,#16057,.T.);
#16053 = VERTEX_POINT('',#16054);
#16054 = CARTESIAN_POINT('',(82.693417725406,11.659586013991,
    -3.166177088198));
#16055 = VERTEX_POINT('',#16056);
#16056 = CARTESIAN_POINT('',(71.901380449919,0.187196370452,
    -8.644115521079));
#16057 = ( BOUNDED_CURVE() B_SPLINE_CURVE(11,(#16058,#16059,#16060,
    #16061,#16062,#16063,#16064,#16065,#16066,#16067,#16068,#16069,
    #16070,#16071,#16072,#16073,#16074,#16075,#16076,#16077,#16078,
    #16079,#16080,#16081,#16082,#16083,#16084,#16085,#16086,#16087,
    #16088,#16089,#16090,#16091,#16092,#16093,#16094,#16095,#16096,
    #16097,#16098,#16099,#16100,#16101,#16102,#16103,#16104,#16105,
    #16106,#16107,#16108,#16109,#16110,#16111,#16112,#16113,#16114,
    #16115,#16116,#16117,#16118,#16119,#16120,#16121,#16122,#16123,
    #16124,#16125,#16126,#16127,#16128,#16129,#16130,#16131,#16132,
    #16133,#16134,#16135,#16136,#16137,#16138,#16139,#16140,#16141,
    #16142,#16143,#16144,#16145,#16146,#16147,#16148,#16149,#16150,
    #16151,#16152,#16153,#16154,#16155,#16156,#16157,#16158,#16159,
#16160),.UNSPECIFIED.,.F.,.F.) B_SPLINE_CURVE_WITH_KNOTS((12,11,11,11,11
    ,9,9,9,9,11,12),(0.,4.011234224026,8.622090977386,14.997041957589,
    19.375397813387,23.378209325312,25.379615081275,25.879966520266,
    26.380317959256,27.381020837238,30.581020837238),.UNSPECIFIED.) 
CURVE() GEOMETRIC_REPRESENTATION_ITEM() RATIONAL_B_SPLINE_CURVE((
    1.669078461068,1.669078461068,1.669078461069,1.669078461068,
    1.669078461069,1.669078461067,1.669078461069,1.669078461068,
    1.669078461069,1.669078461068,1.669078461068,1.669078461068,
    1.669078461068,1.669078461069,1.669078461067,1.66907846107,
    1.669078461066,1.66907846107,1.669078461067,1.669078461069,
    1.669078461068,1.669078461068,1.669078461068,1.669078461068,
    1.669078461068,1.669078461069,1.669078461067,1.66907846107,
    1.669078461067,1.669078461069,1.669078461068,1.669078461068,
    1.669078461068,1.669078461068,1.669078461068,1.669078461068,
    1.669078461069,1.669078461067,1.66907846107,1.669078461067,
    1.669078461069,1.669078461068,1.669078461068,1.669078461068,
    1.669078461068,1.669078461068,1.669078461068,1.669078461069,
    1.669078461066,1.66907846107,1.669078461066,1.66907846107,
    1.669078461068,1.669078461068,1.669078461068,1.669078461068,
    1.669078461068,1.669078461068,1.669078461068,1.669078461068,
    1.669078461068,1.669078461068,1.669078461068,1.669078461068,
    1.669078461068,1.669078461068,1.669078461069,1.669078461067,
    1.669078461069,1.669078461068,1.669078461069,1.669078461068,
    1.669078461068,1.669078461068,1.669078461068,1.669078461069,
    1.669078461067,1.66907846107,1.669078461067,1.669078461069,
    1.669078461068,1.669078461069,1.669078461068,1.66907846107,
    1.669078461066,1.669078461071,1.669078461065,1.669078461071,
    1.669078461067,1.669078461069,1.669078461068,1.669078461068,
    1.669078461068,1.669078461069,1.669078461067,1.669078461071,
    1.669078461065,1.669078461072,1.669078461066,1.66907846107,
1.669078461068,1.669078461068,1.669078461068)) REPRESENTATION_ITEM('') 
  );
#16058 = CARTESIAN_POINT('',(82.693417725406,11.659586013991,
    -3.166177088198));
#16059 = CARTESIAN_POINT('',(83.087099528131,11.848919750516,
    -3.162142790637));
#16060 = CARTESIAN_POINT('',(83.441099980732,11.985230916352,
    -3.165503588904));
#16061 = CARTESIAN_POINT('',(83.75347346441,12.073104496266,
    -3.175369712765));
#16062 = CARTESIAN_POINT('',(84.021495402179,12.118346570976,
    -3.19055844387));
#16063 = CARTESIAN_POINT('',(84.246121227403,12.128378638917,
    -3.209783335941));
#16064 = CARTESIAN_POINT('',(84.424782225083,12.111584759351,
    -3.231369952436));
#16065 = CARTESIAN_POINT('',(84.563974570647,12.081272133665,
    -3.253191570758));
#16066 = CARTESIAN_POINT('',(84.681154257914,12.045994631066,
    -3.274812534557));
#16067 = CARTESIAN_POINT('',(84.789862495295,11.999134050983,
    -3.29877323315));
#16068 = CARTESIAN_POINT('',(84.896222723344,11.935474539658,
    -3.326897291396));
#16069 = CARTESIAN_POINT('',(85.002420833922,11.849680477138,
    -3.360796707307));
#16070 = CARTESIAN_POINT('',(85.124620236575,11.750984518634,
    -3.399005374194));
#16071 = CARTESIAN_POINT('',(85.251376990605,11.61917430583,
    -3.446421733057));
#16072 = CARTESIAN_POINT('',(85.387049613034,11.443576651399,
    -3.506401097569));
#16073 = CARTESIAN_POINT('',(85.526933080709,11.216725416269,
    -3.581453191319));
#16074 = CARTESIAN_POINT('',(85.654682505918,10.943457174548,
    -3.670132119967));
#16075 = CARTESIAN_POINT('',(85.776700411856,10.632473696874,
    -3.773976120508));
#16076 = CARTESIAN_POINT('',(85.887419294869,10.288807931542,
    -3.892529528304));
#16077 = CARTESIAN_POINT('',(85.979266840072,9.91900292715,
    -4.027842855196));
#16078 = CARTESIAN_POINT('',(86.070825368171,9.534042393229,
    -4.188576080504));
#16079 = CARTESIAN_POINT('',(86.13971216116,9.136525760291,
    -4.376834158776));
#16080 = CARTESIAN_POINT('',(86.22643557018,8.756628103249,
    -4.657051281682));
#16081 = CARTESIAN_POINT('',(86.332578710601,8.162999587569,
    -4.800638600216));
#16082 = CARTESIAN_POINT('',(86.421517359831,7.574863101943,
    -4.955120319408));
#16083 = CARTESIAN_POINT('',(86.486264429685,6.999563084242,
    -5.112780056184));
#16084 = CARTESIAN_POINT('',(86.523407473497,6.446126475464,
    -5.271908983883));
#16085 = CARTESIAN_POINT('',(86.521767859608,5.926234616385,
    -5.429197062127));
#16086 = CARTESIAN_POINT('',(86.486368529076,5.450188477875,
    -5.580415895992));
#16087 = CARTESIAN_POINT('',(86.410234620095,5.028408392857,
    -5.72374196455));
#16088 = CARTESIAN_POINT('',(86.288976295138,4.678396826917,
    -5.853790220167));
#16089 = CARTESIAN_POINT('',(86.153393599956,4.412598824883,
    -5.96099807964));
#16090 = CARTESIAN_POINT('',(86.006578436021,4.201652649111,
    -6.053592922319));
#16091 = CARTESIAN_POINT('',(85.827248054963,4.027565829956,
    -6.141166695361));
#16092 = CARTESIAN_POINT('',(85.703024045826,3.90172393225,
    -6.186795442929));
#16093 = CARTESIAN_POINT('',(85.544062283741,3.773143399861,
    -6.236647389857));
#16094 = CARTESIAN_POINT('',(85.344001669421,3.641176777373,
    -6.290774202162));
#16095 = CARTESIAN_POINT('',(85.100664795402,3.51204081572,
    -6.345515150292));
#16096 = CARTESIAN_POINT('',(84.820167746364,3.38729313773,
    -6.397110984952));
#16097 = CARTESIAN_POINT('',(84.507753152346,3.270425131198,
    -6.439742205563));
#16098 = CARTESIAN_POINT('',(84.169375244951,3.156409115719,
    -6.468812377493));
#16099 = CARTESIAN_POINT('',(83.811779656426,3.038772041861,
    -6.480224432353));
#16100 = CARTESIAN_POINT('',(83.439525569942,2.915954037918,
    -6.464425122696));
#16101 = CARTESIAN_POINT('',(83.06090366197,2.755531932779,
    -6.410309504889));
#16102 = CARTESIAN_POINT('',(82.686820163699,2.533529365736,
    -6.338872998686));
#16103 = CARTESIAN_POINT('',(82.345074522519,2.489920674757,
    -6.391459177764));
#16104 = CARTESIAN_POINT('',(82.005186898459,2.452644356529,
    -6.4371062496));
#16105 = CARTESIAN_POINT('',(81.666663848916,2.421128767587,
    -6.476188426519));
#16106 = CARTESIAN_POINT('',(81.329028948945,2.394925788584,
    -6.509094075638));
#16107 = CARTESIAN_POINT('',(80.991822830436,2.373482296256,
    -6.536141998949));
#16108 = CARTESIAN_POINT('',(80.654608380452,2.356131596864,
    -6.557582603448));
#16109 = CARTESIAN_POINT('',(80.316976438869,2.342172223424,
    -6.573630327904));
#16110 = CARTESIAN_POINT('',(79.978547335461,2.330901498814,
    -6.584473692847));
#16111 = CARTESIAN_POINT('',(79.638963606594,2.321471267102,
    -6.590209340341));
#16112 = CARTESIAN_POINT('',(79.127322044172,2.307914159247,
    -6.590864975052));
#16113 = CARTESIAN_POINT('',(78.611396195163,2.288610380012,
    -6.577670147275));
#16114 = CARTESIAN_POINT('',(78.438899388932,2.281222567301,
    -6.57155651791));
#16115 = CARTESIAN_POINT('',(78.26580164439,2.271969810813,
    -6.563986861285));
#16116 = CARTESIAN_POINT('',(78.09211860105,2.261354004667,
    -6.553583981155));
#16117 = CARTESIAN_POINT('',(77.917671360519,2.246657474818,
    -6.541647388321));
#16118 = CARTESIAN_POINT('',(77.74244386213,2.227647063058,
    -6.526781617544));
#16119 = CARTESIAN_POINT('',(77.566376635823,2.202966871153,
    -6.507135146988));
#16120 = CARTESIAN_POINT('',(77.389064070334,2.165198176235,
    -6.484650111303));
#16121 = CARTESIAN_POINT('',(77.165893410876,2.099962253995,
    -6.445010511675));
#16122 = CARTESIAN_POINT('',(76.938116574772,1.95632130064,
    -6.394232506788));
#16123 = CARTESIAN_POINT('',(76.892348902114,1.923878063553,
    -6.383674752084));
#16124 = CARTESIAN_POINT('',(76.846338299271,1.887087409415,
    -6.372764084622));
#16125 = CARTESIAN_POINT('',(76.800037602512,1.845002308095,
    -6.361659525256));
#16126 = CARTESIAN_POINT('',(76.753387655552,1.796460159695,
    -6.35063535526));
#16127 = CARTESIAN_POINT('',(76.706316503978,1.740076732743,
    -6.340112753103));
#16128 = CARTESIAN_POINT('',(76.658724995433,1.673997594603,
    -6.330823991665));
#16129 = CARTESIAN_POINT('',(76.610466172518,1.595597697305,
    -6.324197407146));
#16130 = CARTESIAN_POINT('',(76.51221677588,1.407697904787,
    -6.321868908889));
#16131 = CARTESIAN_POINT('',(76.409709838236,1.148184241079,
    -6.362151172857));
#16132 = CARTESIAN_POINT('',(76.357222678841,0.998787608654,
    -6.398108741788));
#16133 = CARTESIAN_POINT('',(76.3030953775,0.823622303925,
    -6.456967616637));
#16134 = CARTESIAN_POINT('',(76.248011841009,0.642451848915,
    -6.552526631085));
#16135 = CARTESIAN_POINT('',(76.190486870657,0.421925968235,
    -6.681189014417));
#16136 = CARTESIAN_POINT('',(76.133225340813,0.241978136608,
    -6.901928832439));
#16137 = CARTESIAN_POINT('',(76.078666768845,0.119473166839,
    -7.120346054097));
#16138 = CARTESIAN_POINT('',(76.026133875104,3.931541752867E-02,
    -7.335497069368));
#16139 = CARTESIAN_POINT('',(75.8743988305,-9.716622984035E-02,
    -7.922975681042));
#16140 = CARTESIAN_POINT('',(75.736486361318,-1.417627554711E-02,
    -8.308240796499));
#16141 = CARTESIAN_POINT('',(75.647551524773,5.890594519729E-02,
    -8.44435276058));
#16142 = CARTESIAN_POINT('',(75.557150735724,9.015788562723E-02,
    -8.557829297132));
#16143 = CARTESIAN_POINT('',(75.469161902861,0.158206120488,
    -8.635714520099));
#16144 = CARTESIAN_POINT('',(75.37944910836,0.180127413962,
    -8.694270390514));
#16145 = CARTESIAN_POINT('',(75.290992271295,0.224049849847,
    -8.743911123194));
#16146 = CARTESIAN_POINT('',(75.20202963452,0.250955009882,
    -8.781580521382));
#16147 = CARTESIAN_POINT('',(75.113256047373,0.278174564392,
    -8.813402825739));
#16148 = CARTESIAN_POINT('',(75.024485374542,0.301948869701,
    -8.839837775428));
#16149 = CARTESIAN_POINT('',(74.935737168677,0.323273582187,
    -8.862205769349));
#16150 = CARTESIAN_POINT('',(74.649887604882,0.278171299671,
    -8.783269662009));
#16151 = CARTESIAN_POINT('',(74.365720302137,0.269307764257,
    -8.744541963155));
#16152 = CARTESIAN_POINT('',(74.08249824216,0.257397783892,
    -8.71284484636));
#16153 = CARTESIAN_POINT('',(73.801088591011,0.256582981175,
    -8.692997034972));
#16154 = CARTESIAN_POINT('',(73.521339665706,0.251405742645,
    -8.676271776877));
#16155 = CARTESIAN_POINT('',(73.243755570941,0.245296447786,
    -8.66329910883));
#16156 = CARTESIAN_POINT('',(72.968817854301,0.241181420794,
    -8.655263319626));
#16157 = CARTESIAN_POINT('',(72.696647536042,0.231362617499,
    -8.64847134849));
#16158 = CARTESIAN_POINT('',(72.427793513889,0.220244902846,
    -8.644842839418));
#16159 = CARTESIAN_POINT('',(72.162573523432,0.205557405798,
    -8.643390722423));
#16160 = CARTESIAN_POINT('',(71.901380449919,0.187196370452,
    -8.644115521079));
#16161 = ORIENTED_EDGE('',*,*,#16162,.F.);
#16162 = EDGE_CURVE('',#16055,#16055,#16163,.T.);
#16163 = ( BOUNDED_CURVE() B_SPLINE_CURVE(6,(#16164,#16165,#16166,#16167
    ,#16168,#16169,#16170),.UNSPECIFIED.,.T.,.F.) 
B_SPLINE_CURVE_WITH_KNOTS((1,6,6,1),(-6.28318530718,0.,6.28318530718,
12.566370614359),.UNSPECIFIED.) CURVE() GEOMETRIC_REPRESENTATION_ITEM() 
RATIONAL_B_SPLINE_CURVE((1.669078461068,1.03672962321,1.038346699848,
    0.853534330196,1.038346699848,1.03672962321,1.669078461068)) 
REPRESENTATION_ITEM('') );
#16164 = CARTESIAN_POINT('',(71.901380449919,0.187196370452,
    -8.644115521079));
#16165 = CARTESIAN_POINT('',(71.925106720089,-1.0502906922,
    -6.291346973742));
#16166 = CARTESIAN_POINT('',(71.720222388747,1.674700367214,
    -4.424708254971));
#16167 = CARTESIAN_POINT('',(71.521293289667,5.483962364053,
    -5.854339429817));
#16168 = CARTESIAN_POINT('',(71.665956471214,4.505038655066,
    -9.805880392405));
#16169 = CARTESIAN_POINT('',(71.87765417975,1.424683433105,
    -10.99688406841));
#16170 = CARTESIAN_POINT('',(71.901380449919,0.187196370452,
    -8.644115521079));
#16171 = ORIENTED_EDGE('',*,*,#16052,.F.);
#16172 = ORIENTED_EDGE('',*,*,#16173,.T.);
#16173 = EDGE_CURVE('',#16053,#16053,#16174,.T.);
#16174 = ( BOUNDED_CURVE() B_SPLINE_CURVE(6,(#16175,#16176,#16177,#16178
    ,#16179,#16180,#16181),.UNSPECIFIED.,.T.,.F.) 
B_SPLINE_CURVE_WITH_KNOTS((1,6,6,1),(-6.28318530718,0.,6.28318530718,
12.566370614359),.UNSPECIFIED.) CURVE() GEOMETRIC_REPRESENTATION_ITEM() 
RATIONAL_B_SPLINE_CURVE((1.669078461068,1.03672962321,1.038346699848,
    0.853534330196,1.038346699848,1.03672962321,1.669078461068)) 
REPRESENTATION_ITEM('') );
#16175 = CARTESIAN_POINT('',(82.693417725406,11.659586013991,
    -3.166177088198));
#16176 = CARTESIAN_POINT('',(82.693417725406,11.781595626429,
    -5.821844736443));
#16177 = CARTESIAN_POINT('',(81.268757592379,14.758514078875,
    -6.067189396829));
#16178 = CARTESIAN_POINT('',(80.093713597759,17.059866462195,
    -2.918071447051));
#16179 = CARTESIAN_POINT('',(81.268757592379,14.479457846297,
    6.763254059666E-03));
#16180 = CARTESIAN_POINT('',(82.693417725406,11.537576401553,
    -0.510509439953));
#16181 = CARTESIAN_POINT('',(82.693417725406,11.659586013991,
    -3.166177088198));
#16182 = ( BOUNDED_SURFACE() B_SPLINE_SURFACE(6,11,(
    (#16183,#16184,#16185,#16186,#16187,#16188,#16189,#16190,#16191
      ,#16192,#16193,#16194,#16195,#16196,#16197,#16198,#16199,#16200
      ,#16201,#16202,#16203,#16204,#16205,#16206,#16207,#16208,#16209
      ,#16210,#16211,#16212,#16213,#16214,#16215,#16216,#16217,#16218
      ,#16219,#16220,#16221,#16222,#16223,#16224,#16225,#16226,#16227
      ,#16228,#16229,#16230,#16231,#16232,#16233,#16234,#16235,#16236
      ,#16237,#16238,#16239,#16240,#16241,#16242,#16243,#16244,#16245
      ,#16246,#16247,#16248,#16249,#16250,#16251,#16252,#16253,#16254
      ,#16255,#16256,#16257,#16258,#16259,#16260,#16261,#16262,#16263
      ,#16264,#16265,#16266,#16267,#16268,#16269,#16270,#16271,#16272
      ,#16273,#16274,#16275,#16276,#16277,#16278,#16279,#16280,#16281
      ,#16282,#16283,#16284,#16285)
    ,(#16286,#16287,#16288,#16289,#16290,#16291,#16292,#16293,#16294
      ,#16295,#16296,#16297,#16298,#16299,#16300,#16301,#16302,#16303
      ,#16304,#16305,#16306,#16307,#16308,#16309,#16310,#16311,#16312
      ,#16313,#16314,#16315,#16316,#16317,#16318,#16319,#16320,#16321
      ,#16322,#16323,#16324,#16325,#16326,#16327,#16328,#16329,#16330
      ,#16331,#16332,#16333,#16334,#16335,#16336,#16337,#16338,#16339
      ,#16340,#16341,#16342,#16343,#16344,#16345,#16346,#16347,#16348
      ,#16349,#16350,#16351,#16352,#16353,#16354,#16355,#16356,#16357
      ,#16358,#16359,#16360,#16361,#16362,#16363,#16364,#16365,#16366
      ,#16367,#16368,#16369,#16370,#16371,#16372,#16373,#16374,#16375
      ,#16376,#16377,#16378,#16379,#16380,#16381,#16382,#16383,#16384
      ,#16385,#16386,#16387,#16388)
    ,(#16389,#16390,#16391,#16392,#16393,#16394,#16395,#16396,#16397
      ,#16398,#16399,#16400,#16401,#16402,#16403,#16404,#16405,#16406
      ,#16407,#16408,#16409,#16410,#16411,#16412,#16413,#16414,#16415
      ,#16416,#16417,#16418,#16419,#16420,#16421,#16422,#16423,#16424
      ,#16425,#16426,#16427,#16428,#16429,#16430,#16431,#16432,#16433
      ,#16434,#16435,#16436,#16437,#16438,#16439,#16440,#16441,#16442
      ,#16443,#16444,#16445,#16446,#16447,#16448,#16449,#16450,#16451
      ,#16452,#16453,#16454,#16455,#16456,#16457,#16458,#16459,#16460
      ,#16461,#16462,#16463,#16464,#16465,#16466,#16467,#16468,#16469
      ,#16470,#16471,#16472,#16473,#16474,#16475,#16476,#16477,#16478
      ,#16479,#16480,#16481,#16482,#16483,#16484,#16485,#16486,#16487
      ,#16488,#16489,#16490,#16491)
    ,(#16492,#16493,#16494,#16495,#16496,#16497,#16498,#16499,#16500
      ,#16501,#16502,#16503,#16504,#16505,#16506,#16507,#16508,#16509
      ,#16510,#16511,#16512,#16513,#16514,#16515,#16516,#16517,#16518
      ,#16519,#16520,#16521,#16522,#16523,#16524,#16525,#16526,#16527
      ,#16528,#16529,#16530,#16531,#16532,#16533,#16534,#16535,#16536
      ,#16537,#16538,#16539,#16540,#16541,#16542,#16543,#16544,#16545
      ,#16546,#16547,#16548,#16549,#16550,#16551,#16552,#16553,#16554
      ,#16555,#16556,#16557,#16558,#16559,#16560,#16561,#16562,#16563
      ,#16564,#16565,#16566,#16567,#16568,#16569,#16570,#16571,#16572
      ,#16573,#16574,#16575,#16576,#16577,#16578,#16579,#16580,#16581
      ,#16582,#16583,#16584,#16585,#16586,#16587,#16588,#16589,#16590
      ,#16591,#16592,#16593,#16594)
    ,(#16595,#16596,#16597,#16598,#16599,#16600,#16601,#16602,#16603
      ,#16604,#16605,#16606,#16607,#16608,#16609,#16610,#16611,#16612
      ,#16613,#16614,#16615,#16616,#16617,#16618,#16619,#16620,#16621
      ,#16622,#16623,#16624,#16625,#16626,#16627,#16628,#16629,#16630
      ,#16631,#16632,#16633,#16634,#16635,#16636,#16637,#16638,#16639
      ,#16640,#16641,#16642,#16643,#16644,#16645,#16646,#16647,#16648
      ,#16649,#16650,#16651,#16652,#16653,#16654,#16655,#16656,#16657
      ,#16658,#16659,#16660,#16661,#16662,#16663,#16664,#16665,#16666
      ,#16667,#16668,#16669,#16670,#16671,#16672,#16673,#16674,#16675
      ,#16676,#16677,#16678,#16679,#16680,#16681,#16682,#16683,#16684
      ,#16685,#16686,#16687,#16688,#16689,#16690,#16691,#16692,#16693
      ,#16694,#16695,#16696,#16697)
    ,(#16698,#16699,#16700,#16701,#16702,#16703,#16704,#16705,#16706
      ,#16707,#16708,#16709,#16710,#16711,#16712,#16713,#16714,#16715
      ,#16716,#16717,#16718,#16719,#16720,#16721,#16722,#16723,#16724
      ,#16725,#16726,#16727,#16728,#16729,#16730,#16731,#16732,#16733
      ,#16734,#16735,#16736,#16737,#16738,#16739,#16740,#16741,#16742
      ,#16743,#16744,#16745,#16746,#16747,#16748,#16749,#16750,#16751
      ,#16752,#16753,#16754,#16755,#16756,#16757,#16758,#16759,#16760
      ,#16761,#16762,#16763,#16764,#16765,#16766,#16767,#16768,#16769
      ,#16770,#16771,#16772,#16773,#16774,#16775,#16776,#16777,#16778
      ,#16779,#16780,#16781,#16782,#16783,#16784,#16785,#16786,#16787
      ,#16788,#16789,#16790,#16791,#16792,#16793,#16794,#16795,#16796
      ,#16797,#16798,#16799,#16800)
    ,(#16801,#16802,#16803,#16804,#16805,#16806,#16807,#16808,#16809
      ,#16810,#16811,#16812,#16813,#16814,#16815,#16816,#16817,#16818
      ,#16819,#16820,#16821,#16822,#16823,#16824,#16825,#16826,#16827
      ,#16828,#16829,#16830,#16831,#16832,#16833,#16834,#16835,#16836
      ,#16837,#16838,#16839,#16840,#16841,#16842,#16843,#16844,#16845
      ,#16846,#16847,#16848,#16849,#16850,#16851,#16852,#16853,#16854
      ,#16855,#16856,#16857,#16858,#16859,#16860,#16861,#16862,#16863
      ,#16864,#16865,#16866,#16867,#16868,#16869,#16870,#16871,#16872
      ,#16873,#16874,#16875,#16876,#16877,#16878,#16879,#16880,#16881
      ,#16882,#16883,#16884,#16885,#16886,#16887,#16888,#16889,#16890
      ,#16891,#16892,#16893,#16894,#16895,#16896,#16897,#16898,#16899
      ,#16900,#16901,#16902,#16903
)),.UNSPECIFIED.,.T.,.F.,.F.) B_SPLINE_SURFACE_WITH_KNOTS((1,6,6,1),(12,
    11,11,11,11,9,9,9,9,11,12),(-6.28318530718,0.,6.28318530718,
    12.566370614359),(0.,4.011234224026,8.622090977386,14.997041957589,
    19.375397813387,23.378209325312,25.379615081275,25.879966520266,
    26.380317959256,27.381020837238,30.581020837238),.UNSPECIFIED.) 
GEOMETRIC_REPRESENTATION_ITEM() RATIONAL_B_SPLINE_SURFACE((
    (1.669078461068,1.669078461068,1.669078461069,1.669078461068
      ,1.669078461069,1.669078461067,1.669078461069,1.669078461068
      ,1.669078461069,1.669078461068,1.669078461068,1.669078461068
      ,1.669078461068,1.669078461069,1.669078461067,1.66907846107
      ,1.669078461066,1.66907846107,1.669078461067,1.669078461069
      ,1.669078461068,1.669078461068,1.669078461068,1.669078461068
      ,1.669078461068,1.669078461069,1.669078461067,1.66907846107
      ,1.669078461067,1.669078461069,1.669078461068,1.669078461068
      ,1.669078461068,1.669078461068,1.669078461068,1.669078461068
      ,1.669078461069,1.669078461067,1.66907846107,1.669078461067
      ,1.669078461069,1.669078461068,1.669078461068,1.669078461068
      ,1.669078461068,1.669078461068,1.669078461068,1.669078461069
      ,1.669078461066,1.66907846107,1.669078461066,1.66907846107
      ,1.669078461068,1.669078461068,1.669078461068,1.669078461068
      ,1.669078461068,1.669078461068,1.669078461068,1.669078461068
      ,1.669078461068,1.669078461068,1.669078461068,1.669078461068
      ,1.669078461068,1.669078461068,1.669078461069,1.669078461067
      ,1.669078461069,1.669078461068,1.669078461069,1.669078461068
      ,1.669078461068,1.669078461068,1.669078461068,1.669078461069
      ,1.669078461067,1.66907846107,1.669078461067,1.669078461069
      ,1.669078461068,1.669078461069,1.669078461068,1.66907846107
      ,1.669078461066,1.669078461071,1.669078461065,1.669078461071
      ,1.669078461067,1.669078461069,1.669078461068,1.669078461068
      ,1.669078461068,1.669078461069,1.669078461067,1.669078461071
      ,1.669078461065,1.669078461072,1.669078461066,1.66907846107
      ,1.669078461068,1.669078461068,1.669078461068)
    ,(1.03672962321,1.03672962321,1.03672962321,1.036729623209
      ,1.03672962321,1.036729623209,1.03672962321,1.036729623209
      ,1.03672962321,1.03672962321,1.03672962321,1.03672962321
      ,1.03672962321,1.03672962321,1.036729623209,1.036729623211
      ,1.036729623208,1.036729623211,1.036729623209,1.03672962321
      ,1.036729623209,1.03672962321,1.03672962321,1.03672962321
      ,1.036729623209,1.03672962321,1.036729623209,1.03672962321
      ,1.036729623209,1.03672962321,1.036729623209,1.03672962321
      ,1.03672962321,1.03672962321,1.03672962321,1.036729623209
      ,1.03672962321,1.036729623208,1.036729623211,1.036729623208
      ,1.03672962321,1.036729623209,1.03672962321,1.03672962321
      ,1.03672962321,1.03672962321,1.036729623209,1.03672962321
      ,1.036729623208,1.036729623211,1.036729623208,1.036729623211
      ,1.036729623209,1.03672962321,1.03672962321,1.03672962321
      ,1.03672962321,1.03672962321,1.036729623209,1.03672962321
      ,1.036729623209,1.03672962321,1.03672962321,1.03672962321
      ,1.03672962321,1.036729623209,1.03672962321,1.036729623209
      ,1.03672962321,1.036729623209,1.03672962321,1.03672962321
      ,1.03672962321,1.03672962321,1.036729623209,1.03672962321
      ,1.036729623209,1.036729623211,1.036729623209,1.03672962321
      ,1.03672962321,1.03672962321,1.036729623209,1.03672962321
      ,1.036729623208,1.036729623212,1.036729623208,1.036729623211
      ,1.036729623209,1.03672962321,1.03672962321,1.03672962321
      ,1.03672962321,1.03672962321,1.036729623209,1.036729623211
      ,1.036729623207,1.036729623212,1.036729623208,1.03672962321
      ,1.036729623209,1.03672962321,1.03672962321)
    ,(1.038346699848,1.038346699847,1.038346699848,1.038346699847
      ,1.038346699848,1.038346699847,1.038346699848,1.038346699847
      ,1.038346699848,1.038346699847,1.038346699848,1.038346699848
      ,1.038346699847,1.038346699848,1.038346699847,1.038346699849
      ,1.038346699846,1.038346699849,1.038346699847,1.038346699848
      ,1.038346699847,1.038346699848,1.038346699848,1.038346699848
      ,1.038346699847,1.038346699848,1.038346699847,1.038346699848
      ,1.038346699847,1.038346699848,1.038346699847,1.038346699848
      ,1.038346699847,1.038346699848,1.038346699848,1.038346699847
      ,1.038346699848,1.038346699846,1.038346699849,1.038346699846
      ,1.038346699848,1.038346699847,1.038346699848,1.038346699847
      ,1.038346699848,1.038346699848,1.038346699847,1.038346699848
      ,1.038346699846,1.038346699849,1.038346699846,1.038346699848
      ,1.038346699847,1.038346699848,1.038346699847,1.038346699848
      ,1.038346699847,1.038346699848,1.038346699847,1.038346699848
      ,1.038346699847,1.038346699848,1.038346699847,1.038346699848
      ,1.038346699848,1.038346699847,1.038346699848,1.038346699847
      ,1.038346699848,1.038346699847,1.038346699848,1.038346699848
      ,1.038346699847,1.038346699848,1.038346699847,1.038346699848
      ,1.038346699846,1.038346699849,1.038346699847,1.038346699848
      ,1.038346699847,1.038346699848,1.038346699847,1.038346699848
      ,1.038346699846,1.038346699849,1.038346699846,1.038346699848
      ,1.038346699847,1.038346699848,1.038346699847,1.038346699848
      ,1.038346699847,1.038346699848,1.038346699847,1.038346699849
      ,1.038346699846,1.038346699849,1.038346699846,1.038346699848
      ,1.038346699847,1.038346699848,1.038346699848)
    ,(0.853534330196,0.853534330196,0.853534330196,0.853534330196
      ,0.853534330196,0.853534330196,0.853534330196,0.853534330196
      ,0.853534330196,0.853534330196,0.853534330196,0.853534330196
      ,0.853534330196,0.853534330196,0.853534330196,0.853534330197
      ,0.853534330195,0.853534330197,0.853534330196,0.853534330196
      ,0.853534330196,0.853534330196,0.853534330196,0.853534330196
      ,0.853534330196,0.853534330196,0.853534330196,0.853534330197
      ,0.853534330196,0.853534330197,0.853534330196,0.853534330196
      ,0.853534330196,0.853534330196,0.853534330196,0.853534330196
      ,0.853534330197,0.853534330195,0.853534330197,0.853534330195
      ,0.853534330197,0.853534330196,0.853534330196,0.853534330196
      ,0.853534330196,0.853534330196,0.853534330196,0.853534330197
      ,0.853534330195,0.853534330197,0.853534330195,0.853534330197
      ,0.853534330196,0.853534330196,0.853534330196,0.853534330196
      ,0.853534330196,0.853534330196,0.853534330196,0.853534330196
      ,0.853534330196,0.853534330196,0.853534330196,0.853534330196
      ,0.853534330196,0.853534330196,0.853534330197,0.853534330195
      ,0.853534330197,0.853534330196,0.853534330196,0.853534330196
      ,0.853534330196,0.853534330196,0.853534330196,0.853534330197
      ,0.853534330196,0.853534330197,0.853534330196,0.853534330196
      ,0.853534330196,0.853534330196,0.853534330196,0.853534330197
      ,0.853534330195,0.853534330197,0.853534330195,0.853534330197
      ,0.853534330196,0.853534330196,0.853534330196,0.853534330196
      ,0.853534330196,0.853534330196,0.853534330196,0.853534330197
      ,0.853534330195,0.853534330197,0.853534330195,0.853534330197
      ,0.853534330196,0.853534330196,0.853534330196)
    ,(1.038346699848,1.038346699847,1.038346699848,1.038346699847
      ,1.038346699848,1.038346699847,1.038346699848,1.038346699847
      ,1.038346699848,1.038346699847,1.038346699848,1.038346699848
      ,1.038346699847,1.038346699848,1.038346699847,1.038346699849
      ,1.038346699846,1.038346699849,1.038346699847,1.038346699848
      ,1.038346699847,1.038346699848,1.038346699848,1.038346699848
      ,1.038346699847,1.038346699848,1.038346699847,1.038346699848
      ,1.038346699847,1.038346699848,1.038346699847,1.038346699848
      ,1.038346699847,1.038346699848,1.038346699848,1.038346699847
      ,1.038346699848,1.038346699846,1.038346699849,1.038346699846
      ,1.038346699848,1.038346699847,1.038346699848,1.038346699847
      ,1.038346699848,1.038346699848,1.038346699847,1.038346699848
      ,1.038346699846,1.038346699849,1.038346699846,1.038346699848
      ,1.038346699847,1.038346699848,1.038346699847,1.038346699848
      ,1.038346699847,1.038346699848,1.038346699847,1.038346699848
      ,1.038346699847,1.038346699848,1.038346699847,1.038346699848
      ,1.038346699848,1.038346699847,1.038346699848,1.038346699847
      ,1.038346699848,1.038346699847,1.038346699848,1.038346699848
      ,1.038346699847,1.038346699848,1.038346699847,1.038346699848
      ,1.038346699846,1.038346699849,1.038346699847,1.038346699848
      ,1.038346699847,1.038346699848,1.038346699847,1.038346699848
      ,1.038346699846,1.038346699849,1.038346699846,1.038346699848
      ,1.038346699847,1.038346699848,1.038346699847,1.038346699848
      ,1.038346699847,1.038346699848,1.038346699847,1.038346699849
      ,1.038346699846,1.038346699849,1.038346699846,1.038346699848
      ,1.038346699847,1.038346699848,1.038346699848)
    ,(1.03672962321,1.03672962321,1.03672962321,1.036729623209
      ,1.03672962321,1.036729623209,1.03672962321,1.036729623209
      ,1.03672962321,1.03672962321,1.03672962321,1.03672962321
      ,1.03672962321,1.03672962321,1.036729623209,1.036729623211
      ,1.036729623208,1.036729623211,1.036729623209,1.03672962321
      ,1.036729623209,1.03672962321,1.03672962321,1.03672962321
      ,1.036729623209,1.03672962321,1.036729623209,1.036729623211
      ,1.036729623209,1.03672962321,1.036729623209,1.03672962321
      ,1.03672962321,1.03672962321,1.03672962321,1.036729623209
      ,1.03672962321,1.036729623208,1.036729623211,1.036729623208
      ,1.03672962321,1.036729623209,1.03672962321,1.03672962321
      ,1.03672962321,1.03672962321,1.036729623209,1.03672962321
      ,1.036729623208,1.036729623211,1.036729623208,1.036729623211
      ,1.036729623209,1.03672962321,1.03672962321,1.03672962321
      ,1.03672962321,1.03672962321,1.03672962321,1.03672962321
      ,1.036729623209,1.03672962321,1.03672962321,1.03672962321
      ,1.03672962321,1.036729623209,1.03672962321,1.036729623209
      ,1.03672962321,1.036729623209,1.03672962321,1.03672962321
      ,1.03672962321,1.03672962321,1.036729623209,1.03672962321
      ,1.036729623209,1.036729623211,1.036729623209,1.03672962321
      ,1.03672962321,1.03672962321,1.036729623209,1.03672962321
      ,1.036729623208,1.036729623211,1.036729623208,1.036729623211
      ,1.036729623209,1.03672962321,1.03672962321,1.03672962321
      ,1.03672962321,1.03672962321,1.036729623209,1.036729623211
      ,1.036729623208,1.036729623211,1.036729623208,1.03672962321
      ,1.036729623209,1.03672962321,1.03672962321)
    ,(1.669078461068,1.669078461068,1.669078461069,1.669078461068
      ,1.669078461069,1.669078461067,1.669078461069,1.669078461068
      ,1.669078461069,1.669078461068,1.669078461068,1.669078461068
      ,1.669078461068,1.669078461069,1.669078461067,1.66907846107
      ,1.669078461066,1.66907846107,1.669078461067,1.669078461069
      ,1.669078461068,1.669078461068,1.669078461068,1.669078461068
      ,1.669078461068,1.669078461069,1.669078461067,1.66907846107
      ,1.669078461067,1.669078461069,1.669078461068,1.669078461068
      ,1.669078461068,1.669078461068,1.669078461068,1.669078461068
      ,1.669078461069,1.669078461067,1.66907846107,1.669078461067
      ,1.669078461069,1.669078461068,1.669078461068,1.669078461068
      ,1.669078461068,1.669078461068,1.669078461068,1.669078461069
      ,1.669078461066,1.66907846107,1.669078461066,1.66907846107
      ,1.669078461068,1.669078461068,1.669078461068,1.669078461068
      ,1.669078461068,1.669078461068,1.669078461068,1.669078461068
      ,1.669078461068,1.669078461068,1.669078461068,1.669078461068
      ,1.669078461068,1.669078461068,1.669078461069,1.669078461067
      ,1.669078461069,1.669078461068,1.669078461069,1.669078461068
      ,1.669078461068,1.669078461068,1.669078461068,1.669078461069
      ,1.669078461067,1.66907846107,1.669078461067,1.669078461069
      ,1.669078461068,1.669078461069,1.669078461068,1.66907846107
      ,1.669078461066,1.669078461071,1.669078461065,1.669078461071
      ,1.669078461067,1.669078461069,1.669078461068,1.669078461068
      ,1.669078461068,1.669078461069,1.669078461067,1.669078461071
      ,1.669078461065,1.669078461072,1.669078461066,1.66907846107
      ,1.669078461068,1.669078461068,1.669078461068
))) REPRESENTATION_ITEM('') SURFACE() );
#16183 = CARTESIAN_POINT('',(82.693417725406,11.659586013991,
    -3.166177088198));
#16184 = CARTESIAN_POINT('',(83.087099528131,11.848919750516,
    -3.162142790637));
#16185 = CARTESIAN_POINT('',(83.441099980732,11.985230916352,
    -3.165503588904));
#16186 = CARTESIAN_POINT('',(83.75347346441,12.073104496266,
    -3.175369712765));
#16187 = CARTESIAN_POINT('',(84.021495402179,12.118346570976,
    -3.19055844387));
#16188 = CARTESIAN_POINT('',(84.246121227403,12.128378638917,
    -3.209783335941));
#16189 = CARTESIAN_POINT('',(84.424782225083,12.111584759351,
    -3.231369952436));
#16190 = CARTESIAN_POINT('',(84.563974570647,12.081272133665,
    -3.253191570758));
#16191 = CARTESIAN_POINT('',(84.681154257914,12.045994631066,
    -3.274812534557));
#16192 = CARTESIAN_POINT('',(84.789862495295,11.999134050983,
    -3.29877323315));
#16193 = CARTESIAN_POINT('',(84.896222723344,11.935474539658,
    -3.326897291396));
#16194 = CARTESIAN_POINT('',(85.002420833922,11.849680477138,
    -3.360796707307));
#16195 = CARTESIAN_POINT('',(85.124620236575,11.750984518634,
    -3.399005374194));
#16196 = CARTESIAN_POINT('',(85.251376990605,11.61917430583,
    -3.446421733057));
#16197 = CARTESIAN_POINT('',(85.387049613034,11.443576651399,
    -3.506401097569));
#16198 = CARTESIAN_POINT('',(85.526933080709,11.216725416269,
    -3.581453191319));
#16199 = CARTESIAN_POINT('',(85.654682505918,10.943457174548,
    -3.670132119967));
#16200 = CARTESIAN_POINT('',(85.776700411856,10.632473696874,
    -3.773976120508));
#16201 = CARTESIAN_POINT('',(85.887419294869,10.288807931542,
    -3.892529528304));
#16202 = CARTESIAN_POINT('',(85.979266840072,9.91900292715,
    -4.027842855196));
#16203 = CARTESIAN_POINT('',(86.070825368171,9.534042393229,
    -4.188576080504));
#16204 = CARTESIAN_POINT('',(86.13971216116,9.136525760291,
    -4.376834158776));
#16205 = CARTESIAN_POINT('',(86.22643557018,8.756628103249,
    -4.657051281682));
#16206 = CARTESIAN_POINT('',(86.332578710601,8.162999587569,
    -4.800638600216));
#16207 = CARTESIAN_POINT('',(86.421517359831,7.574863101943,
    -4.955120319408));
#16208 = CARTESIAN_POINT('',(86.486264429685,6.999563084242,
    -5.112780056184));
#16209 = CARTESIAN_POINT('',(86.523407473497,6.446126475464,
    -5.271908983883));
#16210 = CARTESIAN_POINT('',(86.521767859608,5.926234616385,
    -5.429197062127));
#16211 = CARTESIAN_POINT('',(86.486368529076,5.450188477875,
    -5.580415895992));
#16212 = CARTESIAN_POINT('',(86.410234620095,5.028408392857,
    -5.72374196455));
#16213 = CARTESIAN_POINT('',(86.288976295138,4.678396826917,
    -5.853790220167));
#16214 = CARTESIAN_POINT('',(86.153393599956,4.412598824883,
    -5.96099807964));
#16215 = CARTESIAN_POINT('',(86.006578436021,4.201652649111,
    -6.053592922319));
#16216 = CARTESIAN_POINT('',(85.827248054963,4.027565829956,
    -6.141166695361));
#16217 = CARTESIAN_POINT('',(85.703024045826,3.90172393225,
    -6.186795442929));
#16218 = CARTESIAN_POINT('',(85.544062283741,3.773143399861,
    -6.236647389857));
#16219 = CARTESIAN_POINT('',(85.344001669421,3.641176777373,
    -6.290774202162));
#16220 = CARTESIAN_POINT('',(85.100664795402,3.51204081572,
    -6.345515150292));
#16221 = CARTESIAN_POINT('',(84.820167746364,3.38729313773,
    -6.397110984952));
#16222 = CARTESIAN_POINT('',(84.507753152346,3.270425131198,
    -6.439742205563));
#16223 = CARTESIAN_POINT('',(84.169375244951,3.156409115719,
    -6.468812377493));
#16224 = CARTESIAN_POINT('',(83.811779656426,3.038772041861,
    -6.480224432353));
#16225 = CARTESIAN_POINT('',(83.439525569942,2.915954037918,
    -6.464425122696));
#16226 = CARTESIAN_POINT('',(83.06090366197,2.755531932779,
    -6.410309504889));
#16227 = CARTESIAN_POINT('',(82.686820163699,2.533529365736,
    -6.338872998686));
#16228 = CARTESIAN_POINT('',(82.345074522519,2.489920674757,
    -6.391459177764));
#16229 = CARTESIAN_POINT('',(82.005186898459,2.452644356529,
    -6.4371062496));
#16230 = CARTESIAN_POINT('',(81.666663848916,2.421128767587,
    -6.476188426519));
#16231 = CARTESIAN_POINT('',(81.329028948945,2.394925788584,
    -6.509094075638));
#16232 = CARTESIAN_POINT('',(80.991822830436,2.373482296256,
    -6.536141998949));
#16233 = CARTESIAN_POINT('',(80.654608380452,2.356131596864,
    -6.557582603448));
#16234 = CARTESIAN_POINT('',(80.316976438869,2.342172223424,
    -6.573630327904));
#16235 = CARTESIAN_POINT('',(79.978547335461,2.330901498814,
    -6.584473692847));
#16236 = CARTESIAN_POINT('',(79.638963606594,2.321471267102,
    -6.590209340341));
#16237 = CARTESIAN_POINT('',(79.127322044172,2.307914159247,
    -6.590864975052));
#16238 = CARTESIAN_POINT('',(78.611396195163,2.288610380012,
    -6.577670147275));
#16239 = CARTESIAN_POINT('',(78.438899388932,2.281222567301,
    -6.57155651791));
#16240 = CARTESIAN_POINT('',(78.26580164439,2.271969810813,
    -6.563986861285));
#16241 = CARTESIAN_POINT('',(78.09211860105,2.261354004667,
    -6.553583981155));
#16242 = CARTESIAN_POINT('',(77.917671360519,2.246657474818,
    -6.541647388321));
#16243 = CARTESIAN_POINT('',(77.74244386213,2.227647063058,
    -6.526781617544));
#16244 = CARTESIAN_POINT('',(77.566376635823,2.202966871153,
    -6.507135146988));
#16245 = CARTESIAN_POINT('',(77.389064070334,2.165198176235,
    -6.484650111303));
#16246 = CARTESIAN_POINT('',(77.165893410876,2.099962253995,
    -6.445010511675));
#16247 = CARTESIAN_POINT('',(76.938116574772,1.95632130064,
    -6.394232506788));
#16248 = CARTESIAN_POINT('',(76.892348902114,1.923878063553,
    -6.383674752084));
#16249 = CARTESIAN_POINT('',(76.846338299271,1.887087409415,
    -6.372764084622));
#16250 = CARTESIAN_POINT('',(76.800037602512,1.845002308095,
    -6.361659525256));
#16251 = CARTESIAN_POINT('',(76.753387655552,1.796460159695,
    -6.35063535526));
#16252 = CARTESIAN_POINT('',(76.706316503978,1.740076732743,
    -6.340112753103));
#16253 = CARTESIAN_POINT('',(76.658724995433,1.673997594603,
    -6.330823991665));
#16254 = CARTESIAN_POINT('',(76.610466172518,1.595597697305,
    -6.324197407146));
#16255 = CARTESIAN_POINT('',(76.51221677588,1.407697904787,
    -6.321868908889));
#16256 = CARTESIAN_POINT('',(76.409709838236,1.148184241079,
    -6.362151172857));
#16257 = CARTESIAN_POINT('',(76.357222678841,0.998787608654,
    -6.398108741788));
#16258 = CARTESIAN_POINT('',(76.3030953775,0.823622303925,
    -6.456967616637));
#16259 = CARTESIAN_POINT('',(76.248011841009,0.642451848915,
    -6.552526631085));
#16260 = CARTESIAN_POINT('',(76.190486870657,0.421925968235,
    -6.681189014417));
#16261 = CARTESIAN_POINT('',(76.133225340813,0.241978136608,
    -6.901928832439));
#16262 = CARTESIAN_POINT('',(76.078666768845,0.119473166839,
    -7.120346054097));
#16263 = CARTESIAN_POINT('',(76.026133875104,3.931541752867E-02,
    -7.335497069368));
#16264 = CARTESIAN_POINT('',(75.8743988305,-9.716622984035E-02,
    -7.922975681042));
#16265 = CARTESIAN_POINT('',(75.736486361318,-1.417627554711E-02,
    -8.308240796499));
#16266 = CARTESIAN_POINT('',(75.647551524773,5.890594519729E-02,
    -8.44435276058));
#16267 = CARTESIAN_POINT('',(75.557150735724,9.015788562723E-02,
    -8.557829297132));
#16268 = CARTESIAN_POINT('',(75.469161902861,0.158206120488,
    -8.635714520099));
#16269 = CARTESIAN_POINT('',(75.37944910836,0.180127413962,
    -8.694270390514));
#16270 = CARTESIAN_POINT('',(75.290992271295,0.224049849847,
    -8.743911123194));
#16271 = CARTESIAN_POINT('',(75.20202963452,0.250955009882,
    -8.781580521382));
#16272 = CARTESIAN_POINT('',(75.113256047373,0.278174564392,
    -8.813402825739));
#16273 = CARTESIAN_POINT('',(75.024485374542,0.301948869701,
    -8.839837775428));
#16274 = CARTESIAN_POINT('',(74.935737168677,0.323273582187,
    -8.862205769349));
#16275 = CARTESIAN_POINT('',(74.649887604882,0.278171299671,
    -8.783269662009));
#16276 = CARTESIAN_POINT('',(74.365720302137,0.269307764257,
    -8.744541963155));
#16277 = CARTESIAN_POINT('',(74.08249824216,0.257397783892,
    -8.71284484636));
#16278 = CARTESIAN_POINT('',(73.801088591011,0.256582981175,
    -8.692997034972));
#16279 = CARTESIAN_POINT('',(73.521339665706,0.251405742645,
    -8.676271776877));
#16280 = CARTESIAN_POINT('',(73.243755570941,0.245296447786,
    -8.66329910883));
#16281 = CARTESIAN_POINT('',(72.968817854301,0.241181420794,
    -8.655263319626));
#16282 = CARTESIAN_POINT('',(72.696647536042,0.231362617499,
    -8.64847134849));
#16283 = CARTESIAN_POINT('',(72.427793513889,0.220244902846,
    -8.644842839418));
#16284 = CARTESIAN_POINT('',(72.162573523432,0.205557405798,
    -8.643390722423));
#16285 = CARTESIAN_POINT('',(71.901380449919,0.187196370452,
    -8.644115521079));
#16286 = CARTESIAN_POINT('',(82.693417725406,11.781595626429,
    -5.821844736443));
#16287 = CARTESIAN_POINT('',(83.059358408294,11.966184216811,
    -5.81802844562));
#16288 = CARTESIAN_POINT('',(83.382263794211,12.098358500124,
    -5.821251196643));
#16289 = CARTESIAN_POINT('',(83.659717778682,12.183271124039,
    -5.830475322985));
#16290 = CARTESIAN_POINT('',(83.888336744302,12.227612913922,
    -5.844295132304));
#16291 = CARTESIAN_POINT('',(84.069404845201,12.24010921035,
    -5.861176353116));
#16292 = CARTESIAN_POINT('',(84.199774448768,12.230692635762,
    -5.879097407976));
#16293 = CARTESIAN_POINT('',(84.2877715444,12.215503602261,
    -5.895468401791));
#16294 = CARTESIAN_POINT('',(84.355589293332,12.204661481567,
    -5.909838912292));
#16295 = CARTESIAN_POINT('',(84.420492340764,12.189097247706,
    -5.925520616481));
#16296 = CARTESIAN_POINT('',(84.490381382829,12.161488235424,
    -5.944919878167));
#16297 = CARTESIAN_POINT('',(84.568173117054,12.114333091575,
    -5.97017305378));
#16298 = CARTESIAN_POINT('',(84.656919526712,12.059049003622,
    -5.998411541047));
#16299 = CARTESIAN_POINT('',(84.762406128238,11.973657488717,
    -6.036272071578));
#16300 = CARTESIAN_POINT('',(84.890288961392,11.843820042988,
    -6.088688631046));
#16301 = CARTESIAN_POINT('',(85.03504464942,11.658011575772,
    -6.15522412442));
#16302 = CARTESIAN_POINT('',(85.176707586987,11.424405046344,
    -6.244295350243));
#16303 = CARTESIAN_POINT('',(85.325813753009,11.148908261361,
    -6.343141771415));
#16304 = CARTESIAN_POINT('',(85.476486431693,10.839399674476,
    -6.459376472339));
#16305 = CARTESIAN_POINT('',(85.625212129014,10.506580320658,
    -6.604377662854));
#16306 = CARTESIAN_POINT('',(85.807808067319,10.156156790288,
    -6.759009856122));
#16307 = CARTESIAN_POINT('',(86.004739710535,9.802567160011,
    -6.962769547799));
#16308 = CARTESIAN_POINT('',(86.370671701921,9.473429804382,
    -7.212994994485));
#16309 = CARTESIAN_POINT('',(86.448408225742,8.885883931956,
    -7.356479498337));
#16310 = CARTESIAN_POINT('',(86.522153625234,8.309081198621,
    -7.508276895179));
#16311 = CARTESIAN_POINT('',(86.574831274562,7.748671705904,
    -7.662204366972));
#16312 = CARTESIAN_POINT('',(86.604539488452,7.21410741801,
    -7.81591967356));
#16313 = CARTESIAN_POINT('',(86.596287913367,6.717742300026,
    -7.966470989099));
#16314 = CARTESIAN_POINT('',(86.558151406055,6.270569986564,
    -8.108736833678));
#16315 = CARTESIAN_POINT('',(86.483245849757,5.883772837237,
    -8.240593892151));
#16316 = CARTESIAN_POINT('',(86.366705298003,5.57730416321,
    -8.355940646119));
#16317 = CARTESIAN_POINT('',(86.249641228536,5.364947189768,
    -8.442786081876));
#16318 = CARTESIAN_POINT('',(86.137400023069,5.207561283165,
    -8.511933866255));
#16319 = CARTESIAN_POINT('',(86.004811547944,5.080409446007,
    -8.57580188971));
#16320 = CARTESIAN_POINT('',(85.893384441088,5.003718473706,
    -8.599242302522));
#16321 = CARTESIAN_POINT('',(85.746223372949,4.921791540444,
    -8.626670601511));
#16322 = CARTESIAN_POINT('',(85.553863941814,4.835850532498,
    -8.657472590698));
#16323 = CARTESIAN_POINT('',(85.312108735945,4.756982239352,
    -8.687867974941));
#16324 = CARTESIAN_POINT('',(85.026887471418,4.68912626485,
    -8.707439965639));
#16325 = CARTESIAN_POINT('',(84.703391255655,4.642614510475,
    -8.713540345609));
#16326 = CARTESIAN_POINT('',(84.346666799629,4.617513050752,
    -8.692583357308));
#16327 = CARTESIAN_POINT('',(83.96273678621,4.611432607995,
    -8.629328289739));
#16328 = CARTESIAN_POINT('',(83.554894638219,4.636718959341,
    -8.513889463927));
#16329 = CARTESIAN_POINT('',(83.125902281489,4.676794121368,
    -8.283130587416));
#16330 = CARTESIAN_POINT('',(82.690194830112,4.670677705255,
    -7.920025296848));
#16331 = CARTESIAN_POINT('',(82.35657828494,4.632273006469,
    -7.965560203082));
#16332 = CARTESIAN_POINT('',(82.024594936906,4.600412411353,
    -8.003770894142));
#16333 = CARTESIAN_POINT('',(81.693693522086,4.574639339074,
    -8.034839549399));
#16334 = CARTESIAN_POINT('',(81.363337487581,4.554570100408,
    -8.05913179493));
#16335 = CARTESIAN_POINT('',(81.033020666078,4.539808004251,
    -8.076740142899));
#16336 = CARTESIAN_POINT('',(80.70227422403,4.529938692982,
    -8.087480150293));
#16337 = CARTESIAN_POINT('',(80.370668375727,4.524562114134,
    -8.091064094857));
#16338 = CARTESIAN_POINT('',(80.0378123555,4.523316535856,
    -8.087176966003));
#16339 = CARTESIAN_POINT('',(79.70335614039,4.525850013639,
    -8.07517956853));
#16340 = CARTESIAN_POINT('',(79.198818053022,4.53461706685,
    -8.042155521149));
#16341 = CARTESIAN_POINT('',(78.689461778855,4.548919338619,
    -7.975236467659));
#16342 = CARTESIAN_POINT('',(78.519118601972,4.554364038097,
    -7.948553234994));
#16343 = CARTESIAN_POINT('',(78.348145619581,4.559227781967,
    -7.916325854414));
#16344 = CARTESIAN_POINT('',(78.176650877684,4.56638529792,
    -7.878105036581));
#16345 = CARTESIAN_POINT('',(78.004436210392,4.571044905428,
    -7.830761741742));
#16346 = CARTESIAN_POINT('',(77.831601533229,4.575377426781,
    -7.772609032343));
#16347 = CARTESIAN_POINT('',(77.65827158633,4.581187470895,
    -7.699638933268));
#16348 = CARTESIAN_POINT('',(77.484110401305,4.577912136191,
    -7.601550807194));
#16349 = CARTESIAN_POINT('',(77.266063756655,4.574163466299,
    -7.436924779363));
#16350 = CARTESIAN_POINT('',(77.046277418135,4.509598886648,
    -7.130288332267));
#16351 = CARTESIAN_POINT('',(77.002236122874,4.493603124989,
    -7.062362864744));
#16352 = CARTESIAN_POINT('',(76.958094945402,4.473810988018,
    -6.986838300148));
#16353 = CARTESIAN_POINT('',(76.913822179303,4.449011630216,
    -6.902300053663));
#16354 = CARTESIAN_POINT('',(76.869371566136,4.417587014534,
    -6.807090145998));
#16355 = CARTESIAN_POINT('',(76.824679268897,4.377453324016,
    -6.699328719211));
#16356 = CARTESIAN_POINT('',(76.779644047326,4.325539488155,
    -6.57666462303));
#16357 = CARTESIAN_POINT('',(76.734085754217,4.256847311825,
    -6.436160258994));
#16358 = CARTESIAN_POINT('',(76.641283971501,4.070145398344,
    -6.114326202916));
#16359 = CARTESIAN_POINT('',(76.542999610035,3.74092338131,
    -5.715926181975));
#16360 = CARTESIAN_POINT('',(76.491972273731,3.530373233464,
    -5.499855636372));
#16361 = CARTESIAN_POINT('',(76.438286952653,3.255987339371,
    -5.263798930995));
#16362 = CARTESIAN_POINT('',(76.381001042354,2.914650896394,
    -5.054407054631));
#16363 = CARTESIAN_POINT('',(76.319870493423,2.478941059909,
    -4.81262556904));
#16364 = CARTESIAN_POINT('',(76.250763387111,1.931002481705,
    -4.730288871209));
#16365 = CARTESIAN_POINT('',(76.182920992405,1.444428522356,
    -4.741174082006));
#16366 = CARTESIAN_POINT('',(76.116171639831,1.005671587239,
    -4.819235743992));
#16367 = CARTESIAN_POINT('',(75.923361670942,-0.110251521878,
    -5.168511047127));
#16368 = CARTESIAN_POINT('',(75.753912562622,-0.670780326721,
    -5.680981531781));
#16369 = CARTESIAN_POINT('',(75.652843259767,-0.826278166745,
    -5.931664481279));
#16370 = CARTESIAN_POINT('',(75.553310546087,-0.98607918402,
    -6.090263961997));
#16371 = CARTESIAN_POINT('',(75.457937443843,-1.049933116676,
    -6.274617290348));
#16372 = CARTESIAN_POINT('',(75.363702742792,-1.127856039612,
    -6.363068680467));
#16373 = CARTESIAN_POINT('',(75.270828564045,-1.168904771291,
    -6.47933377644));
#16374 = CARTESIAN_POINT('',(75.178905671839,-1.207064382526,
    -6.555481913528));
#16375 = CARTESIAN_POINT('',(75.087658458331,-1.235134506665,
    -6.626465471782));
#16376 = CARTESIAN_POINT('',(74.996972435355,-1.257631164367,
    -6.686503176796));
#16377 = CARTESIAN_POINT('',(74.906736255118,-1.275737516237,
    -6.738581636505));
#16378 = CARTESIAN_POINT('',(74.628698547983,-1.197198511646,
    -6.56644149262));
#16379 = CARTESIAN_POINT('',(74.348651113737,-1.148182509936,
    -6.496526166347));
#16380 = CARTESIAN_POINT('',(74.069607786052,-1.112771172469,
    -6.431012386278));
#16381 = CARTESIAN_POINT('',(73.79160566526,-1.084625720683,
    -6.398842084208));
#16382 = CARTESIAN_POINT('',(73.515656225403,-1.064563291233,
    -6.366198702357));
#16383 = CARTESIAN_POINT('',(73.242108080793,-1.050021884561,
    -6.339999141162));
#16384 = CARTESIAN_POINT('',(72.971266725413,-1.039867158428,
    -6.326856197214));
#16385 = CARTESIAN_POINT('',(72.703795242408,-1.035510463021,
    -6.310823254858));
#16386 = CARTESIAN_POINT('',(72.439967940853,-1.035564760886,
    -6.301655623273));
#16387 = CARTESIAN_POINT('',(72.180267485942,-1.040507454648,
    -6.295073012228));
#16388 = CARTESIAN_POINT('',(71.925106720089,-1.0502906922,
    -6.291346973742));
#16389 = CARTESIAN_POINT('',(81.268757592379,14.758514078875,
    -6.067189396829));
#16390 = CARTESIAN_POINT('',(81.820958331714,15.033372499957,
    -6.049642838125));
#16391 = CARTESIAN_POINT('',(82.359408991714,15.253743307943,
    -6.041420175054));
#16392 = CARTESIAN_POINT('',(82.886078567235,15.420476845492,
    -6.042652952995));
#16393 = CARTESIAN_POINT('',(83.403541874079,15.533498360055,
    -6.053695787639));
#16394 = CARTESIAN_POINT('',(83.911622566681,15.591508835938,
    -6.074984261371));
#16395 = CARTESIAN_POINT('',(84.41282272394,15.592474049598,
    -6.107249535242));
#16396 = CARTESIAN_POINT('',(84.902839645421,15.530637187779,
    -6.151567036009));
#16397 = CARTESIAN_POINT('',(85.369137773927,15.403804325722,
    -6.207741669696));
#16398 = CARTESIAN_POINT('',(85.80215059707,15.221188212994,
    -6.273338876283));
#16399 = CARTESIAN_POINT('',(86.197908376399,14.990916165425,
    -6.346464337286));
#16400 = CARTESIAN_POINT('',(86.555397006014,14.72117441616,
    -6.425380141947));
#16401 = CARTESIAN_POINT('',(86.965276868938,14.4100441712,
    -6.516856363626));
#16402 = CARTESIAN_POINT('',(87.321305060124,14.050367722391,
    -6.61467600039));
#16403 = CARTESIAN_POINT('',(87.625308242927,13.65811523376,
    -6.716065145674));
#16404 = CARTESIAN_POINT('',(87.886251340429,13.245424728043,
    -6.81396633436));
#16405 = CARTESIAN_POINT('',(88.122169338019,12.819917605346,
    -6.920142230401));
#16406 = CARTESIAN_POINT('',(88.335976520739,12.378128666765,
    -7.015577945027));
#16407 = CARTESIAN_POINT('',(88.538129584429,11.926910864567,
    -7.108940373607));
#16408 = CARTESIAN_POINT('',(88.746194603187,11.473025608385,
    -7.207693240236));
#16409 = CARTESIAN_POINT('',(88.96522426921,11.007761590829,
    -7.269876848324));
#16410 = CARTESIAN_POINT('',(89.227018474335,10.550822428649,
    -7.334990842866));
#16411 = CARTESIAN_POINT('',(89.624345507667,10.076369619441,
    -7.257315585164));
#16412 = CARTESIAN_POINT('',(89.714253416906,9.419205245256,
    -7.454365454954));
#16413 = CARTESIAN_POINT('',(89.802001352467,8.749354997125,
    -7.648847910538));
#16414 = CARTESIAN_POINT('',(89.869640620351,8.072733818625,
    -7.848360668598));
#16415 = CARTESIAN_POINT('',(89.908718799393,7.395906036217,
    -8.0516880683));
#16416 = CARTESIAN_POINT('',(89.912886583439,6.722919936286,
    -8.260437014781));
#16417 = CARTESIAN_POINT('',(89.866558466304,6.059302388547,
    -8.475751897453));
#16418 = CARTESIAN_POINT('',(89.763414858691,5.410533711991,
    -8.69691952745));
#16419 = CARTESIAN_POINT('',(89.593761894114,4.77655707993,
    -8.926506013232));
#16420 = CARTESIAN_POINT('',(89.323132726515,4.161376534715,
    -9.169525107818));
#16421 = CARTESIAN_POINT('',(88.937066290387,3.600370085936,
    -9.417953501714));
#16422 = CARTESIAN_POINT('',(88.439782030202,3.120396354209,
    -9.66261438506));
#16423 = CARTESIAN_POINT('',(88.077282961569,2.816712357469,
    -9.839203125584));
#16424 = CARTESIAN_POINT('',(87.675077604051,2.573192796945,
    -10.00693395259));
#16425 = CARTESIAN_POINT('',(87.245460062349,2.388021458489,
    -10.16339427293));
#16426 = CARTESIAN_POINT('',(86.797551377845,2.255575037421,
    -10.31071112873));
#16427 = CARTESIAN_POINT('',(86.333823619355,2.172298203937,
    -10.44363874052));
#16428 = CARTESIAN_POINT('',(85.857824163234,2.137695081945,
    -10.57034403739));
#16429 = CARTESIAN_POINT('',(85.371371063007,2.158255999754,
    -10.68379750409));
#16430 = CARTESIAN_POINT('',(84.875658874551,2.240840497346,
    -10.77397937624));
#16431 = CARTESIAN_POINT('',(84.373567120326,2.398359063549,
    -10.8489872102));
#16432 = CARTESIAN_POINT('',(83.859165200106,2.678487047321,
    -10.8594328988));
#16433 = CARTESIAN_POINT('',(83.334122440763,3.059554765259,
    -10.73809805566));
#16434 = CARTESIAN_POINT('',(82.927572580604,3.020136164347,
    -10.79971851332));
#16435 = CARTESIAN_POINT('',(82.524669006039,2.989662252647,
    -10.85274949737));
#16436 = CARTESIAN_POINT('',(82.125374243021,2.967826668884,
    -10.89753585509));
#16437 = CARTESIAN_POINT('',(81.729630233741,2.954134887162,
    -10.93460110621));
#16438 = CARTESIAN_POINT('',(81.33737617566,2.948308325258,
    -10.96430935532));
#16439 = CARTESIAN_POINT('',(80.948545040716,2.950297840597,
    -10.98685832693));
#16440 = CARTESIAN_POINT('',(80.563053011337,2.960147085914,
    -11.00240670006));
#16441 = CARTESIAN_POINT('',(80.180796069938,2.977946196769,
    -11.01113891896));
#16442 = CARTESIAN_POINT('',(79.801667978608,3.004116282882,
    -11.01307065676));
#16443 = CARTESIAN_POINT('',(79.237586839103,3.058339651747,
    -11.00456183494));
#16444 = CARTESIAN_POINT('',(78.680647205848,3.145055123178,
    -10.97235765965));
#16445 = CARTESIAN_POINT('',(78.495807080406,3.178203360295,
    -10.95879931565));
#16446 = CARTESIAN_POINT('',(78.31180407603,3.216029778586,
    -10.94063233853));
#16447 = CARTESIAN_POINT('',(78.128665910892,3.260588542296,
    -10.92049007135));
#16448 = CARTESIAN_POINT('',(77.946497744294,3.312243674824,
    -10.89205758705));
#16449 = CARTESIAN_POINT('',(77.765387677682,3.373860107624,
    -10.85659303291));
#16450 = CARTESIAN_POINT('',(77.585547621047,3.450351906582,
    -10.81370272941));
#16451 = CARTESIAN_POINT('',(77.407423489726,3.545816746903,
    -10.74745786102));
#16452 = CARTESIAN_POINT('',(77.187571179758,3.705742564632,
    -10.64101777059));
#16453 = CARTESIAN_POINT('',(76.975551504729,3.968984396607,
    -10.39567661718));
#16454 = CARTESIAN_POINT('',(76.933505077624,4.026292180098,
    -10.33990932055));
#16455 = CARTESIAN_POINT('',(76.891864384136,4.088831401244,
    -10.27619195916));
#16456 = CARTESIAN_POINT('',(76.850695877064,4.157297021424,
    -10.20255916238));
#16457 = CARTESIAN_POINT('',(76.810075728926,4.232392195308,
    -10.11651386032));
#16458 = CARTESIAN_POINT('',(76.770088141694,4.314774594905,
    -10.01498234709));
#16459 = CARTESIAN_POINT('',(76.730834328237,4.405006449657,
    -9.893668128609));
#16460 = CARTESIAN_POINT('',(76.692430346551,4.503140075712,
    -9.746074020147));
#16461 = CARTESIAN_POINT('',(76.617462241751,4.711379516247,
    -9.380136041511));
#16462 = CARTESIAN_POINT('',(76.545499955676,4.914062017031,
    -8.832884472585));
#16463 = CARTESIAN_POINT('',(76.510053076362,5.006039360244,
    -8.505178598571));
#16464 = CARTESIAN_POINT('',(76.475149139521,5.081656572444,
    -8.10425806156));
#16465 = CARTESIAN_POINT('',(76.438205921512,5.093906771761,
    -7.653142365128));
#16466 = CARTESIAN_POINT('',(76.402208032818,5.084735906966,
    -7.09220590578));
#16467 = CARTESIAN_POINT('',(76.356483652421,4.85801861053,
    -6.511196375904));
#16468 = CARTESIAN_POINT('',(76.306237598736,4.575200191725,
    -6.041887942023));
#16469 = CARTESIAN_POINT('',(76.252761342599,4.253968019063,
    -5.656571514083));
#16470 = CARTESIAN_POINT('',(76.08786428133,3.290757208775,
    -4.759650417404));
#16471 = CARTESIAN_POINT('',(75.919033858704,2.48011622124,
    -4.49379754594));
#16472 = CARTESIAN_POINT('',(75.81335053731,2.150096411264,
    -4.477913334765));
#16473 = CARTESIAN_POINT('',(75.712513818668,1.907008243382,
    -4.406487069776));
#16474 = CARTESIAN_POINT('',(75.610991511441,1.692648423973,
    -4.442769223111));
#16475 = CARTESIAN_POINT('',(75.514412217979,1.56346432966,
    -4.411905370681));
#16476 = CARTESIAN_POINT('',(75.416472016189,1.427942989092,
    -4.432497792885));
#16477 = CARTESIAN_POINT('',(75.320567801401,1.332970993142,
    -4.433595044617));
#16478 = CARTESIAN_POINT('',(75.224849340191,1.248669011689,
    -4.441721174124));
#16479 = CARTESIAN_POINT('',(75.129587172729,1.178120528315,
    -4.449269233003));
#16480 = CARTESIAN_POINT('',(75.034603301315,1.117767655312,
    -4.456767230862));
#16481 = CARTESIAN_POINT('',(74.747410136572,1.329836837931,
    -4.424180281821));
#16482 = CARTESIAN_POINT('',(74.452311205705,1.426343258468,
    -4.421260816304));
#16483 = CARTESIAN_POINT('',(74.15500182678,1.511018437532,
    -4.409302416378));
#16484 = CARTESIAN_POINT('',(73.854246968686,1.55919972721,
    -4.411043792579));
#16485 = CARTESIAN_POINT('',(73.552165441312,1.603104100136,
    -4.407228846728));
#16486 = CARTESIAN_POINT('',(73.248676512173,1.637294565594,
    -4.404616120899));
#16487 = CARTESIAN_POINT('',(72.943699720474,1.655809467844,
    -4.408398070554));
#16488 = CARTESIAN_POINT('',(72.638356024816,1.673129695943,
    -4.408689645313));
#16489 = CARTESIAN_POINT('',(72.332381257441,1.680332545604,
    -4.412660617346));
#16490 = CARTESIAN_POINT('',(72.026257647901,1.681037313967,
    -4.4178192248));
#16491 = CARTESIAN_POINT('',(71.720222388747,1.674700367214,
    -4.424708254971));
#16492 = CARTESIAN_POINT('',(80.093713597759,17.059866462195,
    -2.918071447051));
#16493 = CARTESIAN_POINT('',(80.834549114241,17.415166861361,
    -2.888925188157));
#16494 = CARTESIAN_POINT('',(81.590021386425,17.713501973503,
    -2.871436690352));
#16495 = CARTESIAN_POINT('',(82.366309947806,17.951457251972,
    -2.866888498522));
#16496 = CARTESIAN_POINT('',(83.171735779016,18.122261214632,
    -2.877368506147));
#16497 = CARTESIAN_POINT('',(84.004503081957,18.214701407052,
    -2.90524976696));
#16498 = CARTESIAN_POINT('',(84.87250435444,18.21491918272,
    -2.953971965226));
#16499 = CARTESIAN_POINT('',(85.758711650605,18.09552160158,
    -3.028218172524));
#16500 = CARTESIAN_POINT('',(86.615967202407,17.842183189743,
    -3.128022521546));
#16501 = CARTESIAN_POINT('',(87.407875444606,17.482288266865,
    -3.245237647519));
#16502 = CARTESIAN_POINT('',(88.118433123097,17.039365937393,
    -3.373686654951));
#16503 = CARTESIAN_POINT('',(88.74246176551,16.537274556966,
    -3.507774435302));
#16504 = CARTESIAN_POINT('',(89.459426931845,15.960339062301,
    -3.663990897035));
#16505 = CARTESIAN_POINT('',(90.04894218444,15.315854621478,
    -3.823323682516));
#16506 = CARTESIAN_POINT('',(90.508038274233,14.649415315321,
    -3.974649202807));
#16507 = CARTESIAN_POINT('',(90.858662683857,13.997798674007,
    -4.109168494983));
#16508 = CARTESIAN_POINT('',(91.1547622445,13.363960630765,
    -4.228957052305));
#16509 = CARTESIAN_POINT('',(91.387748495212,12.740231241618,
    -4.327886642071));
#16510 = CARTESIAN_POINT('',(91.581939978273,12.129026584181,
    -4.405310500323));
#16511 = CARTESIAN_POINT('',(91.767166696572,11.528611293777,
    -4.453692090902));
#16512 = CARTESIAN_POINT('',(91.901356501627,10.925042109604,
    -4.447324678802));
#16513 = CARTESIAN_POINT('',(92.055054926119,10.3274251342,
    -4.378522058505));
#16514 = CARTESIAN_POINT('',(92.125912600315,9.669057799455,
    -4.068247664063));
#16515 = CARTESIAN_POINT('',(92.261708729927,8.946796503043,
    -4.30960741103));
#16516 = CARTESIAN_POINT('',(92.380179815576,8.185898395658,
    -4.54268367118));
#16517 = CARTESIAN_POINT('',(92.475390974765,7.394635126791,
    -4.784504822204));
#16518 = CARTESIAN_POINT('',(92.531580217532,6.576652948121,
    -5.035583766793));
#16519 = CARTESIAN_POINT('',(92.554335704455,5.728300855975,
    -5.300835331374));
#16520 = CARTESIAN_POINT('',(92.504705578461,4.849722644937,
    -5.58769900638));
#16521 = CARTESIAN_POINT('',(92.37672134528,3.940733969389,
    -5.897003002465));
#16522 = CARTESIAN_POINT('',(92.157307976721,2.981680872917,
    -6.239366583606));
#16523 = CARTESIAN_POINT('',(91.73664934097,1.96681284014,
    -6.636893547504));
#16524 = CARTESIAN_POINT('',(91.08110223454,1.005311088747,
    -7.06278100478));
#16525 = CARTESIAN_POINT('',(90.224032216247,0.175101389418,
    -7.486474709605));
#16526 = CARTESIAN_POINT('',(89.638301956138,-0.37783284774,
    -7.817380375159));
#16527 = CARTESIAN_POINT('',(89.010846298594,-0.813509473691,
    -8.129130020288));
#16528 = CARTESIAN_POINT('',(88.375821919366,-1.138609619743,
    -8.418668077238));
#16529 = CARTESIAN_POINT('',(87.755884036214,-1.378684923028,
    -8.693144787734));
#16530 = CARTESIAN_POINT('',(87.15088808733,-1.54647853276,
    -8.959981235791));
#16531 = CARTESIAN_POINT('',(86.563090739792,-1.660049744159,
    -9.232262377101));
#16532 = CARTESIAN_POINT('',(85.992792384855,-1.714037937878,
    -9.519710816044));
#16533 = CARTESIAN_POINT('',(85.438117760786,-1.699109006159,
    -9.830676340837));
#16534 = CARTESIAN_POINT('',(84.903202410074,-1.619435741226,
    -10.18850841384));
#16535 = CARTESIAN_POINT('',(84.381923563786,-1.394344116703,
    -10.6208222917));
#16536 = CARTESIAN_POINT('',(83.860967987293,-0.966381375604,
    -11.06698557885));
#16537 = CARTESIAN_POINT('',(83.384004542383,-1.013203714954,
    -11.15077198952));
#16538 = CARTESIAN_POINT('',(82.912631481026,-1.049368594812,
    -11.22541136489));
#16539 = CARTESIAN_POINT('',(82.447308068417,-1.075203687055,
    -11.29162506619));
#16540 = CARTESIAN_POINT('',(81.988446786225,-1.091376245811,
    -11.35009554149));
#16541 = CARTESIAN_POINT('',(81.536413224874,-1.098264857144,
    -11.40169648152));
#16542 = CARTESIAN_POINT('',(81.091511792725,-1.095935888636,
    -11.44748960286));
#16543 = CARTESIAN_POINT('',(80.653970052588,-1.084360112114,
    -11.48863550291));
#16544 = CARTESIAN_POINT('',(80.223934496084,-1.063504972629,
    -11.5263660314));
#16545 = CARTESIAN_POINT('',(79.801490566332,-1.032937976948,
    -11.56216562265));
#16546 = CARTESIAN_POINT('',(79.179334325981,-0.969396023541,
    -11.6163807389));
#16547 = CARTESIAN_POINT('',(78.574857601732,-0.865366068998,
    -11.68060945018));
#16548 = CARTESIAN_POINT('',(78.375342653853,-0.825563000298,
    -11.70383538702));
#16549 = CARTESIAN_POINT('',(78.177911162583,-0.778364476471,
    -11.72838353662));
#16550 = CARTESIAN_POINT('',(77.982407974798,-0.725387661434,
    -11.75825873682));
#16551 = CARTESIAN_POINT('',(77.789212744816,-0.659398749853,
    -11.79010724483));
#16552 = CARTESIAN_POINT('',(77.59825746702,-0.579994160825,
    -11.82798412206));
#16553 = CARTESIAN_POINT('',(77.409593473268,-0.483683769944,
    -11.87719818288));
#16554 = CARTESIAN_POINT('',(77.224223678084,-0.350310038936,
    -11.93262903638));
#16555 = CARTESIAN_POINT('',(76.996415524264,-0.13298474949,
    -12.03191401925));
#16556 = CARTESIAN_POINT('',(76.780717630776,0.300833135132,
    -12.16002411475));
#16557 = CARTESIAN_POINT('',(76.738137845766,0.39784401957,
    -12.18668329302));
#16558 = CARTESIAN_POINT('',(76.696200292973,0.506836962983,
    -12.21424767949));
#16559 = CARTESIAN_POINT('',(76.655032878545,0.630411752587,
    -12.24228352542));
#16560 = CARTESIAN_POINT('',(76.614796477548,0.771760802077,
    -12.27004021772));
#16561 = CARTESIAN_POINT('',(76.575687148602,0.934685816271,
    -12.29636330571));
#16562 = CARTESIAN_POINT('',(76.537975720662,1.124281137958,
    -12.31924310384));
#16563 = CARTESIAN_POINT('',(76.502064444323,1.347759621581,
    -12.33475636707));
#16564 = CARTESIAN_POINT('',(76.434930424899,1.880230609573,
    -12.33566073405));
#16565 = CARTESIAN_POINT('',(76.379349369212,2.609594645666,
    -12.219258882));
#16566 = CARTESIAN_POINT('',(76.354910769954,3.028269598196,
    -12.11753907683));
#16567 = CARTESIAN_POINT('',(76.334939729162,3.517782760855,
    -11.95282667754));
#16568 = CARTESIAN_POINT('',(76.317554354602,4.023798191466,
    -11.68719049516));
#16569 = CARTESIAN_POINT('',(76.306835878724,4.63799598709,
    -11.33052189112));
#16570 = CARTESIAN_POINT('',(76.295346533151,5.140625970452,
    -10.72069768139));
#16571 = CARTESIAN_POINT('',(76.276378046933,5.485321089956,
    -10.11723800689));
#16572 = CARTESIAN_POINT('',(76.251790588545,5.713577319454,
    -9.522740380097));
#16573 = CARTESIAN_POINT('',(76.161752695663,6.112385522105,
    -7.898584845517));
#16574 = CARTESIAN_POINT('',(76.033232069345,5.907580995514,
    -6.8302451626));
#16575 = CARTESIAN_POINT('',(75.939056957617,5.722087398211,
    -6.449909717932));
#16576 = CARTESIAN_POINT('',(75.848669277839,5.651415389227,
    -6.131815204542));
#16577 = CARTESIAN_POINT('',(75.751394185834,5.479381646688,
    -5.911606213553));
#16578 = CARTESIAN_POINT('',(75.658587783483,5.433922166553,
    -5.744604058267));
#16579 = CARTESIAN_POINT('',(75.562043905062,5.327715206045,
    -5.602206190042));
#16580 = CARTESIAN_POINT('',(75.466591807159,5.267997284267,
    -5.492841796651));
#16581 = CARTESIAN_POINT('',(75.37030724792,5.207091938249,
    -5.399701969998));
#16582 = CARTESIAN_POINT('',(75.273687915297,5.155305193261,
    -5.321550178919));
#16583 = CARTESIAN_POINT('',(75.176666036982,5.109870198709,
    -5.254783837991));
#16584 = CARTESIAN_POINT('',(74.872062920969,5.276037229274,
    -5.454923127488));
#16585 = CARTESIAN_POINT('',(74.559350371722,5.338668748369,
    -5.546620165767));
#16586 = CARTESIAN_POINT('',(74.241701758555,5.404256289573,
    -5.621510575155));
#16587 = CARTESIAN_POINT('',(73.917880360423,5.432414826297,
    -5.666773020027));
#16588 = CARTESIAN_POINT('',(73.589450391493,5.46413109261,
    -5.706824260596));
#16589 = CARTESIAN_POINT('',(73.256173228855,5.488466521634,
    -5.7403581504));
#16590 = CARTESIAN_POINT('',(72.917872261774,5.49586825334,
    -5.76454483941));
#16591 = CARTESIAN_POINT('',(72.575362011301,5.505991058616,
    -5.789962881728));
#16592 = CARTESIAN_POINT('',(72.228280713262,5.505217396062,
    -5.811760849878));
#16593 = CARTESIAN_POINT('',(71.876902095257,5.498282103046,
    -5.833078212932));
#16594 = CARTESIAN_POINT('',(71.521293289667,5.483962364053,
    -5.854339429817));
#16595 = CARTESIAN_POINT('',(81.268757592379,14.479457846297,
    6.763254059666E-03));
#16596 = CARTESIAN_POINT('',(81.884406876746,14.765169204118,
    2.480843035542E-02));
#16597 = CARTESIAN_POINT('',(82.493977114847,14.995001748999,
    3.271535646694E-02));
#16598 = CARTESIAN_POINT('',(83.100513380356,15.16850748433,
    3.001422365498E-02));
#16599 = CARTESIAN_POINT('',(83.708097823892,15.283588099693,
    1.584043769444E-02));
#16600 = CARTESIAN_POINT('',(84.315802260944,15.335962476076,
    -1.080840116343E-02));
#16601 = CARTESIAN_POINT('',(84.927452851065,15.320054568876,
    -5.145742283912E-02));
#16602 = CARTESIAN_POINT('',(85.534561805596,15.223627541818,
    -0.108241406447));
#16603 = CARTESIAN_POINT('',(86.113758879271,15.040906905986,
    -0.180999030126));
#16604 = CARTESIAN_POINT('',(86.646961441815,14.786710855461,
    -0.265531670911));
#16605 = CARTESIAN_POINT('',(87.126134876311,14.473985333571,
    -0.35861218963));
#16606 = CARTESIAN_POINT('',(87.548593603018,14.115869964721,
    -0.457303380799));
#16607 = CARTESIAN_POINT('',(88.034986012843,13.705449567101,
    -0.571583057938));
#16608 = CARTESIAN_POINT('',(88.439662572836,13.239605852465,
    -0.691258459998));
#16609 = CARTESIAN_POINT('',(88.76148229652,12.742692172084,
    -0.809944995554));
#16610 = CARTESIAN_POINT('',(89.011281817471,12.236130044623,
    -0.927325062732));
#16611 = CARTESIAN_POINT('',(89.215377303189,11.719910003576,
    -1.032603710026));
#16612 = CARTESIAN_POINT('',(89.367229139474,11.196957109383,
    -1.139469718078));
#16613 = CARTESIAN_POINT('',(89.478001241668,10.667616171284,
    -1.238135414088));
#16614 = CARTESIAN_POINT('',(89.555976486929,10.129138594037,
    -1.3147305288));
#16615 = CARTESIAN_POINT('',(89.566788487083,9.584882717536,
    -1.390868209699));
#16616 = CARTESIAN_POINT('',(89.535722869183,9.027475210067,
    -1.420527441708));
#16617 = CARTESIAN_POINT('',(89.294453536688,8.436925167257,
    -1.411448124994));
#16618 = CARTESIAN_POINT('',(89.449332092505,7.765848778463,
    -1.608733149024));
#16619 = CARTESIAN_POINT('',(89.571829511716,7.070076357875,
    -1.809355095318));
#16620 = CARTESIAN_POINT('',(89.667073547404,6.359398077478,
    -2.017404162809));
#16621 = CARTESIAN_POINT('',(89.72315641638,5.639406165124,
    -2.233113412447));
#16622 = CARTESIAN_POINT('',(89.742446853006,4.912610503768,
    -2.457270453275));
#16623 = CARTESIAN_POINT('',(89.702379113443,4.182953726193,
    -2.693062308303));
#16624 = CARTESIAN_POINT('',(89.596426059377,3.454173269882,
    -2.94046146778));
#16625 = CARTESIAN_POINT('',(89.415982764517,2.720606817557,
    -3.203672727723));
#16626 = CARTESIAN_POINT('',(89.102998426522,1.983197770784,
    -3.493264064728));
#16627 = CARTESIAN_POINT('',(88.637855609425,1.29969009746,
    -3.795319772273));
#16628 = CARTESIAN_POINT('',(88.033664852999,0.712368272492,
    -4.094199639172));
#16629 = CARTESIAN_POINT('',(87.641897145053,0.296267952175,
    -4.321536783701));
#16630 = CARTESIAN_POINT('',(87.212701642018,-5.395613226899E-02,
    -4.540554215014));
#16631 = CARTESIAN_POINT('',(86.765470216266,-0.344395689675,
    -4.750362276848));
#16632 = CARTESIAN_POINT('',(86.313943994215,-0.591812611132,
    -4.953361477703));
#16633 = CARTESIAN_POINT('',(85.861021300576,-0.805210212338,
    -5.159532935361));
#16634 = CARTESIAN_POINT('',(85.410367352524,-1.000729759468,
    -5.369790327508));
#16635 = CARTESIAN_POINT('',(84.965875853833,-1.183531187087,
    -5.597664212251));
#16636 = CARTESIAN_POINT('',(84.53039486562,-1.356095218962,
    -5.858622185285));
#16637 = CARTESIAN_POINT('',(84.109698914318,-1.537315892967,
    -6.161522129044));
#16638 = CARTESIAN_POINT('',(83.710502569981,-1.715758434091,
    -6.575980266334));
#16639 = CARTESIAN_POINT('',(83.326404018612,-1.828458172181,
    -7.121740338907));
#16640 = CARTESIAN_POINT('',(82.901261566761,-1.879779166903,
    -7.199488227803));
#16641 = CARTESIAN_POINT('',(82.480279601117,-1.922639736162,
    -7.269527448838));
#16642 = CARTESIAN_POINT('',(82.063552894588,-1.957609408574,
    -7.332642060538));
#16643 = CARTESIAN_POINT('',(81.651160911973,-1.98533007241,
    -7.389407595165));
#16644 = CARTESIAN_POINT('',(81.243149888283,-2.006438096216,
    -7.440705719688));
#16645 = CARTESIAN_POINT('',(80.839525345742,-2.021559757137,
    -7.487728732768));
#16646 = CARTESIAN_POINT('',(80.440250640935,-2.031340787469,
    -7.531783839026));
#16647 = CARTESIAN_POINT('',(80.045247133379,-2.036470850065,
    -7.574207141933));
#16648 = CARTESIAN_POINT('',(79.654391567117,-2.037663753086,
    -7.616697296583));
#16649 = CARTESIAN_POINT('',(79.074063601258,-2.034499445537,
    -7.685219497251));
#16650 = CARTESIAN_POINT('',(78.502098260042,-2.024646590073,
    -7.775891542331));
#16651 = CARTESIAN_POINT('',(78.312332426858,-2.02084843804,
    -7.809379294849));
#16652 = CARTESIAN_POINT('',(78.123469738817,-2.015308798865,
    -7.847608624646));
#16653 = CARTESIAN_POINT('',(77.9353265651,-2.011400572493,
    -7.891090597711));
#16654 = CARTESIAN_POINT('',(77.748052132986,-2.004016138472,
    -7.943639117055));
#16655 = CARTESIAN_POINT('',(77.561469287109,-1.995788867742,
    -8.007178975528));
#16656 = CARTESIAN_POINT('',(77.375368618188,-1.989033298771,
    -8.086248660131));
#16657 = CARTESIAN_POINT('',(77.190036756735,-1.97246049784,
    -8.192920606682));
#16658 = CARTESIAN_POINT('',(76.95846497451,-1.953166230763,
    -8.372345220531));
#16659 = CARTESIAN_POINT('',(76.728169705393,-1.870785189108,
    -8.712194787176));
#16660 = CARTESIAN_POINT('',(76.682174766664,-1.851095511573,
    -8.787636970607));
#16661 = CARTESIAN_POINT('',(76.636258387104,-1.827434720292,
    -8.871702315398));
#16662 = CARTESIAN_POINT('',(76.590451666051,-1.798504464311,
    -8.966024548255));
#16663 = CARTESIAN_POINT('',(76.544801276523,-1.762559928607,
    -9.072525999855));
#16664 = CARTESIAN_POINT('',(76.49937285463,-1.717343373072,
    -9.193395816477));
#16665 = CARTESIAN_POINT('',(76.454272388616,-1.659509915529,
    -9.331389804527));
#16666 = CARTESIAN_POINT('',(76.409691847078,-1.583579458439,
    -9.489996396416));
#16667 = CARTESIAN_POINT('',(76.322264145144,-1.378079766065,
    -9.854820654231));
#16668 = CARTESIAN_POINT('',(76.240644126563,-1.015962692301,
    -10.31090827538));
#16669 = CARTESIAN_POINT('',(76.201858389567,-0.784117110173,
    -10.55963252634));
#16670 = CARTESIAN_POINT('',(76.165943570509,-0.481565943274,
    -10.83323286603));
#16671 = CARTESIAN_POINT('',(76.13403754691,-0.10298954804,
    -11.07959046708));
#16672 = CARTESIAN_POINT('',(76.106286214813,0.380001006404,
    -11.36592061548));
#16673 = CARTESIAN_POINT('',(76.087654633715,0.994939619791,
    -11.47809737648));
#16674 = CARTESIAN_POINT('',(76.067790887235,1.544807401697,
    -11.48344909382));
#16675 = CARTESIAN_POINT('',(76.04683003184,2.043751080738,
    -11.41167876844));
#16676 = CARTESIAN_POINT('',(75.97587813928,3.320685443324,
    -11.05956817104));
#16677 = CARTESIAN_POINT('',(75.879177244237,3.981878657456,
    -10.50277550899));
#16678 = CARTESIAN_POINT('',(75.801247461153,4.174659382018,
    -10.22484843976));
#16679 = CARTESIAN_POINT('',(75.721296969691,4.368541035887,
    -10.05021851278));
#16680 = CARTESIAN_POINT('',(75.63666371205,4.455863364326,
    -9.842990439473));
#16681 = CARTESIAN_POINT('',(75.550426769322,4.555039563247,
    -9.743750571958));
#16682 = CARTESIAN_POINT('',(75.462589761079,4.613861384882,
    -9.611962018219));
#16683 = CARTESIAN_POINT('',(75.373456141745,4.667703319079,
    -9.525052008082));
#16684 = CARTESIAN_POINT('',(75.283395274552,4.709858008679,
    -9.443609850658));
#16685 = CARTESIAN_POINT('',(75.192513830746,4.745138896917,
    -9.374302831333));
#16686 = CARTESIAN_POINT('',(75.100933203667,4.774971412148,
    -9.313848063134));
#16687 = CARTESIAN_POINT('',(74.795873026273,4.704252451427,
    -9.494434213979));
#16688 = CARTESIAN_POINT('',(74.491351272407,4.668378764767,
    -9.562846028326));
#16689 = CARTESIAN_POINT('',(74.184484439221,4.644822236421,
    -9.628231949579));
#16690 = CARTESIAN_POINT('',(73.875935993682,4.626766617751,
    -9.658156907036));
#16691 = CARTESIAN_POINT('',(73.565164412523,4.612943681191,
    -9.69074935201));
#16692 = CARTESIAN_POINT('',(73.252444595557,4.599902565016,
    -9.718388725979));
#16693 = CARTESIAN_POINT('',(72.938098745827,4.585780173638,
    -9.733851586117));
#16694 = CARTESIAN_POINT('',(72.622008034108,4.570678683614,
    -9.755278795708));
#16695 = CARTESIAN_POINT('',(72.304536322485,4.552577662977,
    -9.77191866021));
#16696 = CARTESIAN_POINT('',(71.98578861912,4.53099444896,
    -9.788811559023));
#16697 = CARTESIAN_POINT('',(71.665956471214,4.505038655066,
    -9.805880392405));
#16698 = CARTESIAN_POINT('',(82.693417725406,11.537576401553,
    -0.510509439953));
#16699 = CARTESIAN_POINT('',(83.114840647967,11.73165528422,
    -0.506257135653));
#16700 = CARTESIAN_POINT('',(83.499936167253,11.87210333258,
    -0.509755981166));
#16701 = CARTESIAN_POINT('',(83.847229150137,11.962937868496,
    -0.520264102544));
#16702 = CARTESIAN_POINT('',(84.154654060055,12.009080228026,
    -0.536821755437));
#16703 = CARTESIAN_POINT('',(84.422837609606,12.016648067489,
    -0.558390318765));
#16704 = CARTESIAN_POINT('',(84.649790001397,11.992476882934,
    -0.583642496895));
#16705 = CARTESIAN_POINT('',(84.840177596895,11.947040665075,
    -0.610914739725));
#16706 = CARTESIAN_POINT('',(85.006719222496,11.887327780562,
    -0.639786156821));
#16707 = CARTESIAN_POINT('',(85.159232649827,11.809170854262,
    -0.67202584982));
#16708 = CARTESIAN_POINT('',(85.302064063859,11.709460843891,
    -0.708874704625));
#16709 = CARTESIAN_POINT('',(85.43666855079,11.585027862701,
    -0.751420360834));
#16710 = CARTESIAN_POINT('',(85.592320946439,11.442920033647,
    -0.799599207341));
#16711 = CARTESIAN_POINT('',(85.740347852972,11.264691122943,
    -0.856571394535));
#16712 = CARTESIAN_POINT('',(85.883810264677,11.043333259809,
    -0.924113564092));
#16713 = CARTESIAN_POINT('',(86.018821511997,10.775439256767,
    -1.007682258219));
#16714 = CARTESIAN_POINT('',(86.132657424852,10.46250930275,
    -1.09596888969));
#16715 = CARTESIAN_POINT('',(86.227587070699,10.11603913239,
    -1.204810469603));
#16716 = CARTESIAN_POINT('',(86.298352158048,9.738216188606,
    -1.325682584267));
#16717 = CARTESIAN_POINT('',(86.333321551129,9.331425533643,
    -1.45130804754));
#16718 = CARTESIAN_POINT('',(86.333842669025,8.911927996169,
    -1.618142304885));
#16719 = CARTESIAN_POINT('',(86.274684611785,8.470484360571,
    -1.790898769752));
#16720 = CARTESIAN_POINT('',(86.082199438439,8.039826402116,
    -2.101107568879));
#16721 = CARTESIAN_POINT('',(86.21674919546,7.440115243181,
    -2.244797702094));
#16722 = CARTESIAN_POINT('',(86.320881094427,6.840645005265,
    -2.401963743637));
#16723 = CARTESIAN_POINT('',(86.39769758481,6.25045446258,
    -2.563355745397));
#16724 = CARTESIAN_POINT('',(86.442275458539,5.678145532919,
    -2.727898294207));
#16725 = CARTESIAN_POINT('',(86.447247805853,5.134726932743,
    -2.891923135154));
#16726 = CARTESIAN_POINT('',(86.414585652093,4.629806969187,
    -3.052094958307));
#16727 = CARTESIAN_POINT('',(86.337223390436,4.173043948477,
    -3.20689003695));
#16728 = CARTESIAN_POINT('',(86.21124729227,3.779489490623,
    -3.351639794216));
#16729 = CARTESIAN_POINT('',(86.057145971377,3.460250459997,
    -3.479210077404));
#16730 = CARTESIAN_POINT('',(85.875756848973,3.195744015058,
    -3.595251978383));
#16731 = CARTESIAN_POINT('',(85.649684561981,2.974722213905,
    -3.706531501011));
#16732 = CARTESIAN_POINT('',(85.512663650563,2.799729390795,
    -3.774348583337));
#16733 = CARTESIAN_POINT('',(85.341901194534,2.624495259277,
    -3.846624178203));
#16734 = CARTESIAN_POINT('',(85.134139397027,2.446503022248,
    -3.924075813624));
#16735 = CARTESIAN_POINT('',(84.889220854863,2.267099392085,
    -4.003162325644));
#16736 = CARTESIAN_POINT('',(84.613448021307,2.085460010613,
    -4.086782004264));
#16737 = CARTESIAN_POINT('',(84.312115049041,1.898235751918,
    -4.165944065519));
#16738 = CARTESIAN_POINT('',(83.992083690272,1.695305180689,
    -4.245041397676));
#16739 = CARTESIAN_POINT('',(83.660822526642,1.466111475726,
    -4.331120574968));
#16740 = CARTESIAN_POINT('',(83.324156501664,1.195189116497,
    -4.414960781464));
#16741 = CARTESIAN_POINT('',(82.995905042452,0.83426974419,
    -4.537488422363));
#16742 = CARTESIAN_POINT('',(82.683445497287,0.396381026218,
    -4.757720700525));
#16743 = CARTESIAN_POINT('',(82.333570760097,0.347568343045,
    -4.817358152446));
#16744 = CARTESIAN_POINT('',(81.985778860012,0.304876301706,
    -4.870441605058));
#16745 = CARTESIAN_POINT('',(81.639634175745,0.267618196099,
    -4.917537303639));
#16746 = CARTESIAN_POINT('',(81.294720410309,0.235281476762,
    -4.959056356347));
#16747 = CARTESIAN_POINT('',(80.950624994795,0.20715658826,-4.995543855)
  );
#16748 = CARTESIAN_POINT('',(80.606942536873,0.182324500747,
    -5.027685056603));
#16749 = CARTESIAN_POINT('',(80.263284502012,0.159782332713,
    -5.056196560952));
#16750 = CARTESIAN_POINT('',(79.919282315422,0.138486461772,
    -5.081770419691));
#16751 = CARTESIAN_POINT('',(79.574571072799,0.117092520565,
    -5.105239112152));
#16752 = CARTESIAN_POINT('',(79.055826035322,8.121125164426E-02,
    -5.139574428955));
#16753 = CARTESIAN_POINT('',(78.533330611472,2.830142140441E-02,
    -5.18010382689));
#16754 = CARTESIAN_POINT('',(78.358680175892,8.081096504437E-03,
    -5.194559800826));
#16755 = CARTESIAN_POINT('',(78.183457669199,-1.528816033961E-02,
    -5.211647868155));
#16756 = CARTESIAN_POINT('',(78.007586324417,-4.367728858933E-02,
    -5.22906292573));
#16757 = CARTESIAN_POINT('',(77.830906510644,-7.772995578902E-02,
    -5.252533034899));
#16758 = CARTESIAN_POINT('',(77.65328619103,-0.120083300667,
    -5.280954202745));
#16759 = CARTESIAN_POINT('',(77.474481685315,-0.175253728588,
    -5.314631360707));
#16760 = CARTESIAN_POINT('',(77.294017739363,-0.247515783721,
    -5.367749415412));
#16761 = CARTESIAN_POINT('',(77.065723065096,-0.374238958308,
    -5.453096243987));
#16762 = CARTESIAN_POINT('',(76.829955731411,-0.596956285368,
    -5.658176681308));
#16763 = CARTESIAN_POINT('',(76.782461681352,-0.645846997884,
    -5.704986639423));
#16764 = CARTESIAN_POINT('',(76.734581653143,-0.699636169186,
    -5.758689869096));
#16765 = CARTESIAN_POINT('',(76.686253025719,-0.759007014029,
    -5.82101899685));
#16766 = CARTESIAN_POINT('',(76.63740374497,-0.824666695142,
    -5.894180564522));
#16767 = CARTESIAN_POINT('',(76.587953739059,-0.897299858531,
    -5.980896786995));
#16768 = CARTESIAN_POINT('',(76.537805943541,-0.977544298948,
    -6.084983360301));
#16769 = CARTESIAN_POINT('',(76.486846590819,-1.065651917214,
    -6.212234555298));
#16770 = CARTESIAN_POINT('',(76.38314958026,-1.254749588769,
    -6.529411614862));
#16771 = CARTESIAN_POINT('',(76.276420066437,-1.444554899152,
    -7.008376163738));
#16772 = CARTESIAN_POINT('',(76.222473083954,-1.532798016155,
    -7.296361847204));
#16773 = CARTESIAN_POINT('',(76.167903802345,-1.608742731523,
    -7.650136302279));
#16774 = CARTESIAN_POINT('',(76.115022639665,-1.629747198563,
    -8.050646207541));
#16775 = CARTESIAN_POINT('',(76.061103247889,-1.635089123439,
    -8.549752459793));
#16776 = CARTESIAN_POINT('',(76.015687294517,-1.44704620849,
    -9.073568793669));
#16777 = CARTESIAN_POINT('',(75.974412545284,-1.205482188678,
    -9.499518026187));
#16778 = CARTESIAN_POINT('',(75.936096110377,-0.927040752182,
    -9.851758394744));
#16779 = CARTESIAN_POINT('',(75.825435990058,-8.408093780253E-02,
    -10.67744031495));
#16780 = CARTESIAN_POINT('',(75.719060160014,0.642427775626,
    -10.93550006121));
#16781 = CARTESIAN_POINT('',(75.642259789777,0.94409005714,
    -10.95704103988));
#16782 = CARTESIAN_POINT('',(75.560990925364,1.166394955273,
    -11.02539463226));
#16783 = CARTESIAN_POINT('',(75.480386361876,1.366345357654,
    -10.99681174985));
#16784 = CARTESIAN_POINT('',(75.39519547393,1.488110867535,
    -11.02547210055));
#16785 = CARTESIAN_POINT('',(75.311155978544,1.617004470986,
    -11.00848846995));
#16786 = CARTESIAN_POINT('',(75.225153597202,1.708974402288,
    -11.00767912923));
#16787 = CARTESIAN_POINT('',(75.138853636415,1.79148363545,
    -11.00034017969));
#16788 = CARTESIAN_POINT('',(75.051998313729,1.861528903768,
    -10.99317237405));
#16789 = CARTESIAN_POINT('',(74.964738082236,1.92228468061,
    -10.98582990219));
#16790 = CARTESIAN_POINT('',(74.67107666178,1.753541110989,
    -11.00009783139));
#16791 = CARTESIAN_POINT('',(74.382789490536,1.686798038449,
    -10.99255775996));
#16792 = CARTESIAN_POINT('',(74.095388698267,1.627566740254,
    -10.99467730644));
#16793 = CARTESIAN_POINT('',(73.810571516763,1.59779168303,
    -10.98715198573));
#16794 = CARTESIAN_POINT('',(73.52702310601,1.567374776525,
    -10.98634485139));
#16795 = CARTESIAN_POINT('',(73.245403061087,1.540614780131,
    -10.9865990765));
#16796 = CARTESIAN_POINT('',(72.96636898319,1.522230000017,
    -10.98367044203));
#16797 = CARTESIAN_POINT('',(72.689499829675,1.498235698019,
    -10.98611944212));
#16798 = CARTESIAN_POINT('',(72.415619086925,1.476054566578,
    -10.98803005556));
#16799 = CARTESIAN_POINT('',(72.144879560922,1.451622266245,
    -10.99170843261));
#16800 = CARTESIAN_POINT('',(71.87765417975,1.424683433105,
    -10.99688406841));
#16801 = CARTESIAN_POINT('',(82.693417725406,11.659586013991,
    -3.166177088198));
#16802 = CARTESIAN_POINT('',(83.087099528131,11.848919750516,
    -3.162142790637));
#16803 = CARTESIAN_POINT('',(83.441099980732,11.985230916352,
    -3.165503588904));
#16804 = CARTESIAN_POINT('',(83.75347346441,12.073104496266,
    -3.175369712765));
#16805 = CARTESIAN_POINT('',(84.021495402179,12.118346570976,
    -3.19055844387));
#16806 = CARTESIAN_POINT('',(84.246121227403,12.128378638917,
    -3.209783335941));
#16807 = CARTESIAN_POINT('',(84.424782225083,12.111584759351,
    -3.231369952436));
#16808 = CARTESIAN_POINT('',(84.563974570647,12.081272133665,
    -3.253191570758));
#16809 = CARTESIAN_POINT('',(84.681154257914,12.045994631066,
    -3.274812534557));
#16810 = CARTESIAN_POINT('',(84.789862495295,11.999134050983,
    -3.29877323315));
#16811 = CARTESIAN_POINT('',(84.896222723344,11.935474539658,
    -3.326897291396));
#16812 = CARTESIAN_POINT('',(85.002420833922,11.849680477138,
    -3.360796707307));
#16813 = CARTESIAN_POINT('',(85.124620236575,11.750984518634,
    -3.399005374194));
#16814 = CARTESIAN_POINT('',(85.251376990605,11.61917430583,
    -3.446421733057));
#16815 = CARTESIAN_POINT('',(85.387049613034,11.443576651399,
    -3.506401097569));
#16816 = CARTESIAN_POINT('',(85.526933080709,11.216725416269,
    -3.581453191319));
#16817 = CARTESIAN_POINT('',(85.654682505918,10.943457174548,
    -3.670132119967));
#16818 = CARTESIAN_POINT('',(85.776700411856,10.632473696874,
    -3.773976120508));
#16819 = CARTESIAN_POINT('',(85.887419294869,10.288807931542,
    -3.892529528304));
#16820 = CARTESIAN_POINT('',(85.979266840072,9.91900292715,
    -4.027842855196));
#16821 = CARTESIAN_POINT('',(86.070825368171,9.534042393229,
    -4.188576080504));
#16822 = CARTESIAN_POINT('',(86.13971216116,9.136525760291,
    -4.376834158776));
#16823 = CARTESIAN_POINT('',(86.22643557018,8.756628103249,
    -4.657051281682));
#16824 = CARTESIAN_POINT('',(86.332578710601,8.162999587569,
    -4.800638600216));
#16825 = CARTESIAN_POINT('',(86.421517359831,7.574863101943,
    -4.955120319408));
#16826 = CARTESIAN_POINT('',(86.486264429685,6.999563084242,
    -5.112780056184));
#16827 = CARTESIAN_POINT('',(86.523407473497,6.446126475464,
    -5.271908983883));
#16828 = CARTESIAN_POINT('',(86.521767859608,5.926234616385,
    -5.429197062127));
#16829 = CARTESIAN_POINT('',(86.486368529076,5.450188477875,
    -5.580415895992));
#16830 = CARTESIAN_POINT('',(86.410234620095,5.028408392857,
    -5.72374196455));
#16831 = CARTESIAN_POINT('',(86.288976295138,4.678396826917,
    -5.853790220167));
#16832 = CARTESIAN_POINT('',(86.153393599956,4.412598824883,
    -5.96099807964));
#16833 = CARTESIAN_POINT('',(86.006578436021,4.201652649111,
    -6.053592922319));
#16834 = CARTESIAN_POINT('',(85.827248054963,4.027565829956,
    -6.141166695361));
#16835 = CARTESIAN_POINT('',(85.703024045826,3.90172393225,
    -6.186795442929));
#16836 = CARTESIAN_POINT('',(85.544062283741,3.773143399861,
    -6.236647389857));
#16837 = CARTESIAN_POINT('',(85.344001669421,3.641176777373,
    -6.290774202162));
#16838 = CARTESIAN_POINT('',(85.100664795402,3.51204081572,
    -6.345515150292));
#16839 = CARTESIAN_POINT('',(84.820167746364,3.38729313773,
    -6.397110984952));
#16840 = CARTESIAN_POINT('',(84.507753152346,3.270425131198,
    -6.439742205563));
#16841 = CARTESIAN_POINT('',(84.169375244951,3.156409115719,
    -6.468812377493));
#16842 = CARTESIAN_POINT('',(83.811779656426,3.038772041861,
    -6.480224432353));
#16843 = CARTESIAN_POINT('',(83.439525569942,2.915954037918,
    -6.464425122696));
#16844 = CARTESIAN_POINT('',(83.06090366197,2.755531932779,
    -6.410309504889));
#16845 = CARTESIAN_POINT('',(82.686820163699,2.533529365736,
    -6.338872998686));
#16846 = CARTESIAN_POINT('',(82.345074522519,2.489920674757,
    -6.391459177764));
#16847 = CARTESIAN_POINT('',(82.005186898459,2.452644356529,
    -6.4371062496));
#16848 = CARTESIAN_POINT('',(81.666663848916,2.421128767587,
    -6.476188426519));
#16849 = CARTESIAN_POINT('',(81.329028948945,2.394925788584,
    -6.509094075638));
#16850 = CARTESIAN_POINT('',(80.991822830436,2.373482296256,
    -6.536141998949));
#16851 = CARTESIAN_POINT('',(80.654608380452,2.356131596864,
    -6.557582603448));
#16852 = CARTESIAN_POINT('',(80.316976438869,2.342172223424,
    -6.573630327904));
#16853 = CARTESIAN_POINT('',(79.978547335461,2.330901498814,
    -6.584473692847));
#16854 = CARTESIAN_POINT('',(79.638963606594,2.321471267102,
    -6.590209340341));
#16855 = CARTESIAN_POINT('',(79.127322044172,2.307914159247,
    -6.590864975052));
#16856 = CARTESIAN_POINT('',(78.611396195163,2.288610380012,
    -6.577670147275));
#16857 = CARTESIAN_POINT('',(78.438899388932,2.281222567301,
    -6.57155651791));
#16858 = CARTESIAN_POINT('',(78.26580164439,2.271969810813,
    -6.563986861285));
#16859 = CARTESIAN_POINT('',(78.09211860105,2.261354004667,
    -6.553583981155));
#16860 = CARTESIAN_POINT('',(77.917671360519,2.246657474818,
    -6.541647388321));
#16861 = CARTESIAN_POINT('',(77.74244386213,2.227647063058,
    -6.526781617544));
#16862 = CARTESIAN_POINT('',(77.566376635823,2.202966871153,
    -6.507135146988));
#16863 = CARTESIAN_POINT('',(77.389064070334,2.165198176235,
    -6.484650111303));
#16864 = CARTESIAN_POINT('',(77.165893410876,2.099962253995,
    -6.445010511675));
#16865 = CARTESIAN_POINT('',(76.938116574772,1.95632130064,
    -6.394232506788));
#16866 = CARTESIAN_POINT('',(76.892348902114,1.923878063553,
    -6.383674752084));
#16867 = CARTESIAN_POINT('',(76.846338299271,1.887087409415,
    -6.372764084622));
#16868 = CARTESIAN_POINT('',(76.800037602512,1.845002308095,
    -6.361659525256));
#16869 = CARTESIAN_POINT('',(76.753387655552,1.796460159695,
    -6.35063535526));
#16870 = CARTESIAN_POINT('',(76.706316503978,1.740076732743,
    -6.340112753103));
#16871 = CARTESIAN_POINT('',(76.658724995433,1.673997594603,
    -6.330823991665));
#16872 = CARTESIAN_POINT('',(76.610466172518,1.595597697305,
    -6.324197407146));
#16873 = CARTESIAN_POINT('',(76.51221677588,1.407697904787,
    -6.321868908889));
#16874 = CARTESIAN_POINT('',(76.409709838236,1.148184241079,
    -6.362151172857));
#16875 = CARTESIAN_POINT('',(76.357222678841,0.998787608654,
    -6.398108741788));
#16876 = CARTESIAN_POINT('',(76.3030953775,0.823622303925,
    -6.456967616637));
#16877 = CARTESIAN_POINT('',(76.248011841009,0.642451848915,
    -6.552526631085));
#16878 = CARTESIAN_POINT('',(76.190486870657,0.421925968235,
    -6.681189014417));
#16879 = CARTESIAN_POINT('',(76.133225340813,0.241978136608,
    -6.901928832439));
#16880 = CARTESIAN_POINT('',(76.078666768845,0.119473166839,
    -7.120346054097));
#16881 = CARTESIAN_POINT('',(76.026133875104,3.931541752867E-02,
    -7.335497069368));
#16882 = CARTESIAN_POINT('',(75.8743988305,-9.716622984035E-02,
    -7.922975681042));
#16883 = CARTESIAN_POINT('',(75.736486361318,-1.417627554711E-02,
    -8.308240796499));
#16884 = CARTESIAN_POINT('',(75.647551524773,5.890594519729E-02,
    -8.44435276058));
#16885 = CARTESIAN_POINT('',(75.557150735724,9.015788562723E-02,
    -8.557829297132));
#16886 = CARTESIAN_POINT('',(75.469161902861,0.158206120488,
    -8.635714520099));
#16887 = CARTESIAN_POINT('',(75.37944910836,0.180127413962,
    -8.694270390514));
#16888 = CARTESIAN_POINT('',(75.290992271295,0.224049849847,
    -8.743911123194));
#16889 = CARTESIAN_POINT('',(75.20202963452,0.250955009882,
    -8.781580521382));
#16890 = CARTESIAN_POINT('',(75.113256047373,0.278174564392,
    -8.813402825739));
#16891 = CARTESIAN_POINT('',(75.024485374542,0.301948869701,
    -8.839837775428));
#16892 = CARTESIAN_POINT('',(74.935737168677,0.323273582187,
    -8.862205769349));
#16893 = CARTESIAN_POINT('',(74.649887604882,0.278171299671,
    -8.783269662009));
#16894 = CARTESIAN_POINT('',(74.365720302137,0.269307764257,
    -8.744541963155));
#16895 = CARTESIAN_POINT('',(74.08249824216,0.257397783892,
    -8.71284484636));
#16896 = CARTESIAN_POINT('',(73.801088591011,0.256582981175,
    -8.692997034972));
#16897 = CARTESIAN_POINT('',(73.521339665706,0.251405742645,
    -8.676271776877));
#16898 = CARTESIAN_POINT('',(73.243755570941,0.245296447786,
    -8.66329910883));
#16899 = CARTESIAN_POINT('',(72.968817854301,0.241181420794,
    -8.655263319626));
#16900 = CARTESIAN_POINT('',(72.696647536042,0.231362617499,
    -8.64847134849));
#16901 = CARTESIAN_POINT('',(72.427793513889,0.220244902846,
    -8.644842839418));
#16902 = CARTESIAN_POINT('',(72.162573523432,0.205557405798,
    -8.643390722423));
#16903 = CARTESIAN_POINT('',(71.901380449919,0.187196370452,
    -8.644115521079));
#16904 = ADVANCED_FACE('',(#16905),#16908,.F.);
#16905 = FACE_BOUND('',#16906,.F.);
#16906 = EDGE_LOOP('',(#16907));
#16907 = ORIENTED_EDGE('',*,*,#16173,.T.);
#16908 = PLANE('',#16909);
#16909 = AXIS2_PLACEMENT_3D('',#16910,#16911,#16912);
#16910 = CARTESIAN_POINT('',(82.000109853479,13.099771804957,
    -3.100010483988));
#16911 = DIRECTION('',(0.901208359408,0.4329294123,1.989012060396E-02));
#16912 = DIRECTION('',(-0.433015074814,0.901386678947,9.468913808136E-19
    ));
#16913 = ADVANCED_FACE('',(#16914),#16917,.T.);
#16914 = FACE_BOUND('',#16915,.T.);
#16915 = EDGE_LOOP('',(#16916));
#16916 = ORIENTED_EDGE('',*,*,#16162,.T.);
#16917 = PLANE('',#16918);
#16918 = AXIS2_PLACEMENT_3D('',#16919,#16920,#16921);
#16919 = CARTESIAN_POINT('',(71.800016061019,1.599776179079,
    -7.900117885188));
#16920 = DIRECTION('',(-0.997950653152,-6.02272932741E-02,
    -2.161404677487E-02));
#16921 = DIRECTION('',(6.024136630764E-02,-0.998183839674,
    -9.924389279137E-20));
#16922 = ( GEOMETRIC_REPRESENTATION_CONTEXT(3) 
GLOBAL_UNCERTAINTY_ASSIGNED_CONTEXT((#16926)) 
GLOBAL_UNIT_ASSIGNED_CONTEXT((#16923,#16924,#16925)) 
REPRESENTATION_CONTEXT('Context #1',
  '3D Context with UNIT and UNCERTAINTY') );
#16923 = ( LENGTH_UNIT() NAMED_UNIT(*) SI_UNIT(.MILLI.,.METRE.) );
#16924 = ( NAMED_UNIT(*) PLANE_ANGLE_UNIT() SI_UNIT($,.RADIAN.) );
#16925 = ( NAMED_UNIT(*) SI_UNIT($,.STERADIAN.) SOLID_ANGLE_UNIT() );
#16926 = UNCERTAINTY_MEASURE_WITH_UNIT(LENGTH_MEASURE(2.E-05),#16923,
  'distance_accuracy_value','confusion accuracy');
#16927 = CONTEXT_DEPENDENT_SHAPE_REPRESENTATION(#16928,#16930);
#16928 = ( REPRESENTATION_RELATIONSHIP('','',#16045,#10) 
REPRESENTATION_RELATIONSHIP_WITH_TRANSFORMATION(#16929) 
SHAPE_REPRESENTATION_RELATIONSHIP() );
#16929 = ITEM_DEFINED_TRANSFORMATION('','',#11,#27);
#16930 = PRODUCT_DEFINITION_SHAPE('Placement','Placement of an item',
  #16931);
#16931 = NEXT_ASSEMBLY_USAGE_OCCURRENCE('4','Battery lead keep-out','',
  #5,#16040,$);
#16932 = PRODUCT_RELATED_PRODUCT_CATEGORY('part',$,(#16042));
ENDSEC;
END-ISO-10303-21;
