ISO-10303-21;
HEADER;
FILE_DESCRIPTION(('FreeCAD Model'),'2;1');
FILE_NAME('Open CASCADE Shape Model','2026-10-10T17:02:04',(''),(''),
  'Open CASCADE STEP processor 7.8','FreeCAD','Unknown');
FILE_SCHEMA(('AUTOMOTIVE_DESIGN { 1 0 10303 214 1 1 1 1 }'));
ENDSEC;
DATA;
#1 = APPLICATION_PROTOCOL_DEFINITION('international standard',
  'automotive_design',2000,#2);
#2 = APPLICATION_CONTEXT(
  'core data for automotive mechanical design processes');
#3 = SHAPE_DEFINITION_REPRESENTATION(#4,#10);
#4 = PRODUCT_DEFINITION_SHAPE('','',#5);
#5 = PRODUCT_DEFINITION('design','',#6,#9);
#6 = PRODUCT_DEFINITION_FORMATION('','',#7);
#7 = PRODUCT('Waveshare UPS HAT (B)','Waveshare UPS HAT (B)','',(#8));
#8 = PRODUCT_CONTEXT('',#2,'mechanical');
#9 = PRODUCT_DEFINITION_CONTEXT('part definition',#2,'design');
#10 = SHAPE_REPRESENTATION('',(#11,#15,#19,#23,#27,#31,#35,#39,#43,#47,
    #51,#55,#59,#63,#67,#71,#75,#79,#83),#87);
#11 = AXIS2_PLACEMENT_3D('',#12,#13,#14);
#12 = CARTESIAN_POINT('',(0.,0.,0.));
#13 = DIRECTION('',(0.,0.,1.));
#14 = DIRECTION('',(1.,0.,-0.));
#15 = AXIS2_PLACEMENT_3D('',#16,#17,#18);
#16 = CARTESIAN_POINT('',(0.,0.,0.));
#17 = DIRECTION('',(0.,0.,1.));
#18 = DIRECTION('',(1.,0.,0.));
#19 = AXIS2_PLACEMENT_3D('',#20,#21,#22);
#20 = CARTESIAN_POINT('',(0.,0.,0.));
#21 = DIRECTION('',(0.,0.,1.));
#22 = DIRECTION('',(1.,0.,0.));
#23 = AXIS2_PLACEMENT_3D('',#24,#25,#26);
#24 = CARTESIAN_POINT('',(0.,0.,0.));
#25 = DIRECTION('',(0.,0.,1.));
#26 = DIRECTION('',(1.,0.,0.));
#27 = AXIS2_PLACEMENT_3D('',#28,#29,#30);
#28 = CARTESIAN_POINT('',(0.,0.,0.));
#29 = DIRECTION('',(0.,0.,1.));
#30 = DIRECTION('',(1.,0.,0.));
#31 = AXIS2_PLACEMENT_3D('',#32,#33,#34);
#32 = CARTESIAN_POINT('',(0.,0.,0.));
#33 = DIRECTION('',(0.,0.,1.));
#34 = DIRECTION('',(1.,0.,0.));
#35 = AXIS2_PLACEMENT_3D('',#36,#37,#38);
#36 = CARTESIAN_POINT('',(0.,0.,0.));
#37 = DIRECTION('',(0.,0.,1.));
#38 = DIRECTION('',(1.,0.,0.));
#39 = AXIS2_PLACEMENT_3D('',#40,#41,#42);
#40 = CARTESIAN_POINT('',(0.,0.,0.));
#41 = DIRECTION('',(0.,0.,1.));
#42 = DIRECTION('',(1.,0.,0.));
#43 = AXIS2_PLACEMENT_3D('',#44,#45,#46);
#44 = CARTESIAN_POINT('',(0.,0.,0.));
#45 = DIRECTION('',(0.,0.,1.));
#46 = DIRECTION('',(1.,0.,0.));
#47 = AXIS2_PLACEMENT_3D('',#48,#49,#50);
#48 = CARTESIAN_POINT('',(0.,0.,0.));
#49 = DIRECTION('',(0.,0.,1.));
#50 = DIRECTION('',(1.,0.,0.));
#51 = AXIS2_PLACEMENT_3D('',#52,#53,#54);
#52 = CARTESIAN_POINT('',(0.,0.,0.));
#53 = DIRECTION('',(0.,0.,1.));
#54 = DIRECTION('',(1.,0.,0.));
#55 = AXIS2_PLACEMENT_3D('',#56,#57,#58);
#56 = CARTESIAN_POINT('',(0.,0.,0.));
#57 = DIRECTION('',(0.,0.,1.));
#58 = DIRECTION('',(1.,0.,0.));
#59 = AXIS2_PLACEMENT_3D('',#60,#61,#62);
#60 = CARTESIAN_POINT('',(0.,0.,0.));
#61 = DIRECTION('',(0.,0.,1.));
#62 = DIRECTION('',(1.,0.,0.));
#63 = AXIS2_PLACEMENT_3D('',#64,#65,#66);
#64 = CARTESIAN_POINT('',(0.,0.,0.));
#65 = DIRECTION('',(0.,0.,1.));
#66 = DIRECTION('',(1.,0.,0.));
#67 = AXIS2_PLACEMENT_3D('',#68,#69,#70);
#68 = CARTESIAN_POINT('',(0.,0.,0.));
#69 = DIRECTION('',(0.,0.,1.));
#70 = DIRECTION('',(1.,0.,0.));
#71 = AXIS2_PLACEMENT_3D('',#72,#73,#74);
#72 = CARTESIAN_POINT('',(0.,0.,0.));
#73 = DIRECTION('',(0.,0.,1.));
#74 = DIRECTION('',(1.,0.,0.));
#75 = AXIS2_PLACEMENT_3D('',#76,#77,#78);
#76 = CARTESIAN_POINT('',(0.,0.,0.));
#77 = DIRECTION('',(0.,0.,1.));
#78 = DIRECTION('',(1.,0.,0.));
#79 = AXIS2_PLACEMENT_3D('',#80,#81,#82);
#80 = CARTESIAN_POINT('',(0.,0.,0.));
#81 = DIRECTION('',(0.,0.,1.));
#82 = DIRECTION('',(1.,0.,0.));
#83 = AXIS2_PLACEMENT_3D('',#84,#85,#86);
#84 = CARTESIAN_POINT('',(0.,0.,0.));
#85 = DIRECTION('',(0.,0.,1.));
#86 = DIRECTION('',(1.,0.,0.));
#87 = ( GEOMETRIC_REPRESENTATION_CONTEXT(3) 
GLOBAL_UNCERTAINTY_ASSIGNED_CONTEXT((#91)) GLOBAL_UNIT_ASSIGNED_CONTEXT(
(#88,#89,#90)) REPRESENTATION_CONTEXT('Context #1',
  '3D Context with UNIT and UNCERTAINTY') );
#88 = ( LENGTH_UNIT() NAMED_UNIT(*) SI_UNIT(.MILLI.,.METRE.) );
#89 = ( NAMED_UNIT(*) PLANE_ANGLE_UNIT() SI_UNIT($,.RADIAN.) );
#90 = ( NAMED_UNIT(*) SI_UNIT($,.STERADIAN.) SOLID_ANGLE_UNIT() );
#91 = UNCERTAINTY_MEASURE_WITH_UNIT(LENGTH_MEASURE(1.E-07),#88,
  'distance_accuracy_value','confusion accuracy');
#92 = PRODUCT_RELATED_PRODUCT_CATEGORY('part',$,(#7));
#93 = SHAPE_DEFINITION_REPRESENTATION(#94,#100);
#94 = PRODUCT_DEFINITION_SHAPE('','',#95);
#95 = PRODUCT_DEFINITION('design','',#96,#99);
#96 = PRODUCT_DEFINITION_FORMATION('','',#97);
#97 = PRODUCT('PCB','PCB','',(#98));
#98 = PRODUCT_CONTEXT('',#2,'mechanical');
#99 = PRODUCT_DEFINITION_CONTEXT('part definition',#2,'design');
#100 = ADVANCED_BREP_SHAPE_REPRESENTATION('',(#11,#101),#547);
#101 = MANIFOLD_SOLID_BREP('',#102);
#102 = CLOSED_SHELL('',(#103,#143,#176,#209,#304,#399,#416,#433,#450,
    #467,#479,#496,#513,#530));
#103 = ADVANCED_FACE('',(#104),#138,.F.);
#104 = FACE_BOUND('',#105,.F.);
#105 = EDGE_LOOP('',(#106,#116,#124,#132));
#106 = ORIENTED_EDGE('',*,*,#107,.T.);
#107 = EDGE_CURVE('',#108,#110,#112,.T.);
#108 = VERTEX_POINT('',#109);
#109 = CARTESIAN_POINT('',(3.,-2.220446087252E-16,0.));
#110 = VERTEX_POINT('',#111);
#111 = CARTESIAN_POINT('',(3.,-2.220446087252E-16,1.6));
#112 = LINE('',#113,#114);
#113 = CARTESIAN_POINT('',(3.,-2.220446087252E-16,0.));
#114 = VECTOR('',#115,1.);
#115 = DIRECTION('',(0.,0.,1.));
#116 = ORIENTED_EDGE('',*,*,#117,.T.);
#117 = EDGE_CURVE('',#110,#118,#120,.T.);
#118 = VERTEX_POINT('',#119);
#119 = CARTESIAN_POINT('',(82.,2.886579864025E-15,1.6));
#120 = LINE('',#121,#122);
#121 = CARTESIAN_POINT('',(3.,0.,1.6));
#122 = VECTOR('',#123,1.);
#123 = DIRECTION('',(1.,0.,0.));
#124 = ORIENTED_EDGE('',*,*,#125,.F.);
#125 = EDGE_CURVE('',#126,#118,#128,.T.);
#126 = VERTEX_POINT('',#127);
#127 = CARTESIAN_POINT('',(82.,2.886579864025E-15,0.));
#128 = LINE('',#129,#130);
#129 = CARTESIAN_POINT('',(82.,2.886579864025E-15,0.));
#130 = VECTOR('',#131,1.);
#131 = DIRECTION('',(0.,0.,1.));
#132 = ORIENTED_EDGE('',*,*,#133,.F.);
#133 = EDGE_CURVE('',#108,#126,#134,.T.);
#134 = LINE('',#135,#136);
#135 = CARTESIAN_POINT('',(3.,0.,0.));
#136 = VECTOR('',#137,1.);
#137 = DIRECTION('',(1.,0.,0.));
#138 = PLANE('',#139);
#139 = AXIS2_PLACEMENT_3D('',#140,#141,#142);
#140 = CARTESIAN_POINT('',(3.,0.,0.));
#141 = DIRECTION('',(0.,1.,0.));
#142 = DIRECTION('',(1.,0.,0.));
#143 = ADVANCED_FACE('',(#144),#171,.T.);
#144 = FACE_BOUND('',#145,.F.);
#145 = EDGE_LOOP('',(#146,#156,#163,#164));
#146 = ORIENTED_EDGE('',*,*,#147,.T.);
#147 = EDGE_CURVE('',#148,#150,#152,.T.);
#148 = VERTEX_POINT('',#149);
#149 = CARTESIAN_POINT('',(-2.22044604925E-16,3.,0.));
#150 = VERTEX_POINT('',#151);
#151 = CARTESIAN_POINT('',(-2.22044604925E-16,3.,1.6));
#152 = LINE('',#153,#154);
#153 = CARTESIAN_POINT('',(-2.22044604925E-16,3.,0.));
#154 = VECTOR('',#155,1.);
#155 = DIRECTION('',(0.,0.,1.));
#156 = ORIENTED_EDGE('',*,*,#157,.T.);
#157 = EDGE_CURVE('',#150,#110,#158,.T.);
#158 = CIRCLE('',#159,3.);
#159 = AXIS2_PLACEMENT_3D('',#160,#161,#162);
#160 = CARTESIAN_POINT('',(3.,3.,1.6));
#161 = DIRECTION('',(0.,0.,1.));
#162 = DIRECTION('',(-1.,-2.960594732334E-16,0.));
#163 = ORIENTED_EDGE('',*,*,#107,.F.);
#164 = ORIENTED_EDGE('',*,*,#165,.F.);
#165 = EDGE_CURVE('',#148,#108,#166,.T.);
#166 = CIRCLE('',#167,3.);
#167 = AXIS2_PLACEMENT_3D('',#168,#169,#170);
#168 = CARTESIAN_POINT('',(3.,3.,0.));
#169 = DIRECTION('',(0.,0.,1.));
#170 = DIRECTION('',(-1.,-2.960594732334E-16,0.));
#171 = CYLINDRICAL_SURFACE('',#172,3.);
#172 = AXIS2_PLACEMENT_3D('',#173,#174,#175);
#173 = CARTESIAN_POINT('',(3.,3.,0.));
#174 = DIRECTION('',(-0.,-0.,-1.));
#175 = DIRECTION('',(-1.,-2.960594732334E-16,0.));
#176 = ADVANCED_FACE('',(#177),#204,.T.);
#177 = FACE_BOUND('',#178,.F.);
#178 = EDGE_LOOP('',(#179,#180,#189,#197));
#179 = ORIENTED_EDGE('',*,*,#125,.T.);
#180 = ORIENTED_EDGE('',*,*,#181,.T.);
#181 = EDGE_CURVE('',#118,#182,#184,.T.);
#182 = VERTEX_POINT('',#183);
#183 = CARTESIAN_POINT('',(85.,3.,1.6));
#184 = CIRCLE('',#185,3.);
#185 = AXIS2_PLACEMENT_3D('',#186,#187,#188);
#186 = CARTESIAN_POINT('',(82.,3.,1.6));
#187 = DIRECTION('',(0.,0.,1.));
#188 = DIRECTION('',(-4.736951571734E-15,-1.,0.));
#189 = ORIENTED_EDGE('',*,*,#190,.F.);
#190 = EDGE_CURVE('',#191,#182,#193,.T.);
#191 = VERTEX_POINT('',#192);
#192 = CARTESIAN_POINT('',(85.,3.,0.));
#193 = LINE('',#194,#195);
#194 = CARTESIAN_POINT('',(85.,3.,0.));
#195 = VECTOR('',#196,1.);
#196 = DIRECTION('',(0.,0.,1.));
#197 = ORIENTED_EDGE('',*,*,#198,.F.);
#198 = EDGE_CURVE('',#126,#191,#199,.T.);
#199 = CIRCLE('',#200,3.);
#200 = AXIS2_PLACEMENT_3D('',#201,#202,#203);
#201 = CARTESIAN_POINT('',(82.,3.,0.));
#202 = DIRECTION('',(0.,0.,1.));
#203 = DIRECTION('',(-4.736951571734E-15,-1.,0.));
#204 = CYLINDRICAL_SURFACE('',#205,3.);
#205 = AXIS2_PLACEMENT_3D('',#206,#207,#208);
#206 = CARTESIAN_POINT('',(82.,3.,0.));
#207 = DIRECTION('',(-0.,-0.,-1.));
#208 = DIRECTION('',(-4.736951571734E-15,-1.,0.));
#209 = ADVANCED_FACE('',(#210,#255,#266,#277,#288),#299,.F.);
#210 = FACE_BOUND('',#211,.F.);
#211 = EDGE_LOOP('',(#212,#213,#214,#222,#231,#239,#248,#254));
#212 = ORIENTED_EDGE('',*,*,#133,.T.);
#213 = ORIENTED_EDGE('',*,*,#198,.T.);
#214 = ORIENTED_EDGE('',*,*,#215,.T.);
#215 = EDGE_CURVE('',#191,#216,#218,.T.);
#216 = VERTEX_POINT('',#217);
#217 = CARTESIAN_POINT('',(85.,53.,0.));
#218 = LINE('',#219,#220);
#219 = CARTESIAN_POINT('',(85.,3.,0.));
#220 = VECTOR('',#221,1.);
#221 = DIRECTION('',(0.,1.,0.));
#222 = ORIENTED_EDGE('',*,*,#223,.T.);
#223 = EDGE_CURVE('',#216,#224,#226,.T.);
#224 = VERTEX_POINT('',#225);
#225 = CARTESIAN_POINT('',(82.,56.,0.));
#226 = CIRCLE('',#227,3.);
#227 = AXIS2_PLACEMENT_3D('',#228,#229,#230);
#228 = CARTESIAN_POINT('',(82.,53.,0.));
#229 = DIRECTION('',(0.,0.,1.));
#230 = DIRECTION('',(1.,-4.736951571734E-15,0.));
#231 = ORIENTED_EDGE('',*,*,#232,.T.);
#232 = EDGE_CURVE('',#224,#233,#235,.T.);
#233 = VERTEX_POINT('',#234);
#234 = CARTESIAN_POINT('',(3.,56.,0.));
#235 = LINE('',#236,#237);
#236 = CARTESIAN_POINT('',(82.,56.,0.));
#237 = VECTOR('',#238,1.);
#238 = DIRECTION('',(-1.,0.,0.));
#239 = ORIENTED_EDGE('',*,*,#240,.T.);
#240 = EDGE_CURVE('',#233,#241,#243,.T.);
#241 = VERTEX_POINT('',#242);
#242 = CARTESIAN_POINT('',(6.661338147751E-16,53.,0.));
#243 = CIRCLE('',#244,3.);
#244 = AXIS2_PLACEMENT_3D('',#245,#246,#247);
#245 = CARTESIAN_POINT('',(3.,53.,0.));
#246 = DIRECTION('',(0.,0.,1.));
#247 = DIRECTION('',(1.480297366167E-15,1.,-0.));
#248 = ORIENTED_EDGE('',*,*,#249,.T.);
#249 = EDGE_CURVE('',#241,#148,#250,.T.);
#250 = LINE('',#251,#252);
#251 = CARTESIAN_POINT('',(0.,53.,0.));
#252 = VECTOR('',#253,1.);
#253 = DIRECTION('',(0.,-1.,0.));
#254 = ORIENTED_EDGE('',*,*,#165,.T.);
#255 = FACE_BOUND('',#256,.F.);
#256 = EDGE_LOOP('',(#257));
#257 = ORIENTED_EDGE('',*,*,#258,.F.);
#258 = EDGE_CURVE('',#259,#259,#261,.T.);
#259 = VERTEX_POINT('',#260);
#260 = CARTESIAN_POINT('',(25.,3.5,0.));
#261 = CIRCLE('',#262,1.5);
#262 = AXIS2_PLACEMENT_3D('',#263,#264,#265);
#263 = CARTESIAN_POINT('',(23.5,3.5,0.));
#264 = DIRECTION('',(0.,0.,1.));
#265 = DIRECTION('',(1.,0.,-0.));
#266 = FACE_BOUND('',#267,.F.);
#267 = EDGE_LOOP('',(#268));
#268 = ORIENTED_EDGE('',*,*,#269,.F.);
#269 = EDGE_CURVE('',#270,#270,#272,.T.);
#270 = VERTEX_POINT('',#271);
#271 = CARTESIAN_POINT('',(83.,3.5,0.));
#272 = CIRCLE('',#273,1.5);
#273 = AXIS2_PLACEMENT_3D('',#274,#275,#276);
#274 = CARTESIAN_POINT('',(81.5,3.5,0.));
#275 = DIRECTION('',(0.,0.,1.));
#276 = DIRECTION('',(1.,0.,-0.));
#277 = FACE_BOUND('',#278,.F.);
#278 = EDGE_LOOP('',(#279));
#279 = ORIENTED_EDGE('',*,*,#280,.F.);
#280 = EDGE_CURVE('',#281,#281,#283,.T.);
#281 = VERTEX_POINT('',#282);
#282 = CARTESIAN_POINT('',(25.,52.5,0.));
#283 = CIRCLE('',#284,1.5);
#284 = AXIS2_PLACEMENT_3D('',#285,#286,#287);
#285 = CARTESIAN_POINT('',(23.5,52.5,0.));
#286 = DIRECTION('',(0.,0.,1.));
#287 = DIRECTION('',(1.,0.,-0.));
#288 = FACE_BOUND('',#289,.F.);
#289 = EDGE_LOOP('',(#290));
#290 = ORIENTED_EDGE('',*,*,#291,.F.);
#291 = EDGE_CURVE('',#292,#292,#294,.T.);
#292 = VERTEX_POINT('',#293);
#293 = CARTESIAN_POINT('',(83.,52.5,0.));
#294 = CIRCLE('',#295,1.5);
#295 = AXIS2_PLACEMENT_3D('',#296,#297,#298);
#296 = CARTESIAN_POINT('',(81.5,52.5,0.));
#297 = DIRECTION('',(0.,0.,1.));
#298 = DIRECTION('',(1.,0.,-0.));
#299 = PLANE('',#300);
#300 = AXIS2_PLACEMENT_3D('',#301,#302,#303);
#301 = CARTESIAN_POINT('',(42.5,28.,0.));
#302 = DIRECTION('',(0.,0.,1.));
#303 = DIRECTION('',(1.,0.,-0.));
#304 = ADVANCED_FACE('',(#305,#350,#361,#372,#383),#394,.T.);
#305 = FACE_BOUND('',#306,.T.);
#306 = EDGE_LOOP('',(#307,#308,#309,#317,#326,#334,#343,#349));
#307 = ORIENTED_EDGE('',*,*,#117,.T.);
#308 = ORIENTED_EDGE('',*,*,#181,.T.);
#309 = ORIENTED_EDGE('',*,*,#310,.T.);
#310 = EDGE_CURVE('',#182,#311,#313,.T.);
#311 = VERTEX_POINT('',#312);
#312 = CARTESIAN_POINT('',(85.,53.,1.6));
#313 = LINE('',#314,#315);
#314 = CARTESIAN_POINT('',(85.,3.,1.6));
#315 = VECTOR('',#316,1.);
#316 = DIRECTION('',(0.,1.,0.));
#317 = ORIENTED_EDGE('',*,*,#318,.T.);
#318 = EDGE_CURVE('',#311,#319,#321,.T.);
#319 = VERTEX_POINT('',#320);
#320 = CARTESIAN_POINT('',(82.,56.,1.6));
#321 = CIRCLE('',#322,3.);
#322 = AXIS2_PLACEMENT_3D('',#323,#324,#325);
#323 = CARTESIAN_POINT('',(82.,53.,1.6));
#324 = DIRECTION('',(0.,0.,1.));
#325 = DIRECTION('',(1.,-4.736951571734E-15,0.));
#326 = ORIENTED_EDGE('',*,*,#327,.T.);
#327 = EDGE_CURVE('',#319,#328,#330,.T.);
#328 = VERTEX_POINT('',#329);
#329 = CARTESIAN_POINT('',(3.,56.,1.6));
#330 = LINE('',#331,#332);
#331 = CARTESIAN_POINT('',(82.,56.,1.6));
#332 = VECTOR('',#333,1.);
#333 = DIRECTION('',(-1.,0.,0.));
#334 = ORIENTED_EDGE('',*,*,#335,.T.);
#335 = EDGE_CURVE('',#328,#336,#338,.T.);
#336 = VERTEX_POINT('',#337);
#337 = CARTESIAN_POINT('',(6.661338147751E-16,53.,1.6));
#338 = CIRCLE('',#339,3.);
#339 = AXIS2_PLACEMENT_3D('',#340,#341,#342);
#340 = CARTESIAN_POINT('',(3.,53.,1.6));
#341 = DIRECTION('',(0.,0.,1.));
#342 = DIRECTION('',(1.480297366167E-15,1.,-0.));
#343 = ORIENTED_EDGE('',*,*,#344,.T.);
#344 = EDGE_CURVE('',#336,#150,#345,.T.);
#345 = LINE('',#346,#347);
#346 = CARTESIAN_POINT('',(0.,53.,1.6));
#347 = VECTOR('',#348,1.);
#348 = DIRECTION('',(0.,-1.,0.));
#349 = ORIENTED_EDGE('',*,*,#157,.T.);
#350 = FACE_BOUND('',#351,.T.);
#351 = EDGE_LOOP('',(#352));
#352 = ORIENTED_EDGE('',*,*,#353,.F.);
#353 = EDGE_CURVE('',#354,#354,#356,.T.);
#354 = VERTEX_POINT('',#355);
#355 = CARTESIAN_POINT('',(25.,3.5,1.6));
#356 = CIRCLE('',#357,1.5);
#357 = AXIS2_PLACEMENT_3D('',#358,#359,#360);
#358 = CARTESIAN_POINT('',(23.5,3.5,1.6));
#359 = DIRECTION('',(0.,0.,1.));
#360 = DIRECTION('',(1.,0.,-0.));
#361 = FACE_BOUND('',#362,.T.);
#362 = EDGE_LOOP('',(#363));
#363 = ORIENTED_EDGE('',*,*,#364,.F.);
#364 = EDGE_CURVE('',#365,#365,#367,.T.);
#365 = VERTEX_POINT('',#366);
#366 = CARTESIAN_POINT('',(83.,3.5,1.6));
#367 = CIRCLE('',#368,1.5);
#368 = AXIS2_PLACEMENT_3D('',#369,#370,#371);
#369 = CARTESIAN_POINT('',(81.5,3.5,1.6));
#370 = DIRECTION('',(0.,0.,1.));
#371 = DIRECTION('',(1.,0.,-0.));
#372 = FACE_BOUND('',#373,.T.);
#373 = EDGE_LOOP('',(#374));
#374 = ORIENTED_EDGE('',*,*,#375,.F.);
#375 = EDGE_CURVE('',#376,#376,#378,.T.);
#376 = VERTEX_POINT('',#377);
#377 = CARTESIAN_POINT('',(25.,52.5,1.6));
#378 = CIRCLE('',#379,1.5);
#379 = AXIS2_PLACEMENT_3D('',#380,#381,#382);
#380 = CARTESIAN_POINT('',(23.5,52.5,1.6));
#381 = DIRECTION('',(0.,0.,1.));
#382 = DIRECTION('',(1.,0.,-0.));
#383 = FACE_BOUND('',#384,.T.);
#384 = EDGE_LOOP('',(#385));
#385 = ORIENTED_EDGE('',*,*,#386,.F.);
#386 = EDGE_CURVE('',#387,#387,#389,.T.);
#387 = VERTEX_POINT('',#388);
#388 = CARTESIAN_POINT('',(83.,52.5,1.6));
#389 = CIRCLE('',#390,1.5);
#390 = AXIS2_PLACEMENT_3D('',#391,#392,#393);
#391 = CARTESIAN_POINT('',(81.5,52.5,1.6));
#392 = DIRECTION('',(0.,0.,1.));
#393 = DIRECTION('',(1.,0.,-0.));
#394 = PLANE('',#395);
#395 = AXIS2_PLACEMENT_3D('',#396,#397,#398);
#396 = CARTESIAN_POINT('',(42.5,28.,1.6));
#397 = DIRECTION('',(0.,0.,1.));
#398 = DIRECTION('',(1.,0.,-0.));
#399 = ADVANCED_FACE('',(#400),#411,.F.);
#400 = FACE_BOUND('',#401,.F.);
#401 = EDGE_LOOP('',(#402,#408,#409,#410));
#402 = ORIENTED_EDGE('',*,*,#403,.T.);
#403 = EDGE_CURVE('',#241,#336,#404,.T.);
#404 = LINE('',#405,#406);
#405 = CARTESIAN_POINT('',(6.661338147751E-16,53.,0.));
#406 = VECTOR('',#407,1.);
#407 = DIRECTION('',(0.,0.,1.));
#408 = ORIENTED_EDGE('',*,*,#344,.T.);
#409 = ORIENTED_EDGE('',*,*,#147,.F.);
#410 = ORIENTED_EDGE('',*,*,#249,.F.);
#411 = PLANE('',#412);
#412 = AXIS2_PLACEMENT_3D('',#413,#414,#415);
#413 = CARTESIAN_POINT('',(0.,53.,0.));
#414 = DIRECTION('',(1.,0.,-0.));
#415 = DIRECTION('',(0.,-1.,0.));
#416 = ADVANCED_FACE('',(#417),#428,.F.);
#417 = FACE_BOUND('',#418,.F.);
#418 = EDGE_LOOP('',(#419,#420,#421,#427));
#419 = ORIENTED_EDGE('',*,*,#190,.T.);
#420 = ORIENTED_EDGE('',*,*,#310,.T.);
#421 = ORIENTED_EDGE('',*,*,#422,.F.);
#422 = EDGE_CURVE('',#216,#311,#423,.T.);
#423 = LINE('',#424,#425);
#424 = CARTESIAN_POINT('',(85.,53.,0.));
#425 = VECTOR('',#426,1.);
#426 = DIRECTION('',(0.,0.,1.));
#427 = ORIENTED_EDGE('',*,*,#215,.F.);
#428 = PLANE('',#429);
#429 = AXIS2_PLACEMENT_3D('',#430,#431,#432);
#430 = CARTESIAN_POINT('',(85.,3.,0.));
#431 = DIRECTION('',(-1.,0.,0.));
#432 = DIRECTION('',(0.,1.,0.));
#433 = ADVANCED_FACE('',(#434),#445,.T.);
#434 = FACE_BOUND('',#435,.F.);
#435 = EDGE_LOOP('',(#436,#442,#443,#444));
#436 = ORIENTED_EDGE('',*,*,#437,.T.);
#437 = EDGE_CURVE('',#233,#328,#438,.T.);
#438 = LINE('',#439,#440);
#439 = CARTESIAN_POINT('',(3.,56.,0.));
#440 = VECTOR('',#441,1.);
#441 = DIRECTION('',(0.,0.,1.));
#442 = ORIENTED_EDGE('',*,*,#335,.T.);
#443 = ORIENTED_EDGE('',*,*,#403,.F.);
#444 = ORIENTED_EDGE('',*,*,#240,.F.);
#445 = CYLINDRICAL_SURFACE('',#446,3.);
#446 = AXIS2_PLACEMENT_3D('',#447,#448,#449);
#447 = CARTESIAN_POINT('',(3.,53.,0.));
#448 = DIRECTION('',(-0.,-0.,-1.));
#449 = DIRECTION('',(1.480297366167E-15,1.,-0.));
#450 = ADVANCED_FACE('',(#451),#462,.T.);
#451 = FACE_BOUND('',#452,.F.);
#452 = EDGE_LOOP('',(#453,#454,#455,#461));
#453 = ORIENTED_EDGE('',*,*,#422,.T.);
#454 = ORIENTED_EDGE('',*,*,#318,.T.);
#455 = ORIENTED_EDGE('',*,*,#456,.F.);
#456 = EDGE_CURVE('',#224,#319,#457,.T.);
#457 = LINE('',#458,#459);
#458 = CARTESIAN_POINT('',(82.,56.,0.));
#459 = VECTOR('',#460,1.);
#460 = DIRECTION('',(0.,0.,1.));
#461 = ORIENTED_EDGE('',*,*,#223,.F.);
#462 = CYLINDRICAL_SURFACE('',#463,3.);
#463 = AXIS2_PLACEMENT_3D('',#464,#465,#466);
#464 = CARTESIAN_POINT('',(82.,53.,0.));
#465 = DIRECTION('',(-0.,-0.,-1.));
#466 = DIRECTION('',(1.,-4.736951571734E-15,0.));
#467 = ADVANCED_FACE('',(#468),#474,.F.);
#468 = FACE_BOUND('',#469,.F.);
#469 = EDGE_LOOP('',(#470,#471,#472,#473));
#470 = ORIENTED_EDGE('',*,*,#456,.T.);
#471 = ORIENTED_EDGE('',*,*,#327,.T.);
#472 = ORIENTED_EDGE('',*,*,#437,.F.);
#473 = ORIENTED_EDGE('',*,*,#232,.F.);
#474 = PLANE('',#475);
#475 = AXIS2_PLACEMENT_3D('',#476,#477,#478);
#476 = CARTESIAN_POINT('',(82.,56.,0.));
#477 = DIRECTION('',(0.,-1.,0.));
#478 = DIRECTION('',(-1.,0.,0.));
#479 = ADVANCED_FACE('',(#480),#491,.F.);
#480 = FACE_BOUND('',#481,.F.);
#481 = EDGE_LOOP('',(#482,#483,#489,#490));
#482 = ORIENTED_EDGE('',*,*,#353,.F.);
#483 = ORIENTED_EDGE('',*,*,#484,.F.);
#484 = EDGE_CURVE('',#259,#354,#485,.T.);
#485 = LINE('',#486,#487);
#486 = CARTESIAN_POINT('',(25.,3.5,-1.));
#487 = VECTOR('',#488,1.);
#488 = DIRECTION('',(0.,0.,1.));
#489 = ORIENTED_EDGE('',*,*,#258,.T.);
#490 = ORIENTED_EDGE('',*,*,#484,.T.);
#491 = CYLINDRICAL_SURFACE('',#492,1.5);
#492 = AXIS2_PLACEMENT_3D('',#493,#494,#495);
#493 = CARTESIAN_POINT('',(23.5,3.5,-1.));
#494 = DIRECTION('',(0.,0.,1.));
#495 = DIRECTION('',(1.,0.,-0.));
#496 = ADVANCED_FACE('',(#497),#508,.F.);
#497 = FACE_BOUND('',#498,.F.);
#498 = EDGE_LOOP('',(#499,#500,#506,#507));
#499 = ORIENTED_EDGE('',*,*,#364,.F.);
#500 = ORIENTED_EDGE('',*,*,#501,.F.);
#501 = EDGE_CURVE('',#270,#365,#502,.T.);
#502 = LINE('',#503,#504);
#503 = CARTESIAN_POINT('',(83.,3.5,-1.));
#504 = VECTOR('',#505,1.);
#505 = DIRECTION('',(0.,0.,1.));
#506 = ORIENTED_EDGE('',*,*,#269,.T.);
#507 = ORIENTED_EDGE('',*,*,#501,.T.);
#508 = CYLINDRICAL_SURFACE('',#509,1.5);
#509 = AXIS2_PLACEMENT_3D('',#510,#511,#512);
#510 = CARTESIAN_POINT('',(81.5,3.5,-1.));
#511 = DIRECTION('',(0.,0.,1.));
#512 = DIRECTION('',(1.,0.,-0.));
#513 = ADVANCED_FACE('',(#514),#525,.F.);
#514 = FACE_BOUND('',#515,.F.);
#515 = EDGE_LOOP('',(#516,#517,#523,#524));
#516 = ORIENTED_EDGE('',*,*,#375,.F.);
#517 = ORIENTED_EDGE('',*,*,#518,.F.);
#518 = EDGE_CURVE('',#281,#376,#519,.T.);
#519 = LINE('',#520,#521);
#520 = CARTESIAN_POINT('',(25.,52.5,-1.));
#521 = VECTOR('',#522,1.);
#522 = DIRECTION('',(0.,0.,1.));
#523 = ORIENTED_EDGE('',*,*,#280,.T.);
#524 = ORIENTED_EDGE('',*,*,#518,.T.);
#525 = CYLINDRICAL_SURFACE('',#526,1.5);
#526 = AXIS2_PLACEMENT_3D('',#527,#528,#529);
#527 = CARTESIAN_POINT('',(23.5,52.5,-1.));
#528 = DIRECTION('',(0.,0.,1.));
#529 = DIRECTION('',(1.,0.,-0.));
#530 = ADVANCED_FACE('',(#531),#542,.F.);
#531 = FACE_BOUND('',#532,.F.);
#532 = EDGE_LOOP('',(#533,#534,#540,#541));
#533 = ORIENTED_EDGE('',*,*,#386,.F.);
#534 = ORIENTED_EDGE('',*,*,#535,.F.);
#535 = EDGE_CURVE('',#292,#387,#536,.T.);
#536 = LINE('',#537,#538);
#537 = CARTESIAN_POINT('',(83.,52.5,-1.));
#538 = VECTOR('',#539,1.);
#539 = DIRECTION('',(0.,0.,1.));
#540 = ORIENTED_EDGE('',*,*,#291,.T.);
#541 = ORIENTED_EDGE('',*,*,#535,.T.);
#542 = CYLINDRICAL_SURFACE('',#543,1.5);
#543 = AXIS2_PLACEMENT_3D('',#544,#545,#546);
#544 = CARTESIAN_POINT('',(81.5,52.5,-1.));
#545 = DIRECTION('',(0.,0.,1.));
#546 = DIRECTION('',(1.,0.,-0.));
#547 = ( GEOMETRIC_REPRESENTATION_CONTEXT(3) 
GLOBAL_UNCERTAINTY_ASSIGNED_CONTEXT((#551)) GLOBAL_UNIT_ASSIGNED_CONTEXT
((#548,#549,#550)) REPRESENTATION_CONTEXT('Context #1',
  '3D Context with UNIT and UNCERTAINTY') );
#548 = ( LENGTH_UNIT() NAMED_UNIT(*) SI_UNIT(.MILLI.,.METRE.) );
#549 = ( NAMED_UNIT(*) PLANE_ANGLE_UNIT() SI_UNIT($,.RADIAN.) );
#550 = ( NAMED_UNIT(*) SI_UNIT($,.STERADIAN.) SOLID_ANGLE_UNIT() );
#551 = UNCERTAINTY_MEASURE_WITH_UNIT(LENGTH_MEASURE(1.E-07),#548,
  'distance_accuracy_value','confusion accuracy');
#552 = CONTEXT_DEPENDENT_SHAPE_REPRESENTATION(#553,#555);
#553 = ( REPRESENTATION_RELATIONSHIP('','',#100,#10) 
REPRESENTATION_RELATIONSHIP_WITH_TRANSFORMATION(#554) 
SHAPE_REPRESENTATION_RELATIONSHIP() );
#554 = ITEM_DEFINED_TRANSFORMATION('','',#11,#15);
#555 = PRODUCT_DEFINITION_SHAPE('Placement','Placement of an item',#556
  );
#556 = NEXT_ASSEMBLY_USAGE_OCCURRENCE('1','PCB','',#5,#95,$);
#557 = PRODUCT_RELATED_PRODUCT_CATEGORY('part',$,(#97));
#558 = SHAPE_DEFINITION_REPRESENTATION(#559,#565);
#559 = PRODUCT_DEFINITION_SHAPE('','',#560);
#560 = PRODUCT_DEFINITION('design','',#561,#564);
#561 = PRODUCT_DEFINITION_FORMATION('','',#562);
#562 = PRODUCT('Battery holder 2x18650','Battery holder 2x18650','',(
    #563));
#563 = PRODUCT_CONTEXT('',#2,'mechanical');
#564 = PRODUCT_DEFINITION_CONTEXT('part definition',#2,'design');
#565 = ADVANCED_BREP_SHAPE_REPRESENTATION('',(#11,#566),#1244);
#566 = MANIFOLD_SOLID_BREP('',#567);
#567 = CLOSED_SHELL('',(#568,#608,#671,#695,#751,#878,#902,#926,#943,
    #955,#979,#1003,#1020,#1055,#1079,#1103,#1120,#1155,#1179,#1203,
    #1220,#1232));
#568 = ADVANCED_FACE('',(#569),#603,.F.);
#569 = FACE_BOUND('',#570,.F.);
#570 = EDGE_LOOP('',(#571,#581,#589,#597));
#571 = ORIENTED_EDGE('',*,*,#572,.F.);
#572 = EDGE_CURVE('',#573,#575,#577,.T.);
#573 = VERTEX_POINT('',#574);
#574 = CARTESIAN_POINT('',(0.8,6.8,-20.));
#575 = VERTEX_POINT('',#576);
#576 = CARTESIAN_POINT('',(0.8,6.8,0.));
#577 = LINE('',#578,#579);
#578 = CARTESIAN_POINT('',(0.8,6.8,-20.));
#579 = VECTOR('',#580,1.);
#580 = DIRECTION('',(0.,0.,1.));
#581 = ORIENTED_EDGE('',*,*,#582,.T.);
#582 = EDGE_CURVE('',#573,#583,#585,.T.);
#583 = VERTEX_POINT('',#584);
#584 = CARTESIAN_POINT('',(0.8,48.3,-20.));
#585 = LINE('',#586,#587);
#586 = CARTESIAN_POINT('',(0.8,6.8,-20.));
#587 = VECTOR('',#588,1.);
#588 = DIRECTION('',(-0.,1.,0.));
#589 = ORIENTED_EDGE('',*,*,#590,.T.);
#590 = EDGE_CURVE('',#583,#591,#593,.T.);
#591 = VERTEX_POINT('',#592);
#592 = CARTESIAN_POINT('',(0.8,48.3,0.));
#593 = LINE('',#594,#595);
#594 = CARTESIAN_POINT('',(0.8,48.3,-20.));
#595 = VECTOR('',#596,1.);
#596 = DIRECTION('',(0.,0.,1.));
#597 = ORIENTED_EDGE('',*,*,#598,.F.);
#598 = EDGE_CURVE('',#575,#591,#599,.T.);
#599 = LINE('',#600,#601);
#600 = CARTESIAN_POINT('',(0.8,6.8,0.));
#601 = VECTOR('',#602,1.);
#602 = DIRECTION('',(-0.,1.,0.));
#603 = PLANE('',#604);
#604 = AXIS2_PLACEMENT_3D('',#605,#606,#607);
#605 = CARTESIAN_POINT('',(0.8,6.8,-20.));
#606 = DIRECTION('',(1.,0.,-0.));
#607 = DIRECTION('',(0.,0.,1.));
#608 = ADVANCED_FACE('',(#609),#666,.F.);
#609 = FACE_BOUND('',#610,.F.);
#610 = EDGE_LOOP('',(#611,#619,#620,#628,#636,#644,#652,#660));
#611 = ORIENTED_EDGE('',*,*,#612,.F.);
#612 = EDGE_CURVE('',#573,#613,#615,.T.);
#613 = VERTEX_POINT('',#614);
#614 = CARTESIAN_POINT('',(22.8,6.8,-20.));
#615 = LINE('',#616,#617);
#616 = CARTESIAN_POINT('',(0.8,6.8,-20.));
#617 = VECTOR('',#618,1.);
#618 = DIRECTION('',(1.,0.,-0.));
#619 = ORIENTED_EDGE('',*,*,#572,.T.);
#620 = ORIENTED_EDGE('',*,*,#621,.T.);
#621 = EDGE_CURVE('',#575,#622,#624,.T.);
#622 = VERTEX_POINT('',#623);
#623 = CARTESIAN_POINT('',(82.9,6.8,0.));
#624 = LINE('',#625,#626);
#625 = CARTESIAN_POINT('',(0.8,6.8,0.));
#626 = VECTOR('',#627,1.);
#627 = DIRECTION('',(1.,0.,-0.));
#628 = ORIENTED_EDGE('',*,*,#629,.F.);
#629 = EDGE_CURVE('',#630,#622,#632,.T.);
#630 = VERTEX_POINT('',#631);
#631 = CARTESIAN_POINT('',(82.9,6.8,-20.));
#632 = LINE('',#633,#634);
#633 = CARTESIAN_POINT('',(82.9,6.8,-20.));
#634 = VECTOR('',#635,1.);
#635 = DIRECTION('',(0.,0.,1.));
#636 = ORIENTED_EDGE('',*,*,#637,.F.);
#637 = EDGE_CURVE('',#638,#630,#640,.T.);
#638 = VERTEX_POINT('',#639);
#639 = CARTESIAN_POINT('',(60.9,6.8,-20.));
#640 = LINE('',#641,#642);
#641 = CARTESIAN_POINT('',(0.8,6.8,-20.));
#642 = VECTOR('',#643,1.);
#643 = DIRECTION('',(1.,0.,-0.));
#644 = ORIENTED_EDGE('',*,*,#645,.F.);
#645 = EDGE_CURVE('',#646,#638,#648,.T.);
#646 = VERTEX_POINT('',#647);
#647 = CARTESIAN_POINT('',(60.9,6.8,-12.));
#648 = LINE('',#649,#650);
#649 = CARTESIAN_POINT('',(60.9,6.8,-20.5));
#650 = VECTOR('',#651,1.);
#651 = DIRECTION('',(-0.,0.,-1.));
#652 = ORIENTED_EDGE('',*,*,#653,.F.);
#653 = EDGE_CURVE('',#654,#646,#656,.T.);
#654 = VERTEX_POINT('',#655);
#655 = CARTESIAN_POINT('',(22.8,6.8,-12.));
#656 = LINE('',#657,#658);
#657 = CARTESIAN_POINT('',(11.8,6.8,-12.));
#658 = VECTOR('',#659,1.);
#659 = DIRECTION('',(1.,0.,-0.));
#660 = ORIENTED_EDGE('',*,*,#661,.T.);
#661 = EDGE_CURVE('',#654,#613,#662,.T.);
#662 = LINE('',#663,#664);
#663 = CARTESIAN_POINT('',(22.8,6.8,-20.5));
#664 = VECTOR('',#665,1.);
#665 = DIRECTION('',(-0.,0.,-1.));
#666 = PLANE('',#667);
#667 = AXIS2_PLACEMENT_3D('',#668,#669,#670);
#668 = CARTESIAN_POINT('',(0.8,6.8,-20.));
#669 = DIRECTION('',(-0.,1.,0.));
#670 = DIRECTION('',(0.,0.,1.));
#671 = ADVANCED_FACE('',(#672),#690,.T.);
#672 = FACE_BOUND('',#673,.T.);
#673 = EDGE_LOOP('',(#674,#675,#676,#684));
#674 = ORIENTED_EDGE('',*,*,#598,.F.);
#675 = ORIENTED_EDGE('',*,*,#621,.T.);
#676 = ORIENTED_EDGE('',*,*,#677,.T.);
#677 = EDGE_CURVE('',#622,#678,#680,.T.);
#678 = VERTEX_POINT('',#679);
#679 = CARTESIAN_POINT('',(82.9,48.3,0.));
#680 = LINE('',#681,#682);
#681 = CARTESIAN_POINT('',(82.9,6.8,0.));
#682 = VECTOR('',#683,1.);
#683 = DIRECTION('',(-0.,1.,0.));
#684 = ORIENTED_EDGE('',*,*,#685,.F.);
#685 = EDGE_CURVE('',#591,#678,#686,.T.);
#686 = LINE('',#687,#688);
#687 = CARTESIAN_POINT('',(0.8,48.3,0.));
#688 = VECTOR('',#689,1.);
#689 = DIRECTION('',(1.,0.,-0.));
#690 = PLANE('',#691);
#691 = AXIS2_PLACEMENT_3D('',#692,#693,#694);
#692 = CARTESIAN_POINT('',(0.8,6.8,0.));
#693 = DIRECTION('',(0.,0.,1.));
#694 = DIRECTION('',(1.,0.,-0.));
#695 = ADVANCED_FACE('',(#696),#746,.T.);
#696 = FACE_BOUND('',#697,.T.);
#697 = EDGE_LOOP('',(#698,#706,#707,#708,#716,#724,#732,#740));
#698 = ORIENTED_EDGE('',*,*,#699,.F.);
#699 = EDGE_CURVE('',#583,#700,#702,.T.);
#700 = VERTEX_POINT('',#701);
#701 = CARTESIAN_POINT('',(22.8,48.3,-20.));
#702 = LINE('',#703,#704);
#703 = CARTESIAN_POINT('',(0.8,48.3,-20.));
#704 = VECTOR('',#705,1.);
#705 = DIRECTION('',(1.,0.,-0.));
#706 = ORIENTED_EDGE('',*,*,#590,.T.);
#707 = ORIENTED_EDGE('',*,*,#685,.T.);
#708 = ORIENTED_EDGE('',*,*,#709,.F.);
#709 = EDGE_CURVE('',#710,#678,#712,.T.);
#710 = VERTEX_POINT('',#711);
#711 = CARTESIAN_POINT('',(82.9,48.3,-20.));
#712 = LINE('',#713,#714);
#713 = CARTESIAN_POINT('',(82.9,48.3,-20.));
#714 = VECTOR('',#715,1.);
#715 = DIRECTION('',(0.,0.,1.));
#716 = ORIENTED_EDGE('',*,*,#717,.F.);
#717 = EDGE_CURVE('',#718,#710,#720,.T.);
#718 = VERTEX_POINT('',#719);
#719 = CARTESIAN_POINT('',(60.9,48.3,-20.));
#720 = LINE('',#721,#722);
#721 = CARTESIAN_POINT('',(0.8,48.3,-20.));
#722 = VECTOR('',#723,1.);
#723 = DIRECTION('',(1.,0.,-0.));
#724 = ORIENTED_EDGE('',*,*,#725,.F.);
#725 = EDGE_CURVE('',#726,#718,#728,.T.);
#726 = VERTEX_POINT('',#727);
#727 = CARTESIAN_POINT('',(60.9,48.3,-12.));
#728 = LINE('',#729,#730);
#729 = CARTESIAN_POINT('',(60.9,48.3,-20.5));
#730 = VECTOR('',#731,1.);
#731 = DIRECTION('',(-0.,0.,-1.));
#732 = ORIENTED_EDGE('',*,*,#733,.F.);
#733 = EDGE_CURVE('',#734,#726,#736,.T.);
#734 = VERTEX_POINT('',#735);
#735 = CARTESIAN_POINT('',(22.8,48.3,-12.));
#736 = LINE('',#737,#738);
#737 = CARTESIAN_POINT('',(11.8,48.3,-12.));
#738 = VECTOR('',#739,1.);
#739 = DIRECTION('',(1.,0.,-0.));
#740 = ORIENTED_EDGE('',*,*,#741,.T.);
#741 = EDGE_CURVE('',#734,#700,#742,.T.);
#742 = LINE('',#743,#744);
#743 = CARTESIAN_POINT('',(22.8,48.3,-20.5));
#744 = VECTOR('',#745,1.);
#745 = DIRECTION('',(-0.,0.,-1.));
#746 = PLANE('',#747);
#747 = AXIS2_PLACEMENT_3D('',#748,#749,#750);
#748 = CARTESIAN_POINT('',(0.8,48.3,-20.));
#749 = DIRECTION('',(-0.,1.,0.));
#750 = DIRECTION('',(0.,0.,1.));
#751 = ADVANCED_FACE('',(#752),#873,.F.);
#752 = FACE_BOUND('',#753,.F.);
#753 = EDGE_LOOP('',(#754,#755,#756,#757,#765,#773,#781,#789,#797,#805,
    #811,#812,#818,#819,#827,#835,#843,#851,#859,#867));
#754 = ORIENTED_EDGE('',*,*,#699,.F.);
#755 = ORIENTED_EDGE('',*,*,#582,.F.);
#756 = ORIENTED_EDGE('',*,*,#612,.T.);
#757 = ORIENTED_EDGE('',*,*,#758,.T.);
#758 = EDGE_CURVE('',#613,#759,#761,.T.);
#759 = VERTEX_POINT('',#760);
#760 = CARTESIAN_POINT('',(22.8,8.,-20.));
#761 = LINE('',#762,#763);
#762 = CARTESIAN_POINT('',(22.8,6.3,-20.));
#763 = VECTOR('',#764,1.);
#764 = DIRECTION('',(-0.,1.,0.));
#765 = ORIENTED_EDGE('',*,*,#766,.T.);
#766 = EDGE_CURVE('',#759,#767,#769,.T.);
#767 = VERTEX_POINT('',#768);
#768 = CARTESIAN_POINT('',(3.3,8.,-20.));
#769 = LINE('',#770,#771);
#770 = CARTESIAN_POINT('',(2.05,8.,-20.));
#771 = VECTOR('',#772,1.);
#772 = DIRECTION('',(-1.,-0.,0.));
#773 = ORIENTED_EDGE('',*,*,#774,.T.);
#774 = EDGE_CURVE('',#767,#775,#777,.T.);
#775 = VERTEX_POINT('',#776);
#776 = CARTESIAN_POINT('',(3.3,27.05,-20.));
#777 = LINE('',#778,#779);
#778 = CARTESIAN_POINT('',(3.3,7.4,-20.));
#779 = VECTOR('',#780,1.);
#780 = DIRECTION('',(-0.,1.,0.));
#781 = ORIENTED_EDGE('',*,*,#782,.F.);
#782 = EDGE_CURVE('',#783,#775,#785,.T.);
#783 = VERTEX_POINT('',#784);
#784 = CARTESIAN_POINT('',(80.4,27.05,-20.));
#785 = LINE('',#786,#787);
#786 = CARTESIAN_POINT('',(2.05,27.05,-20.));
#787 = VECTOR('',#788,1.);
#788 = DIRECTION('',(-1.,-0.,0.));
#789 = ORIENTED_EDGE('',*,*,#790,.F.);
#790 = EDGE_CURVE('',#791,#783,#793,.T.);
#791 = VERTEX_POINT('',#792);
#792 = CARTESIAN_POINT('',(80.4,8.,-20.));
#793 = LINE('',#794,#795);
#794 = CARTESIAN_POINT('',(80.4,7.4,-20.));
#795 = VECTOR('',#796,1.);
#796 = DIRECTION('',(-0.,1.,0.));
#797 = ORIENTED_EDGE('',*,*,#798,.T.);
#798 = EDGE_CURVE('',#791,#799,#801,.T.);
#799 = VERTEX_POINT('',#800);
#800 = CARTESIAN_POINT('',(60.9,8.,-20.));
#801 = LINE('',#802,#803);
#802 = CARTESIAN_POINT('',(2.05,8.,-20.));
#803 = VECTOR('',#804,1.);
#804 = DIRECTION('',(-1.,-0.,0.));
#805 = ORIENTED_EDGE('',*,*,#806,.F.);
#806 = EDGE_CURVE('',#638,#799,#807,.T.);
#807 = LINE('',#808,#809);
#808 = CARTESIAN_POINT('',(60.9,6.3,-20.));
#809 = VECTOR('',#810,1.);
#810 = DIRECTION('',(-0.,1.,0.));
#811 = ORIENTED_EDGE('',*,*,#637,.T.);
#812 = ORIENTED_EDGE('',*,*,#813,.T.);
#813 = EDGE_CURVE('',#630,#710,#814,.T.);
#814 = LINE('',#815,#816);
#815 = CARTESIAN_POINT('',(82.9,6.8,-20.));
#816 = VECTOR('',#817,1.);
#817 = DIRECTION('',(-0.,1.,0.));
#818 = ORIENTED_EDGE('',*,*,#717,.F.);
#819 = ORIENTED_EDGE('',*,*,#820,.F.);
#820 = EDGE_CURVE('',#821,#718,#823,.T.);
#821 = VERTEX_POINT('',#822);
#822 = CARTESIAN_POINT('',(60.9,47.1,-20.));
#823 = LINE('',#824,#825);
#824 = CARTESIAN_POINT('',(60.9,26.45,-20.));
#825 = VECTOR('',#826,1.);
#826 = DIRECTION('',(-0.,1.,0.));
#827 = ORIENTED_EDGE('',*,*,#828,.F.);
#828 = EDGE_CURVE('',#829,#821,#831,.T.);
#829 = VERTEX_POINT('',#830);
#830 = CARTESIAN_POINT('',(80.4,47.1,-20.));
#831 = LINE('',#832,#833);
#832 = CARTESIAN_POINT('',(2.05,47.1,-20.));
#833 = VECTOR('',#834,1.);
#834 = DIRECTION('',(-1.,-0.,0.));
#835 = ORIENTED_EDGE('',*,*,#836,.F.);
#836 = EDGE_CURVE('',#837,#829,#839,.T.);
#837 = VERTEX_POINT('',#838);
#838 = CARTESIAN_POINT('',(80.4,28.05,-20.));
#839 = LINE('',#840,#841);
#840 = CARTESIAN_POINT('',(80.4,17.425,-20.));
#841 = VECTOR('',#842,1.);
#842 = DIRECTION('',(-0.,1.,0.));
#843 = ORIENTED_EDGE('',*,*,#844,.T.);
#844 = EDGE_CURVE('',#837,#845,#847,.T.);
#845 = VERTEX_POINT('',#846);
#846 = CARTESIAN_POINT('',(3.3,28.05,-20.));
#847 = LINE('',#848,#849);
#848 = CARTESIAN_POINT('',(2.05,28.05,-20.));
#849 = VECTOR('',#850,1.);
#850 = DIRECTION('',(-1.,-0.,0.));
#851 = ORIENTED_EDGE('',*,*,#852,.T.);
#852 = EDGE_CURVE('',#845,#853,#855,.T.);
#853 = VERTEX_POINT('',#854);
#854 = CARTESIAN_POINT('',(3.3,47.1,-20.));
#855 = LINE('',#856,#857);
#856 = CARTESIAN_POINT('',(3.3,17.425,-20.));
#857 = VECTOR('',#858,1.);
#858 = DIRECTION('',(-0.,1.,0.));
#859 = ORIENTED_EDGE('',*,*,#860,.F.);
#860 = EDGE_CURVE('',#861,#853,#863,.T.);
#861 = VERTEX_POINT('',#862);
#862 = CARTESIAN_POINT('',(22.8,47.1,-20.));
#863 = LINE('',#864,#865);
#864 = CARTESIAN_POINT('',(2.05,47.1,-20.));
#865 = VECTOR('',#866,1.);
#866 = DIRECTION('',(-1.,-0.,0.));
#867 = ORIENTED_EDGE('',*,*,#868,.T.);
#868 = EDGE_CURVE('',#861,#700,#869,.T.);
#869 = LINE('',#870,#871);
#870 = CARTESIAN_POINT('',(22.8,26.45,-20.));
#871 = VECTOR('',#872,1.);
#872 = DIRECTION('',(-0.,1.,0.));
#873 = PLANE('',#874);
#874 = AXIS2_PLACEMENT_3D('',#875,#876,#877);
#875 = CARTESIAN_POINT('',(0.8,6.8,-20.));
#876 = DIRECTION('',(0.,0.,1.));
#877 = DIRECTION('',(1.,0.,-0.));
#878 = ADVANCED_FACE('',(#879),#897,.T.);
#879 = FACE_BOUND('',#880,.T.);
#880 = EDGE_LOOP('',(#881,#889,#890,#891));
#881 = ORIENTED_EDGE('',*,*,#882,.F.);
#882 = EDGE_CURVE('',#654,#883,#885,.T.);
#883 = VERTEX_POINT('',#884);
#884 = CARTESIAN_POINT('',(22.8,8.,-12.));
#885 = LINE('',#886,#887);
#886 = CARTESIAN_POINT('',(22.8,5.8,-12.));
#887 = VECTOR('',#888,1.);
#888 = DIRECTION('',(-0.,1.,0.));
#889 = ORIENTED_EDGE('',*,*,#661,.T.);
#890 = ORIENTED_EDGE('',*,*,#758,.T.);
#891 = ORIENTED_EDGE('',*,*,#892,.F.);
#892 = EDGE_CURVE('',#883,#759,#893,.T.);
#893 = LINE('',#894,#895);
#894 = CARTESIAN_POINT('',(22.8,8.,-21.));
#895 = VECTOR('',#896,1.);
#896 = DIRECTION('',(-0.,0.,-1.));
#897 = PLANE('',#898);
#898 = AXIS2_PLACEMENT_3D('',#899,#900,#901);
#899 = CARTESIAN_POINT('',(22.8,5.8,-21.));
#900 = DIRECTION('',(1.,0.,-0.));
#901 = DIRECTION('',(0.,0.,1.));
#902 = ADVANCED_FACE('',(#903),#921,.F.);
#903 = FACE_BOUND('',#904,.F.);
#904 = EDGE_LOOP('',(#905,#906,#907,#915));
#905 = ORIENTED_EDGE('',*,*,#882,.F.);
#906 = ORIENTED_EDGE('',*,*,#653,.T.);
#907 = ORIENTED_EDGE('',*,*,#908,.T.);
#908 = EDGE_CURVE('',#646,#909,#911,.T.);
#909 = VERTEX_POINT('',#910);
#910 = CARTESIAN_POINT('',(60.9,8.,-12.));
#911 = LINE('',#912,#913);
#912 = CARTESIAN_POINT('',(60.9,5.8,-12.));
#913 = VECTOR('',#914,1.);
#914 = DIRECTION('',(-0.,1.,0.));
#915 = ORIENTED_EDGE('',*,*,#916,.F.);
#916 = EDGE_CURVE('',#883,#909,#917,.T.);
#917 = LINE('',#918,#919);
#918 = CARTESIAN_POINT('',(13.05,8.,-12.));
#919 = VECTOR('',#920,1.);
#920 = DIRECTION('',(1.,0.,-0.));
#921 = PLANE('',#922);
#922 = AXIS2_PLACEMENT_3D('',#923,#924,#925);
#923 = CARTESIAN_POINT('',(22.8,5.8,-12.));
#924 = DIRECTION('',(0.,0.,1.));
#925 = DIRECTION('',(1.,0.,-0.));
#926 = ADVANCED_FACE('',(#927),#938,.F.);
#927 = FACE_BOUND('',#928,.F.);
#928 = EDGE_LOOP('',(#929,#930,#931,#932));
#929 = ORIENTED_EDGE('',*,*,#908,.F.);
#930 = ORIENTED_EDGE('',*,*,#645,.T.);
#931 = ORIENTED_EDGE('',*,*,#806,.T.);
#932 = ORIENTED_EDGE('',*,*,#933,.F.);
#933 = EDGE_CURVE('',#909,#799,#934,.T.);
#934 = LINE('',#935,#936);
#935 = CARTESIAN_POINT('',(60.9,8.,-21.));
#936 = VECTOR('',#937,1.);
#937 = DIRECTION('',(-0.,0.,-1.));
#938 = PLANE('',#939);
#939 = AXIS2_PLACEMENT_3D('',#940,#941,#942);
#940 = CARTESIAN_POINT('',(60.9,5.8,-21.));
#941 = DIRECTION('',(1.,0.,-0.));
#942 = DIRECTION('',(0.,0.,1.));
#943 = ADVANCED_FACE('',(#944),#950,.T.);
#944 = FACE_BOUND('',#945,.T.);
#945 = EDGE_LOOP('',(#946,#947,#948,#949));
#946 = ORIENTED_EDGE('',*,*,#629,.F.);
#947 = ORIENTED_EDGE('',*,*,#813,.T.);
#948 = ORIENTED_EDGE('',*,*,#709,.T.);
#949 = ORIENTED_EDGE('',*,*,#677,.F.);
#950 = PLANE('',#951);
#951 = AXIS2_PLACEMENT_3D('',#952,#953,#954);
#952 = CARTESIAN_POINT('',(82.9,6.8,-20.));
#953 = DIRECTION('',(1.,0.,-0.));
#954 = DIRECTION('',(0.,0.,1.));
#955 = ADVANCED_FACE('',(#956),#974,.T.);
#956 = FACE_BOUND('',#957,.T.);
#957 = EDGE_LOOP('',(#958,#966,#972,#973));
#958 = ORIENTED_EDGE('',*,*,#959,.F.);
#959 = EDGE_CURVE('',#960,#734,#962,.T.);
#960 = VERTEX_POINT('',#961);
#961 = CARTESIAN_POINT('',(22.8,47.1,-12.));
#962 = LINE('',#963,#964);
#963 = CARTESIAN_POINT('',(22.8,46.1,-12.));
#964 = VECTOR('',#965,1.);
#965 = DIRECTION('',(-0.,1.,0.));
#966 = ORIENTED_EDGE('',*,*,#967,.T.);
#967 = EDGE_CURVE('',#960,#861,#968,.T.);
#968 = LINE('',#969,#970);
#969 = CARTESIAN_POINT('',(22.8,47.1,-21.));
#970 = VECTOR('',#971,1.);
#971 = DIRECTION('',(-0.,0.,-1.));
#972 = ORIENTED_EDGE('',*,*,#868,.T.);
#973 = ORIENTED_EDGE('',*,*,#741,.F.);
#974 = PLANE('',#975);
#975 = AXIS2_PLACEMENT_3D('',#976,#977,#978);
#976 = CARTESIAN_POINT('',(22.8,46.1,-21.));
#977 = DIRECTION('',(1.,0.,-0.));
#978 = DIRECTION('',(0.,0.,1.));
#979 = ADVANCED_FACE('',(#980),#998,.F.);
#980 = FACE_BOUND('',#981,.F.);
#981 = EDGE_LOOP('',(#982,#983,#991,#997));
#982 = ORIENTED_EDGE('',*,*,#959,.F.);
#983 = ORIENTED_EDGE('',*,*,#984,.T.);
#984 = EDGE_CURVE('',#960,#985,#987,.T.);
#985 = VERTEX_POINT('',#986);
#986 = CARTESIAN_POINT('',(60.9,47.1,-12.));
#987 = LINE('',#988,#989);
#988 = CARTESIAN_POINT('',(13.05,47.1,-12.));
#989 = VECTOR('',#990,1.);
#990 = DIRECTION('',(1.,0.,-0.));
#991 = ORIENTED_EDGE('',*,*,#992,.T.);
#992 = EDGE_CURVE('',#985,#726,#993,.T.);
#993 = LINE('',#994,#995);
#994 = CARTESIAN_POINT('',(60.9,46.1,-12.));
#995 = VECTOR('',#996,1.);
#996 = DIRECTION('',(-0.,1.,0.));
#997 = ORIENTED_EDGE('',*,*,#733,.F.);
#998 = PLANE('',#999);
#999 = AXIS2_PLACEMENT_3D('',#1000,#1001,#1002);
#1000 = CARTESIAN_POINT('',(22.8,46.1,-12.));
#1001 = DIRECTION('',(0.,0.,1.));
#1002 = DIRECTION('',(1.,0.,-0.));
#1003 = ADVANCED_FACE('',(#1004),#1015,.F.);
#1004 = FACE_BOUND('',#1005,.F.);
#1005 = EDGE_LOOP('',(#1006,#1007,#1013,#1014));
#1006 = ORIENTED_EDGE('',*,*,#992,.F.);
#1007 = ORIENTED_EDGE('',*,*,#1008,.T.);
#1008 = EDGE_CURVE('',#985,#821,#1009,.T.);
#1009 = LINE('',#1010,#1011);
#1010 = CARTESIAN_POINT('',(60.9,47.1,-21.));
#1011 = VECTOR('',#1012,1.);
#1012 = DIRECTION('',(-0.,0.,-1.));
#1013 = ORIENTED_EDGE('',*,*,#820,.T.);
#1014 = ORIENTED_EDGE('',*,*,#725,.F.);
#1015 = PLANE('',#1016);
#1016 = AXIS2_PLACEMENT_3D('',#1017,#1018,#1019);
#1017 = CARTESIAN_POINT('',(60.9,46.1,-21.));
#1018 = DIRECTION('',(1.,0.,-0.));
#1019 = DIRECTION('',(0.,0.,1.));
#1020 = ADVANCED_FACE('',(#1021),#1050,.F.);
#1021 = FACE_BOUND('',#1022,.F.);
#1022 = EDGE_LOOP('',(#1023,#1031,#1032,#1033,#1034,#1035,#1036,#1044));
#1023 = ORIENTED_EDGE('',*,*,#1024,.F.);
#1024 = EDGE_CURVE('',#829,#1025,#1027,.T.);
#1025 = VERTEX_POINT('',#1026);
#1026 = CARTESIAN_POINT('',(80.4,47.1,-1.5));
#1027 = LINE('',#1028,#1029);
#1028 = CARTESIAN_POINT('',(80.4,47.1,-21.));
#1029 = VECTOR('',#1030,1.);
#1030 = DIRECTION('',(0.,0.,1.));
#1031 = ORIENTED_EDGE('',*,*,#828,.T.);
#1032 = ORIENTED_EDGE('',*,*,#1008,.F.);
#1033 = ORIENTED_EDGE('',*,*,#984,.F.);
#1034 = ORIENTED_EDGE('',*,*,#967,.T.);
#1035 = ORIENTED_EDGE('',*,*,#860,.T.);
#1036 = ORIENTED_EDGE('',*,*,#1037,.T.);
#1037 = EDGE_CURVE('',#853,#1038,#1040,.T.);
#1038 = VERTEX_POINT('',#1039);
#1039 = CARTESIAN_POINT('',(3.3,47.1,-1.5));
#1040 = LINE('',#1041,#1042);
#1041 = CARTESIAN_POINT('',(3.3,47.1,-21.));
#1042 = VECTOR('',#1043,1.);
#1043 = DIRECTION('',(0.,0.,1.));
#1044 = ORIENTED_EDGE('',*,*,#1045,.T.);
#1045 = EDGE_CURVE('',#1038,#1025,#1046,.T.);
#1046 = LINE('',#1047,#1048);
#1047 = CARTESIAN_POINT('',(3.3,47.1,-1.5));
#1048 = VECTOR('',#1049,1.);
#1049 = DIRECTION('',(1.,0.,-0.));
#1050 = PLANE('',#1051);
#1051 = AXIS2_PLACEMENT_3D('',#1052,#1053,#1054);
#1052 = CARTESIAN_POINT('',(3.3,47.1,-21.));
#1053 = DIRECTION('',(-0.,1.,0.));
#1054 = DIRECTION('',(0.,0.,1.));
#1055 = ADVANCED_FACE('',(#1056),#1074,.T.);
#1056 = FACE_BOUND('',#1057,.T.);
#1057 = EDGE_LOOP('',(#1058,#1066,#1067,#1068));
#1058 = ORIENTED_EDGE('',*,*,#1059,.F.);
#1059 = EDGE_CURVE('',#845,#1060,#1062,.T.);
#1060 = VERTEX_POINT('',#1061);
#1061 = CARTESIAN_POINT('',(3.3,28.05,-1.5));
#1062 = LINE('',#1063,#1064);
#1063 = CARTESIAN_POINT('',(3.3,28.05,-21.));
#1064 = VECTOR('',#1065,1.);
#1065 = DIRECTION('',(0.,0.,1.));
#1066 = ORIENTED_EDGE('',*,*,#852,.T.);
#1067 = ORIENTED_EDGE('',*,*,#1037,.T.);
#1068 = ORIENTED_EDGE('',*,*,#1069,.F.);
#1069 = EDGE_CURVE('',#1060,#1038,#1070,.T.);
#1070 = LINE('',#1071,#1072);
#1071 = CARTESIAN_POINT('',(3.3,28.05,-1.5));
#1072 = VECTOR('',#1073,1.);
#1073 = DIRECTION('',(-0.,1.,0.));
#1074 = PLANE('',#1075);
#1075 = AXIS2_PLACEMENT_3D('',#1076,#1077,#1078);
#1076 = CARTESIAN_POINT('',(3.3,28.05,-21.));
#1077 = DIRECTION('',(1.,0.,-0.));
#1078 = DIRECTION('',(0.,0.,1.));
#1079 = ADVANCED_FACE('',(#1080),#1098,.T.);
#1080 = FACE_BOUND('',#1081,.T.);
#1081 = EDGE_LOOP('',(#1082,#1090,#1091,#1092));
#1082 = ORIENTED_EDGE('',*,*,#1083,.F.);
#1083 = EDGE_CURVE('',#837,#1084,#1086,.T.);
#1084 = VERTEX_POINT('',#1085);
#1085 = CARTESIAN_POINT('',(80.4,28.05,-1.5));
#1086 = LINE('',#1087,#1088);
#1087 = CARTESIAN_POINT('',(80.4,28.05,-21.));
#1088 = VECTOR('',#1089,1.);
#1089 = DIRECTION('',(0.,0.,1.));
#1090 = ORIENTED_EDGE('',*,*,#844,.T.);
#1091 = ORIENTED_EDGE('',*,*,#1059,.T.);
#1092 = ORIENTED_EDGE('',*,*,#1093,.T.);
#1093 = EDGE_CURVE('',#1060,#1084,#1094,.T.);
#1094 = LINE('',#1095,#1096);
#1095 = CARTESIAN_POINT('',(3.3,28.05,-1.5));
#1096 = VECTOR('',#1097,1.);
#1097 = DIRECTION('',(1.,0.,-0.));
#1098 = PLANE('',#1099);
#1099 = AXIS2_PLACEMENT_3D('',#1100,#1101,#1102);
#1100 = CARTESIAN_POINT('',(3.3,28.05,-21.));
#1101 = DIRECTION('',(-0.,1.,0.));
#1102 = DIRECTION('',(0.,0.,1.));
#1103 = ADVANCED_FACE('',(#1104),#1115,.F.);
#1104 = FACE_BOUND('',#1105,.F.);
#1105 = EDGE_LOOP('',(#1106,#1107,#1108,#1109));
#1106 = ORIENTED_EDGE('',*,*,#1083,.F.);
#1107 = ORIENTED_EDGE('',*,*,#836,.T.);
#1108 = ORIENTED_EDGE('',*,*,#1024,.T.);
#1109 = ORIENTED_EDGE('',*,*,#1110,.F.);
#1110 = EDGE_CURVE('',#1084,#1025,#1111,.T.);
#1111 = LINE('',#1112,#1113);
#1112 = CARTESIAN_POINT('',(80.4,28.05,-1.5));
#1113 = VECTOR('',#1114,1.);
#1114 = DIRECTION('',(-0.,1.,0.));
#1115 = PLANE('',#1116);
#1116 = AXIS2_PLACEMENT_3D('',#1117,#1118,#1119);
#1117 = CARTESIAN_POINT('',(80.4,28.05,-21.));
#1118 = DIRECTION('',(1.,0.,-0.));
#1119 = DIRECTION('',(0.,0.,1.));
#1120 = ADVANCED_FACE('',(#1121),#1150,.T.);
#1121 = FACE_BOUND('',#1122,.T.);
#1122 = EDGE_LOOP('',(#1123,#1131,#1132,#1133,#1134,#1135,#1136,#1144));
#1123 = ORIENTED_EDGE('',*,*,#1124,.F.);
#1124 = EDGE_CURVE('',#791,#1125,#1127,.T.);
#1125 = VERTEX_POINT('',#1126);
#1126 = CARTESIAN_POINT('',(80.4,8.,-1.5));
#1127 = LINE('',#1128,#1129);
#1128 = CARTESIAN_POINT('',(80.4,8.,-21.));
#1129 = VECTOR('',#1130,1.);
#1130 = DIRECTION('',(0.,0.,1.));
#1131 = ORIENTED_EDGE('',*,*,#798,.T.);
#1132 = ORIENTED_EDGE('',*,*,#933,.F.);
#1133 = ORIENTED_EDGE('',*,*,#916,.F.);
#1134 = ORIENTED_EDGE('',*,*,#892,.T.);
#1135 = ORIENTED_EDGE('',*,*,#766,.T.);
#1136 = ORIENTED_EDGE('',*,*,#1137,.T.);
#1137 = EDGE_CURVE('',#767,#1138,#1140,.T.);
#1138 = VERTEX_POINT('',#1139);
#1139 = CARTESIAN_POINT('',(3.3,8.,-1.5));
#1140 = LINE('',#1141,#1142);
#1141 = CARTESIAN_POINT('',(3.3,8.,-21.));
#1142 = VECTOR('',#1143,1.);
#1143 = DIRECTION('',(0.,0.,1.));
#1144 = ORIENTED_EDGE('',*,*,#1145,.T.);
#1145 = EDGE_CURVE('',#1138,#1125,#1146,.T.);
#1146 = LINE('',#1147,#1148);
#1147 = CARTESIAN_POINT('',(3.3,8.,-1.5));
#1148 = VECTOR('',#1149,1.);
#1149 = DIRECTION('',(1.,0.,-0.));
#1150 = PLANE('',#1151);
#1151 = AXIS2_PLACEMENT_3D('',#1152,#1153,#1154);
#1152 = CARTESIAN_POINT('',(3.3,8.,-21.));
#1153 = DIRECTION('',(-0.,1.,0.));
#1154 = DIRECTION('',(0.,0.,1.));
#1155 = ADVANCED_FACE('',(#1156),#1174,.F.);
#1156 = FACE_BOUND('',#1157,.F.);
#1157 = EDGE_LOOP('',(#1158,#1159,#1160,#1168));
#1158 = ORIENTED_EDGE('',*,*,#1124,.F.);
#1159 = ORIENTED_EDGE('',*,*,#790,.T.);
#1160 = ORIENTED_EDGE('',*,*,#1161,.T.);
#1161 = EDGE_CURVE('',#783,#1162,#1164,.T.);
#1162 = VERTEX_POINT('',#1163);
#1163 = CARTESIAN_POINT('',(80.4,27.05,-1.5));
#1164 = LINE('',#1165,#1166);
#1165 = CARTESIAN_POINT('',(80.4,27.05,-21.));
#1166 = VECTOR('',#1167,1.);
#1167 = DIRECTION('',(0.,0.,1.));
#1168 = ORIENTED_EDGE('',*,*,#1169,.F.);
#1169 = EDGE_CURVE('',#1125,#1162,#1170,.T.);
#1170 = LINE('',#1171,#1172);
#1171 = CARTESIAN_POINT('',(80.4,8.,-1.5));
#1172 = VECTOR('',#1173,1.);
#1173 = DIRECTION('',(-0.,1.,0.));
#1174 = PLANE('',#1175);
#1175 = AXIS2_PLACEMENT_3D('',#1176,#1177,#1178);
#1176 = CARTESIAN_POINT('',(80.4,8.,-21.));
#1177 = DIRECTION('',(1.,0.,-0.));
#1178 = DIRECTION('',(0.,0.,1.));
#1179 = ADVANCED_FACE('',(#1180),#1198,.F.);
#1180 = FACE_BOUND('',#1181,.F.);
#1181 = EDGE_LOOP('',(#1182,#1183,#1184,#1192));
#1182 = ORIENTED_EDGE('',*,*,#1161,.F.);
#1183 = ORIENTED_EDGE('',*,*,#782,.T.);
#1184 = ORIENTED_EDGE('',*,*,#1185,.T.);
#1185 = EDGE_CURVE('',#775,#1186,#1188,.T.);
#1186 = VERTEX_POINT('',#1187);
#1187 = CARTESIAN_POINT('',(3.3,27.05,-1.5));
#1188 = LINE('',#1189,#1190);
#1189 = CARTESIAN_POINT('',(3.3,27.05,-21.));
#1190 = VECTOR('',#1191,1.);
#1191 = DIRECTION('',(0.,0.,1.));
#1192 = ORIENTED_EDGE('',*,*,#1193,.T.);
#1193 = EDGE_CURVE('',#1186,#1162,#1194,.T.);
#1194 = LINE('',#1195,#1196);
#1195 = CARTESIAN_POINT('',(3.3,27.05,-1.5));
#1196 = VECTOR('',#1197,1.);
#1197 = DIRECTION('',(1.,0.,-0.));
#1198 = PLANE('',#1199);
#1199 = AXIS2_PLACEMENT_3D('',#1200,#1201,#1202);
#1200 = CARTESIAN_POINT('',(3.3,27.05,-21.));
#1201 = DIRECTION('',(-0.,1.,0.));
#1202 = DIRECTION('',(0.,0.,1.));
#1203 = ADVANCED_FACE('',(#1204),#1215,.T.);
#1204 = FACE_BOUND('',#1205,.T.);
#1205 = EDGE_LOOP('',(#1206,#1207,#1208,#1209));
#1206 = ORIENTED_EDGE('',*,*,#1137,.F.);
#1207 = ORIENTED_EDGE('',*,*,#774,.T.);
#1208 = ORIENTED_EDGE('',*,*,#1185,.T.);
#1209 = ORIENTED_EDGE('',*,*,#1210,.F.);
#1210 = EDGE_CURVE('',#1138,#1186,#1211,.T.);
#1211 = LINE('',#1212,#1213);
#1212 = CARTESIAN_POINT('',(3.3,8.,-1.5));
#1213 = VECTOR('',#1214,1.);
#1214 = DIRECTION('',(-0.,1.,0.));
#1215 = PLANE('',#1216);
#1216 = AXIS2_PLACEMENT_3D('',#1217,#1218,#1219);
#1217 = CARTESIAN_POINT('',(3.3,8.,-21.));
#1218 = DIRECTION('',(1.,0.,-0.));
#1219 = DIRECTION('',(0.,0.,1.));
#1220 = ADVANCED_FACE('',(#1221),#1227,.F.);
#1221 = FACE_BOUND('',#1222,.F.);
#1222 = EDGE_LOOP('',(#1223,#1224,#1225,#1226));
#1223 = ORIENTED_EDGE('',*,*,#1069,.F.);
#1224 = ORIENTED_EDGE('',*,*,#1093,.T.);
#1225 = ORIENTED_EDGE('',*,*,#1110,.T.);
#1226 = ORIENTED_EDGE('',*,*,#1045,.F.);
#1227 = PLANE('',#1228);
#1228 = AXIS2_PLACEMENT_3D('',#1229,#1230,#1231);
#1229 = CARTESIAN_POINT('',(3.3,28.05,-1.5));
#1230 = DIRECTION('',(0.,0.,1.));
#1231 = DIRECTION('',(1.,0.,-0.));
#1232 = ADVANCED_FACE('',(#1233),#1239,.F.);
#1233 = FACE_BOUND('',#1234,.F.);
#1234 = EDGE_LOOP('',(#1235,#1236,#1237,#1238));
#1235 = ORIENTED_EDGE('',*,*,#1210,.F.);
#1236 = ORIENTED_EDGE('',*,*,#1145,.T.);
#1237 = ORIENTED_EDGE('',*,*,#1169,.T.);
#1238 = ORIENTED_EDGE('',*,*,#1193,.F.);
#1239 = PLANE('',#1240);
#1240 = AXIS2_PLACEMENT_3D('',#1241,#1242,#1243);
#1241 = CARTESIAN_POINT('',(3.3,8.,-1.5));
#1242 = DIRECTION('',(0.,0.,1.));
#1243 = DIRECTION('',(1.,0.,-0.));
#1244 = ( GEOMETRIC_REPRESENTATION_CONTEXT(3) 
GLOBAL_UNCERTAINTY_ASSIGNED_CONTEXT((#1248)) 
GLOBAL_UNIT_ASSIGNED_CONTEXT((#1245,#1246,#1247)) REPRESENTATION_CONTEXT
('Context #1','3D Context with UNIT and UNCERTAINTY') );
#1245 = ( LENGTH_UNIT() NAMED_UNIT(*) SI_UNIT(.MILLI.,.METRE.) );
#1246 = ( NAMED_UNIT(*) PLANE_ANGLE_UNIT() SI_UNIT($,.RADIAN.) );
#1247 = ( NAMED_UNIT(*) SI_UNIT($,.STERADIAN.) SOLID_ANGLE_UNIT() );
#1248 = UNCERTAINTY_MEASURE_WITH_UNIT(LENGTH_MEASURE(1.E-07),#1245,
  'distance_accuracy_value','confusion accuracy');
#1249 = CONTEXT_DEPENDENT_SHAPE_REPRESENTATION(#1250,#1252);
#1250 = ( REPRESENTATION_RELATIONSHIP('','',#565,#10) 
REPRESENTATION_RELATIONSHIP_WITH_TRANSFORMATION(#1251) 
SHAPE_REPRESENTATION_RELATIONSHIP() );
#1251 = ITEM_DEFINED_TRANSFORMATION('','',#11,#19);
#1252 = PRODUCT_DEFINITION_SHAPE('Placement','Placement of an item',
  #1253);
#1253 = NEXT_ASSEMBLY_USAGE_OCCURRENCE('2','Battery holder 2x18650','',
  #5,#560,$);
#1254 = PRODUCT_RELATED_PRODUCT_CATEGORY('part',$,(#562));
#1255 = SHAPE_DEFINITION_REPRESENTATION(#1256,#1262);
#1256 = PRODUCT_DEFINITION_SHAPE('','',#1257);
#1257 = PRODUCT_DEFINITION('design','',#1258,#1261);
#1258 = PRODUCT_DEFINITION_FORMATION('','',#1259);
#1259 = PRODUCT('Battery contacts','Battery contacts','',(#1260));
#1260 = PRODUCT_CONTEXT('',#2,'mechanical');
#1261 = PRODUCT_DEFINITION_CONTEXT('part definition',#2,'design');
#1262 = SHAPE_REPRESENTATION('',(#11,#1263,#1413,#1563,#1713),#1863);
#1263 = MANIFOLD_SOLID_BREP('',#1264);
#1264 = CLOSED_SHELL('',(#1265,#1305,#1345,#1367,#1389,#1401));
#1265 = ADVANCED_FACE('',(#1266),#1300,.F.);
#1266 = FACE_BOUND('',#1267,.F.);
#1267 = EDGE_LOOP('',(#1268,#1278,#1286,#1294));
#1268 = ORIENTED_EDGE('',*,*,#1269,.F.);
#1269 = EDGE_CURVE('',#1270,#1272,#1274,.T.);
#1270 = VERTEX_POINT('',#1271);
#1271 = CARTESIAN_POINT('',(3.4,13.5,-15.7));
#1272 = VERTEX_POINT('',#1273);
#1273 = CARTESIAN_POINT('',(3.4,13.5,-5.7));
#1274 = LINE('',#1275,#1276);
#1275 = CARTESIAN_POINT('',(3.4,13.5,-15.7));
#1276 = VECTOR('',#1277,1.);
#1277 = DIRECTION('',(0.,0.,1.));
#1278 = ORIENTED_EDGE('',*,*,#1279,.T.);
#1279 = EDGE_CURVE('',#1270,#1280,#1282,.T.);
#1280 = VERTEX_POINT('',#1281);
#1281 = CARTESIAN_POINT('',(3.4,22.5,-15.7));
#1282 = LINE('',#1283,#1284);
#1283 = CARTESIAN_POINT('',(3.4,13.5,-15.7));
#1284 = VECTOR('',#1285,1.);
#1285 = DIRECTION('',(-0.,1.,0.));
#1286 = ORIENTED_EDGE('',*,*,#1287,.T.);
#1287 = EDGE_CURVE('',#1280,#1288,#1290,.T.);
#1288 = VERTEX_POINT('',#1289);
#1289 = CARTESIAN_POINT('',(3.4,22.5,-5.7));
#1290 = LINE('',#1291,#1292);
#1291 = CARTESIAN_POINT('',(3.4,22.5,-15.7));
#1292 = VECTOR('',#1293,1.);
#1293 = DIRECTION('',(0.,0.,1.));
#1294 = ORIENTED_EDGE('',*,*,#1295,.F.);
#1295 = EDGE_CURVE('',#1272,#1288,#1296,.T.);
#1296 = LINE('',#1297,#1298);
#1297 = CARTESIAN_POINT('',(3.4,13.5,-5.7));
#1298 = VECTOR('',#1299,1.);
#1299 = DIRECTION('',(-0.,1.,0.));
#1300 = PLANE('',#1301);
#1301 = AXIS2_PLACEMENT_3D('',#1302,#1303,#1304);
#1302 = CARTESIAN_POINT('',(3.4,13.5,-15.7));
#1303 = DIRECTION('',(1.,0.,-0.));
#1304 = DIRECTION('',(0.,0.,1.));
#1305 = ADVANCED_FACE('',(#1306),#1340,.T.);
#1306 = FACE_BOUND('',#1307,.T.);
#1307 = EDGE_LOOP('',(#1308,#1318,#1326,#1334));
#1308 = ORIENTED_EDGE('',*,*,#1309,.F.);
#1309 = EDGE_CURVE('',#1310,#1312,#1314,.T.);
#1310 = VERTEX_POINT('',#1311);
#1311 = CARTESIAN_POINT('',(4.4,13.5,-15.7));
#1312 = VERTEX_POINT('',#1313);
#1313 = CARTESIAN_POINT('',(4.4,13.5,-5.7));
#1314 = LINE('',#1315,#1316);
#1315 = CARTESIAN_POINT('',(4.4,13.5,-15.7));
#1316 = VECTOR('',#1317,1.);
#1317 = DIRECTION('',(0.,0.,1.));
#1318 = ORIENTED_EDGE('',*,*,#1319,.T.);
#1319 = EDGE_CURVE('',#1310,#1320,#1322,.T.);
#1320 = VERTEX_POINT('',#1321);
#1321 = CARTESIAN_POINT('',(4.4,22.5,-15.7));
#1322 = LINE('',#1323,#1324);
#1323 = CARTESIAN_POINT('',(4.4,13.5,-15.7));
#1324 = VECTOR('',#1325,1.);
#1325 = DIRECTION('',(-0.,1.,0.));
#1326 = ORIENTED_EDGE('',*,*,#1327,.T.);
#1327 = EDGE_CURVE('',#1320,#1328,#1330,.T.);
#1328 = VERTEX_POINT('',#1329);
#1329 = CARTESIAN_POINT('',(4.4,22.5,-5.7));
#1330 = LINE('',#1331,#1332);
#1331 = CARTESIAN_POINT('',(4.4,22.5,-15.7));
#1332 = VECTOR('',#1333,1.);
#1333 = DIRECTION('',(0.,0.,1.));
#1334 = ORIENTED_EDGE('',*,*,#1335,.F.);
#1335 = EDGE_CURVE('',#1312,#1328,#1336,.T.);
#1336 = LINE('',#1337,#1338);
#1337 = CARTESIAN_POINT('',(4.4,13.5,-5.7));
#1338 = VECTOR('',#1339,1.);
#1339 = DIRECTION('',(-0.,1.,0.));
#1340 = PLANE('',#1341);
#1341 = AXIS2_PLACEMENT_3D('',#1342,#1343,#1344);
#1342 = CARTESIAN_POINT('',(4.4,13.5,-15.7));
#1343 = DIRECTION('',(1.,0.,-0.));
#1344 = DIRECTION('',(0.,0.,1.));
#1345 = ADVANCED_FACE('',(#1346),#1362,.F.);
#1346 = FACE_BOUND('',#1347,.F.);
#1347 = EDGE_LOOP('',(#1348,#1354,#1355,#1361));
#1348 = ORIENTED_EDGE('',*,*,#1349,.F.);
#1349 = EDGE_CURVE('',#1270,#1310,#1350,.T.);
#1350 = LINE('',#1351,#1352);
#1351 = CARTESIAN_POINT('',(3.4,13.5,-15.7));
#1352 = VECTOR('',#1353,1.);
#1353 = DIRECTION('',(1.,0.,-0.));
#1354 = ORIENTED_EDGE('',*,*,#1269,.T.);
#1355 = ORIENTED_EDGE('',*,*,#1356,.T.);
#1356 = EDGE_CURVE('',#1272,#1312,#1357,.T.);
#1357 = LINE('',#1358,#1359);
#1358 = CARTESIAN_POINT('',(3.4,13.5,-5.7));
#1359 = VECTOR('',#1360,1.);
#1360 = DIRECTION('',(1.,0.,-0.));
#1361 = ORIENTED_EDGE('',*,*,#1309,.F.);
#1362 = PLANE('',#1363);
#1363 = AXIS2_PLACEMENT_3D('',#1364,#1365,#1366);
#1364 = CARTESIAN_POINT('',(3.4,13.5,-15.7));
#1365 = DIRECTION('',(-0.,1.,0.));
#1366 = DIRECTION('',(0.,0.,1.));
#1367 = ADVANCED_FACE('',(#1368),#1384,.T.);
#1368 = FACE_BOUND('',#1369,.T.);
#1369 = EDGE_LOOP('',(#1370,#1376,#1377,#1383));
#1370 = ORIENTED_EDGE('',*,*,#1371,.F.);
#1371 = EDGE_CURVE('',#1280,#1320,#1372,.T.);
#1372 = LINE('',#1373,#1374);
#1373 = CARTESIAN_POINT('',(3.4,22.5,-15.7));
#1374 = VECTOR('',#1375,1.);
#1375 = DIRECTION('',(1.,0.,-0.));
#1376 = ORIENTED_EDGE('',*,*,#1287,.T.);
#1377 = ORIENTED_EDGE('',*,*,#1378,.T.);
#1378 = EDGE_CURVE('',#1288,#1328,#1379,.T.);
#1379 = LINE('',#1380,#1381);
#1380 = CARTESIAN_POINT('',(3.4,22.5,-5.7));
#1381 = VECTOR('',#1382,1.);
#1382 = DIRECTION('',(1.,0.,-0.));
#1383 = ORIENTED_EDGE('',*,*,#1327,.F.);
#1384 = PLANE('',#1385);
#1385 = AXIS2_PLACEMENT_3D('',#1386,#1387,#1388);
#1386 = CARTESIAN_POINT('',(3.4,22.5,-15.7));
#1387 = DIRECTION('',(-0.,1.,0.));
#1388 = DIRECTION('',(0.,0.,1.));
#1389 = ADVANCED_FACE('',(#1390),#1396,.F.);
#1390 = FACE_BOUND('',#1391,.F.);
#1391 = EDGE_LOOP('',(#1392,#1393,#1394,#1395));
#1392 = ORIENTED_EDGE('',*,*,#1279,.F.);
#1393 = ORIENTED_EDGE('',*,*,#1349,.T.);
#1394 = ORIENTED_EDGE('',*,*,#1319,.T.);
#1395 = ORIENTED_EDGE('',*,*,#1371,.F.);
#1396 = PLANE('',#1397);
#1397 = AXIS2_PLACEMENT_3D('',#1398,#1399,#1400);
#1398 = CARTESIAN_POINT('',(3.4,13.5,-15.7));
#1399 = DIRECTION('',(0.,0.,1.));
#1400 = DIRECTION('',(1.,0.,-0.));
#1401 = ADVANCED_FACE('',(#1402),#1408,.T.);
#1402 = FACE_BOUND('',#1403,.T.);
#1403 = EDGE_LOOP('',(#1404,#1405,#1406,#1407));
#1404 = ORIENTED_EDGE('',*,*,#1295,.F.);
#1405 = ORIENTED_EDGE('',*,*,#1356,.T.);
#1406 = ORIENTED_EDGE('',*,*,#1335,.T.);
#1407 = ORIENTED_EDGE('',*,*,#1378,.F.);
#1408 = PLANE('',#1409);
#1409 = AXIS2_PLACEMENT_3D('',#1410,#1411,#1412);
#1410 = CARTESIAN_POINT('',(3.4,13.5,-5.7));
#1411 = DIRECTION('',(0.,0.,1.));
#1412 = DIRECTION('',(1.,0.,-0.));
#1413 = MANIFOLD_SOLID_BREP('',#1414);
#1414 = CLOSED_SHELL('',(#1415,#1455,#1495,#1517,#1539,#1551));
#1415 = ADVANCED_FACE('',(#1416),#1450,.F.);
#1416 = FACE_BOUND('',#1417,.F.);
#1417 = EDGE_LOOP('',(#1418,#1428,#1436,#1444));
#1418 = ORIENTED_EDGE('',*,*,#1419,.F.);
#1419 = EDGE_CURVE('',#1420,#1422,#1424,.T.);
#1420 = VERTEX_POINT('',#1421);
#1421 = CARTESIAN_POINT('',(79.3,13.5,-15.7));
#1422 = VERTEX_POINT('',#1423);
#1423 = CARTESIAN_POINT('',(79.3,13.5,-5.7));
#1424 = LINE('',#1425,#1426);
#1425 = CARTESIAN_POINT('',(79.3,13.5,-15.7));
#1426 = VECTOR('',#1427,1.);
#1427 = DIRECTION('',(0.,0.,1.));
#1428 = ORIENTED_EDGE('',*,*,#1429,.T.);
#1429 = EDGE_CURVE('',#1420,#1430,#1432,.T.);
#1430 = VERTEX_POINT('',#1431);
#1431 = CARTESIAN_POINT('',(79.3,22.5,-15.7));
#1432 = LINE('',#1433,#1434);
#1433 = CARTESIAN_POINT('',(79.3,13.5,-15.7));
#1434 = VECTOR('',#1435,1.);
#1435 = DIRECTION('',(-0.,1.,0.));
#1436 = ORIENTED_EDGE('',*,*,#1437,.T.);
#1437 = EDGE_CURVE('',#1430,#1438,#1440,.T.);
#1438 = VERTEX_POINT('',#1439);
#1439 = CARTESIAN_POINT('',(79.3,22.5,-5.7));
#1440 = LINE('',#1441,#1442);
#1441 = CARTESIAN_POINT('',(79.3,22.5,-15.7));
#1442 = VECTOR('',#1443,1.);
#1443 = DIRECTION('',(0.,0.,1.));
#1444 = ORIENTED_EDGE('',*,*,#1445,.F.);
#1445 = EDGE_CURVE('',#1422,#1438,#1446,.T.);
#1446 = LINE('',#1447,#1448);
#1447 = CARTESIAN_POINT('',(79.3,13.5,-5.7));
#1448 = VECTOR('',#1449,1.);
#1449 = DIRECTION('',(-0.,1.,0.));
#1450 = PLANE('',#1451);
#1451 = AXIS2_PLACEMENT_3D('',#1452,#1453,#1454);
#1452 = CARTESIAN_POINT('',(79.3,13.5,-15.7));
#1453 = DIRECTION('',(1.,0.,-0.));
#1454 = DIRECTION('',(0.,0.,1.));
#1455 = ADVANCED_FACE('',(#1456),#1490,.T.);
#1456 = FACE_BOUND('',#1457,.T.);
#1457 = EDGE_LOOP('',(#1458,#1468,#1476,#1484));
#1458 = ORIENTED_EDGE('',*,*,#1459,.F.);
#1459 = EDGE_CURVE('',#1460,#1462,#1464,.T.);
#1460 = VERTEX_POINT('',#1461);
#1461 = CARTESIAN_POINT('',(80.3,13.5,-15.7));
#1462 = VERTEX_POINT('',#1463);
#1463 = CARTESIAN_POINT('',(80.3,13.5,-5.7));
#1464 = LINE('',#1465,#1466);
#1465 = CARTESIAN_POINT('',(80.3,13.5,-15.7));
#1466 = VECTOR('',#1467,1.);
#1467 = DIRECTION('',(0.,0.,1.));
#1468 = ORIENTED_EDGE('',*,*,#1469,.T.);
#1469 = EDGE_CURVE('',#1460,#1470,#1472,.T.);
#1470 = VERTEX_POINT('',#1471);
#1471 = CARTESIAN_POINT('',(80.3,22.5,-15.7));
#1472 = LINE('',#1473,#1474);
#1473 = CARTESIAN_POINT('',(80.3,13.5,-15.7));
#1474 = VECTOR('',#1475,1.);
#1475 = DIRECTION('',(-0.,1.,0.));
#1476 = ORIENTED_EDGE('',*,*,#1477,.T.);
#1477 = EDGE_CURVE('',#1470,#1478,#1480,.T.);
#1478 = VERTEX_POINT('',#1479);
#1479 = CARTESIAN_POINT('',(80.3,22.5,-5.7));
#1480 = LINE('',#1481,#1482);
#1481 = CARTESIAN_POINT('',(80.3,22.5,-15.7));
#1482 = VECTOR('',#1483,1.);
#1483 = DIRECTION('',(0.,0.,1.));
#1484 = ORIENTED_EDGE('',*,*,#1485,.F.);
#1485 = EDGE_CURVE('',#1462,#1478,#1486,.T.);
#1486 = LINE('',#1487,#1488);
#1487 = CARTESIAN_POINT('',(80.3,13.5,-5.7));
#1488 = VECTOR('',#1489,1.);
#1489 = DIRECTION('',(-0.,1.,0.));
#1490 = PLANE('',#1491);
#1491 = AXIS2_PLACEMENT_3D('',#1492,#1493,#1494);
#1492 = CARTESIAN_POINT('',(80.3,13.5,-15.7));
#1493 = DIRECTION('',(1.,0.,-0.));
#1494 = DIRECTION('',(0.,0.,1.));
#1495 = ADVANCED_FACE('',(#1496),#1512,.F.);
#1496 = FACE_BOUND('',#1497,.F.);
#1497 = EDGE_LOOP('',(#1498,#1504,#1505,#1511));
#1498 = ORIENTED_EDGE('',*,*,#1499,.F.);
#1499 = EDGE_CURVE('',#1420,#1460,#1500,.T.);
#1500 = LINE('',#1501,#1502);
#1501 = CARTESIAN_POINT('',(79.3,13.5,-15.7));
#1502 = VECTOR('',#1503,1.);
#1503 = DIRECTION('',(1.,0.,-0.));
#1504 = ORIENTED_EDGE('',*,*,#1419,.T.);
#1505 = ORIENTED_EDGE('',*,*,#1506,.T.);
#1506 = EDGE_CURVE('',#1422,#1462,#1507,.T.);
#1507 = LINE('',#1508,#1509);
#1508 = CARTESIAN_POINT('',(79.3,13.5,-5.7));
#1509 = VECTOR('',#1510,1.);
#1510 = DIRECTION('',(1.,0.,-0.));
#1511 = ORIENTED_EDGE('',*,*,#1459,.F.);
#1512 = PLANE('',#1513);
#1513 = AXIS2_PLACEMENT_3D('',#1514,#1515,#1516);
#1514 = CARTESIAN_POINT('',(79.3,13.5,-15.7));
#1515 = DIRECTION('',(-0.,1.,0.));
#1516 = DIRECTION('',(0.,0.,1.));
#1517 = ADVANCED_FACE('',(#1518),#1534,.T.);
#1518 = FACE_BOUND('',#1519,.T.);
#1519 = EDGE_LOOP('',(#1520,#1526,#1527,#1533));
#1520 = ORIENTED_EDGE('',*,*,#1521,.F.);
#1521 = EDGE_CURVE('',#1430,#1470,#1522,.T.);
#1522 = LINE('',#1523,#1524);
#1523 = CARTESIAN_POINT('',(79.3,22.5,-15.7));
#1524 = VECTOR('',#1525,1.);
#1525 = DIRECTION('',(1.,0.,-0.));
#1526 = ORIENTED_EDGE('',*,*,#1437,.T.);
#1527 = ORIENTED_EDGE('',*,*,#1528,.T.);
#1528 = EDGE_CURVE('',#1438,#1478,#1529,.T.);
#1529 = LINE('',#1530,#1531);
#1530 = CARTESIAN_POINT('',(79.3,22.5,-5.7));
#1531 = VECTOR('',#1532,1.);
#1532 = DIRECTION('',(1.,0.,-0.));
#1533 = ORIENTED_EDGE('',*,*,#1477,.F.);
#1534 = PLANE('',#1535);
#1535 = AXIS2_PLACEMENT_3D('',#1536,#1537,#1538);
#1536 = CARTESIAN_POINT('',(79.3,22.5,-15.7));
#1537 = DIRECTION('',(-0.,1.,0.));
#1538 = DIRECTION('',(0.,0.,1.));
#1539 = ADVANCED_FACE('',(#1540),#1546,.F.);
#1540 = FACE_BOUND('',#1541,.F.);
#1541 = EDGE_LOOP('',(#1542,#1543,#1544,#1545));
#1542 = ORIENTED_EDGE('',*,*,#1429,.F.);
#1543 = ORIENTED_EDGE('',*,*,#1499,.T.);
#1544 = ORIENTED_EDGE('',*,*,#1469,.T.);
#1545 = ORIENTED_EDGE('',*,*,#1521,.F.);
#1546 = PLANE('',#1547);
#1547 = AXIS2_PLACEMENT_3D('',#1548,#1549,#1550);
#1548 = CARTESIAN_POINT('',(79.3,13.5,-15.7));
#1549 = DIRECTION('',(0.,0.,1.));
#1550 = DIRECTION('',(1.,0.,-0.));
#1551 = ADVANCED_FACE('',(#1552),#1558,.T.);
#1552 = FACE_BOUND('',#1553,.T.);
#1553 = EDGE_LOOP('',(#1554,#1555,#1556,#1557));
#1554 = ORIENTED_EDGE('',*,*,#1445,.F.);
#1555 = ORIENTED_EDGE('',*,*,#1506,.T.);
#1556 = ORIENTED_EDGE('',*,*,#1485,.T.);
#1557 = ORIENTED_EDGE('',*,*,#1528,.F.);
#1558 = PLANE('',#1559);
#1559 = AXIS2_PLACEMENT_3D('',#1560,#1561,#1562);
#1560 = CARTESIAN_POINT('',(79.3,13.5,-5.7));
#1561 = DIRECTION('',(0.,0.,1.));
#1562 = DIRECTION('',(1.,0.,-0.));
#1563 = MANIFOLD_SOLID_BREP('',#1564);
#1564 = CLOSED_SHELL('',(#1565,#1605,#1645,#1667,#1689,#1701));
#1565 = ADVANCED_FACE('',(#1566),#1600,.F.);
#1566 = FACE_BOUND('',#1567,.F.);
#1567 = EDGE_LOOP('',(#1568,#1578,#1586,#1594));
#1568 = ORIENTED_EDGE('',*,*,#1569,.F.);
#1569 = EDGE_CURVE('',#1570,#1572,#1574,.T.);
#1570 = VERTEX_POINT('',#1571);
#1571 = CARTESIAN_POINT('',(3.4,32.6,-15.7));
#1572 = VERTEX_POINT('',#1573);
#1573 = CARTESIAN_POINT('',(3.4,32.6,-5.7));
#1574 = LINE('',#1575,#1576);
#1575 = CARTESIAN_POINT('',(3.4,32.6,-15.7));
#1576 = VECTOR('',#1577,1.);
#1577 = DIRECTION('',(0.,0.,1.));
#1578 = ORIENTED_EDGE('',*,*,#1579,.T.);
#1579 = EDGE_CURVE('',#1570,#1580,#1582,.T.);
#1580 = VERTEX_POINT('',#1581);
#1581 = CARTESIAN_POINT('',(3.4,41.6,-15.7));
#1582 = LINE('',#1583,#1584);
#1583 = CARTESIAN_POINT('',(3.4,32.6,-15.7));
#1584 = VECTOR('',#1585,1.);
#1585 = DIRECTION('',(-0.,1.,0.));
#1586 = ORIENTED_EDGE('',*,*,#1587,.T.);
#1587 = EDGE_CURVE('',#1580,#1588,#1590,.T.);
#1588 = VERTEX_POINT('',#1589);
#1589 = CARTESIAN_POINT('',(3.4,41.6,-5.7));
#1590 = LINE('',#1591,#1592);
#1591 = CARTESIAN_POINT('',(3.4,41.6,-15.7));
#1592 = VECTOR('',#1593,1.);
#1593 = DIRECTION('',(0.,0.,1.));
#1594 = ORIENTED_EDGE('',*,*,#1595,.F.);
#1595 = EDGE_CURVE('',#1572,#1588,#1596,.T.);
#1596 = LINE('',#1597,#1598);
#1597 = CARTESIAN_POINT('',(3.4,32.6,-5.7));
#1598 = VECTOR('',#1599,1.);
#1599 = DIRECTION('',(-0.,1.,0.));
#1600 = PLANE('',#1601);
#1601 = AXIS2_PLACEMENT_3D('',#1602,#1603,#1604);
#1602 = CARTESIAN_POINT('',(3.4,32.6,-15.7));
#1603 = DIRECTION('',(1.,0.,-0.));
#1604 = DIRECTION('',(0.,0.,1.));
#1605 = ADVANCED_FACE('',(#1606),#1640,.T.);
#1606 = FACE_BOUND('',#1607,.T.);
#1607 = EDGE_LOOP('',(#1608,#1618,#1626,#1634));
#1608 = ORIENTED_EDGE('',*,*,#1609,.F.);
#1609 = EDGE_CURVE('',#1610,#1612,#1614,.T.);
#1610 = VERTEX_POINT('',#1611);
#1611 = CARTESIAN_POINT('',(4.4,32.6,-15.7));
#1612 = VERTEX_POINT('',#1613);
#1613 = CARTESIAN_POINT('',(4.4,32.6,-5.7));
#1614 = LINE('',#1615,#1616);
#1615 = CARTESIAN_POINT('',(4.4,32.6,-15.7));
#1616 = VECTOR('',#1617,1.);
#1617 = DIRECTION('',(0.,0.,1.));
#1618 = ORIENTED_EDGE('',*,*,#1619,.T.);
#1619 = EDGE_CURVE('',#1610,#1620,#1622,.T.);
#1620 = VERTEX_POINT('',#1621);
#1621 = CARTESIAN_POINT('',(4.4,41.6,-15.7));
#1622 = LINE('',#1623,#1624);
#1623 = CARTESIAN_POINT('',(4.4,32.6,-15.7));
#1624 = VECTOR('',#1625,1.);
#1625 = DIRECTION('',(-0.,1.,0.));
#1626 = ORIENTED_EDGE('',*,*,#1627,.T.);
#1627 = EDGE_CURVE('',#1620,#1628,#1630,.T.);
#1628 = VERTEX_POINT('',#1629);
#1629 = CARTESIAN_POINT('',(4.4,41.6,-5.7));
#1630 = LINE('',#1631,#1632);
#1631 = CARTESIAN_POINT('',(4.4,41.6,-15.7));
#1632 = VECTOR('',#1633,1.);
#1633 = DIRECTION('',(0.,0.,1.));
#1634 = ORIENTED_EDGE('',*,*,#1635,.F.);
#1635 = EDGE_CURVE('',#1612,#1628,#1636,.T.);
#1636 = LINE('',#1637,#1638);
#1637 = CARTESIAN_POINT('',(4.4,32.6,-5.7));
#1638 = VECTOR('',#1639,1.);
#1639 = DIRECTION('',(-0.,1.,0.));
#1640 = PLANE('',#1641);
#1641 = AXIS2_PLACEMENT_3D('',#1642,#1643,#1644);
#1642 = CARTESIAN_POINT('',(4.4,32.6,-15.7));
#1643 = DIRECTION('',(1.,0.,-0.));
#1644 = DIRECTION('',(0.,0.,1.));
#1645 = ADVANCED_FACE('',(#1646),#1662,.F.);
#1646 = FACE_BOUND('',#1647,.F.);
#1647 = EDGE_LOOP('',(#1648,#1654,#1655,#1661));
#1648 = ORIENTED_EDGE('',*,*,#1649,.F.);
#1649 = EDGE_CURVE('',#1570,#1610,#1650,.T.);
#1650 = LINE('',#1651,#1652);
#1651 = CARTESIAN_POINT('',(3.4,32.6,-15.7));
#1652 = VECTOR('',#1653,1.);
#1653 = DIRECTION('',(1.,0.,-0.));
#1654 = ORIENTED_EDGE('',*,*,#1569,.T.);
#1655 = ORIENTED_EDGE('',*,*,#1656,.T.);
#1656 = EDGE_CURVE('',#1572,#1612,#1657,.T.);
#1657 = LINE('',#1658,#1659);
#1658 = CARTESIAN_POINT('',(3.4,32.6,-5.7));
#1659 = VECTOR('',#1660,1.);
#1660 = DIRECTION('',(1.,0.,-0.));
#1661 = ORIENTED_EDGE('',*,*,#1609,.F.);
#1662 = PLANE('',#1663);
#1663 = AXIS2_PLACEMENT_3D('',#1664,#1665,#1666);
#1664 = CARTESIAN_POINT('',(3.4,32.6,-15.7));
#1665 = DIRECTION('',(-0.,1.,0.));
#1666 = DIRECTION('',(0.,0.,1.));
#1667 = ADVANCED_FACE('',(#1668),#1684,.T.);
#1668 = FACE_BOUND('',#1669,.T.);
#1669 = EDGE_LOOP('',(#1670,#1676,#1677,#1683));
#1670 = ORIENTED_EDGE('',*,*,#1671,.F.);
#1671 = EDGE_CURVE('',#1580,#1620,#1672,.T.);
#1672 = LINE('',#1673,#1674);
#1673 = CARTESIAN_POINT('',(3.4,41.6,-15.7));
#1674 = VECTOR('',#1675,1.);
#1675 = DIRECTION('',(1.,0.,-0.));
#1676 = ORIENTED_EDGE('',*,*,#1587,.T.);
#1677 = ORIENTED_EDGE('',*,*,#1678,.T.);
#1678 = EDGE_CURVE('',#1588,#1628,#1679,.T.);
#1679 = LINE('',#1680,#1681);
#1680 = CARTESIAN_POINT('',(3.4,41.6,-5.7));
#1681 = VECTOR('',#1682,1.);
#1682 = DIRECTION('',(1.,0.,-0.));
#1683 = ORIENTED_EDGE('',*,*,#1627,.F.);
#1684 = PLANE('',#1685);
#1685 = AXIS2_PLACEMENT_3D('',#1686,#1687,#1688);
#1686 = CARTESIAN_POINT('',(3.4,41.6,-15.7));
#1687 = DIRECTION('',(-0.,1.,0.));
#1688 = DIRECTION('',(0.,0.,1.));
#1689 = ADVANCED_FACE('',(#1690),#1696,.F.);
#1690 = FACE_BOUND('',#1691,.F.);
#1691 = EDGE_LOOP('',(#1692,#1693,#1694,#1695));
#1692 = ORIENTED_EDGE('',*,*,#1579,.F.);
#1693 = ORIENTED_EDGE('',*,*,#1649,.T.);
#1694 = ORIENTED_EDGE('',*,*,#1619,.T.);
#1695 = ORIENTED_EDGE('',*,*,#1671,.F.);
#1696 = PLANE('',#1697);
#1697 = AXIS2_PLACEMENT_3D('',#1698,#1699,#1700);
#1698 = CARTESIAN_POINT('',(3.4,32.6,-15.7));
#1699 = DIRECTION('',(0.,0.,1.));
#1700 = DIRECTION('',(1.,0.,-0.));
#1701 = ADVANCED_FACE('',(#1702),#1708,.T.);
#1702 = FACE_BOUND('',#1703,.T.);
#1703 = EDGE_LOOP('',(#1704,#1705,#1706,#1707));
#1704 = ORIENTED_EDGE('',*,*,#1595,.F.);
#1705 = ORIENTED_EDGE('',*,*,#1656,.T.);
#1706 = ORIENTED_EDGE('',*,*,#1635,.T.);
#1707 = ORIENTED_EDGE('',*,*,#1678,.F.);
#1708 = PLANE('',#1709);
#1709 = AXIS2_PLACEMENT_3D('',#1710,#1711,#1712);
#1710 = CARTESIAN_POINT('',(3.4,32.6,-5.7));
#1711 = DIRECTION('',(0.,0.,1.));
#1712 = DIRECTION('',(1.,0.,-0.));
#1713 = MANIFOLD_SOLID_BREP('',#1714);
#1714 = CLOSED_SHELL('',(#1715,#1755,#1795,#1817,#1839,#1851));
#1715 = ADVANCED_FACE('',(#1716),#1750,.F.);
#1716 = FACE_BOUND('',#1717,.F.);
#1717 = EDGE_LOOP('',(#1718,#1728,#1736,#1744));
#1718 = ORIENTED_EDGE('',*,*,#1719,.F.);
#1719 = EDGE_CURVE('',#1720,#1722,#1724,.T.);
#1720 = VERTEX_POINT('',#1721);
#1721 = CARTESIAN_POINT('',(79.3,32.6,-15.7));
#1722 = VERTEX_POINT('',#1723);
#1723 = CARTESIAN_POINT('',(79.3,32.6,-5.7));
#1724 = LINE('',#1725,#1726);
#1725 = CARTESIAN_POINT('',(79.3,32.6,-15.7));
#1726 = VECTOR('',#1727,1.);
#1727 = DIRECTION('',(0.,0.,1.));
#1728 = ORIENTED_EDGE('',*,*,#1729,.T.);
#1729 = EDGE_CURVE('',#1720,#1730,#1732,.T.);
#1730 = VERTEX_POINT('',#1731);
#1731 = CARTESIAN_POINT('',(79.3,41.6,-15.7));
#1732 = LINE('',#1733,#1734);
#1733 = CARTESIAN_POINT('',(79.3,32.6,-15.7));
#1734 = VECTOR('',#1735,1.);
#1735 = DIRECTION('',(-0.,1.,0.));
#1736 = ORIENTED_EDGE('',*,*,#1737,.T.);
#1737 = EDGE_CURVE('',#1730,#1738,#1740,.T.);
#1738 = VERTEX_POINT('',#1739);
#1739 = CARTESIAN_POINT('',(79.3,41.6,-5.7));
#1740 = LINE('',#1741,#1742);
#1741 = CARTESIAN_POINT('',(79.3,41.6,-15.7));
#1742 = VECTOR('',#1743,1.);
#1743 = DIRECTION('',(0.,0.,1.));
#1744 = ORIENTED_EDGE('',*,*,#1745,.F.);
#1745 = EDGE_CURVE('',#1722,#1738,#1746,.T.);
#1746 = LINE('',#1747,#1748);
#1747 = CARTESIAN_POINT('',(79.3,32.6,-5.7));
#1748 = VECTOR('',#1749,1.);
#1749 = DIRECTION('',(-0.,1.,0.));
#1750 = PLANE('',#1751);
#1751 = AXIS2_PLACEMENT_3D('',#1752,#1753,#1754);
#1752 = CARTESIAN_POINT('',(79.3,32.6,-15.7));
#1753 = DIRECTION('',(1.,0.,-0.));
#1754 = DIRECTION('',(0.,0.,1.));
#1755 = ADVANCED_FACE('',(#1756),#1790,.T.);
#1756 = FACE_BOUND('',#1757,.T.);
#1757 = EDGE_LOOP('',(#1758,#1768,#1776,#1784));
#1758 = ORIENTED_EDGE('',*,*,#1759,.F.);
#1759 = EDGE_CURVE('',#1760,#1762,#1764,.T.);
#1760 = VERTEX_POINT('',#1761);
#1761 = CARTESIAN_POINT('',(80.3,32.6,-15.7));
#1762 = VERTEX_POINT('',#1763);
#1763 = CARTESIAN_POINT('',(80.3,32.6,-5.7));
#1764 = LINE('',#1765,#1766);
#1765 = CARTESIAN_POINT('',(80.3,32.6,-15.7));
#1766 = VECTOR('',#1767,1.);
#1767 = DIRECTION('',(0.,0.,1.));
#1768 = ORIENTED_EDGE('',*,*,#1769,.T.);
#1769 = EDGE_CURVE('',#1760,#1770,#1772,.T.);
#1770 = VERTEX_POINT('',#1771);
#1771 = CARTESIAN_POINT('',(80.3,41.6,-15.7));
#1772 = LINE('',#1773,#1774);
#1773 = CARTESIAN_POINT('',(80.3,32.6,-15.7));
#1774 = VECTOR('',#1775,1.);
#1775 = DIRECTION('',(-0.,1.,0.));
#1776 = ORIENTED_EDGE('',*,*,#1777,.T.);
#1777 = EDGE_CURVE('',#1770,#1778,#1780,.T.);
#1778 = VERTEX_POINT('',#1779);
#1779 = CARTESIAN_POINT('',(80.3,41.6,-5.7));
#1780 = LINE('',#1781,#1782);
#1781 = CARTESIAN_POINT('',(80.3,41.6,-15.7));
#1782 = VECTOR('',#1783,1.);
#1783 = DIRECTION('',(0.,0.,1.));
#1784 = ORIENTED_EDGE('',*,*,#1785,.F.);
#1785 = EDGE_CURVE('',#1762,#1778,#1786,.T.);
#1786 = LINE('',#1787,#1788);
#1787 = CARTESIAN_POINT('',(80.3,32.6,-5.7));
#1788 = VECTOR('',#1789,1.);
#1789 = DIRECTION('',(-0.,1.,0.));
#1790 = PLANE('',#1791);
#1791 = AXIS2_PLACEMENT_3D('',#1792,#1793,#1794);
#1792 = CARTESIAN_POINT('',(80.3,32.6,-15.7));
#1793 = DIRECTION('',(1.,0.,-0.));
#1794 = DIRECTION('',(0.,0.,1.));
#1795 = ADVANCED_FACE('',(#1796),#1812,.F.);
#1796 = FACE_BOUND('',#1797,.F.);
#1797 = EDGE_LOOP('',(#1798,#1804,#1805,#1811));
#1798 = ORIENTED_EDGE('',*,*,#1799,.F.);
#1799 = EDGE_CURVE('',#1720,#1760,#1800,.T.);
#1800 = LINE('',#1801,#1802);
#1801 = CARTESIAN_POINT('',(79.3,32.6,-15.7));
#1802 = VECTOR('',#1803,1.);
#1803 = DIRECTION('',(1.,0.,-0.));
#1804 = ORIENTED_EDGE('',*,*,#1719,.T.);
#1805 = ORIENTED_EDGE('',*,*,#1806,.T.);
#1806 = EDGE_CURVE('',#1722,#1762,#1807,.T.);
#1807 = LINE('',#1808,#1809);
#1808 = CARTESIAN_POINT('',(79.3,32.6,-5.7));
#1809 = VECTOR('',#1810,1.);
#1810 = DIRECTION('',(1.,0.,-0.));
#1811 = ORIENTED_EDGE('',*,*,#1759,.F.);
#1812 = PLANE('',#1813);
#1813 = AXIS2_PLACEMENT_3D('',#1814,#1815,#1816);
#1814 = CARTESIAN_POINT('',(79.3,32.6,-15.7));
#1815 = DIRECTION('',(-0.,1.,0.));
#1816 = DIRECTION('',(0.,0.,1.));
#1817 = ADVANCED_FACE('',(#1818),#1834,.T.);
#1818 = FACE_BOUND('',#1819,.T.);
#1819 = EDGE_LOOP('',(#1820,#1826,#1827,#1833));
#1820 = ORIENTED_EDGE('',*,*,#1821,.F.);
#1821 = EDGE_CURVE('',#1730,#1770,#1822,.T.);
#1822 = LINE('',#1823,#1824);
#1823 = CARTESIAN_POINT('',(79.3,41.6,-15.7));
#1824 = VECTOR('',#1825,1.);
#1825 = DIRECTION('',(1.,0.,-0.));
#1826 = ORIENTED_EDGE('',*,*,#1737,.T.);
#1827 = ORIENTED_EDGE('',*,*,#1828,.T.);
#1828 = EDGE_CURVE('',#1738,#1778,#1829,.T.);
#1829 = LINE('',#1830,#1831);
#1830 = CARTESIAN_POINT('',(79.3,41.6,-5.7));
#1831 = VECTOR('',#1832,1.);
#1832 = DIRECTION('',(1.,0.,-0.));
#1833 = ORIENTED_EDGE('',*,*,#1777,.F.);
#1834 = PLANE('',#1835);
#1835 = AXIS2_PLACEMENT_3D('',#1836,#1837,#1838);
#1836 = CARTESIAN_POINT('',(79.3,41.6,-15.7));
#1837 = DIRECTION('',(-0.,1.,0.));
#1838 = DIRECTION('',(0.,0.,1.));
#1839 = ADVANCED_FACE('',(#1840),#1846,.F.);
#1840 = FACE_BOUND('',#1841,.F.);
#1841 = EDGE_LOOP('',(#1842,#1843,#1844,#1845));
#1842 = ORIENTED_EDGE('',*,*,#1729,.F.);
#1843 = ORIENTED_EDGE('',*,*,#1799,.T.);
#1844 = ORIENTED_EDGE('',*,*,#1769,.T.);
#1845 = ORIENTED_EDGE('',*,*,#1821,.F.);
#1846 = PLANE('',#1847);
#1847 = AXIS2_PLACEMENT_3D('',#1848,#1849,#1850);
#1848 = CARTESIAN_POINT('',(79.3,32.6,-15.7));
#1849 = DIRECTION('',(0.,0.,1.));
#1850 = DIRECTION('',(1.,0.,-0.));
#1851 = ADVANCED_FACE('',(#1852),#1858,.T.);
#1852 = FACE_BOUND('',#1853,.T.);
#1853 = EDGE_LOOP('',(#1854,#1855,#1856,#1857));
#1854 = ORIENTED_EDGE('',*,*,#1745,.F.);
#1855 = ORIENTED_EDGE('',*,*,#1806,.T.);
#1856 = ORIENTED_EDGE('',*,*,#1785,.T.);
#1857 = ORIENTED_EDGE('',*,*,#1828,.F.);
#1858 = PLANE('',#1859);
#1859 = AXIS2_PLACEMENT_3D('',#1860,#1861,#1862);
#1860 = CARTESIAN_POINT('',(79.3,32.6,-5.7));
#1861 = DIRECTION('',(0.,0.,1.));
#1862 = DIRECTION('',(1.,0.,-0.));
#1863 = ( GEOMETRIC_REPRESENTATION_CONTEXT(3) 
GLOBAL_UNCERTAINTY_ASSIGNED_CONTEXT((#1867)) 
GLOBAL_UNIT_ASSIGNED_CONTEXT((#1864,#1865,#1866)) REPRESENTATION_CONTEXT
('Context #1','3D Context with UNIT and UNCERTAINTY') );
#1864 = ( LENGTH_UNIT() NAMED_UNIT(*) SI_UNIT(.MILLI.,.METRE.) );
#1865 = ( NAMED_UNIT(*) PLANE_ANGLE_UNIT() SI_UNIT($,.RADIAN.) );
#1866 = ( NAMED_UNIT(*) SI_UNIT($,.STERADIAN.) SOLID_ANGLE_UNIT() );
#1867 = UNCERTAINTY_MEASURE_WITH_UNIT(LENGTH_MEASURE(1.E-07),#1864,
  'distance_accuracy_value','confusion accuracy');
#1868 = CONTEXT_DEPENDENT_SHAPE_REPRESENTATION(#1869,#1871);
#1869 = ( REPRESENTATION_RELATIONSHIP('','',#1262,#10) 
REPRESENTATION_RELATIONSHIP_WITH_TRANSFORMATION(#1870) 
SHAPE_REPRESENTATION_RELATIONSHIP() );
#1870 = ITEM_DEFINED_TRANSFORMATION('','',#11,#23);
#1871 = PRODUCT_DEFINITION_SHAPE('Placement','Placement of an item',
  #1872);
#1872 = NEXT_ASSEMBLY_USAGE_OCCURRENCE('3','Battery contacts','',#5,
  #1257,$);
#1873 = PRODUCT_RELATED_PRODUCT_CATEGORY('part',$,(#1259));
#1874 = SHAPE_DEFINITION_REPRESENTATION(#1875,#1881);
#1875 = PRODUCT_DEFINITION_SHAPE('','',#1876);
#1876 = PRODUCT_DEFINITION('design','',#1877,#1880);
#1877 = PRODUCT_DEFINITION_FORMATION('','',#1878);
#1878 = PRODUCT('18650 cells (not included)',
  '18650 cells (not included)','',(#1879));
#1879 = PRODUCT_CONTEXT('',#2,'mechanical');
#1880 = PRODUCT_DEFINITION_CONTEXT('part definition',#2,'design');
#1881 = SHAPE_REPRESENTATION('',(#11,#1882,#1935),#1988);
#1882 = MANIFOLD_SOLID_BREP('',#1883);
#1883 = CLOSED_SHELL('',(#1884,#1917,#1926));
#1884 = ADVANCED_FACE('',(#1885),#1912,.T.);
#1885 = FACE_BOUND('',#1886,.T.);
#1886 = EDGE_LOOP('',(#1887,#1896,#1904,#1911));
#1887 = ORIENTED_EDGE('',*,*,#1888,.F.);
#1888 = EDGE_CURVE('',#1889,#1889,#1891,.T.);
#1889 = VERTEX_POINT('',#1890);
#1890 = CARTESIAN_POINT('',(74.3,18.,-1.5));
#1891 = CIRCLE('',#1892,9.2);
#1892 = AXIS2_PLACEMENT_3D('',#1893,#1894,#1895);
#1893 = CARTESIAN_POINT('',(74.3,18.,-10.7));
#1894 = DIRECTION('',(1.,0.,0.));
#1895 = DIRECTION('',(-0.,0.,1.));
#1896 = ORIENTED_EDGE('',*,*,#1897,.F.);
#1897 = EDGE_CURVE('',#1898,#1889,#1900,.T.);
#1898 = VERTEX_POINT('',#1899);
#1899 = CARTESIAN_POINT('',(9.3,18.,-1.5));
#1900 = LINE('',#1901,#1902);
#1901 = CARTESIAN_POINT('',(9.3,18.,-1.5));
#1902 = VECTOR('',#1903,1.);
#1903 = DIRECTION('',(1.,0.,0.));
#1904 = ORIENTED_EDGE('',*,*,#1905,.T.);
#1905 = EDGE_CURVE('',#1898,#1898,#1906,.T.);
#1906 = CIRCLE('',#1907,9.2);
#1907 = AXIS2_PLACEMENT_3D('',#1908,#1909,#1910);
#1908 = CARTESIAN_POINT('',(9.3,18.,-10.7));
#1909 = DIRECTION('',(1.,0.,0.));
#1910 = DIRECTION('',(-0.,0.,1.));
#1911 = ORIENTED_EDGE('',*,*,#1897,.T.);
#1912 = CYLINDRICAL_SURFACE('',#1913,9.2);
#1913 = AXIS2_PLACEMENT_3D('',#1914,#1915,#1916);
#1914 = CARTESIAN_POINT('',(9.3,18.,-10.7));
#1915 = DIRECTION('',(1.,0.,0.));
#1916 = DIRECTION('',(-0.,0.,1.));
#1917 = ADVANCED_FACE('',(#1918),#1921,.T.);
#1918 = FACE_BOUND('',#1919,.T.);
#1919 = EDGE_LOOP('',(#1920));
#1920 = ORIENTED_EDGE('',*,*,#1888,.T.);
#1921 = PLANE('',#1922);
#1922 = AXIS2_PLACEMENT_3D('',#1923,#1924,#1925);
#1923 = CARTESIAN_POINT('',(74.3,18.,-10.7));
#1924 = DIRECTION('',(1.,0.,0.));
#1925 = DIRECTION('',(-0.,0.,1.));
#1926 = ADVANCED_FACE('',(#1927),#1930,.F.);
#1927 = FACE_BOUND('',#1928,.T.);
#1928 = EDGE_LOOP('',(#1929));
#1929 = ORIENTED_EDGE('',*,*,#1905,.F.);
#1930 = PLANE('',#1931);
#1931 = AXIS2_PLACEMENT_3D('',#1932,#1933,#1934);
#1932 = CARTESIAN_POINT('',(9.3,18.,-10.7));
#1933 = DIRECTION('',(1.,0.,0.));
#1934 = DIRECTION('',(-0.,0.,1.));
#1935 = MANIFOLD_SOLID_BREP('',#1936);
#1936 = CLOSED_SHELL('',(#1937,#1970,#1979));
#1937 = ADVANCED_FACE('',(#1938),#1965,.T.);
#1938 = FACE_BOUND('',#1939,.T.);
#1939 = EDGE_LOOP('',(#1940,#1949,#1957,#1964));
#1940 = ORIENTED_EDGE('',*,*,#1941,.F.);
#1941 = EDGE_CURVE('',#1942,#1942,#1944,.T.);
#1942 = VERTEX_POINT('',#1943);
#1943 = CARTESIAN_POINT('',(74.3,37.1,-1.5));
#1944 = CIRCLE('',#1945,9.2);
#1945 = AXIS2_PLACEMENT_3D('',#1946,#1947,#1948);
#1946 = CARTESIAN_POINT('',(74.3,37.1,-10.7));
#1947 = DIRECTION('',(1.,0.,0.));
#1948 = DIRECTION('',(-0.,0.,1.));
#1949 = ORIENTED_EDGE('',*,*,#1950,.F.);
#1950 = EDGE_CURVE('',#1951,#1942,#1953,.T.);
#1951 = VERTEX_POINT('',#1952);
#1952 = CARTESIAN_POINT('',(9.3,37.1,-1.5));
#1953 = LINE('',#1954,#1955);
#1954 = CARTESIAN_POINT('',(9.3,37.1,-1.5));
#1955 = VECTOR('',#1956,1.);
#1956 = DIRECTION('',(1.,0.,0.));
#1957 = ORIENTED_EDGE('',*,*,#1958,.T.);
#1958 = EDGE_CURVE('',#1951,#1951,#1959,.T.);
#1959 = CIRCLE('',#1960,9.2);
#1960 = AXIS2_PLACEMENT_3D('',#1961,#1962,#1963);
#1961 = CARTESIAN_POINT('',(9.3,37.1,-10.7));
#1962 = DIRECTION('',(1.,0.,0.));
#1963 = DIRECTION('',(-0.,0.,1.));
#1964 = ORIENTED_EDGE('',*,*,#1950,.T.);
#1965 = CYLINDRICAL_SURFACE('',#1966,9.2);
#1966 = AXIS2_PLACEMENT_3D('',#1967,#1968,#1969);
#1967 = CARTESIAN_POINT('',(9.3,37.1,-10.7));
#1968 = DIRECTION('',(1.,0.,0.));
#1969 = DIRECTION('',(-0.,0.,1.));
#1970 = ADVANCED_FACE('',(#1971),#1974,.T.);
#1971 = FACE_BOUND('',#1972,.T.);
#1972 = EDGE_LOOP('',(#1973));
#1973 = ORIENTED_EDGE('',*,*,#1941,.T.);
#1974 = PLANE('',#1975);
#1975 = AXIS2_PLACEMENT_3D('',#1976,#1977,#1978);
#1976 = CARTESIAN_POINT('',(74.3,37.1,-10.7));
#1977 = DIRECTION('',(1.,0.,0.));
#1978 = DIRECTION('',(-0.,0.,1.));
#1979 = ADVANCED_FACE('',(#1980),#1983,.F.);
#1980 = FACE_BOUND('',#1981,.T.);
#1981 = EDGE_LOOP('',(#1982));
#1982 = ORIENTED_EDGE('',*,*,#1958,.F.);
#1983 = PLANE('',#1984);
#1984 = AXIS2_PLACEMENT_3D('',#1985,#1986,#1987);
#1985 = CARTESIAN_POINT('',(9.3,37.1,-10.7));
#1986 = DIRECTION('',(1.,0.,0.));
#1987 = DIRECTION('',(-0.,0.,1.));
#1988 = ( GEOMETRIC_REPRESENTATION_CONTEXT(3) 
GLOBAL_UNCERTAINTY_ASSIGNED_CONTEXT((#1992)) 
GLOBAL_UNIT_ASSIGNED_CONTEXT((#1989,#1990,#1991)) REPRESENTATION_CONTEXT
('Context #1','3D Context with UNIT and UNCERTAINTY') );
#1989 = ( LENGTH_UNIT() NAMED_UNIT(*) SI_UNIT(.MILLI.,.METRE.) );
#1990 = ( NAMED_UNIT(*) PLANE_ANGLE_UNIT() SI_UNIT($,.RADIAN.) );
#1991 = ( NAMED_UNIT(*) SI_UNIT($,.STERADIAN.) SOLID_ANGLE_UNIT() );
#1992 = UNCERTAINTY_MEASURE_WITH_UNIT(LENGTH_MEASURE(1.E-07),#1989,
  'distance_accuracy_value','confusion accuracy');
#1993 = CONTEXT_DEPENDENT_SHAPE_REPRESENTATION(#1994,#1996);
#1994 = ( REPRESENTATION_RELATIONSHIP('','',#1881,#10) 
REPRESENTATION_RELATIONSHIP_WITH_TRANSFORMATION(#1995) 
SHAPE_REPRESENTATION_RELATIONSHIP() );
#1995 = ITEM_DEFINED_TRANSFORMATION('','',#11,#27);
#1996 = PRODUCT_DEFINITION_SHAPE('Placement','Placement of an item',
  #1997);
#1997 = NEXT_ASSEMBLY_USAGE_OCCURRENCE('4','18650 cells (not included)',
  '',#5,#1876,$);
#1998 = PRODUCT_RELATED_PRODUCT_CATEGORY('part',$,(#1878));
#1999 = SHAPE_DEFINITION_REPRESENTATION(#2000,#2006);
#2000 = PRODUCT_DEFINITION_SHAPE('','',#2001);
#2001 = PRODUCT_DEFINITION('design','',#2002,#2005);
#2002 = PRODUCT_DEFINITION_FORMATION('','',#2003);
#2003 = PRODUCT('DC jack 8.4V','DC jack 8.4V','',(#2004));
#2004 = PRODUCT_CONTEXT('',#2,'mechanical');
#2005 = PRODUCT_DEFINITION_CONTEXT('part definition',#2,'design');
#2006 = ADVANCED_BREP_SHAPE_REPRESENTATION('',(#11,#2007),#2202);
#2007 = MANIFOLD_SOLID_BREP('',#2008);
#2008 = CLOSED_SHELL('',(#2009,#2049,#2080,#2104,#2139,#2156,#2168,#2193
    ));
#2009 = ADVANCED_FACE('',(#2010),#2044,.F.);
#2010 = FACE_BOUND('',#2011,.F.);
#2011 = EDGE_LOOP('',(#2012,#2022,#2030,#2038));
#2012 = ORIENTED_EDGE('',*,*,#2013,.F.);
#2013 = EDGE_CURVE('',#2014,#2016,#2018,.T.);
#2014 = VERTEX_POINT('',#2015);
#2015 = CARTESIAN_POINT('',(31.7,45.5,1.6));
#2016 = VERTEX_POINT('',#2017);
#2017 = CARTESIAN_POINT('',(31.7,45.5,12.1));
#2018 = LINE('',#2019,#2020);
#2019 = CARTESIAN_POINT('',(31.7,45.5,1.6));
#2020 = VECTOR('',#2021,1.);
#2021 = DIRECTION('',(0.,0.,1.));
#2022 = ORIENTED_EDGE('',*,*,#2023,.T.);
#2023 = EDGE_CURVE('',#2014,#2024,#2026,.T.);
#2024 = VERTEX_POINT('',#2025);
#2025 = CARTESIAN_POINT('',(31.7,57.5,1.6));
#2026 = LINE('',#2027,#2028);
#2027 = CARTESIAN_POINT('',(31.7,45.5,1.6));
#2028 = VECTOR('',#2029,1.);
#2029 = DIRECTION('',(-0.,1.,0.));
#2030 = ORIENTED_EDGE('',*,*,#2031,.T.);
#2031 = EDGE_CURVE('',#2024,#2032,#2034,.T.);
#2032 = VERTEX_POINT('',#2033);
#2033 = CARTESIAN_POINT('',(31.7,57.5,12.1));
#2034 = LINE('',#2035,#2036);
#2035 = CARTESIAN_POINT('',(31.7,57.5,1.6));
#2036 = VECTOR('',#2037,1.);
#2037 = DIRECTION('',(0.,0.,1.));
#2038 = ORIENTED_EDGE('',*,*,#2039,.F.);
#2039 = EDGE_CURVE('',#2016,#2032,#2040,.T.);
#2040 = LINE('',#2041,#2042);
#2041 = CARTESIAN_POINT('',(31.7,45.5,12.1));
#2042 = VECTOR('',#2043,1.);
#2043 = DIRECTION('',(-0.,1.,0.));
#2044 = PLANE('',#2045);
#2045 = AXIS2_PLACEMENT_3D('',#2046,#2047,#2048);
#2046 = CARTESIAN_POINT('',(31.7,45.5,1.6));
#2047 = DIRECTION('',(1.,0.,-0.));
#2048 = DIRECTION('',(0.,0.,1.));
#2049 = ADVANCED_FACE('',(#2050),#2075,.F.);
#2050 = FACE_BOUND('',#2051,.F.);
#2051 = EDGE_LOOP('',(#2052,#2060,#2061,#2069));
#2052 = ORIENTED_EDGE('',*,*,#2053,.F.);
#2053 = EDGE_CURVE('',#2014,#2054,#2056,.T.);
#2054 = VERTEX_POINT('',#2055);
#2055 = CARTESIAN_POINT('',(40.7,45.5,1.6));
#2056 = LINE('',#2057,#2058);
#2057 = CARTESIAN_POINT('',(31.7,45.5,1.6));
#2058 = VECTOR('',#2059,1.);
#2059 = DIRECTION('',(1.,0.,-0.));
#2060 = ORIENTED_EDGE('',*,*,#2013,.T.);
#2061 = ORIENTED_EDGE('',*,*,#2062,.T.);
#2062 = EDGE_CURVE('',#2016,#2063,#2065,.T.);
#2063 = VERTEX_POINT('',#2064);
#2064 = CARTESIAN_POINT('',(40.7,45.5,12.1));
#2065 = LINE('',#2066,#2067);
#2066 = CARTESIAN_POINT('',(31.7,45.5,12.1));
#2067 = VECTOR('',#2068,1.);
#2068 = DIRECTION('',(1.,0.,-0.));
#2069 = ORIENTED_EDGE('',*,*,#2070,.F.);
#2070 = EDGE_CURVE('',#2054,#2063,#2071,.T.);
#2071 = LINE('',#2072,#2073);
#2072 = CARTESIAN_POINT('',(40.7,45.5,1.6));
#2073 = VECTOR('',#2074,1.);
#2074 = DIRECTION('',(0.,0.,1.));
#2075 = PLANE('',#2076);
#2076 = AXIS2_PLACEMENT_3D('',#2077,#2078,#2079);
#2077 = CARTESIAN_POINT('',(31.7,45.5,1.6));
#2078 = DIRECTION('',(-0.,1.,0.));
#2079 = DIRECTION('',(0.,0.,1.));
#2080 = ADVANCED_FACE('',(#2081),#2099,.T.);
#2081 = FACE_BOUND('',#2082,.T.);
#2082 = EDGE_LOOP('',(#2083,#2084,#2085,#2093));
#2083 = ORIENTED_EDGE('',*,*,#2039,.F.);
#2084 = ORIENTED_EDGE('',*,*,#2062,.T.);
#2085 = ORIENTED_EDGE('',*,*,#2086,.T.);
#2086 = EDGE_CURVE('',#2063,#2087,#2089,.T.);
#2087 = VERTEX_POINT('',#2088);
#2088 = CARTESIAN_POINT('',(40.7,57.5,12.1));
#2089 = LINE('',#2090,#2091);
#2090 = CARTESIAN_POINT('',(40.7,45.5,12.1));
#2091 = VECTOR('',#2092,1.);
#2092 = DIRECTION('',(-0.,1.,0.));
#2093 = ORIENTED_EDGE('',*,*,#2094,.F.);
#2094 = EDGE_CURVE('',#2032,#2087,#2095,.T.);
#2095 = LINE('',#2096,#2097);
#2096 = CARTESIAN_POINT('',(31.7,57.5,12.1));
#2097 = VECTOR('',#2098,1.);
#2098 = DIRECTION('',(1.,0.,-0.));
#2099 = PLANE('',#2100);
#2100 = AXIS2_PLACEMENT_3D('',#2101,#2102,#2103);
#2101 = CARTESIAN_POINT('',(31.7,45.5,12.1));
#2102 = DIRECTION('',(0.,0.,1.));
#2103 = DIRECTION('',(1.,0.,-0.));
#2104 = ADVANCED_FACE('',(#2105,#2123),#2134,.T.);
#2105 = FACE_BOUND('',#2106,.T.);
#2106 = EDGE_LOOP('',(#2107,#2115,#2116,#2117));
#2107 = ORIENTED_EDGE('',*,*,#2108,.F.);
#2108 = EDGE_CURVE('',#2024,#2109,#2111,.T.);
#2109 = VERTEX_POINT('',#2110);
#2110 = CARTESIAN_POINT('',(40.7,57.5,1.6));
#2111 = LINE('',#2112,#2113);
#2112 = CARTESIAN_POINT('',(31.7,57.5,1.6));
#2113 = VECTOR('',#2114,1.);
#2114 = DIRECTION('',(1.,0.,-0.));
#2115 = ORIENTED_EDGE('',*,*,#2031,.T.);
#2116 = ORIENTED_EDGE('',*,*,#2094,.T.);
#2117 = ORIENTED_EDGE('',*,*,#2118,.F.);
#2118 = EDGE_CURVE('',#2109,#2087,#2119,.T.);
#2119 = LINE('',#2120,#2121);
#2120 = CARTESIAN_POINT('',(40.7,57.5,1.6));
#2121 = VECTOR('',#2122,1.);
#2122 = DIRECTION('',(0.,0.,1.));
#2123 = FACE_BOUND('',#2124,.T.);
#2124 = EDGE_LOOP('',(#2125));
#2125 = ORIENTED_EDGE('',*,*,#2126,.T.);
#2126 = EDGE_CURVE('',#2127,#2127,#2129,.T.);
#2127 = VERTEX_POINT('',#2128);
#2128 = CARTESIAN_POINT('',(36.2,57.5,4.4));
#2129 = CIRCLE('',#2130,3.2);
#2130 = AXIS2_PLACEMENT_3D('',#2131,#2132,#2133);
#2131 = CARTESIAN_POINT('',(36.2,57.5,7.6));
#2132 = DIRECTION('',(0.,-1.,0.));
#2133 = DIRECTION('',(0.,-0.,-1.));
#2134 = PLANE('',#2135);
#2135 = AXIS2_PLACEMENT_3D('',#2136,#2137,#2138);
#2136 = CARTESIAN_POINT('',(31.7,57.5,1.6));
#2137 = DIRECTION('',(-0.,1.,0.));
#2138 = DIRECTION('',(0.,0.,1.));
#2139 = ADVANCED_FACE('',(#2140),#2151,.F.);
#2140 = FACE_BOUND('',#2141,.F.);
#2141 = EDGE_LOOP('',(#2142,#2143,#2144,#2150));
#2142 = ORIENTED_EDGE('',*,*,#2023,.F.);
#2143 = ORIENTED_EDGE('',*,*,#2053,.T.);
#2144 = ORIENTED_EDGE('',*,*,#2145,.T.);
#2145 = EDGE_CURVE('',#2054,#2109,#2146,.T.);
#2146 = LINE('',#2147,#2148);
#2147 = CARTESIAN_POINT('',(40.7,45.5,1.6));
#2148 = VECTOR('',#2149,1.);
#2149 = DIRECTION('',(-0.,1.,0.));
#2150 = ORIENTED_EDGE('',*,*,#2108,.F.);
#2151 = PLANE('',#2152);
#2152 = AXIS2_PLACEMENT_3D('',#2153,#2154,#2155);
#2153 = CARTESIAN_POINT('',(31.7,45.5,1.6));
#2154 = DIRECTION('',(0.,0.,1.));
#2155 = DIRECTION('',(1.,0.,-0.));
#2156 = ADVANCED_FACE('',(#2157),#2163,.T.);
#2157 = FACE_BOUND('',#2158,.T.);
#2158 = EDGE_LOOP('',(#2159,#2160,#2161,#2162));
#2159 = ORIENTED_EDGE('',*,*,#2070,.F.);
#2160 = ORIENTED_EDGE('',*,*,#2145,.T.);
#2161 = ORIENTED_EDGE('',*,*,#2118,.T.);
#2162 = ORIENTED_EDGE('',*,*,#2086,.F.);
#2163 = PLANE('',#2164);
#2164 = AXIS2_PLACEMENT_3D('',#2165,#2166,#2167);
#2165 = CARTESIAN_POINT('',(40.7,45.5,1.6));
#2166 = DIRECTION('',(1.,0.,-0.));
#2167 = DIRECTION('',(0.,0.,1.));
#2168 = ADVANCED_FACE('',(#2169),#2188,.F.);
#2169 = FACE_BOUND('',#2170,.F.);
#2170 = EDGE_LOOP('',(#2171,#2179,#2186,#2187));
#2171 = ORIENTED_EDGE('',*,*,#2172,.T.);
#2172 = EDGE_CURVE('',#2127,#2173,#2175,.T.);
#2173 = VERTEX_POINT('',#2174);
#2174 = CARTESIAN_POINT('',(36.2,48.,4.4));
#2175 = LINE('',#2176,#2177);
#2176 = CARTESIAN_POINT('',(36.2,58.,4.4));
#2177 = VECTOR('',#2178,1.);
#2178 = DIRECTION('',(0.,-1.,0.));
#2179 = ORIENTED_EDGE('',*,*,#2180,.F.);
#2180 = EDGE_CURVE('',#2173,#2173,#2181,.T.);
#2181 = CIRCLE('',#2182,3.2);
#2182 = AXIS2_PLACEMENT_3D('',#2183,#2184,#2185);
#2183 = CARTESIAN_POINT('',(36.2,48.,7.6));
#2184 = DIRECTION('',(0.,-1.,0.));
#2185 = DIRECTION('',(0.,-0.,-1.));
#2186 = ORIENTED_EDGE('',*,*,#2172,.F.);
#2187 = ORIENTED_EDGE('',*,*,#2126,.T.);
#2188 = CYLINDRICAL_SURFACE('',#2189,3.2);
#2189 = AXIS2_PLACEMENT_3D('',#2190,#2191,#2192);
#2190 = CARTESIAN_POINT('',(36.2,58.,7.6));
#2191 = DIRECTION('',(0.,-1.,0.));
#2192 = DIRECTION('',(0.,-0.,-1.));
#2193 = ADVANCED_FACE('',(#2194),#2197,.F.);
#2194 = FACE_BOUND('',#2195,.F.);
#2195 = EDGE_LOOP('',(#2196));
#2196 = ORIENTED_EDGE('',*,*,#2180,.T.);
#2197 = PLANE('',#2198);
#2198 = AXIS2_PLACEMENT_3D('',#2199,#2200,#2201);
#2199 = CARTESIAN_POINT('',(36.2,48.,7.6));
#2200 = DIRECTION('',(0.,-1.,0.));
#2201 = DIRECTION('',(0.,-0.,-1.));
#2202 = ( GEOMETRIC_REPRESENTATION_CONTEXT(3) 
GLOBAL_UNCERTAINTY_ASSIGNED_CONTEXT((#2206)) 
GLOBAL_UNIT_ASSIGNED_CONTEXT((#2203,#2204,#2205)) REPRESENTATION_CONTEXT
('Context #1','3D Context with UNIT and UNCERTAINTY') );
#2203 = ( LENGTH_UNIT() NAMED_UNIT(*) SI_UNIT(.MILLI.,.METRE.) );
#2204 = ( NAMED_UNIT(*) PLANE_ANGLE_UNIT() SI_UNIT($,.RADIAN.) );
#2205 = ( NAMED_UNIT(*) SI_UNIT($,.STERADIAN.) SOLID_ANGLE_UNIT() );
#2206 = UNCERTAINTY_MEASURE_WITH_UNIT(LENGTH_MEASURE(1.E-07),#2203,
  'distance_accuracy_value','confusion accuracy');
#2207 = CONTEXT_DEPENDENT_SHAPE_REPRESENTATION(#2208,#2210);
#2208 = ( REPRESENTATION_RELATIONSHIP('','',#2006,#10) 
REPRESENTATION_RELATIONSHIP_WITH_TRANSFORMATION(#2209) 
SHAPE_REPRESENTATION_RELATIONSHIP() );
#2209 = ITEM_DEFINED_TRANSFORMATION('','',#11,#31);
#2210 = PRODUCT_DEFINITION_SHAPE('Placement','Placement of an item',
  #2211);
#2211 = NEXT_ASSEMBLY_USAGE_OCCURRENCE('5','DC jack 8.4V','',#5,#2001,$
  );
#2212 = PRODUCT_RELATED_PRODUCT_CATEGORY('part',$,(#2003));
#2213 = SHAPE_DEFINITION_REPRESENTATION(#2214,#2220);
#2214 = PRODUCT_DEFINITION_SHAPE('','',#2215);
#2215 = PRODUCT_DEFINITION('design','',#2216,#2219);
#2216 = PRODUCT_DEFINITION_FORMATION('','',#2217);
#2217 = PRODUCT('DC jack pin','DC jack pin','',(#2218));
#2218 = PRODUCT_CONTEXT('',#2,'mechanical');
#2219 = PRODUCT_DEFINITION_CONTEXT('part definition',#2,'design');
#2220 = ADVANCED_BREP_SHAPE_REPRESENTATION('',(#11,#2221),#2274);
#2221 = MANIFOLD_SOLID_BREP('',#2222);
#2222 = CLOSED_SHELL('',(#2223,#2256,#2265));
#2223 = ADVANCED_FACE('',(#2224),#2251,.T.);
#2224 = FACE_BOUND('',#2225,.T.);
#2225 = EDGE_LOOP('',(#2226,#2235,#2243,#2250));
#2226 = ORIENTED_EDGE('',*,*,#2227,.F.);
#2227 = EDGE_CURVE('',#2228,#2228,#2230,.T.);
#2228 = VERTEX_POINT('',#2229);
#2229 = CARTESIAN_POINT('',(36.2,48.5,6.6));
#2230 = CIRCLE('',#2231,1.);
#2231 = AXIS2_PLACEMENT_3D('',#2232,#2233,#2234);
#2232 = CARTESIAN_POINT('',(36.2,48.5,7.6));
#2233 = DIRECTION('',(0.,-1.,0.));
#2234 = DIRECTION('',(0.,-0.,-1.));
#2235 = ORIENTED_EDGE('',*,*,#2236,.F.);
#2236 = EDGE_CURVE('',#2237,#2228,#2239,.T.);
#2237 = VERTEX_POINT('',#2238);
#2238 = CARTESIAN_POINT('',(36.2,57.5,6.6));
#2239 = LINE('',#2240,#2241);
#2240 = CARTESIAN_POINT('',(36.2,57.5,6.6));
#2241 = VECTOR('',#2242,1.);
#2242 = DIRECTION('',(0.,-1.,0.));
#2243 = ORIENTED_EDGE('',*,*,#2244,.T.);
#2244 = EDGE_CURVE('',#2237,#2237,#2245,.T.);
#2245 = CIRCLE('',#2246,1.);
#2246 = AXIS2_PLACEMENT_3D('',#2247,#2248,#2249);
#2247 = CARTESIAN_POINT('',(36.2,57.5,7.6));
#2248 = DIRECTION('',(0.,-1.,0.));
#2249 = DIRECTION('',(0.,-0.,-1.));
#2250 = ORIENTED_EDGE('',*,*,#2236,.T.);
#2251 = CYLINDRICAL_SURFACE('',#2252,1.);
#2252 = AXIS2_PLACEMENT_3D('',#2253,#2254,#2255);
#2253 = CARTESIAN_POINT('',(36.2,57.5,7.6));
#2254 = DIRECTION('',(0.,-1.,0.));
#2255 = DIRECTION('',(0.,-0.,-1.));
#2256 = ADVANCED_FACE('',(#2257),#2260,.T.);
#2257 = FACE_BOUND('',#2258,.T.);
#2258 = EDGE_LOOP('',(#2259));
#2259 = ORIENTED_EDGE('',*,*,#2227,.T.);
#2260 = PLANE('',#2261);
#2261 = AXIS2_PLACEMENT_3D('',#2262,#2263,#2264);
#2262 = CARTESIAN_POINT('',(36.2,48.5,7.6));
#2263 = DIRECTION('',(0.,-1.,0.));
#2264 = DIRECTION('',(0.,-0.,-1.));
#2265 = ADVANCED_FACE('',(#2266),#2269,.F.);
#2266 = FACE_BOUND('',#2267,.T.);
#2267 = EDGE_LOOP('',(#2268));
#2268 = ORIENTED_EDGE('',*,*,#2244,.F.);
#2269 = PLANE('',#2270);
#2270 = AXIS2_PLACEMENT_3D('',#2271,#2272,#2273);
#2271 = CARTESIAN_POINT('',(36.2,57.5,7.6));
#2272 = DIRECTION('',(0.,-1.,0.));
#2273 = DIRECTION('',(0.,-0.,-1.));
#2274 = ( GEOMETRIC_REPRESENTATION_CONTEXT(3) 
GLOBAL_UNCERTAINTY_ASSIGNED_CONTEXT((#2278)) 
GLOBAL_UNIT_ASSIGNED_CONTEXT((#2275,#2276,#2277)) REPRESENTATION_CONTEXT
('Context #1','3D Context with UNIT and UNCERTAINTY') );
#2275 = ( LENGTH_UNIT() NAMED_UNIT(*) SI_UNIT(.MILLI.,.METRE.) );
#2276 = ( NAMED_UNIT(*) PLANE_ANGLE_UNIT() SI_UNIT($,.RADIAN.) );
#2277 = ( NAMED_UNIT(*) SI_UNIT($,.STERADIAN.) SOLID_ANGLE_UNIT() );
#2278 = UNCERTAINTY_MEASURE_WITH_UNIT(LENGTH_MEASURE(1.E-07),#2275,
  'distance_accuracy_value','confusion accuracy');
#2279 = CONTEXT_DEPENDENT_SHAPE_REPRESENTATION(#2280,#2282);
#2280 = ( REPRESENTATION_RELATIONSHIP('','',#2220,#10) 
REPRESENTATION_RELATIONSHIP_WITH_TRANSFORMATION(#2281) 
SHAPE_REPRESENTATION_RELATIONSHIP() );
#2281 = ITEM_DEFINED_TRANSFORMATION('','',#11,#35);
#2282 = PRODUCT_DEFINITION_SHAPE('Placement','Placement of an item',
  #2283);
#2283 = NEXT_ASSEMBLY_USAGE_OCCURRENCE('6','DC jack pin','',#5,#2215,$);
#2284 = PRODUCT_RELATED_PRODUCT_CATEGORY('part',$,(#2217));
#2285 = SHAPE_DEFINITION_REPRESENTATION(#2286,#2292);
#2286 = PRODUCT_DEFINITION_SHAPE('','',#2287);
#2287 = PRODUCT_DEFINITION('design','',#2288,#2291);
#2288 = PRODUCT_DEFINITION_FORMATION('','',#2289);
#2289 = PRODUCT('USB-A 5V OUT','USB-A 5V OUT','',(#2290));
#2290 = PRODUCT_CONTEXT('',#2,'mechanical');
#2291 = PRODUCT_DEFINITION_CONTEXT('part definition',#2,'design');
#2292 = ADVANCED_BREP_SHAPE_REPRESENTATION('',(#11,#2293),#2585);
#2293 = MANIFOLD_SOLID_BREP('',#2294);
#2294 = CLOSED_SHELL('',(#2295,#2335,#2366,#2390,#2448,#2465,#2477,#2508
    ,#2532,#2556,#2573));
#2295 = ADVANCED_FACE('',(#2296),#2330,.F.);
#2296 = FACE_BOUND('',#2297,.F.);
#2297 = EDGE_LOOP('',(#2298,#2308,#2316,#2324));
#2298 = ORIENTED_EDGE('',*,*,#2299,.F.);
#2299 = EDGE_CURVE('',#2300,#2302,#2304,.T.);
#2300 = VERTEX_POINT('',#2301);
#2301 = CARTESIAN_POINT('',(45.5,43.,1.6));
#2302 = VERTEX_POINT('',#2303);
#2303 = CARTESIAN_POINT('',(45.5,43.,8.6));
#2304 = LINE('',#2305,#2306);
#2305 = CARTESIAN_POINT('',(45.5,43.,1.6));
#2306 = VECTOR('',#2307,1.);
#2307 = DIRECTION('',(0.,0.,1.));
#2308 = ORIENTED_EDGE('',*,*,#2309,.T.);
#2309 = EDGE_CURVE('',#2300,#2310,#2312,.T.);
#2310 = VERTEX_POINT('',#2311);
#2311 = CARTESIAN_POINT('',(45.5,57.,1.6));
#2312 = LINE('',#2313,#2314);
#2313 = CARTESIAN_POINT('',(45.5,43.,1.6));
#2314 = VECTOR('',#2315,1.);
#2315 = DIRECTION('',(-0.,1.,0.));
#2316 = ORIENTED_EDGE('',*,*,#2317,.T.);
#2317 = EDGE_CURVE('',#2310,#2318,#2320,.T.);
#2318 = VERTEX_POINT('',#2319);
#2319 = CARTESIAN_POINT('',(45.5,57.,8.6));
#2320 = LINE('',#2321,#2322);
#2321 = CARTESIAN_POINT('',(45.5,57.,1.6));
#2322 = VECTOR('',#2323,1.);
#2323 = DIRECTION('',(0.,0.,1.));
#2324 = ORIENTED_EDGE('',*,*,#2325,.F.);
#2325 = EDGE_CURVE('',#2302,#2318,#2326,.T.);
#2326 = LINE('',#2327,#2328);
#2327 = CARTESIAN_POINT('',(45.5,43.,8.6));
#2328 = VECTOR('',#2329,1.);
#2329 = DIRECTION('',(-0.,1.,0.));
#2330 = PLANE('',#2331);
#2331 = AXIS2_PLACEMENT_3D('',#2332,#2333,#2334);
#2332 = CARTESIAN_POINT('',(45.5,43.,1.6));
#2333 = DIRECTION('',(1.,0.,-0.));
#2334 = DIRECTION('',(0.,0.,1.));
#2335 = ADVANCED_FACE('',(#2336),#2361,.F.);
#2336 = FACE_BOUND('',#2337,.F.);
#2337 = EDGE_LOOP('',(#2338,#2346,#2347,#2355));
#2338 = ORIENTED_EDGE('',*,*,#2339,.F.);
#2339 = EDGE_CURVE('',#2300,#2340,#2342,.T.);
#2340 = VERTEX_POINT('',#2341);
#2341 = CARTESIAN_POINT('',(58.7,43.,1.6));
#2342 = LINE('',#2343,#2344);
#2343 = CARTESIAN_POINT('',(45.5,43.,1.6));
#2344 = VECTOR('',#2345,1.);
#2345 = DIRECTION('',(1.,0.,-0.));
#2346 = ORIENTED_EDGE('',*,*,#2299,.T.);
#2347 = ORIENTED_EDGE('',*,*,#2348,.T.);
#2348 = EDGE_CURVE('',#2302,#2349,#2351,.T.);
#2349 = VERTEX_POINT('',#2350);
#2350 = CARTESIAN_POINT('',(58.7,43.,8.6));
#2351 = LINE('',#2352,#2353);
#2352 = CARTESIAN_POINT('',(45.5,43.,8.6));
#2353 = VECTOR('',#2354,1.);
#2354 = DIRECTION('',(1.,0.,-0.));
#2355 = ORIENTED_EDGE('',*,*,#2356,.F.);
#2356 = EDGE_CURVE('',#2340,#2349,#2357,.T.);
#2357 = LINE('',#2358,#2359);
#2358 = CARTESIAN_POINT('',(58.7,43.,1.6));
#2359 = VECTOR('',#2360,1.);
#2360 = DIRECTION('',(0.,0.,1.));
#2361 = PLANE('',#2362);
#2362 = AXIS2_PLACEMENT_3D('',#2363,#2364,#2365);
#2363 = CARTESIAN_POINT('',(45.5,43.,1.6));
#2364 = DIRECTION('',(-0.,1.,0.));
#2365 = DIRECTION('',(0.,0.,1.));
#2366 = ADVANCED_FACE('',(#2367),#2385,.T.);
#2367 = FACE_BOUND('',#2368,.T.);
#2368 = EDGE_LOOP('',(#2369,#2370,#2371,#2379));
#2369 = ORIENTED_EDGE('',*,*,#2325,.F.);
#2370 = ORIENTED_EDGE('',*,*,#2348,.T.);
#2371 = ORIENTED_EDGE('',*,*,#2372,.T.);
#2372 = EDGE_CURVE('',#2349,#2373,#2375,.T.);
#2373 = VERTEX_POINT('',#2374);
#2374 = CARTESIAN_POINT('',(58.7,57.,8.6));
#2375 = LINE('',#2376,#2377);
#2376 = CARTESIAN_POINT('',(58.7,43.,8.6));
#2377 = VECTOR('',#2378,1.);
#2378 = DIRECTION('',(-0.,1.,0.));
#2379 = ORIENTED_EDGE('',*,*,#2380,.F.);
#2380 = EDGE_CURVE('',#2318,#2373,#2381,.T.);
#2381 = LINE('',#2382,#2383);
#2382 = CARTESIAN_POINT('',(45.5,57.,8.6));
#2383 = VECTOR('',#2384,1.);
#2384 = DIRECTION('',(1.,0.,-0.));
#2385 = PLANE('',#2386);
#2386 = AXIS2_PLACEMENT_3D('',#2387,#2388,#2389);
#2387 = CARTESIAN_POINT('',(45.5,43.,8.6));
#2388 = DIRECTION('',(0.,0.,1.));
#2389 = DIRECTION('',(1.,0.,-0.));
#2390 = ADVANCED_FACE('',(#2391,#2409),#2443,.T.);
#2391 = FACE_BOUND('',#2392,.T.);
#2392 = EDGE_LOOP('',(#2393,#2401,#2402,#2403));
#2393 = ORIENTED_EDGE('',*,*,#2394,.F.);
#2394 = EDGE_CURVE('',#2310,#2395,#2397,.T.);
#2395 = VERTEX_POINT('',#2396);
#2396 = CARTESIAN_POINT('',(58.7,57.,1.6));
#2397 = LINE('',#2398,#2399);
#2398 = CARTESIAN_POINT('',(45.5,57.,1.6));
#2399 = VECTOR('',#2400,1.);
#2400 = DIRECTION('',(1.,0.,-0.));
#2401 = ORIENTED_EDGE('',*,*,#2317,.T.);
#2402 = ORIENTED_EDGE('',*,*,#2380,.T.);
#2403 = ORIENTED_EDGE('',*,*,#2404,.F.);
#2404 = EDGE_CURVE('',#2395,#2373,#2405,.T.);
#2405 = LINE('',#2406,#2407);
#2406 = CARTESIAN_POINT('',(58.7,57.,1.6));
#2407 = VECTOR('',#2408,1.);
#2408 = DIRECTION('',(0.,0.,1.));
#2409 = FACE_BOUND('',#2410,.T.);
#2410 = EDGE_LOOP('',(#2411,#2421,#2429,#2437));
#2411 = ORIENTED_EDGE('',*,*,#2412,.F.);
#2412 = EDGE_CURVE('',#2413,#2415,#2417,.T.);
#2413 = VERTEX_POINT('',#2414);
#2414 = CARTESIAN_POINT('',(46.,57.,8.));
#2415 = VERTEX_POINT('',#2416);
#2416 = CARTESIAN_POINT('',(58.2,57.,8.));
#2417 = LINE('',#2418,#2419);
#2418 = CARTESIAN_POINT('',(45.75,57.,8.));
#2419 = VECTOR('',#2420,1.);
#2420 = DIRECTION('',(1.,0.,-0.));
#2421 = ORIENTED_EDGE('',*,*,#2422,.T.);
#2422 = EDGE_CURVE('',#2413,#2423,#2425,.T.);
#2423 = VERTEX_POINT('',#2424);
#2424 = CARTESIAN_POINT('',(46.,57.,2.2));
#2425 = LINE('',#2426,#2427);
#2426 = CARTESIAN_POINT('',(46.,57.,1.9));
#2427 = VECTOR('',#2428,1.);
#2428 = DIRECTION('',(-0.,0.,-1.));
#2429 = ORIENTED_EDGE('',*,*,#2430,.T.);
#2430 = EDGE_CURVE('',#2423,#2431,#2433,.T.);
#2431 = VERTEX_POINT('',#2432);
#2432 = CARTESIAN_POINT('',(58.2,57.,2.2));
#2433 = LINE('',#2434,#2435);
#2434 = CARTESIAN_POINT('',(45.75,57.,2.2));
#2435 = VECTOR('',#2436,1.);
#2436 = DIRECTION('',(1.,0.,-0.));
#2437 = ORIENTED_EDGE('',*,*,#2438,.F.);
#2438 = EDGE_CURVE('',#2415,#2431,#2439,.T.);
#2439 = LINE('',#2440,#2441);
#2440 = CARTESIAN_POINT('',(58.2,57.,1.9));
#2441 = VECTOR('',#2442,1.);
#2442 = DIRECTION('',(-0.,0.,-1.));
#2443 = PLANE('',#2444);
#2444 = AXIS2_PLACEMENT_3D('',#2445,#2446,#2447);
#2445 = CARTESIAN_POINT('',(45.5,57.,1.6));
#2446 = DIRECTION('',(-0.,1.,0.));
#2447 = DIRECTION('',(0.,0.,1.));
#2448 = ADVANCED_FACE('',(#2449),#2460,.F.);
#2449 = FACE_BOUND('',#2450,.F.);
#2450 = EDGE_LOOP('',(#2451,#2452,#2453,#2459));
#2451 = ORIENTED_EDGE('',*,*,#2309,.F.);
#2452 = ORIENTED_EDGE('',*,*,#2339,.T.);
#2453 = ORIENTED_EDGE('',*,*,#2454,.T.);
#2454 = EDGE_CURVE('',#2340,#2395,#2455,.T.);
#2455 = LINE('',#2456,#2457);
#2456 = CARTESIAN_POINT('',(58.7,43.,1.6));
#2457 = VECTOR('',#2458,1.);
#2458 = DIRECTION('',(-0.,1.,0.));
#2459 = ORIENTED_EDGE('',*,*,#2394,.F.);
#2460 = PLANE('',#2461);
#2461 = AXIS2_PLACEMENT_3D('',#2462,#2463,#2464);
#2462 = CARTESIAN_POINT('',(45.5,43.,1.6));
#2463 = DIRECTION('',(0.,0.,1.));
#2464 = DIRECTION('',(1.,0.,-0.));
#2465 = ADVANCED_FACE('',(#2466),#2472,.T.);
#2466 = FACE_BOUND('',#2467,.T.);
#2467 = EDGE_LOOP('',(#2468,#2469,#2470,#2471));
#2468 = ORIENTED_EDGE('',*,*,#2356,.F.);
#2469 = ORIENTED_EDGE('',*,*,#2454,.T.);
#2470 = ORIENTED_EDGE('',*,*,#2404,.T.);
#2471 = ORIENTED_EDGE('',*,*,#2372,.F.);
#2472 = PLANE('',#2473);
#2473 = AXIS2_PLACEMENT_3D('',#2474,#2475,#2476);
#2474 = CARTESIAN_POINT('',(58.7,43.,1.6));
#2475 = DIRECTION('',(1.,0.,-0.));
#2476 = DIRECTION('',(0.,0.,1.));
#2477 = ADVANCED_FACE('',(#2478),#2503,.F.);
#2478 = FACE_BOUND('',#2479,.F.);
#2479 = EDGE_LOOP('',(#2480,#2488,#2496,#2502));
#2480 = ORIENTED_EDGE('',*,*,#2481,.F.);
#2481 = EDGE_CURVE('',#2482,#2413,#2484,.T.);
#2482 = VERTEX_POINT('',#2483);
#2483 = CARTESIAN_POINT('',(46.,46.9,8.));
#2484 = LINE('',#2485,#2486);
#2485 = CARTESIAN_POINT('',(46.,46.9,8.));
#2486 = VECTOR('',#2487,1.);
#2487 = DIRECTION('',(-0.,1.,0.));
#2488 = ORIENTED_EDGE('',*,*,#2489,.T.);
#2489 = EDGE_CURVE('',#2482,#2490,#2492,.T.);
#2490 = VERTEX_POINT('',#2491);
#2491 = CARTESIAN_POINT('',(58.2,46.9,8.));
#2492 = LINE('',#2493,#2494);
#2493 = CARTESIAN_POINT('',(46.,46.9,8.));
#2494 = VECTOR('',#2495,1.);
#2495 = DIRECTION('',(1.,0.,-0.));
#2496 = ORIENTED_EDGE('',*,*,#2497,.T.);
#2497 = EDGE_CURVE('',#2490,#2415,#2498,.T.);
#2498 = LINE('',#2499,#2500);
#2499 = CARTESIAN_POINT('',(58.2,46.9,8.));
#2500 = VECTOR('',#2501,1.);
#2501 = DIRECTION('',(-0.,1.,0.));
#2502 = ORIENTED_EDGE('',*,*,#2412,.F.);
#2503 = PLANE('',#2504);
#2504 = AXIS2_PLACEMENT_3D('',#2505,#2506,#2507);
#2505 = CARTESIAN_POINT('',(46.,46.9,8.));
#2506 = DIRECTION('',(0.,0.,1.));
#2507 = DIRECTION('',(1.,0.,-0.));
#2508 = ADVANCED_FACE('',(#2509),#2527,.F.);
#2509 = FACE_BOUND('',#2510,.F.);
#2510 = EDGE_LOOP('',(#2511,#2512,#2520,#2526));
#2511 = ORIENTED_EDGE('',*,*,#2497,.F.);
#2512 = ORIENTED_EDGE('',*,*,#2513,.F.);
#2513 = EDGE_CURVE('',#2514,#2490,#2516,.T.);
#2514 = VERTEX_POINT('',#2515);
#2515 = CARTESIAN_POINT('',(58.2,46.9,2.2));
#2516 = LINE('',#2517,#2518);
#2517 = CARTESIAN_POINT('',(58.2,46.9,2.2));
#2518 = VECTOR('',#2519,1.);
#2519 = DIRECTION('',(0.,0.,1.));
#2520 = ORIENTED_EDGE('',*,*,#2521,.T.);
#2521 = EDGE_CURVE('',#2514,#2431,#2522,.T.);
#2522 = LINE('',#2523,#2524);
#2523 = CARTESIAN_POINT('',(58.2,46.9,2.2));
#2524 = VECTOR('',#2525,1.);
#2525 = DIRECTION('',(-0.,1.,0.));
#2526 = ORIENTED_EDGE('',*,*,#2438,.F.);
#2527 = PLANE('',#2528);
#2528 = AXIS2_PLACEMENT_3D('',#2529,#2530,#2531);
#2529 = CARTESIAN_POINT('',(58.2,46.9,2.2));
#2530 = DIRECTION('',(1.,0.,-0.));
#2531 = DIRECTION('',(0.,0.,1.));
#2532 = ADVANCED_FACE('',(#2533),#2551,.T.);
#2533 = FACE_BOUND('',#2534,.T.);
#2534 = EDGE_LOOP('',(#2535,#2543,#2549,#2550));
#2535 = ORIENTED_EDGE('',*,*,#2536,.F.);
#2536 = EDGE_CURVE('',#2537,#2423,#2539,.T.);
#2537 = VERTEX_POINT('',#2538);
#2538 = CARTESIAN_POINT('',(46.,46.9,2.2));
#2539 = LINE('',#2540,#2541);
#2540 = CARTESIAN_POINT('',(46.,46.9,2.2));
#2541 = VECTOR('',#2542,1.);
#2542 = DIRECTION('',(-0.,1.,0.));
#2543 = ORIENTED_EDGE('',*,*,#2544,.T.);
#2544 = EDGE_CURVE('',#2537,#2514,#2545,.T.);
#2545 = LINE('',#2546,#2547);
#2546 = CARTESIAN_POINT('',(46.,46.9,2.2));
#2547 = VECTOR('',#2548,1.);
#2548 = DIRECTION('',(1.,0.,-0.));
#2549 = ORIENTED_EDGE('',*,*,#2521,.T.);
#2550 = ORIENTED_EDGE('',*,*,#2430,.F.);
#2551 = PLANE('',#2552);
#2552 = AXIS2_PLACEMENT_3D('',#2553,#2554,#2555);
#2553 = CARTESIAN_POINT('',(46.,46.9,2.2));
#2554 = DIRECTION('',(0.,0.,1.));
#2555 = DIRECTION('',(1.,0.,-0.));
#2556 = ADVANCED_FACE('',(#2557),#2568,.T.);
#2557 = FACE_BOUND('',#2558,.T.);
#2558 = EDGE_LOOP('',(#2559,#2560,#2566,#2567));
#2559 = ORIENTED_EDGE('',*,*,#2481,.F.);
#2560 = ORIENTED_EDGE('',*,*,#2561,.F.);
#2561 = EDGE_CURVE('',#2537,#2482,#2562,.T.);
#2562 = LINE('',#2563,#2564);
#2563 = CARTESIAN_POINT('',(46.,46.9,2.2));
#2564 = VECTOR('',#2565,1.);
#2565 = DIRECTION('',(0.,0.,1.));
#2566 = ORIENTED_EDGE('',*,*,#2536,.T.);
#2567 = ORIENTED_EDGE('',*,*,#2422,.F.);
#2568 = PLANE('',#2569);
#2569 = AXIS2_PLACEMENT_3D('',#2570,#2571,#2572);
#2570 = CARTESIAN_POINT('',(46.,46.9,2.2));
#2571 = DIRECTION('',(1.,0.,-0.));
#2572 = DIRECTION('',(0.,0.,1.));
#2573 = ADVANCED_FACE('',(#2574),#2580,.T.);
#2574 = FACE_BOUND('',#2575,.T.);
#2575 = EDGE_LOOP('',(#2576,#2577,#2578,#2579));
#2576 = ORIENTED_EDGE('',*,*,#2544,.F.);
#2577 = ORIENTED_EDGE('',*,*,#2561,.T.);
#2578 = ORIENTED_EDGE('',*,*,#2489,.T.);
#2579 = ORIENTED_EDGE('',*,*,#2513,.F.);
#2580 = PLANE('',#2581);
#2581 = AXIS2_PLACEMENT_3D('',#2582,#2583,#2584);
#2582 = CARTESIAN_POINT('',(46.,46.9,2.2));
#2583 = DIRECTION('',(-0.,1.,0.));
#2584 = DIRECTION('',(0.,0.,1.));
#2585 = ( GEOMETRIC_REPRESENTATION_CONTEXT(3) 
GLOBAL_UNCERTAINTY_ASSIGNED_CONTEXT((#2589)) 
GLOBAL_UNIT_ASSIGNED_CONTEXT((#2586,#2587,#2588)) REPRESENTATION_CONTEXT
('Context #1','3D Context with UNIT and UNCERTAINTY') );
#2586 = ( LENGTH_UNIT() NAMED_UNIT(*) SI_UNIT(.MILLI.,.METRE.) );
#2587 = ( NAMED_UNIT(*) PLANE_ANGLE_UNIT() SI_UNIT($,.RADIAN.) );
#2588 = ( NAMED_UNIT(*) SI_UNIT($,.STERADIAN.) SOLID_ANGLE_UNIT() );
#2589 = UNCERTAINTY_MEASURE_WITH_UNIT(LENGTH_MEASURE(1.E-07),#2586,
  'distance_accuracy_value','confusion accuracy');
#2590 = CONTEXT_DEPENDENT_SHAPE_REPRESENTATION(#2591,#2593);
#2591 = ( REPRESENTATION_RELATIONSHIP('','',#2292,#10) 
REPRESENTATION_RELATIONSHIP_WITH_TRANSFORMATION(#2592) 
SHAPE_REPRESENTATION_RELATIONSHIP() );
#2592 = ITEM_DEFINED_TRANSFORMATION('','',#11,#39);
#2593 = PRODUCT_DEFINITION_SHAPE('Placement','Placement of an item',
  #2594);
#2594 = NEXT_ASSEMBLY_USAGE_OCCURRENCE('7','USB-A 5V OUT','',#5,#2287,$
  );
#2595 = PRODUCT_RELATED_PRODUCT_CATEGORY('part',$,(#2289));
#2596 = SHAPE_DEFINITION_REPRESENTATION(#2597,#2603);
#2597 = PRODUCT_DEFINITION_SHAPE('','',#2598);
#2598 = PRODUCT_DEFINITION('design','',#2599,#2602);
#2599 = PRODUCT_DEFINITION_FORMATION('','',#2600);
#2600 = PRODUCT('USB-A tongue','USB-A tongue','',(#2601));
#2601 = PRODUCT_CONTEXT('',#2,'mechanical');
#2602 = PRODUCT_DEFINITION_CONTEXT('part definition',#2,'design');
#2603 = ADVANCED_BREP_SHAPE_REPRESENTATION('',(#11,#2604),#2754);
#2604 = MANIFOLD_SOLID_BREP('',#2605);
#2605 = CLOSED_SHELL('',(#2606,#2646,#2686,#2708,#2730,#2742));
#2606 = ADVANCED_FACE('',(#2607),#2641,.F.);
#2607 = FACE_BOUND('',#2608,.F.);
#2608 = EDGE_LOOP('',(#2609,#2619,#2627,#2635));
#2609 = ORIENTED_EDGE('',*,*,#2610,.F.);
#2610 = EDGE_CURVE('',#2611,#2613,#2615,.T.);
#2611 = VERTEX_POINT('',#2612);
#2612 = CARTESIAN_POINT('',(46.6,48.5,5.));
#2613 = VERTEX_POINT('',#2614);
#2614 = CARTESIAN_POINT('',(46.6,48.5,6.8));
#2615 = LINE('',#2616,#2617);
#2616 = CARTESIAN_POINT('',(46.6,48.5,5.));
#2617 = VECTOR('',#2618,1.);
#2618 = DIRECTION('',(0.,0.,1.));
#2619 = ORIENTED_EDGE('',*,*,#2620,.T.);
#2620 = EDGE_CURVE('',#2611,#2621,#2623,.T.);
#2621 = VERTEX_POINT('',#2622);
#2622 = CARTESIAN_POINT('',(46.6,56.5,5.));
#2623 = LINE('',#2624,#2625);
#2624 = CARTESIAN_POINT('',(46.6,48.5,5.));
#2625 = VECTOR('',#2626,1.);
#2626 = DIRECTION('',(-0.,1.,0.));
#2627 = ORIENTED_EDGE('',*,*,#2628,.T.);
#2628 = EDGE_CURVE('',#2621,#2629,#2631,.T.);
#2629 = VERTEX_POINT('',#2630);
#2630 = CARTESIAN_POINT('',(46.6,56.5,6.8));
#2631 = LINE('',#2632,#2633);
#2632 = CARTESIAN_POINT('',(46.6,56.5,5.));
#2633 = VECTOR('',#2634,1.);
#2634 = DIRECTION('',(0.,0.,1.));
#2635 = ORIENTED_EDGE('',*,*,#2636,.F.);
#2636 = EDGE_CURVE('',#2613,#2629,#2637,.T.);
#2637 = LINE('',#2638,#2639);
#2638 = CARTESIAN_POINT('',(46.6,48.5,6.8));
#2639 = VECTOR('',#2640,1.);
#2640 = DIRECTION('',(-0.,1.,0.));
#2641 = PLANE('',#2642);
#2642 = AXIS2_PLACEMENT_3D('',#2643,#2644,#2645);
#2643 = CARTESIAN_POINT('',(46.6,48.5,5.));
#2644 = DIRECTION('',(1.,0.,-0.));
#2645 = DIRECTION('',(0.,0.,1.));
#2646 = ADVANCED_FACE('',(#2647),#2681,.T.);
#2647 = FACE_BOUND('',#2648,.T.);
#2648 = EDGE_LOOP('',(#2649,#2659,#2667,#2675));
#2649 = ORIENTED_EDGE('',*,*,#2650,.F.);
#2650 = EDGE_CURVE('',#2651,#2653,#2655,.T.);
#2651 = VERTEX_POINT('',#2652);
#2652 = CARTESIAN_POINT('',(57.6,48.5,5.));
#2653 = VERTEX_POINT('',#2654);
#2654 = CARTESIAN_POINT('',(57.6,48.5,6.8));
#2655 = LINE('',#2656,#2657);
#2656 = CARTESIAN_POINT('',(57.6,48.5,5.));
#2657 = VECTOR('',#2658,1.);
#2658 = DIRECTION('',(0.,0.,1.));
#2659 = ORIENTED_EDGE('',*,*,#2660,.T.);
#2660 = EDGE_CURVE('',#2651,#2661,#2663,.T.);
#2661 = VERTEX_POINT('',#2662);
#2662 = CARTESIAN_POINT('',(57.6,56.5,5.));
#2663 = LINE('',#2664,#2665);
#2664 = CARTESIAN_POINT('',(57.6,48.5,5.));
#2665 = VECTOR('',#2666,1.);
#2666 = DIRECTION('',(-0.,1.,0.));
#2667 = ORIENTED_EDGE('',*,*,#2668,.T.);
#2668 = EDGE_CURVE('',#2661,#2669,#2671,.T.);
#2669 = VERTEX_POINT('',#2670);
#2670 = CARTESIAN_POINT('',(57.6,56.5,6.8));
#2671 = LINE('',#2672,#2673);
#2672 = CARTESIAN_POINT('',(57.6,56.5,5.));
#2673 = VECTOR('',#2674,1.);
#2674 = DIRECTION('',(0.,0.,1.));
#2675 = ORIENTED_EDGE('',*,*,#2676,.F.);
#2676 = EDGE_CURVE('',#2653,#2669,#2677,.T.);
#2677 = LINE('',#2678,#2679);
#2678 = CARTESIAN_POINT('',(57.6,48.5,6.8));
#2679 = VECTOR('',#2680,1.);
#2680 = DIRECTION('',(-0.,1.,0.));
#2681 = PLANE('',#2682);
#2682 = AXIS2_PLACEMENT_3D('',#2683,#2684,#2685);
#2683 = CARTESIAN_POINT('',(57.6,48.5,5.));
#2684 = DIRECTION('',(1.,0.,-0.));
#2685 = DIRECTION('',(0.,0.,1.));
#2686 = ADVANCED_FACE('',(#2687),#2703,.F.);
#2687 = FACE_BOUND('',#2688,.F.);
#2688 = EDGE_LOOP('',(#2689,#2695,#2696,#2702));
#2689 = ORIENTED_EDGE('',*,*,#2690,.F.);
#2690 = EDGE_CURVE('',#2611,#2651,#2691,.T.);
#2691 = LINE('',#2692,#2693);
#2692 = CARTESIAN_POINT('',(46.6,48.5,5.));
#2693 = VECTOR('',#2694,1.);
#2694 = DIRECTION('',(1.,0.,-0.));
#2695 = ORIENTED_EDGE('',*,*,#2610,.T.);
#2696 = ORIENTED_EDGE('',*,*,#2697,.T.);
#2697 = EDGE_CURVE('',#2613,#2653,#2698,.T.);
#2698 = LINE('',#2699,#2700);
#2699 = CARTESIAN_POINT('',(46.6,48.5,6.8));
#2700 = VECTOR('',#2701,1.);
#2701 = DIRECTION('',(1.,0.,-0.));
#2702 = ORIENTED_EDGE('',*,*,#2650,.F.);
#2703 = PLANE('',#2704);
#2704 = AXIS2_PLACEMENT_3D('',#2705,#2706,#2707);
#2705 = CARTESIAN_POINT('',(46.6,48.5,5.));
#2706 = DIRECTION('',(-0.,1.,0.));
#2707 = DIRECTION('',(0.,0.,1.));
#2708 = ADVANCED_FACE('',(#2709),#2725,.T.);
#2709 = FACE_BOUND('',#2710,.T.);
#2710 = EDGE_LOOP('',(#2711,#2717,#2718,#2724));
#2711 = ORIENTED_EDGE('',*,*,#2712,.F.);
#2712 = EDGE_CURVE('',#2621,#2661,#2713,.T.);
#2713 = LINE('',#2714,#2715);
#2714 = CARTESIAN_POINT('',(46.6,56.5,5.));
#2715 = VECTOR('',#2716,1.);
#2716 = DIRECTION('',(1.,0.,-0.));
#2717 = ORIENTED_EDGE('',*,*,#2628,.T.);
#2718 = ORIENTED_EDGE('',*,*,#2719,.T.);
#2719 = EDGE_CURVE('',#2629,#2669,#2720,.T.);
#2720 = LINE('',#2721,#2722);
#2721 = CARTESIAN_POINT('',(46.6,56.5,6.8));
#2722 = VECTOR('',#2723,1.);
#2723 = DIRECTION('',(1.,0.,-0.));
#2724 = ORIENTED_EDGE('',*,*,#2668,.F.);
#2725 = PLANE('',#2726);
#2726 = AXIS2_PLACEMENT_3D('',#2727,#2728,#2729);
#2727 = CARTESIAN_POINT('',(46.6,56.5,5.));
#2728 = DIRECTION('',(-0.,1.,0.));
#2729 = DIRECTION('',(0.,0.,1.));
#2730 = ADVANCED_FACE('',(#2731),#2737,.F.);
#2731 = FACE_BOUND('',#2732,.F.);
#2732 = EDGE_LOOP('',(#2733,#2734,#2735,#2736));
#2733 = ORIENTED_EDGE('',*,*,#2620,.F.);
#2734 = ORIENTED_EDGE('',*,*,#2690,.T.);
#2735 = ORIENTED_EDGE('',*,*,#2660,.T.);
#2736 = ORIENTED_EDGE('',*,*,#2712,.F.);
#2737 = PLANE('',#2738);
#2738 = AXIS2_PLACEMENT_3D('',#2739,#2740,#2741);
#2739 = CARTESIAN_POINT('',(46.6,48.5,5.));
#2740 = DIRECTION('',(0.,0.,1.));
#2741 = DIRECTION('',(1.,0.,-0.));
#2742 = ADVANCED_FACE('',(#2743),#2749,.T.);
#2743 = FACE_BOUND('',#2744,.T.);
#2744 = EDGE_LOOP('',(#2745,#2746,#2747,#2748));
#2745 = ORIENTED_EDGE('',*,*,#2636,.F.);
#2746 = ORIENTED_EDGE('',*,*,#2697,.T.);
#2747 = ORIENTED_EDGE('',*,*,#2676,.T.);
#2748 = ORIENTED_EDGE('',*,*,#2719,.F.);
#2749 = PLANE('',#2750);
#2750 = AXIS2_PLACEMENT_3D('',#2751,#2752,#2753);
#2751 = CARTESIAN_POINT('',(46.6,48.5,6.8));
#2752 = DIRECTION('',(0.,0.,1.));
#2753 = DIRECTION('',(1.,0.,-0.));
#2754 = ( GEOMETRIC_REPRESENTATION_CONTEXT(3) 
GLOBAL_UNCERTAINTY_ASSIGNED_CONTEXT((#2758)) 
GLOBAL_UNIT_ASSIGNED_CONTEXT((#2755,#2756,#2757)) REPRESENTATION_CONTEXT
('Context #1','3D Context with UNIT and UNCERTAINTY') );
#2755 = ( LENGTH_UNIT() NAMED_UNIT(*) SI_UNIT(.MILLI.,.METRE.) );
#2756 = ( NAMED_UNIT(*) PLANE_ANGLE_UNIT() SI_UNIT($,.RADIAN.) );
#2757 = ( NAMED_UNIT(*) SI_UNIT($,.STERADIAN.) SOLID_ANGLE_UNIT() );
#2758 = UNCERTAINTY_MEASURE_WITH_UNIT(LENGTH_MEASURE(1.E-07),#2755,
  'distance_accuracy_value','confusion accuracy');
#2759 = CONTEXT_DEPENDENT_SHAPE_REPRESENTATION(#2760,#2762);
#2760 = ( REPRESENTATION_RELATIONSHIP('','',#2603,#10) 
REPRESENTATION_RELATIONSHIP_WITH_TRANSFORMATION(#2761) 
SHAPE_REPRESENTATION_RELATIONSHIP() );
#2761 = ITEM_DEFINED_TRANSFORMATION('','',#11,#43);
#2762 = PRODUCT_DEFINITION_SHAPE('Placement','Placement of an item',
  #2763);
#2763 = NEXT_ASSEMBLY_USAGE_OCCURRENCE('8','USB-A tongue','',#5,#2598,$
  );
#2764 = PRODUCT_RELATED_PRODUCT_CATEGORY('part',$,(#2600));
#2765 = SHAPE_DEFINITION_REPRESENTATION(#2766,#2772);
#2766 = PRODUCT_DEFINITION_SHAPE('','',#2767);
#2767 = PRODUCT_DEFINITION('design','',#2768,#2771);
#2768 = PRODUCT_DEFINITION_FORMATION('','',#2769);
#2769 = PRODUCT('Power switch','Power switch','',(#2770));
#2770 = PRODUCT_CONTEXT('',#2,'mechanical');
#2771 = PRODUCT_DEFINITION_CONTEXT('part definition',#2,'design');
#2772 = ADVANCED_BREP_SHAPE_REPRESENTATION('',(#11,#2773),#2923);
#2773 = MANIFOLD_SOLID_BREP('',#2774);
#2774 = CLOSED_SHELL('',(#2775,#2815,#2855,#2877,#2899,#2911));
#2775 = ADVANCED_FACE('',(#2776),#2810,.F.);
#2776 = FACE_BOUND('',#2777,.F.);
#2777 = EDGE_LOOP('',(#2778,#2788,#2796,#2804));
#2778 = ORIENTED_EDGE('',*,*,#2779,.F.);
#2779 = EDGE_CURVE('',#2780,#2782,#2784,.T.);
#2780 = VERTEX_POINT('',#2781);
#2781 = CARTESIAN_POINT('',(62.7,49.6,1.6));
#2782 = VERTEX_POINT('',#2783);
#2783 = CARTESIAN_POINT('',(62.7,49.6,6.1));
#2784 = LINE('',#2785,#2786);
#2785 = CARTESIAN_POINT('',(62.7,49.6,1.6));
#2786 = VECTOR('',#2787,1.);
#2787 = DIRECTION('',(0.,0.,1.));
#2788 = ORIENTED_EDGE('',*,*,#2789,.T.);
#2789 = EDGE_CURVE('',#2780,#2790,#2792,.T.);
#2790 = VERTEX_POINT('',#2791);
#2791 = CARTESIAN_POINT('',(62.7,56.,1.6));
#2792 = LINE('',#2793,#2794);
#2793 = CARTESIAN_POINT('',(62.7,49.6,1.6));
#2794 = VECTOR('',#2795,1.);
#2795 = DIRECTION('',(-0.,1.,0.));
#2796 = ORIENTED_EDGE('',*,*,#2797,.T.);
#2797 = EDGE_CURVE('',#2790,#2798,#2800,.T.);
#2798 = VERTEX_POINT('',#2799);
#2799 = CARTESIAN_POINT('',(62.7,56.,6.1));
#2800 = LINE('',#2801,#2802);
#2801 = CARTESIAN_POINT('',(62.7,56.,1.6));
#2802 = VECTOR('',#2803,1.);
#2803 = DIRECTION('',(0.,0.,1.));
#2804 = ORIENTED_EDGE('',*,*,#2805,.F.);
#2805 = EDGE_CURVE('',#2782,#2798,#2806,.T.);
#2806 = LINE('',#2807,#2808);
#2807 = CARTESIAN_POINT('',(62.7,49.6,6.1));
#2808 = VECTOR('',#2809,1.);
#2809 = DIRECTION('',(-0.,1.,0.));
#2810 = PLANE('',#2811);
#2811 = AXIS2_PLACEMENT_3D('',#2812,#2813,#2814);
#2812 = CARTESIAN_POINT('',(62.7,49.6,1.6));
#2813 = DIRECTION('',(1.,0.,-0.));
#2814 = DIRECTION('',(0.,0.,1.));
#2815 = ADVANCED_FACE('',(#2816),#2850,.T.);
#2816 = FACE_BOUND('',#2817,.T.);
#2817 = EDGE_LOOP('',(#2818,#2828,#2836,#2844));
#2818 = ORIENTED_EDGE('',*,*,#2819,.F.);
#2819 = EDGE_CURVE('',#2820,#2822,#2824,.T.);
#2820 = VERTEX_POINT('',#2821);
#2821 = CARTESIAN_POINT('',(76.1,49.6,1.6));
#2822 = VERTEX_POINT('',#2823);
#2823 = CARTESIAN_POINT('',(76.1,49.6,6.1));
#2824 = LINE('',#2825,#2826);
#2825 = CARTESIAN_POINT('',(76.1,49.6,1.6));
#2826 = VECTOR('',#2827,1.);
#2827 = DIRECTION('',(0.,0.,1.));
#2828 = ORIENTED_EDGE('',*,*,#2829,.T.);
#2829 = EDGE_CURVE('',#2820,#2830,#2832,.T.);
#2830 = VERTEX_POINT('',#2831);
#2831 = CARTESIAN_POINT('',(76.1,56.,1.6));
#2832 = LINE('',#2833,#2834);
#2833 = CARTESIAN_POINT('',(76.1,49.6,1.6));
#2834 = VECTOR('',#2835,1.);
#2835 = DIRECTION('',(-0.,1.,0.));
#2836 = ORIENTED_EDGE('',*,*,#2837,.T.);
#2837 = EDGE_CURVE('',#2830,#2838,#2840,.T.);
#2838 = VERTEX_POINT('',#2839);
#2839 = CARTESIAN_POINT('',(76.1,56.,6.1));
#2840 = LINE('',#2841,#2842);
#2841 = CARTESIAN_POINT('',(76.1,56.,1.6));
#2842 = VECTOR('',#2843,1.);
#2843 = DIRECTION('',(0.,0.,1.));
#2844 = ORIENTED_EDGE('',*,*,#2845,.F.);
#2845 = EDGE_CURVE('',#2822,#2838,#2846,.T.);
#2846 = LINE('',#2847,#2848);
#2847 = CARTESIAN_POINT('',(76.1,49.6,6.1));
#2848 = VECTOR('',#2849,1.);
#2849 = DIRECTION('',(-0.,1.,0.));
#2850 = PLANE('',#2851);
#2851 = AXIS2_PLACEMENT_3D('',#2852,#2853,#2854);
#2852 = CARTESIAN_POINT('',(76.1,49.6,1.6));
#2853 = DIRECTION('',(1.,0.,-0.));
#2854 = DIRECTION('',(0.,0.,1.));
#2855 = ADVANCED_FACE('',(#2856),#2872,.F.);
#2856 = FACE_BOUND('',#2857,.F.);
#2857 = EDGE_LOOP('',(#2858,#2864,#2865,#2871));
#2858 = ORIENTED_EDGE('',*,*,#2859,.F.);
#2859 = EDGE_CURVE('',#2780,#2820,#2860,.T.);
#2860 = LINE('',#2861,#2862);
#2861 = CARTESIAN_POINT('',(62.7,49.6,1.6));
#2862 = VECTOR('',#2863,1.);
#2863 = DIRECTION('',(1.,0.,-0.));
#2864 = ORIENTED_EDGE('',*,*,#2779,.T.);
#2865 = ORIENTED_EDGE('',*,*,#2866,.T.);
#2866 = EDGE_CURVE('',#2782,#2822,#2867,.T.);
#2867 = LINE('',#2868,#2869);
#2868 = CARTESIAN_POINT('',(62.7,49.6,6.1));
#2869 = VECTOR('',#2870,1.);
#2870 = DIRECTION('',(1.,0.,-0.));
#2871 = ORIENTED_EDGE('',*,*,#2819,.F.);
#2872 = PLANE('',#2873);
#2873 = AXIS2_PLACEMENT_3D('',#2874,#2875,#2876);
#2874 = CARTESIAN_POINT('',(62.7,49.6,1.6));
#2875 = DIRECTION('',(-0.,1.,0.));
#2876 = DIRECTION('',(0.,0.,1.));
#2877 = ADVANCED_FACE('',(#2878),#2894,.T.);
#2878 = FACE_BOUND('',#2879,.T.);
#2879 = EDGE_LOOP('',(#2880,#2886,#2887,#2893));
#2880 = ORIENTED_EDGE('',*,*,#2881,.F.);
#2881 = EDGE_CURVE('',#2790,#2830,#2882,.T.);
#2882 = LINE('',#2883,#2884);
#2883 = CARTESIAN_POINT('',(62.7,56.,1.6));
#2884 = VECTOR('',#2885,1.);
#2885 = DIRECTION('',(1.,0.,-0.));
#2886 = ORIENTED_EDGE('',*,*,#2797,.T.);
#2887 = ORIENTED_EDGE('',*,*,#2888,.T.);
#2888 = EDGE_CURVE('',#2798,#2838,#2889,.T.);
#2889 = LINE('',#2890,#2891);
#2890 = CARTESIAN_POINT('',(62.7,56.,6.1));
#2891 = VECTOR('',#2892,1.);
#2892 = DIRECTION('',(1.,0.,-0.));
#2893 = ORIENTED_EDGE('',*,*,#2837,.F.);
#2894 = PLANE('',#2895);
#2895 = AXIS2_PLACEMENT_3D('',#2896,#2897,#2898);
#2896 = CARTESIAN_POINT('',(62.7,56.,1.6));
#2897 = DIRECTION('',(-0.,1.,0.));
#2898 = DIRECTION('',(0.,0.,1.));
#2899 = ADVANCED_FACE('',(#2900),#2906,.F.);
#2900 = FACE_BOUND('',#2901,.F.);
#2901 = EDGE_LOOP('',(#2902,#2903,#2904,#2905));
#2902 = ORIENTED_EDGE('',*,*,#2789,.F.);
#2903 = ORIENTED_EDGE('',*,*,#2859,.T.);
#2904 = ORIENTED_EDGE('',*,*,#2829,.T.);
#2905 = ORIENTED_EDGE('',*,*,#2881,.F.);
#2906 = PLANE('',#2907);
#2907 = AXIS2_PLACEMENT_3D('',#2908,#2909,#2910);
#2908 = CARTESIAN_POINT('',(62.7,49.6,1.6));
#2909 = DIRECTION('',(0.,0.,1.));
#2910 = DIRECTION('',(1.,0.,-0.));
#2911 = ADVANCED_FACE('',(#2912),#2918,.T.);
#2912 = FACE_BOUND('',#2913,.T.);
#2913 = EDGE_LOOP('',(#2914,#2915,#2916,#2917));
#2914 = ORIENTED_EDGE('',*,*,#2805,.F.);
#2915 = ORIENTED_EDGE('',*,*,#2866,.T.);
#2916 = ORIENTED_EDGE('',*,*,#2845,.T.);
#2917 = ORIENTED_EDGE('',*,*,#2888,.F.);
#2918 = PLANE('',#2919);
#2919 = AXIS2_PLACEMENT_3D('',#2920,#2921,#2922);
#2920 = CARTESIAN_POINT('',(62.7,49.6,6.1));
#2921 = DIRECTION('',(0.,0.,1.));
#2922 = DIRECTION('',(1.,0.,-0.));
#2923 = ( GEOMETRIC_REPRESENTATION_CONTEXT(3) 
GLOBAL_UNCERTAINTY_ASSIGNED_CONTEXT((#2927)) 
GLOBAL_UNIT_ASSIGNED_CONTEXT((#2924,#2925,#2926)) REPRESENTATION_CONTEXT
('Context #1','3D Context with UNIT and UNCERTAINTY') );
#2924 = ( LENGTH_UNIT() NAMED_UNIT(*) SI_UNIT(.MILLI.,.METRE.) );
#2925 = ( NAMED_UNIT(*) PLANE_ANGLE_UNIT() SI_UNIT($,.RADIAN.) );
#2926 = ( NAMED_UNIT(*) SI_UNIT($,.STERADIAN.) SOLID_ANGLE_UNIT() );
#2927 = UNCERTAINTY_MEASURE_WITH_UNIT(LENGTH_MEASURE(1.E-07),#2924,
  'distance_accuracy_value','confusion accuracy');
#2928 = CONTEXT_DEPENDENT_SHAPE_REPRESENTATION(#2929,#2931);
#2929 = ( REPRESENTATION_RELATIONSHIP('','',#2772,#10) 
REPRESENTATION_RELATIONSHIP_WITH_TRANSFORMATION(#2930) 
SHAPE_REPRESENTATION_RELATIONSHIP() );
#2930 = ITEM_DEFINED_TRANSFORMATION('','',#11,#47);
#2931 = PRODUCT_DEFINITION_SHAPE('Placement','Placement of an item',
  #2932);
#2932 = NEXT_ASSEMBLY_USAGE_OCCURRENCE('9','Power switch','',#5,#2767,$
  );
#2933 = PRODUCT_RELATED_PRODUCT_CATEGORY('part',$,(#2769));
#2934 = SHAPE_DEFINITION_REPRESENTATION(#2935,#2941);
#2935 = PRODUCT_DEFINITION_SHAPE('','',#2936);
#2936 = PRODUCT_DEFINITION('design','',#2937,#2940);
#2937 = PRODUCT_DEFINITION_FORMATION('','',#2938);
#2938 = PRODUCT('Power switch lever','Power switch lever','',(#2939));
#2939 = PRODUCT_CONTEXT('',#2,'mechanical');
#2940 = PRODUCT_DEFINITION_CONTEXT('part definition',#2,'design');
#2941 = ADVANCED_BREP_SHAPE_REPRESENTATION('',(#11,#2942),#3092);
#2942 = MANIFOLD_SOLID_BREP('',#2943);
#2943 = CLOSED_SHELL('',(#2944,#2984,#3024,#3046,#3068,#3080));
#2944 = ADVANCED_FACE('',(#2945),#2979,.F.);
#2945 = FACE_BOUND('',#2946,.F.);
#2946 = EDGE_LOOP('',(#2947,#2957,#2965,#2973));
#2947 = ORIENTED_EDGE('',*,*,#2948,.F.);
#2948 = EDGE_CURVE('',#2949,#2951,#2953,.T.);
#2949 = VERTEX_POINT('',#2950);
#2950 = CARTESIAN_POINT('',(68.9,55.6,2.8));
#2951 = VERTEX_POINT('',#2952);
#2952 = CARTESIAN_POINT('',(68.9,55.6,5.));
#2953 = LINE('',#2954,#2955);
#2954 = CARTESIAN_POINT('',(68.9,55.6,2.8));
#2955 = VECTOR('',#2956,1.);
#2956 = DIRECTION('',(0.,0.,1.));
#2957 = ORIENTED_EDGE('',*,*,#2958,.T.);
#2958 = EDGE_CURVE('',#2949,#2959,#2961,.T.);
#2959 = VERTEX_POINT('',#2960);
#2960 = CARTESIAN_POINT('',(68.9,60.,2.8));
#2961 = LINE('',#2962,#2963);
#2962 = CARTESIAN_POINT('',(68.9,55.6,2.8));
#2963 = VECTOR('',#2964,1.);
#2964 = DIRECTION('',(-0.,1.,0.));
#2965 = ORIENTED_EDGE('',*,*,#2966,.T.);
#2966 = EDGE_CURVE('',#2959,#2967,#2969,.T.);
#2967 = VERTEX_POINT('',#2968);
#2968 = CARTESIAN_POINT('',(68.9,60.,5.));
#2969 = LINE('',#2970,#2971);
#2970 = CARTESIAN_POINT('',(68.9,60.,2.8));
#2971 = VECTOR('',#2972,1.);
#2972 = DIRECTION('',(0.,0.,1.));
#2973 = ORIENTED_EDGE('',*,*,#2974,.F.);
#2974 = EDGE_CURVE('',#2951,#2967,#2975,.T.);
#2975 = LINE('',#2976,#2977);
#2976 = CARTESIAN_POINT('',(68.9,55.6,5.));
#2977 = VECTOR('',#2978,1.);
#2978 = DIRECTION('',(-0.,1.,0.));
#2979 = PLANE('',#2980);
#2980 = AXIS2_PLACEMENT_3D('',#2981,#2982,#2983);
#2981 = CARTESIAN_POINT('',(68.9,55.6,2.8));
#2982 = DIRECTION('',(1.,0.,-0.));
#2983 = DIRECTION('',(0.,0.,1.));
#2984 = ADVANCED_FACE('',(#2985),#3019,.T.);
#2985 = FACE_BOUND('',#2986,.T.);
#2986 = EDGE_LOOP('',(#2987,#2997,#3005,#3013));
#2987 = ORIENTED_EDGE('',*,*,#2988,.F.);
#2988 = EDGE_CURVE('',#2989,#2991,#2993,.T.);
#2989 = VERTEX_POINT('',#2990);
#2990 = CARTESIAN_POINT('',(71.9,55.6,2.8));
#2991 = VERTEX_POINT('',#2992);
#2992 = CARTESIAN_POINT('',(71.9,55.6,5.));
#2993 = LINE('',#2994,#2995);
#2994 = CARTESIAN_POINT('',(71.9,55.6,2.8));
#2995 = VECTOR('',#2996,1.);
#2996 = DIRECTION('',(0.,0.,1.));
#2997 = ORIENTED_EDGE('',*,*,#2998,.T.);
#2998 = EDGE_CURVE('',#2989,#2999,#3001,.T.);
#2999 = VERTEX_POINT('',#3000);
#3000 = CARTESIAN_POINT('',(71.9,60.,2.8));
#3001 = LINE('',#3002,#3003);
#3002 = CARTESIAN_POINT('',(71.9,55.6,2.8));
#3003 = VECTOR('',#3004,1.);
#3004 = DIRECTION('',(-0.,1.,0.));
#3005 = ORIENTED_EDGE('',*,*,#3006,.T.);
#3006 = EDGE_CURVE('',#2999,#3007,#3009,.T.);
#3007 = VERTEX_POINT('',#3008);
#3008 = CARTESIAN_POINT('',(71.9,60.,5.));
#3009 = LINE('',#3010,#3011);
#3010 = CARTESIAN_POINT('',(71.9,60.,2.8));
#3011 = VECTOR('',#3012,1.);
#3012 = DIRECTION('',(0.,0.,1.));
#3013 = ORIENTED_EDGE('',*,*,#3014,.F.);
#3014 = EDGE_CURVE('',#2991,#3007,#3015,.T.);
#3015 = LINE('',#3016,#3017);
#3016 = CARTESIAN_POINT('',(71.9,55.6,5.));
#3017 = VECTOR('',#3018,1.);
#3018 = DIRECTION('',(-0.,1.,0.));
#3019 = PLANE('',#3020);
#3020 = AXIS2_PLACEMENT_3D('',#3021,#3022,#3023);
#3021 = CARTESIAN_POINT('',(71.9,55.6,2.8));
#3022 = DIRECTION('',(1.,0.,-0.));
#3023 = DIRECTION('',(0.,0.,1.));
#3024 = ADVANCED_FACE('',(#3025),#3041,.F.);
#3025 = FACE_BOUND('',#3026,.F.);
#3026 = EDGE_LOOP('',(#3027,#3033,#3034,#3040));
#3027 = ORIENTED_EDGE('',*,*,#3028,.F.);
#3028 = EDGE_CURVE('',#2949,#2989,#3029,.T.);
#3029 = LINE('',#3030,#3031);
#3030 = CARTESIAN_POINT('',(68.9,55.6,2.8));
#3031 = VECTOR('',#3032,1.);
#3032 = DIRECTION('',(1.,0.,-0.));
#3033 = ORIENTED_EDGE('',*,*,#2948,.T.);
#3034 = ORIENTED_EDGE('',*,*,#3035,.T.);
#3035 = EDGE_CURVE('',#2951,#2991,#3036,.T.);
#3036 = LINE('',#3037,#3038);
#3037 = CARTESIAN_POINT('',(68.9,55.6,5.));
#3038 = VECTOR('',#3039,1.);
#3039 = DIRECTION('',(1.,0.,-0.));
#3040 = ORIENTED_EDGE('',*,*,#2988,.F.);
#3041 = PLANE('',#3042);
#3042 = AXIS2_PLACEMENT_3D('',#3043,#3044,#3045);
#3043 = CARTESIAN_POINT('',(68.9,55.6,2.8));
#3044 = DIRECTION('',(-0.,1.,0.));
#3045 = DIRECTION('',(0.,0.,1.));
#3046 = ADVANCED_FACE('',(#3047),#3063,.T.);
#3047 = FACE_BOUND('',#3048,.T.);
#3048 = EDGE_LOOP('',(#3049,#3055,#3056,#3062));
#3049 = ORIENTED_EDGE('',*,*,#3050,.F.);
#3050 = EDGE_CURVE('',#2959,#2999,#3051,.T.);
#3051 = LINE('',#3052,#3053);
#3052 = CARTESIAN_POINT('',(68.9,60.,2.8));
#3053 = VECTOR('',#3054,1.);
#3054 = DIRECTION('',(1.,0.,-0.));
#3055 = ORIENTED_EDGE('',*,*,#2966,.T.);
#3056 = ORIENTED_EDGE('',*,*,#3057,.T.);
#3057 = EDGE_CURVE('',#2967,#3007,#3058,.T.);
#3058 = LINE('',#3059,#3060);
#3059 = CARTESIAN_POINT('',(68.9,60.,5.));
#3060 = VECTOR('',#3061,1.);
#3061 = DIRECTION('',(1.,0.,-0.));
#3062 = ORIENTED_EDGE('',*,*,#3006,.F.);
#3063 = PLANE('',#3064);
#3064 = AXIS2_PLACEMENT_3D('',#3065,#3066,#3067);
#3065 = CARTESIAN_POINT('',(68.9,60.,2.8));
#3066 = DIRECTION('',(-0.,1.,0.));
#3067 = DIRECTION('',(0.,0.,1.));
#3068 = ADVANCED_FACE('',(#3069),#3075,.F.);
#3069 = FACE_BOUND('',#3070,.F.);
#3070 = EDGE_LOOP('',(#3071,#3072,#3073,#3074));
#3071 = ORIENTED_EDGE('',*,*,#2958,.F.);
#3072 = ORIENTED_EDGE('',*,*,#3028,.T.);
#3073 = ORIENTED_EDGE('',*,*,#2998,.T.);
#3074 = ORIENTED_EDGE('',*,*,#3050,.F.);
#3075 = PLANE('',#3076);
#3076 = AXIS2_PLACEMENT_3D('',#3077,#3078,#3079);
#3077 = CARTESIAN_POINT('',(68.9,55.6,2.8));
#3078 = DIRECTION('',(0.,0.,1.));
#3079 = DIRECTION('',(1.,0.,-0.));
#3080 = ADVANCED_FACE('',(#3081),#3087,.T.);
#3081 = FACE_BOUND('',#3082,.T.);
#3082 = EDGE_LOOP('',(#3083,#3084,#3085,#3086));
#3083 = ORIENTED_EDGE('',*,*,#2974,.F.);
#3084 = ORIENTED_EDGE('',*,*,#3035,.T.);
#3085 = ORIENTED_EDGE('',*,*,#3014,.T.);
#3086 = ORIENTED_EDGE('',*,*,#3057,.F.);
#3087 = PLANE('',#3088);
#3088 = AXIS2_PLACEMENT_3D('',#3089,#3090,#3091);
#3089 = CARTESIAN_POINT('',(68.9,55.6,5.));
#3090 = DIRECTION('',(0.,0.,1.));
#3091 = DIRECTION('',(1.,0.,-0.));
#3092 = ( GEOMETRIC_REPRESENTATION_CONTEXT(3) 
GLOBAL_UNCERTAINTY_ASSIGNED_CONTEXT((#3096)) 
GLOBAL_UNIT_ASSIGNED_CONTEXT((#3093,#3094,#3095)) REPRESENTATION_CONTEXT
('Context #1','3D Context with UNIT and UNCERTAINTY') );
#3093 = ( LENGTH_UNIT() NAMED_UNIT(*) SI_UNIT(.MILLI.,.METRE.) );
#3094 = ( NAMED_UNIT(*) PLANE_ANGLE_UNIT() SI_UNIT($,.RADIAN.) );
#3095 = ( NAMED_UNIT(*) SI_UNIT($,.STERADIAN.) SOLID_ANGLE_UNIT() );
#3096 = UNCERTAINTY_MEASURE_WITH_UNIT(LENGTH_MEASURE(1.E-07),#3093,
  'distance_accuracy_value','confusion accuracy');
#3097 = CONTEXT_DEPENDENT_SHAPE_REPRESENTATION(#3098,#3100);
#3098 = ( REPRESENTATION_RELATIONSHIP('','',#2941,#10) 
REPRESENTATION_RELATIONSHIP_WITH_TRANSFORMATION(#3099) 
SHAPE_REPRESENTATION_RELATIONSHIP() );
#3099 = ITEM_DEFINED_TRANSFORMATION('','',#11,#51);
#3100 = PRODUCT_DEFINITION_SHAPE('Placement','Placement of an item',
  #3101);
#3101 = NEXT_ASSEMBLY_USAGE_OCCURRENCE('10','Power switch lever','',#5,
  #2936,$);
#3102 = PRODUCT_RELATED_PRODUCT_CATEGORY('part',$,(#2938));
#3103 = SHAPE_DEFINITION_REPRESENTATION(#3104,#3110);
#3104 = PRODUCT_DEFINITION_SHAPE('','',#3105);
#3105 = PRODUCT_DEFINITION('design','',#3106,#3109);
#3106 = PRODUCT_DEFINITION_FORMATION('','',#3107);
#3107 = PRODUCT('BOOT button','BOOT button','',(#3108));
#3108 = PRODUCT_CONTEXT('',#2,'mechanical');
#3109 = PRODUCT_DEFINITION_CONTEXT('part definition',#2,'design');
#3110 = ADVANCED_BREP_SHAPE_REPRESENTATION('',(#11,#3111),#3261);
#3111 = MANIFOLD_SOLID_BREP('',#3112);
#3112 = CLOSED_SHELL('',(#3113,#3153,#3193,#3215,#3237,#3249));
#3113 = ADVANCED_FACE('',(#3114),#3148,.F.);
#3114 = FACE_BOUND('',#3115,.F.);
#3115 = EDGE_LOOP('',(#3116,#3126,#3134,#3142));
#3116 = ORIENTED_EDGE('',*,*,#3117,.F.);
#3117 = EDGE_CURVE('',#3118,#3120,#3122,.T.);
#3118 = VERTEX_POINT('',#3119);
#3119 = CARTESIAN_POINT('',(81.5,40.5,1.6));
#3120 = VERTEX_POINT('',#3121);
#3121 = CARTESIAN_POINT('',(81.5,40.5,5.1));
#3122 = LINE('',#3123,#3124);
#3123 = CARTESIAN_POINT('',(81.5,40.5,1.6));
#3124 = VECTOR('',#3125,1.);
#3125 = DIRECTION('',(0.,0.,1.));
#3126 = ORIENTED_EDGE('',*,*,#3127,.T.);
#3127 = EDGE_CURVE('',#3118,#3128,#3130,.T.);
#3128 = VERTEX_POINT('',#3129);
#3129 = CARTESIAN_POINT('',(81.5,47.7,1.6));
#3130 = LINE('',#3131,#3132);
#3131 = CARTESIAN_POINT('',(81.5,40.5,1.6));
#3132 = VECTOR('',#3133,1.);
#3133 = DIRECTION('',(-0.,1.,0.));
#3134 = ORIENTED_EDGE('',*,*,#3135,.T.);
#3135 = EDGE_CURVE('',#3128,#3136,#3138,.T.);
#3136 = VERTEX_POINT('',#3137);
#3137 = CARTESIAN_POINT('',(81.5,47.7,5.1));
#3138 = LINE('',#3139,#3140);
#3139 = CARTESIAN_POINT('',(81.5,47.7,1.6));
#3140 = VECTOR('',#3141,1.);
#3141 = DIRECTION('',(0.,0.,1.));
#3142 = ORIENTED_EDGE('',*,*,#3143,.F.);
#3143 = EDGE_CURVE('',#3120,#3136,#3144,.T.);
#3144 = LINE('',#3145,#3146);
#3145 = CARTESIAN_POINT('',(81.5,40.5,5.1));
#3146 = VECTOR('',#3147,1.);
#3147 = DIRECTION('',(-0.,1.,0.));
#3148 = PLANE('',#3149);
#3149 = AXIS2_PLACEMENT_3D('',#3150,#3151,#3152);
#3150 = CARTESIAN_POINT('',(81.5,40.5,1.6));
#3151 = DIRECTION('',(1.,0.,-0.));
#3152 = DIRECTION('',(0.,0.,1.));
#3153 = ADVANCED_FACE('',(#3154),#3188,.T.);
#3154 = FACE_BOUND('',#3155,.T.);
#3155 = EDGE_LOOP('',(#3156,#3166,#3174,#3182));
#3156 = ORIENTED_EDGE('',*,*,#3157,.F.);
#3157 = EDGE_CURVE('',#3158,#3160,#3162,.T.);
#3158 = VERTEX_POINT('',#3159);
#3159 = CARTESIAN_POINT('',(85.,40.5,1.6));
#3160 = VERTEX_POINT('',#3161);
#3161 = CARTESIAN_POINT('',(85.,40.5,5.1));
#3162 = LINE('',#3163,#3164);
#3163 = CARTESIAN_POINT('',(85.,40.5,1.6));
#3164 = VECTOR('',#3165,1.);
#3165 = DIRECTION('',(0.,0.,1.));
#3166 = ORIENTED_EDGE('',*,*,#3167,.T.);
#3167 = EDGE_CURVE('',#3158,#3168,#3170,.T.);
#3168 = VERTEX_POINT('',#3169);
#3169 = CARTESIAN_POINT('',(85.,47.7,1.6));
#3170 = LINE('',#3171,#3172);
#3171 = CARTESIAN_POINT('',(85.,40.5,1.6));
#3172 = VECTOR('',#3173,1.);
#3173 = DIRECTION('',(-0.,1.,0.));
#3174 = ORIENTED_EDGE('',*,*,#3175,.T.);
#3175 = EDGE_CURVE('',#3168,#3176,#3178,.T.);
#3176 = VERTEX_POINT('',#3177);
#3177 = CARTESIAN_POINT('',(85.,47.7,5.1));
#3178 = LINE('',#3179,#3180);
#3179 = CARTESIAN_POINT('',(85.,47.7,1.6));
#3180 = VECTOR('',#3181,1.);
#3181 = DIRECTION('',(0.,0.,1.));
#3182 = ORIENTED_EDGE('',*,*,#3183,.F.);
#3183 = EDGE_CURVE('',#3160,#3176,#3184,.T.);
#3184 = LINE('',#3185,#3186);
#3185 = CARTESIAN_POINT('',(85.,40.5,5.1));
#3186 = VECTOR('',#3187,1.);
#3187 = DIRECTION('',(-0.,1.,0.));
#3188 = PLANE('',#3189);
#3189 = AXIS2_PLACEMENT_3D('',#3190,#3191,#3192);
#3190 = CARTESIAN_POINT('',(85.,40.5,1.6));
#3191 = DIRECTION('',(1.,0.,-0.));
#3192 = DIRECTION('',(0.,0.,1.));
#3193 = ADVANCED_FACE('',(#3194),#3210,.F.);
#3194 = FACE_BOUND('',#3195,.F.);
#3195 = EDGE_LOOP('',(#3196,#3202,#3203,#3209));
#3196 = ORIENTED_EDGE('',*,*,#3197,.F.);
#3197 = EDGE_CURVE('',#3118,#3158,#3198,.T.);
#3198 = LINE('',#3199,#3200);
#3199 = CARTESIAN_POINT('',(81.5,40.5,1.6));
#3200 = VECTOR('',#3201,1.);
#3201 = DIRECTION('',(1.,0.,-0.));
#3202 = ORIENTED_EDGE('',*,*,#3117,.T.);
#3203 = ORIENTED_EDGE('',*,*,#3204,.T.);
#3204 = EDGE_CURVE('',#3120,#3160,#3205,.T.);
#3205 = LINE('',#3206,#3207);
#3206 = CARTESIAN_POINT('',(81.5,40.5,5.1));
#3207 = VECTOR('',#3208,1.);
#3208 = DIRECTION('',(1.,0.,-0.));
#3209 = ORIENTED_EDGE('',*,*,#3157,.F.);
#3210 = PLANE('',#3211);
#3211 = AXIS2_PLACEMENT_3D('',#3212,#3213,#3214);
#3212 = CARTESIAN_POINT('',(81.5,40.5,1.6));
#3213 = DIRECTION('',(-0.,1.,0.));
#3214 = DIRECTION('',(0.,0.,1.));
#3215 = ADVANCED_FACE('',(#3216),#3232,.T.);
#3216 = FACE_BOUND('',#3217,.T.);
#3217 = EDGE_LOOP('',(#3218,#3224,#3225,#3231));
#3218 = ORIENTED_EDGE('',*,*,#3219,.F.);
#3219 = EDGE_CURVE('',#3128,#3168,#3220,.T.);
#3220 = LINE('',#3221,#3222);
#3221 = CARTESIAN_POINT('',(81.5,47.7,1.6));
#3222 = VECTOR('',#3223,1.);
#3223 = DIRECTION('',(1.,0.,-0.));
#3224 = ORIENTED_EDGE('',*,*,#3135,.T.);
#3225 = ORIENTED_EDGE('',*,*,#3226,.T.);
#3226 = EDGE_CURVE('',#3136,#3176,#3227,.T.);
#3227 = LINE('',#3228,#3229);
#3228 = CARTESIAN_POINT('',(81.5,47.7,5.1));
#3229 = VECTOR('',#3230,1.);
#3230 = DIRECTION('',(1.,0.,-0.));
#3231 = ORIENTED_EDGE('',*,*,#3175,.F.);
#3232 = PLANE('',#3233);
#3233 = AXIS2_PLACEMENT_3D('',#3234,#3235,#3236);
#3234 = CARTESIAN_POINT('',(81.5,47.7,1.6));
#3235 = DIRECTION('',(-0.,1.,0.));
#3236 = DIRECTION('',(0.,0.,1.));
#3237 = ADVANCED_FACE('',(#3238),#3244,.F.);
#3238 = FACE_BOUND('',#3239,.F.);
#3239 = EDGE_LOOP('',(#3240,#3241,#3242,#3243));
#3240 = ORIENTED_EDGE('',*,*,#3127,.F.);
#3241 = ORIENTED_EDGE('',*,*,#3197,.T.);
#3242 = ORIENTED_EDGE('',*,*,#3167,.T.);
#3243 = ORIENTED_EDGE('',*,*,#3219,.F.);
#3244 = PLANE('',#3245);
#3245 = AXIS2_PLACEMENT_3D('',#3246,#3247,#3248);
#3246 = CARTESIAN_POINT('',(81.5,40.5,1.6));
#3247 = DIRECTION('',(0.,0.,1.));
#3248 = DIRECTION('',(1.,0.,-0.));
#3249 = ADVANCED_FACE('',(#3250),#3256,.T.);
#3250 = FACE_BOUND('',#3251,.T.);
#3251 = EDGE_LOOP('',(#3252,#3253,#3254,#3255));
#3252 = ORIENTED_EDGE('',*,*,#3143,.F.);
#3253 = ORIENTED_EDGE('',*,*,#3204,.T.);
#3254 = ORIENTED_EDGE('',*,*,#3183,.T.);
#3255 = ORIENTED_EDGE('',*,*,#3226,.F.);
#3256 = PLANE('',#3257);
#3257 = AXIS2_PLACEMENT_3D('',#3258,#3259,#3260);
#3258 = CARTESIAN_POINT('',(81.5,40.5,5.1));
#3259 = DIRECTION('',(0.,0.,1.));
#3260 = DIRECTION('',(1.,0.,-0.));
#3261 = ( GEOMETRIC_REPRESENTATION_CONTEXT(3) 
GLOBAL_UNCERTAINTY_ASSIGNED_CONTEXT((#3265)) 
GLOBAL_UNIT_ASSIGNED_CONTEXT((#3262,#3263,#3264)) REPRESENTATION_CONTEXT
('Context #1','3D Context with UNIT and UNCERTAINTY') );
#3262 = ( LENGTH_UNIT() NAMED_UNIT(*) SI_UNIT(.MILLI.,.METRE.) );
#3263 = ( NAMED_UNIT(*) PLANE_ANGLE_UNIT() SI_UNIT($,.RADIAN.) );
#3264 = ( NAMED_UNIT(*) SI_UNIT($,.STERADIAN.) SOLID_ANGLE_UNIT() );
#3265 = UNCERTAINTY_MEASURE_WITH_UNIT(LENGTH_MEASURE(1.E-07),#3262,
  'distance_accuracy_value','confusion accuracy');
#3266 = CONTEXT_DEPENDENT_SHAPE_REPRESENTATION(#3267,#3269);
#3267 = ( REPRESENTATION_RELATIONSHIP('','',#3110,#10) 
REPRESENTATION_RELATIONSHIP_WITH_TRANSFORMATION(#3268) 
SHAPE_REPRESENTATION_RELATIONSHIP() );
#3268 = ITEM_DEFINED_TRANSFORMATION('','',#11,#55);
#3269 = PRODUCT_DEFINITION_SHAPE('Placement','Placement of an item',
  #3270);
#3270 = NEXT_ASSEMBLY_USAGE_OCCURRENCE('11','BOOT button','',#5,#3105,$
  );
#3271 = PRODUCT_RELATED_PRODUCT_CATEGORY('part',$,(#3107));
#3272 = SHAPE_DEFINITION_REPRESENTATION(#3273,#3279);
#3273 = PRODUCT_DEFINITION_SHAPE('','',#3274);
#3274 = PRODUCT_DEFINITION('design','',#3275,#3278);
#3275 = PRODUCT_DEFINITION_FORMATION('','',#3276);
#3276 = PRODUCT('BOOT button actuator','BOOT button actuator','',(#3277)
  );
#3277 = PRODUCT_CONTEXT('',#2,'mechanical');
#3278 = PRODUCT_DEFINITION_CONTEXT('part definition',#2,'design');
#3279 = ADVANCED_BREP_SHAPE_REPRESENTATION('',(#11,#3280),#3430);
#3280 = MANIFOLD_SOLID_BREP('',#3281);
#3281 = CLOSED_SHELL('',(#3282,#3322,#3362,#3384,#3406,#3418));
#3282 = ADVANCED_FACE('',(#3283),#3317,.F.);
#3283 = FACE_BOUND('',#3284,.F.);
#3284 = EDGE_LOOP('',(#3285,#3295,#3303,#3311));
#3285 = ORIENTED_EDGE('',*,*,#3286,.F.);
#3286 = EDGE_CURVE('',#3287,#3289,#3291,.T.);
#3287 = VERTEX_POINT('',#3288);
#3288 = CARTESIAN_POINT('',(85.,42.4,2.6));
#3289 = VERTEX_POINT('',#3290);
#3290 = CARTESIAN_POINT('',(85.,42.4,4.1));
#3291 = LINE('',#3292,#3293);
#3292 = CARTESIAN_POINT('',(85.,42.4,2.6));
#3293 = VECTOR('',#3294,1.);
#3294 = DIRECTION('',(0.,0.,1.));
#3295 = ORIENTED_EDGE('',*,*,#3296,.T.);
#3296 = EDGE_CURVE('',#3287,#3297,#3299,.T.);
#3297 = VERTEX_POINT('',#3298);
#3298 = CARTESIAN_POINT('',(85.,44.8,2.6));
#3299 = LINE('',#3300,#3301);
#3300 = CARTESIAN_POINT('',(85.,42.4,2.6));
#3301 = VECTOR('',#3302,1.);
#3302 = DIRECTION('',(-0.,1.,0.));
#3303 = ORIENTED_EDGE('',*,*,#3304,.T.);
#3304 = EDGE_CURVE('',#3297,#3305,#3307,.T.);
#3305 = VERTEX_POINT('',#3306);
#3306 = CARTESIAN_POINT('',(85.,44.8,4.1));
#3307 = LINE('',#3308,#3309);
#3308 = CARTESIAN_POINT('',(85.,44.8,2.6));
#3309 = VECTOR('',#3310,1.);
#3310 = DIRECTION('',(0.,0.,1.));
#3311 = ORIENTED_EDGE('',*,*,#3312,.F.);
#3312 = EDGE_CURVE('',#3289,#3305,#3313,.T.);
#3313 = LINE('',#3314,#3315);
#3314 = CARTESIAN_POINT('',(85.,42.4,4.1));
#3315 = VECTOR('',#3316,1.);
#3316 = DIRECTION('',(-0.,1.,0.));
#3317 = PLANE('',#3318);
#3318 = AXIS2_PLACEMENT_3D('',#3319,#3320,#3321);
#3319 = CARTESIAN_POINT('',(85.,42.4,2.6));
#3320 = DIRECTION('',(1.,0.,-0.));
#3321 = DIRECTION('',(0.,0.,1.));
#3322 = ADVANCED_FACE('',(#3323),#3357,.T.);
#3323 = FACE_BOUND('',#3324,.T.);
#3324 = EDGE_LOOP('',(#3325,#3335,#3343,#3351));
#3325 = ORIENTED_EDGE('',*,*,#3326,.F.);
#3326 = EDGE_CURVE('',#3327,#3329,#3331,.T.);
#3327 = VERTEX_POINT('',#3328);
#3328 = CARTESIAN_POINT('',(85.8,42.4,2.6));
#3329 = VERTEX_POINT('',#3330);
#3330 = CARTESIAN_POINT('',(85.8,42.4,4.1));
#3331 = LINE('',#3332,#3333);
#3332 = CARTESIAN_POINT('',(85.8,42.4,2.6));
#3333 = VECTOR('',#3334,1.);
#3334 = DIRECTION('',(0.,0.,1.));
#3335 = ORIENTED_EDGE('',*,*,#3336,.T.);
#3336 = EDGE_CURVE('',#3327,#3337,#3339,.T.);
#3337 = VERTEX_POINT('',#3338);
#3338 = CARTESIAN_POINT('',(85.8,44.8,2.6));
#3339 = LINE('',#3340,#3341);
#3340 = CARTESIAN_POINT('',(85.8,42.4,2.6));
#3341 = VECTOR('',#3342,1.);
#3342 = DIRECTION('',(-0.,1.,0.));
#3343 = ORIENTED_EDGE('',*,*,#3344,.T.);
#3344 = EDGE_CURVE('',#3337,#3345,#3347,.T.);
#3345 = VERTEX_POINT('',#3346);
#3346 = CARTESIAN_POINT('',(85.8,44.8,4.1));
#3347 = LINE('',#3348,#3349);
#3348 = CARTESIAN_POINT('',(85.8,44.8,2.6));
#3349 = VECTOR('',#3350,1.);
#3350 = DIRECTION('',(0.,0.,1.));
#3351 = ORIENTED_EDGE('',*,*,#3352,.F.);
#3352 = EDGE_CURVE('',#3329,#3345,#3353,.T.);
#3353 = LINE('',#3354,#3355);
#3354 = CARTESIAN_POINT('',(85.8,42.4,4.1));
#3355 = VECTOR('',#3356,1.);
#3356 = DIRECTION('',(-0.,1.,0.));
#3357 = PLANE('',#3358);
#3358 = AXIS2_PLACEMENT_3D('',#3359,#3360,#3361);
#3359 = CARTESIAN_POINT('',(85.8,42.4,2.6));
#3360 = DIRECTION('',(1.,0.,-0.));
#3361 = DIRECTION('',(0.,0.,1.));
#3362 = ADVANCED_FACE('',(#3363),#3379,.F.);
#3363 = FACE_BOUND('',#3364,.F.);
#3364 = EDGE_LOOP('',(#3365,#3371,#3372,#3378));
#3365 = ORIENTED_EDGE('',*,*,#3366,.F.);
#3366 = EDGE_CURVE('',#3287,#3327,#3367,.T.);
#3367 = LINE('',#3368,#3369);
#3368 = CARTESIAN_POINT('',(85.,42.4,2.6));
#3369 = VECTOR('',#3370,1.);
#3370 = DIRECTION('',(1.,0.,-0.));
#3371 = ORIENTED_EDGE('',*,*,#3286,.T.);
#3372 = ORIENTED_EDGE('',*,*,#3373,.T.);
#3373 = EDGE_CURVE('',#3289,#3329,#3374,.T.);
#3374 = LINE('',#3375,#3376);
#3375 = CARTESIAN_POINT('',(85.,42.4,4.1));
#3376 = VECTOR('',#3377,1.);
#3377 = DIRECTION('',(1.,0.,-0.));
#3378 = ORIENTED_EDGE('',*,*,#3326,.F.);
#3379 = PLANE('',#3380);
#3380 = AXIS2_PLACEMENT_3D('',#3381,#3382,#3383);
#3381 = CARTESIAN_POINT('',(85.,42.4,2.6));
#3382 = DIRECTION('',(-0.,1.,0.));
#3383 = DIRECTION('',(0.,0.,1.));
#3384 = ADVANCED_FACE('',(#3385),#3401,.T.);
#3385 = FACE_BOUND('',#3386,.T.);
#3386 = EDGE_LOOP('',(#3387,#3393,#3394,#3400));
#3387 = ORIENTED_EDGE('',*,*,#3388,.F.);
#3388 = EDGE_CURVE('',#3297,#3337,#3389,.T.);
#3389 = LINE('',#3390,#3391);
#3390 = CARTESIAN_POINT('',(85.,44.8,2.6));
#3391 = VECTOR('',#3392,1.);
#3392 = DIRECTION('',(1.,0.,-0.));
#3393 = ORIENTED_EDGE('',*,*,#3304,.T.);
#3394 = ORIENTED_EDGE('',*,*,#3395,.T.);
#3395 = EDGE_CURVE('',#3305,#3345,#3396,.T.);
#3396 = LINE('',#3397,#3398);
#3397 = CARTESIAN_POINT('',(85.,44.8,4.1));
#3398 = VECTOR('',#3399,1.);
#3399 = DIRECTION('',(1.,0.,-0.));
#3400 = ORIENTED_EDGE('',*,*,#3344,.F.);
#3401 = PLANE('',#3402);
#3402 = AXIS2_PLACEMENT_3D('',#3403,#3404,#3405);
#3403 = CARTESIAN_POINT('',(85.,44.8,2.6));
#3404 = DIRECTION('',(-0.,1.,0.));
#3405 = DIRECTION('',(0.,0.,1.));
#3406 = ADVANCED_FACE('',(#3407),#3413,.F.);
#3407 = FACE_BOUND('',#3408,.F.);
#3408 = EDGE_LOOP('',(#3409,#3410,#3411,#3412));
#3409 = ORIENTED_EDGE('',*,*,#3296,.F.);
#3410 = ORIENTED_EDGE('',*,*,#3366,.T.);
#3411 = ORIENTED_EDGE('',*,*,#3336,.T.);
#3412 = ORIENTED_EDGE('',*,*,#3388,.F.);
#3413 = PLANE('',#3414);
#3414 = AXIS2_PLACEMENT_3D('',#3415,#3416,#3417);
#3415 = CARTESIAN_POINT('',(85.,42.4,2.6));
#3416 = DIRECTION('',(0.,0.,1.));
#3417 = DIRECTION('',(1.,0.,-0.));
#3418 = ADVANCED_FACE('',(#3419),#3425,.T.);
#3419 = FACE_BOUND('',#3420,.T.);
#3420 = EDGE_LOOP('',(#3421,#3422,#3423,#3424));
#3421 = ORIENTED_EDGE('',*,*,#3312,.F.);
#3422 = ORIENTED_EDGE('',*,*,#3373,.T.);
#3423 = ORIENTED_EDGE('',*,*,#3352,.T.);
#3424 = ORIENTED_EDGE('',*,*,#3395,.F.);
#3425 = PLANE('',#3426);
#3426 = AXIS2_PLACEMENT_3D('',#3427,#3428,#3429);
#3427 = CARTESIAN_POINT('',(85.,42.4,4.1));
#3428 = DIRECTION('',(0.,0.,1.));
#3429 = DIRECTION('',(1.,0.,-0.));
#3430 = ( GEOMETRIC_REPRESENTATION_CONTEXT(3) 
GLOBAL_UNCERTAINTY_ASSIGNED_CONTEXT((#3434)) 
GLOBAL_UNIT_ASSIGNED_CONTEXT((#3431,#3432,#3433)) REPRESENTATION_CONTEXT
('Context #1','3D Context with UNIT and UNCERTAINTY') );
#3431 = ( LENGTH_UNIT() NAMED_UNIT(*) SI_UNIT(.MILLI.,.METRE.) );
#3432 = ( NAMED_UNIT(*) PLANE_ANGLE_UNIT() SI_UNIT($,.RADIAN.) );
#3433 = ( NAMED_UNIT(*) SI_UNIT($,.STERADIAN.) SOLID_ANGLE_UNIT() );
#3434 = UNCERTAINTY_MEASURE_WITH_UNIT(LENGTH_MEASURE(1.E-07),#3431,
  'distance_accuracy_value','confusion accuracy');
#3435 = CONTEXT_DEPENDENT_SHAPE_REPRESENTATION(#3436,#3438);
#3436 = ( REPRESENTATION_RELATIONSHIP('','',#3279,#10) 
REPRESENTATION_RELATIONSHIP_WITH_TRANSFORMATION(#3437) 
SHAPE_REPRESENTATION_RELATIONSHIP() );
#3437 = ITEM_DEFINED_TRANSFORMATION('','',#11,#59);
#3438 = PRODUCT_DEFINITION_SHAPE('Placement','Placement of an item',
  #3439);
#3439 = NEXT_ASSEMBLY_USAGE_OCCURRENCE('12','BOOT button actuator','',#5
  ,#3274,$);
#3440 = PRODUCT_RELATED_PRODUCT_CATEGORY('part',$,(#3276));
#3441 = SHAPE_DEFINITION_REPRESENTATION(#3442,#3448);
#3442 = PRODUCT_DEFINITION_SHAPE('','',#3443);
#3443 = PRODUCT_DEFINITION('design','',#3444,#3447);
#3444 = PRODUCT_DEFINITION_FORMATION('','',#3445);
#3445 = PRODUCT('Inductor','Inductor','',(#3446));
#3446 = PRODUCT_CONTEXT('',#2,'mechanical');
#3447 = PRODUCT_DEFINITION_CONTEXT('part definition',#2,'design');
#3448 = ADVANCED_BREP_SHAPE_REPRESENTATION('',(#11,#3449),#3599);
#3449 = MANIFOLD_SOLID_BREP('',#3450);
#3450 = CLOSED_SHELL('',(#3451,#3491,#3531,#3553,#3575,#3587));
#3451 = ADVANCED_FACE('',(#3452),#3486,.F.);
#3452 = FACE_BOUND('',#3453,.F.);
#3453 = EDGE_LOOP('',(#3454,#3464,#3472,#3480));
#3454 = ORIENTED_EDGE('',*,*,#3455,.F.);
#3455 = EDGE_CURVE('',#3456,#3458,#3460,.T.);
#3456 = VERTEX_POINT('',#3457);
#3457 = CARTESIAN_POINT('',(54.95,30.75,1.6));
#3458 = VERTEX_POINT('',#3459);
#3459 = CARTESIAN_POINT('',(54.95,30.75,5.6));
#3460 = LINE('',#3461,#3462);
#3461 = CARTESIAN_POINT('',(54.95,30.75,1.6));
#3462 = VECTOR('',#3463,1.);
#3463 = DIRECTION('',(0.,0.,1.));
#3464 = ORIENTED_EDGE('',*,*,#3465,.T.);
#3465 = EDGE_CURVE('',#3456,#3466,#3468,.T.);
#3466 = VERTEX_POINT('',#3467);
#3467 = CARTESIAN_POINT('',(54.95,41.25,1.6));
#3468 = LINE('',#3469,#3470);
#3469 = CARTESIAN_POINT('',(54.95,30.75,1.6));
#3470 = VECTOR('',#3471,1.);
#3471 = DIRECTION('',(-0.,1.,0.));
#3472 = ORIENTED_EDGE('',*,*,#3473,.T.);
#3473 = EDGE_CURVE('',#3466,#3474,#3476,.T.);
#3474 = VERTEX_POINT('',#3475);
#3475 = CARTESIAN_POINT('',(54.95,41.25,5.6));
#3476 = LINE('',#3477,#3478);
#3477 = CARTESIAN_POINT('',(54.95,41.25,1.6));
#3478 = VECTOR('',#3479,1.);
#3479 = DIRECTION('',(0.,0.,1.));
#3480 = ORIENTED_EDGE('',*,*,#3481,.F.);
#3481 = EDGE_CURVE('',#3458,#3474,#3482,.T.);
#3482 = LINE('',#3483,#3484);
#3483 = CARTESIAN_POINT('',(54.95,30.75,5.6));
#3484 = VECTOR('',#3485,1.);
#3485 = DIRECTION('',(-0.,1.,0.));
#3486 = PLANE('',#3487);
#3487 = AXIS2_PLACEMENT_3D('',#3488,#3489,#3490);
#3488 = CARTESIAN_POINT('',(54.95,30.75,1.6));
#3489 = DIRECTION('',(1.,0.,-0.));
#3490 = DIRECTION('',(0.,0.,1.));
#3491 = ADVANCED_FACE('',(#3492),#3526,.T.);
#3492 = FACE_BOUND('',#3493,.T.);
#3493 = EDGE_LOOP('',(#3494,#3504,#3512,#3520));
#3494 = ORIENTED_EDGE('',*,*,#3495,.F.);
#3495 = EDGE_CURVE('',#3496,#3498,#3500,.T.);
#3496 = VERTEX_POINT('',#3497);
#3497 = CARTESIAN_POINT('',(65.45,30.75,1.6));
#3498 = VERTEX_POINT('',#3499);
#3499 = CARTESIAN_POINT('',(65.45,30.75,5.6));
#3500 = LINE('',#3501,#3502);
#3501 = CARTESIAN_POINT('',(65.45,30.75,1.6));
#3502 = VECTOR('',#3503,1.);
#3503 = DIRECTION('',(0.,0.,1.));
#3504 = ORIENTED_EDGE('',*,*,#3505,.T.);
#3505 = EDGE_CURVE('',#3496,#3506,#3508,.T.);
#3506 = VERTEX_POINT('',#3507);
#3507 = CARTESIAN_POINT('',(65.45,41.25,1.6));
#3508 = LINE('',#3509,#3510);
#3509 = CARTESIAN_POINT('',(65.45,30.75,1.6));
#3510 = VECTOR('',#3511,1.);
#3511 = DIRECTION('',(-0.,1.,0.));
#3512 = ORIENTED_EDGE('',*,*,#3513,.T.);
#3513 = EDGE_CURVE('',#3506,#3514,#3516,.T.);
#3514 = VERTEX_POINT('',#3515);
#3515 = CARTESIAN_POINT('',(65.45,41.25,5.6));
#3516 = LINE('',#3517,#3518);
#3517 = CARTESIAN_POINT('',(65.45,41.25,1.6));
#3518 = VECTOR('',#3519,1.);
#3519 = DIRECTION('',(0.,0.,1.));
#3520 = ORIENTED_EDGE('',*,*,#3521,.F.);
#3521 = EDGE_CURVE('',#3498,#3514,#3522,.T.);
#3522 = LINE('',#3523,#3524);
#3523 = CARTESIAN_POINT('',(65.45,30.75,5.6));
#3524 = VECTOR('',#3525,1.);
#3525 = DIRECTION('',(-0.,1.,0.));
#3526 = PLANE('',#3527);
#3527 = AXIS2_PLACEMENT_3D('',#3528,#3529,#3530);
#3528 = CARTESIAN_POINT('',(65.45,30.75,1.6));
#3529 = DIRECTION('',(1.,0.,-0.));
#3530 = DIRECTION('',(0.,0.,1.));
#3531 = ADVANCED_FACE('',(#3532),#3548,.F.);
#3532 = FACE_BOUND('',#3533,.F.);
#3533 = EDGE_LOOP('',(#3534,#3540,#3541,#3547));
#3534 = ORIENTED_EDGE('',*,*,#3535,.F.);
#3535 = EDGE_CURVE('',#3456,#3496,#3536,.T.);
#3536 = LINE('',#3537,#3538);
#3537 = CARTESIAN_POINT('',(54.95,30.75,1.6));
#3538 = VECTOR('',#3539,1.);
#3539 = DIRECTION('',(1.,0.,-0.));
#3540 = ORIENTED_EDGE('',*,*,#3455,.T.);
#3541 = ORIENTED_EDGE('',*,*,#3542,.T.);
#3542 = EDGE_CURVE('',#3458,#3498,#3543,.T.);
#3543 = LINE('',#3544,#3545);
#3544 = CARTESIAN_POINT('',(54.95,30.75,5.6));
#3545 = VECTOR('',#3546,1.);
#3546 = DIRECTION('',(1.,0.,-0.));
#3547 = ORIENTED_EDGE('',*,*,#3495,.F.);
#3548 = PLANE('',#3549);
#3549 = AXIS2_PLACEMENT_3D('',#3550,#3551,#3552);
#3550 = CARTESIAN_POINT('',(54.95,30.75,1.6));
#3551 = DIRECTION('',(-0.,1.,0.));
#3552 = DIRECTION('',(0.,0.,1.));
#3553 = ADVANCED_FACE('',(#3554),#3570,.T.);
#3554 = FACE_BOUND('',#3555,.T.);
#3555 = EDGE_LOOP('',(#3556,#3562,#3563,#3569));
#3556 = ORIENTED_EDGE('',*,*,#3557,.F.);
#3557 = EDGE_CURVE('',#3466,#3506,#3558,.T.);
#3558 = LINE('',#3559,#3560);
#3559 = CARTESIAN_POINT('',(54.95,41.25,1.6));
#3560 = VECTOR('',#3561,1.);
#3561 = DIRECTION('',(1.,0.,-0.));
#3562 = ORIENTED_EDGE('',*,*,#3473,.T.);
#3563 = ORIENTED_EDGE('',*,*,#3564,.T.);
#3564 = EDGE_CURVE('',#3474,#3514,#3565,.T.);
#3565 = LINE('',#3566,#3567);
#3566 = CARTESIAN_POINT('',(54.95,41.25,5.6));
#3567 = VECTOR('',#3568,1.);
#3568 = DIRECTION('',(1.,0.,-0.));
#3569 = ORIENTED_EDGE('',*,*,#3513,.F.);
#3570 = PLANE('',#3571);
#3571 = AXIS2_PLACEMENT_3D('',#3572,#3573,#3574);
#3572 = CARTESIAN_POINT('',(54.95,41.25,1.6));
#3573 = DIRECTION('',(-0.,1.,0.));
#3574 = DIRECTION('',(0.,0.,1.));
#3575 = ADVANCED_FACE('',(#3576),#3582,.F.);
#3576 = FACE_BOUND('',#3577,.F.);
#3577 = EDGE_LOOP('',(#3578,#3579,#3580,#3581));
#3578 = ORIENTED_EDGE('',*,*,#3465,.F.);
#3579 = ORIENTED_EDGE('',*,*,#3535,.T.);
#3580 = ORIENTED_EDGE('',*,*,#3505,.T.);
#3581 = ORIENTED_EDGE('',*,*,#3557,.F.);
#3582 = PLANE('',#3583);
#3583 = AXIS2_PLACEMENT_3D('',#3584,#3585,#3586);
#3584 = CARTESIAN_POINT('',(54.95,30.75,1.6));
#3585 = DIRECTION('',(0.,0.,1.));
#3586 = DIRECTION('',(1.,0.,-0.));
#3587 = ADVANCED_FACE('',(#3588),#3594,.T.);
#3588 = FACE_BOUND('',#3589,.T.);
#3589 = EDGE_LOOP('',(#3590,#3591,#3592,#3593));
#3590 = ORIENTED_EDGE('',*,*,#3481,.F.);
#3591 = ORIENTED_EDGE('',*,*,#3542,.T.);
#3592 = ORIENTED_EDGE('',*,*,#3521,.T.);
#3593 = ORIENTED_EDGE('',*,*,#3564,.F.);
#3594 = PLANE('',#3595);
#3595 = AXIS2_PLACEMENT_3D('',#3596,#3597,#3598);
#3596 = CARTESIAN_POINT('',(54.95,30.75,5.6));
#3597 = DIRECTION('',(0.,0.,1.));
#3598 = DIRECTION('',(1.,0.,-0.));
#3599 = ( GEOMETRIC_REPRESENTATION_CONTEXT(3) 
GLOBAL_UNCERTAINTY_ASSIGNED_CONTEXT((#3603)) 
GLOBAL_UNIT_ASSIGNED_CONTEXT((#3600,#3601,#3602)) REPRESENTATION_CONTEXT
('Context #1','3D Context with UNIT and UNCERTAINTY') );
#3600 = ( LENGTH_UNIT() NAMED_UNIT(*) SI_UNIT(.MILLI.,.METRE.) );
#3601 = ( NAMED_UNIT(*) PLANE_ANGLE_UNIT() SI_UNIT($,.RADIAN.) );
#3602 = ( NAMED_UNIT(*) SI_UNIT($,.STERADIAN.) SOLID_ANGLE_UNIT() );
#3603 = UNCERTAINTY_MEASURE_WITH_UNIT(LENGTH_MEASURE(1.E-07),#3600,
  'distance_accuracy_value','confusion accuracy');
#3604 = CONTEXT_DEPENDENT_SHAPE_REPRESENTATION(#3605,#3607);
#3605 = ( REPRESENTATION_RELATIONSHIP('','',#3448,#10) 
REPRESENTATION_RELATIONSHIP_WITH_TRANSFORMATION(#3606) 
SHAPE_REPRESENTATION_RELATIONSHIP() );
#3606 = ITEM_DEFINED_TRANSFORMATION('','',#11,#63);
#3607 = PRODUCT_DEFINITION_SHAPE('Placement','Placement of an item',
  #3608);
#3608 = NEXT_ASSEMBLY_USAGE_OCCURRENCE('13','Inductor','',#5,#3443,$);
#3609 = PRODUCT_RELATED_PRODUCT_CATEGORY('part',$,(#3445));
#3610 = SHAPE_DEFINITION_REPRESENTATION(#3611,#3617);
#3611 = PRODUCT_DEFINITION_SHAPE('','',#3612);
#3612 = PRODUCT_DEFINITION('design','',#3613,#3616);
#3613 = PRODUCT_DEFINITION_FORMATION('','',#3614);
#3614 = PRODUCT('ICs','ICs','',(#3615));
#3615 = PRODUCT_CONTEXT('',#2,'mechanical');
#3616 = PRODUCT_DEFINITION_CONTEXT('part definition',#2,'design');
#3617 = SHAPE_REPRESENTATION('',(#11,#3618,#3768,#3918,#4068,#4218,#4368
    ,#4518,#4668),#4818);
#3618 = MANIFOLD_SOLID_BREP('',#3619);
#3619 = CLOSED_SHELL('',(#3620,#3660,#3700,#3722,#3744,#3756));
#3620 = ADVANCED_FACE('',(#3621),#3655,.F.);
#3621 = FACE_BOUND('',#3622,.F.);
#3622 = EDGE_LOOP('',(#3623,#3633,#3641,#3649));
#3623 = ORIENTED_EDGE('',*,*,#3624,.F.);
#3624 = EDGE_CURVE('',#3625,#3627,#3629,.T.);
#3625 = VERTEX_POINT('',#3626);
#3626 = CARTESIAN_POINT('',(12.3,36.,1.6));
#3627 = VERTEX_POINT('',#3628);
#3628 = CARTESIAN_POINT('',(12.3,36.,3.35));
#3629 = LINE('',#3630,#3631);
#3630 = CARTESIAN_POINT('',(12.3,36.,1.6));
#3631 = VECTOR('',#3632,1.);
#3632 = DIRECTION('',(0.,0.,1.));
#3633 = ORIENTED_EDGE('',*,*,#3634,.T.);
#3634 = EDGE_CURVE('',#3625,#3635,#3637,.T.);
#3635 = VERTEX_POINT('',#3636);
#3636 = CARTESIAN_POINT('',(12.3,40.,1.6));
#3637 = LINE('',#3638,#3639);
#3638 = CARTESIAN_POINT('',(12.3,36.,1.6));
#3639 = VECTOR('',#3640,1.);
#3640 = DIRECTION('',(-0.,1.,0.));
#3641 = ORIENTED_EDGE('',*,*,#3642,.T.);
#3642 = EDGE_CURVE('',#3635,#3643,#3645,.T.);
#3643 = VERTEX_POINT('',#3644);
#3644 = CARTESIAN_POINT('',(12.3,40.,3.35));
#3645 = LINE('',#3646,#3647);
#3646 = CARTESIAN_POINT('',(12.3,40.,1.6));
#3647 = VECTOR('',#3648,1.);
#3648 = DIRECTION('',(0.,0.,1.));
#3649 = ORIENTED_EDGE('',*,*,#3650,.F.);
#3650 = EDGE_CURVE('',#3627,#3643,#3651,.T.);
#3651 = LINE('',#3652,#3653);
#3652 = CARTESIAN_POINT('',(12.3,36.,3.35));
#3653 = VECTOR('',#3654,1.);
#3654 = DIRECTION('',(-0.,1.,0.));
#3655 = PLANE('',#3656);
#3656 = AXIS2_PLACEMENT_3D('',#3657,#3658,#3659);
#3657 = CARTESIAN_POINT('',(12.3,36.,1.6));
#3658 = DIRECTION('',(1.,0.,-0.));
#3659 = DIRECTION('',(0.,0.,1.));
#3660 = ADVANCED_FACE('',(#3661),#3695,.T.);
#3661 = FACE_BOUND('',#3662,.T.);
#3662 = EDGE_LOOP('',(#3663,#3673,#3681,#3689));
#3663 = ORIENTED_EDGE('',*,*,#3664,.F.);
#3664 = EDGE_CURVE('',#3665,#3667,#3669,.T.);
#3665 = VERTEX_POINT('',#3666);
#3666 = CARTESIAN_POINT('',(17.3,36.,1.6));
#3667 = VERTEX_POINT('',#3668);
#3668 = CARTESIAN_POINT('',(17.3,36.,3.35));
#3669 = LINE('',#3670,#3671);
#3670 = CARTESIAN_POINT('',(17.3,36.,1.6));
#3671 = VECTOR('',#3672,1.);
#3672 = DIRECTION('',(0.,0.,1.));
#3673 = ORIENTED_EDGE('',*,*,#3674,.T.);
#3674 = EDGE_CURVE('',#3665,#3675,#3677,.T.);
#3675 = VERTEX_POINT('',#3676);
#3676 = CARTESIAN_POINT('',(17.3,40.,1.6));
#3677 = LINE('',#3678,#3679);
#3678 = CARTESIAN_POINT('',(17.3,36.,1.6));
#3679 = VECTOR('',#3680,1.);
#3680 = DIRECTION('',(-0.,1.,0.));
#3681 = ORIENTED_EDGE('',*,*,#3682,.T.);
#3682 = EDGE_CURVE('',#3675,#3683,#3685,.T.);
#3683 = VERTEX_POINT('',#3684);
#3684 = CARTESIAN_POINT('',(17.3,40.,3.35));
#3685 = LINE('',#3686,#3687);
#3686 = CARTESIAN_POINT('',(17.3,40.,1.6));
#3687 = VECTOR('',#3688,1.);
#3688 = DIRECTION('',(0.,0.,1.));
#3689 = ORIENTED_EDGE('',*,*,#3690,.F.);
#3690 = EDGE_CURVE('',#3667,#3683,#3691,.T.);
#3691 = LINE('',#3692,#3693);
#3692 = CARTESIAN_POINT('',(17.3,36.,3.35));
#3693 = VECTOR('',#3694,1.);
#3694 = DIRECTION('',(-0.,1.,0.));
#3695 = PLANE('',#3696);
#3696 = AXIS2_PLACEMENT_3D('',#3697,#3698,#3699);
#3697 = CARTESIAN_POINT('',(17.3,36.,1.6));
#3698 = DIRECTION('',(1.,0.,-0.));
#3699 = DIRECTION('',(0.,0.,1.));
#3700 = ADVANCED_FACE('',(#3701),#3717,.F.);
#3701 = FACE_BOUND('',#3702,.F.);
#3702 = EDGE_LOOP('',(#3703,#3709,#3710,#3716));
#3703 = ORIENTED_EDGE('',*,*,#3704,.F.);
#3704 = EDGE_CURVE('',#3625,#3665,#3705,.T.);
#3705 = LINE('',#3706,#3707);
#3706 = CARTESIAN_POINT('',(12.3,36.,1.6));
#3707 = VECTOR('',#3708,1.);
#3708 = DIRECTION('',(1.,0.,-0.));
#3709 = ORIENTED_EDGE('',*,*,#3624,.T.);
#3710 = ORIENTED_EDGE('',*,*,#3711,.T.);
#3711 = EDGE_CURVE('',#3627,#3667,#3712,.T.);
#3712 = LINE('',#3713,#3714);
#3713 = CARTESIAN_POINT('',(12.3,36.,3.35));
#3714 = VECTOR('',#3715,1.);
#3715 = DIRECTION('',(1.,0.,-0.));
#3716 = ORIENTED_EDGE('',*,*,#3664,.F.);
#3717 = PLANE('',#3718);
#3718 = AXIS2_PLACEMENT_3D('',#3719,#3720,#3721);
#3719 = CARTESIAN_POINT('',(12.3,36.,1.6));
#3720 = DIRECTION('',(-0.,1.,0.));
#3721 = DIRECTION('',(0.,0.,1.));
#3722 = ADVANCED_FACE('',(#3723),#3739,.T.);
#3723 = FACE_BOUND('',#3724,.T.);
#3724 = EDGE_LOOP('',(#3725,#3731,#3732,#3738));
#3725 = ORIENTED_EDGE('',*,*,#3726,.F.);
#3726 = EDGE_CURVE('',#3635,#3675,#3727,.T.);
#3727 = LINE('',#3728,#3729);
#3728 = CARTESIAN_POINT('',(12.3,40.,1.6));
#3729 = VECTOR('',#3730,1.);
#3730 = DIRECTION('',(1.,0.,-0.));
#3731 = ORIENTED_EDGE('',*,*,#3642,.T.);
#3732 = ORIENTED_EDGE('',*,*,#3733,.T.);
#3733 = EDGE_CURVE('',#3643,#3683,#3734,.T.);
#3734 = LINE('',#3735,#3736);
#3735 = CARTESIAN_POINT('',(12.3,40.,3.35));
#3736 = VECTOR('',#3737,1.);
#3737 = DIRECTION('',(1.,0.,-0.));
#3738 = ORIENTED_EDGE('',*,*,#3682,.F.);
#3739 = PLANE('',#3740);
#3740 = AXIS2_PLACEMENT_3D('',#3741,#3742,#3743);
#3741 = CARTESIAN_POINT('',(12.3,40.,1.6));
#3742 = DIRECTION('',(-0.,1.,0.));
#3743 = DIRECTION('',(0.,0.,1.));
#3744 = ADVANCED_FACE('',(#3745),#3751,.F.);
#3745 = FACE_BOUND('',#3746,.F.);
#3746 = EDGE_LOOP('',(#3747,#3748,#3749,#3750));
#3747 = ORIENTED_EDGE('',*,*,#3634,.F.);
#3748 = ORIENTED_EDGE('',*,*,#3704,.T.);
#3749 = ORIENTED_EDGE('',*,*,#3674,.T.);
#3750 = ORIENTED_EDGE('',*,*,#3726,.F.);
#3751 = PLANE('',#3752);
#3752 = AXIS2_PLACEMENT_3D('',#3753,#3754,#3755);
#3753 = CARTESIAN_POINT('',(12.3,36.,1.6));
#3754 = DIRECTION('',(0.,0.,1.));
#3755 = DIRECTION('',(1.,0.,-0.));
#3756 = ADVANCED_FACE('',(#3757),#3763,.T.);
#3757 = FACE_BOUND('',#3758,.T.);
#3758 = EDGE_LOOP('',(#3759,#3760,#3761,#3762));
#3759 = ORIENTED_EDGE('',*,*,#3650,.F.);
#3760 = ORIENTED_EDGE('',*,*,#3711,.T.);
#3761 = ORIENTED_EDGE('',*,*,#3690,.T.);
#3762 = ORIENTED_EDGE('',*,*,#3733,.F.);
#3763 = PLANE('',#3764);
#3764 = AXIS2_PLACEMENT_3D('',#3765,#3766,#3767);
#3765 = CARTESIAN_POINT('',(12.3,36.,3.35));
#3766 = DIRECTION('',(0.,0.,1.));
#3767 = DIRECTION('',(1.,0.,-0.));
#3768 = MANIFOLD_SOLID_BREP('',#3769);
#3769 = CLOSED_SHELL('',(#3770,#3810,#3850,#3872,#3894,#3906));
#3770 = ADVANCED_FACE('',(#3771),#3805,.F.);
#3771 = FACE_BOUND('',#3772,.F.);
#3772 = EDGE_LOOP('',(#3773,#3783,#3791,#3799));
#3773 = ORIENTED_EDGE('',*,*,#3774,.F.);
#3774 = EDGE_CURVE('',#3775,#3777,#3779,.T.);
#3775 = VERTEX_POINT('',#3776);
#3776 = CARTESIAN_POINT('',(12.3,26.2,1.6));
#3777 = VERTEX_POINT('',#3778);
#3778 = CARTESIAN_POINT('',(12.3,26.2,3.35));
#3779 = LINE('',#3780,#3781);
#3780 = CARTESIAN_POINT('',(12.3,26.2,1.6));
#3781 = VECTOR('',#3782,1.);
#3782 = DIRECTION('',(0.,0.,1.));
#3783 = ORIENTED_EDGE('',*,*,#3784,.T.);
#3784 = EDGE_CURVE('',#3775,#3785,#3787,.T.);
#3785 = VERTEX_POINT('',#3786);
#3786 = CARTESIAN_POINT('',(12.3,30.2,1.6));
#3787 = LINE('',#3788,#3789);
#3788 = CARTESIAN_POINT('',(12.3,26.2,1.6));
#3789 = VECTOR('',#3790,1.);
#3790 = DIRECTION('',(-0.,1.,0.));
#3791 = ORIENTED_EDGE('',*,*,#3792,.T.);
#3792 = EDGE_CURVE('',#3785,#3793,#3795,.T.);
#3793 = VERTEX_POINT('',#3794);
#3794 = CARTESIAN_POINT('',(12.3,30.2,3.35));
#3795 = LINE('',#3796,#3797);
#3796 = CARTESIAN_POINT('',(12.3,30.2,1.6));
#3797 = VECTOR('',#3798,1.);
#3798 = DIRECTION('',(0.,0.,1.));
#3799 = ORIENTED_EDGE('',*,*,#3800,.F.);
#3800 = EDGE_CURVE('',#3777,#3793,#3801,.T.);
#3801 = LINE('',#3802,#3803);
#3802 = CARTESIAN_POINT('',(12.3,26.2,3.35));
#3803 = VECTOR('',#3804,1.);
#3804 = DIRECTION('',(-0.,1.,0.));
#3805 = PLANE('',#3806);
#3806 = AXIS2_PLACEMENT_3D('',#3807,#3808,#3809);
#3807 = CARTESIAN_POINT('',(12.3,26.2,1.6));
#3808 = DIRECTION('',(1.,0.,-0.));
#3809 = DIRECTION('',(0.,0.,1.));
#3810 = ADVANCED_FACE('',(#3811),#3845,.T.);
#3811 = FACE_BOUND('',#3812,.T.);
#3812 = EDGE_LOOP('',(#3813,#3823,#3831,#3839));
#3813 = ORIENTED_EDGE('',*,*,#3814,.F.);
#3814 = EDGE_CURVE('',#3815,#3817,#3819,.T.);
#3815 = VERTEX_POINT('',#3816);
#3816 = CARTESIAN_POINT('',(17.3,26.2,1.6));
#3817 = VERTEX_POINT('',#3818);
#3818 = CARTESIAN_POINT('',(17.3,26.2,3.35));
#3819 = LINE('',#3820,#3821);
#3820 = CARTESIAN_POINT('',(17.3,26.2,1.6));
#3821 = VECTOR('',#3822,1.);
#3822 = DIRECTION('',(0.,0.,1.));
#3823 = ORIENTED_EDGE('',*,*,#3824,.T.);
#3824 = EDGE_CURVE('',#3815,#3825,#3827,.T.);
#3825 = VERTEX_POINT('',#3826);
#3826 = CARTESIAN_POINT('',(17.3,30.2,1.6));
#3827 = LINE('',#3828,#3829);
#3828 = CARTESIAN_POINT('',(17.3,26.2,1.6));
#3829 = VECTOR('',#3830,1.);
#3830 = DIRECTION('',(-0.,1.,0.));
#3831 = ORIENTED_EDGE('',*,*,#3832,.T.);
#3832 = EDGE_CURVE('',#3825,#3833,#3835,.T.);
#3833 = VERTEX_POINT('',#3834);
#3834 = CARTESIAN_POINT('',(17.3,30.2,3.35));
#3835 = LINE('',#3836,#3837);
#3836 = CARTESIAN_POINT('',(17.3,30.2,1.6));
#3837 = VECTOR('',#3838,1.);
#3838 = DIRECTION('',(0.,0.,1.));
#3839 = ORIENTED_EDGE('',*,*,#3840,.F.);
#3840 = EDGE_CURVE('',#3817,#3833,#3841,.T.);
#3841 = LINE('',#3842,#3843);
#3842 = CARTESIAN_POINT('',(17.3,26.2,3.35));
#3843 = VECTOR('',#3844,1.);
#3844 = DIRECTION('',(-0.,1.,0.));
#3845 = PLANE('',#3846);
#3846 = AXIS2_PLACEMENT_3D('',#3847,#3848,#3849);
#3847 = CARTESIAN_POINT('',(17.3,26.2,1.6));
#3848 = DIRECTION('',(1.,0.,-0.));
#3849 = DIRECTION('',(0.,0.,1.));
#3850 = ADVANCED_FACE('',(#3851),#3867,.F.);
#3851 = FACE_BOUND('',#3852,.F.);
#3852 = EDGE_LOOP('',(#3853,#3859,#3860,#3866));
#3853 = ORIENTED_EDGE('',*,*,#3854,.F.);
#3854 = EDGE_CURVE('',#3775,#3815,#3855,.T.);
#3855 = LINE('',#3856,#3857);
#3856 = CARTESIAN_POINT('',(12.3,26.2,1.6));
#3857 = VECTOR('',#3858,1.);
#3858 = DIRECTION('',(1.,0.,-0.));
#3859 = ORIENTED_EDGE('',*,*,#3774,.T.);
#3860 = ORIENTED_EDGE('',*,*,#3861,.T.);
#3861 = EDGE_CURVE('',#3777,#3817,#3862,.T.);
#3862 = LINE('',#3863,#3864);
#3863 = CARTESIAN_POINT('',(12.3,26.2,3.35));
#3864 = VECTOR('',#3865,1.);
#3865 = DIRECTION('',(1.,0.,-0.));
#3866 = ORIENTED_EDGE('',*,*,#3814,.F.);
#3867 = PLANE('',#3868);
#3868 = AXIS2_PLACEMENT_3D('',#3869,#3870,#3871);
#3869 = CARTESIAN_POINT('',(12.3,26.2,1.6));
#3870 = DIRECTION('',(-0.,1.,0.));
#3871 = DIRECTION('',(0.,0.,1.));
#3872 = ADVANCED_FACE('',(#3873),#3889,.T.);
#3873 = FACE_BOUND('',#3874,.T.);
#3874 = EDGE_LOOP('',(#3875,#3881,#3882,#3888));
#3875 = ORIENTED_EDGE('',*,*,#3876,.F.);
#3876 = EDGE_CURVE('',#3785,#3825,#3877,.T.);
#3877 = LINE('',#3878,#3879);
#3878 = CARTESIAN_POINT('',(12.3,30.2,1.6));
#3879 = VECTOR('',#3880,1.);
#3880 = DIRECTION('',(1.,0.,-0.));
#3881 = ORIENTED_EDGE('',*,*,#3792,.T.);
#3882 = ORIENTED_EDGE('',*,*,#3883,.T.);
#3883 = EDGE_CURVE('',#3793,#3833,#3884,.T.);
#3884 = LINE('',#3885,#3886);
#3885 = CARTESIAN_POINT('',(12.3,30.2,3.35));
#3886 = VECTOR('',#3887,1.);
#3887 = DIRECTION('',(1.,0.,-0.));
#3888 = ORIENTED_EDGE('',*,*,#3832,.F.);
#3889 = PLANE('',#3890);
#3890 = AXIS2_PLACEMENT_3D('',#3891,#3892,#3893);
#3891 = CARTESIAN_POINT('',(12.3,30.2,1.6));
#3892 = DIRECTION('',(-0.,1.,0.));
#3893 = DIRECTION('',(0.,0.,1.));
#3894 = ADVANCED_FACE('',(#3895),#3901,.F.);
#3895 = FACE_BOUND('',#3896,.F.);
#3896 = EDGE_LOOP('',(#3897,#3898,#3899,#3900));
#3897 = ORIENTED_EDGE('',*,*,#3784,.F.);
#3898 = ORIENTED_EDGE('',*,*,#3854,.T.);
#3899 = ORIENTED_EDGE('',*,*,#3824,.T.);
#3900 = ORIENTED_EDGE('',*,*,#3876,.F.);
#3901 = PLANE('',#3902);
#3902 = AXIS2_PLACEMENT_3D('',#3903,#3904,#3905);
#3903 = CARTESIAN_POINT('',(12.3,26.2,1.6));
#3904 = DIRECTION('',(0.,0.,1.));
#3905 = DIRECTION('',(1.,0.,-0.));
#3906 = ADVANCED_FACE('',(#3907),#3913,.T.);
#3907 = FACE_BOUND('',#3908,.T.);
#3908 = EDGE_LOOP('',(#3909,#3910,#3911,#3912));
#3909 = ORIENTED_EDGE('',*,*,#3800,.F.);
#3910 = ORIENTED_EDGE('',*,*,#3861,.T.);
#3911 = ORIENTED_EDGE('',*,*,#3840,.T.);
#3912 = ORIENTED_EDGE('',*,*,#3883,.F.);
#3913 = PLANE('',#3914);
#3914 = AXIS2_PLACEMENT_3D('',#3915,#3916,#3917);
#3915 = CARTESIAN_POINT('',(12.3,26.2,3.35));
#3916 = DIRECTION('',(0.,0.,1.));
#3917 = DIRECTION('',(1.,0.,-0.));
#3918 = MANIFOLD_SOLID_BREP('',#3919);
#3919 = CLOSED_SHELL('',(#3920,#3960,#4000,#4022,#4044,#4056));
#3920 = ADVANCED_FACE('',(#3921),#3955,.F.);
#3921 = FACE_BOUND('',#3922,.F.);
#3922 = EDGE_LOOP('',(#3923,#3933,#3941,#3949));
#3923 = ORIENTED_EDGE('',*,*,#3924,.F.);
#3924 = EDGE_CURVE('',#3925,#3927,#3929,.T.);
#3925 = VERTEX_POINT('',#3926);
#3926 = CARTESIAN_POINT('',(12.3,16.3,1.6));
#3927 = VERTEX_POINT('',#3928);
#3928 = CARTESIAN_POINT('',(12.3,16.3,3.35));
#3929 = LINE('',#3930,#3931);
#3930 = CARTESIAN_POINT('',(12.3,16.3,1.6));
#3931 = VECTOR('',#3932,1.);
#3932 = DIRECTION('',(0.,0.,1.));
#3933 = ORIENTED_EDGE('',*,*,#3934,.T.);
#3934 = EDGE_CURVE('',#3925,#3935,#3937,.T.);
#3935 = VERTEX_POINT('',#3936);
#3936 = CARTESIAN_POINT('',(12.3,20.3,1.6));
#3937 = LINE('',#3938,#3939);
#3938 = CARTESIAN_POINT('',(12.3,16.3,1.6));
#3939 = VECTOR('',#3940,1.);
#3940 = DIRECTION('',(-0.,1.,0.));
#3941 = ORIENTED_EDGE('',*,*,#3942,.T.);
#3942 = EDGE_CURVE('',#3935,#3943,#3945,.T.);
#3943 = VERTEX_POINT('',#3944);
#3944 = CARTESIAN_POINT('',(12.3,20.3,3.35));
#3945 = LINE('',#3946,#3947);
#3946 = CARTESIAN_POINT('',(12.3,20.3,1.6));
#3947 = VECTOR('',#3948,1.);
#3948 = DIRECTION('',(0.,0.,1.));
#3949 = ORIENTED_EDGE('',*,*,#3950,.F.);
#3950 = EDGE_CURVE('',#3927,#3943,#3951,.T.);
#3951 = LINE('',#3952,#3953);
#3952 = CARTESIAN_POINT('',(12.3,16.3,3.35));
#3953 = VECTOR('',#3954,1.);
#3954 = DIRECTION('',(-0.,1.,0.));
#3955 = PLANE('',#3956);
#3956 = AXIS2_PLACEMENT_3D('',#3957,#3958,#3959);
#3957 = CARTESIAN_POINT('',(12.3,16.3,1.6));
#3958 = DIRECTION('',(1.,0.,-0.));
#3959 = DIRECTION('',(0.,0.,1.));
#3960 = ADVANCED_FACE('',(#3961),#3995,.T.);
#3961 = FACE_BOUND('',#3962,.T.);
#3962 = EDGE_LOOP('',(#3963,#3973,#3981,#3989));
#3963 = ORIENTED_EDGE('',*,*,#3964,.F.);
#3964 = EDGE_CURVE('',#3965,#3967,#3969,.T.);
#3965 = VERTEX_POINT('',#3966);
#3966 = CARTESIAN_POINT('',(17.3,16.3,1.6));
#3967 = VERTEX_POINT('',#3968);
#3968 = CARTESIAN_POINT('',(17.3,16.3,3.35));
#3969 = LINE('',#3970,#3971);
#3970 = CARTESIAN_POINT('',(17.3,16.3,1.6));
#3971 = VECTOR('',#3972,1.);
#3972 = DIRECTION('',(0.,0.,1.));
#3973 = ORIENTED_EDGE('',*,*,#3974,.T.);
#3974 = EDGE_CURVE('',#3965,#3975,#3977,.T.);
#3975 = VERTEX_POINT('',#3976);
#3976 = CARTESIAN_POINT('',(17.3,20.3,1.6));
#3977 = LINE('',#3978,#3979);
#3978 = CARTESIAN_POINT('',(17.3,16.3,1.6));
#3979 = VECTOR('',#3980,1.);
#3980 = DIRECTION('',(-0.,1.,0.));
#3981 = ORIENTED_EDGE('',*,*,#3982,.T.);
#3982 = EDGE_CURVE('',#3975,#3983,#3985,.T.);
#3983 = VERTEX_POINT('',#3984);
#3984 = CARTESIAN_POINT('',(17.3,20.3,3.35));
#3985 = LINE('',#3986,#3987);
#3986 = CARTESIAN_POINT('',(17.3,20.3,1.6));
#3987 = VECTOR('',#3988,1.);
#3988 = DIRECTION('',(0.,0.,1.));
#3989 = ORIENTED_EDGE('',*,*,#3990,.F.);
#3990 = EDGE_CURVE('',#3967,#3983,#3991,.T.);
#3991 = LINE('',#3992,#3993);
#3992 = CARTESIAN_POINT('',(17.3,16.3,3.35));
#3993 = VECTOR('',#3994,1.);
#3994 = DIRECTION('',(-0.,1.,0.));
#3995 = PLANE('',#3996);
#3996 = AXIS2_PLACEMENT_3D('',#3997,#3998,#3999);
#3997 = CARTESIAN_POINT('',(17.3,16.3,1.6));
#3998 = DIRECTION('',(1.,0.,-0.));
#3999 = DIRECTION('',(0.,0.,1.));
#4000 = ADVANCED_FACE('',(#4001),#4017,.F.);
#4001 = FACE_BOUND('',#4002,.F.);
#4002 = EDGE_LOOP('',(#4003,#4009,#4010,#4016));
#4003 = ORIENTED_EDGE('',*,*,#4004,.F.);
#4004 = EDGE_CURVE('',#3925,#3965,#4005,.T.);
#4005 = LINE('',#4006,#4007);
#4006 = CARTESIAN_POINT('',(12.3,16.3,1.6));
#4007 = VECTOR('',#4008,1.);
#4008 = DIRECTION('',(1.,0.,-0.));
#4009 = ORIENTED_EDGE('',*,*,#3924,.T.);
#4010 = ORIENTED_EDGE('',*,*,#4011,.T.);
#4011 = EDGE_CURVE('',#3927,#3967,#4012,.T.);
#4012 = LINE('',#4013,#4014);
#4013 = CARTESIAN_POINT('',(12.3,16.3,3.35));
#4014 = VECTOR('',#4015,1.);
#4015 = DIRECTION('',(1.,0.,-0.));
#4016 = ORIENTED_EDGE('',*,*,#3964,.F.);
#4017 = PLANE('',#4018);
#4018 = AXIS2_PLACEMENT_3D('',#4019,#4020,#4021);
#4019 = CARTESIAN_POINT('',(12.3,16.3,1.6));
#4020 = DIRECTION('',(-0.,1.,0.));
#4021 = DIRECTION('',(0.,0.,1.));
#4022 = ADVANCED_FACE('',(#4023),#4039,.T.);
#4023 = FACE_BOUND('',#4024,.T.);
#4024 = EDGE_LOOP('',(#4025,#4031,#4032,#4038));
#4025 = ORIENTED_EDGE('',*,*,#4026,.F.);
#4026 = EDGE_CURVE('',#3935,#3975,#4027,.T.);
#4027 = LINE('',#4028,#4029);
#4028 = CARTESIAN_POINT('',(12.3,20.3,1.6));
#4029 = VECTOR('',#4030,1.);
#4030 = DIRECTION('',(1.,0.,-0.));
#4031 = ORIENTED_EDGE('',*,*,#3942,.T.);
#4032 = ORIENTED_EDGE('',*,*,#4033,.T.);
#4033 = EDGE_CURVE('',#3943,#3983,#4034,.T.);
#4034 = LINE('',#4035,#4036);
#4035 = CARTESIAN_POINT('',(12.3,20.3,3.35));
#4036 = VECTOR('',#4037,1.);
#4037 = DIRECTION('',(1.,0.,-0.));
#4038 = ORIENTED_EDGE('',*,*,#3982,.F.);
#4039 = PLANE('',#4040);
#4040 = AXIS2_PLACEMENT_3D('',#4041,#4042,#4043);
#4041 = CARTESIAN_POINT('',(12.3,20.3,1.6));
#4042 = DIRECTION('',(-0.,1.,0.));
#4043 = DIRECTION('',(0.,0.,1.));
#4044 = ADVANCED_FACE('',(#4045),#4051,.F.);
#4045 = FACE_BOUND('',#4046,.F.);
#4046 = EDGE_LOOP('',(#4047,#4048,#4049,#4050));
#4047 = ORIENTED_EDGE('',*,*,#3934,.F.);
#4048 = ORIENTED_EDGE('',*,*,#4004,.T.);
#4049 = ORIENTED_EDGE('',*,*,#3974,.T.);
#4050 = ORIENTED_EDGE('',*,*,#4026,.F.);
#4051 = PLANE('',#4052);
#4052 = AXIS2_PLACEMENT_3D('',#4053,#4054,#4055);
#4053 = CARTESIAN_POINT('',(12.3,16.3,1.6));
#4054 = DIRECTION('',(0.,0.,1.));
#4055 = DIRECTION('',(1.,0.,-0.));
#4056 = ADVANCED_FACE('',(#4057),#4063,.T.);
#4057 = FACE_BOUND('',#4058,.T.);
#4058 = EDGE_LOOP('',(#4059,#4060,#4061,#4062));
#4059 = ORIENTED_EDGE('',*,*,#3950,.F.);
#4060 = ORIENTED_EDGE('',*,*,#4011,.T.);
#4061 = ORIENTED_EDGE('',*,*,#3990,.T.);
#4062 = ORIENTED_EDGE('',*,*,#4033,.F.);
#4063 = PLANE('',#4064);
#4064 = AXIS2_PLACEMENT_3D('',#4065,#4066,#4067);
#4065 = CARTESIAN_POINT('',(12.3,16.3,3.35));
#4066 = DIRECTION('',(0.,0.,1.));
#4067 = DIRECTION('',(1.,0.,-0.));
#4068 = MANIFOLD_SOLID_BREP('',#4069);
#4069 = CLOSED_SHELL('',(#4070,#4110,#4150,#4172,#4194,#4206));
#4070 = ADVANCED_FACE('',(#4071),#4105,.F.);
#4071 = FACE_BOUND('',#4072,.F.);
#4072 = EDGE_LOOP('',(#4073,#4083,#4091,#4099));
#4073 = ORIENTED_EDGE('',*,*,#4074,.F.);
#4074 = EDGE_CURVE('',#4075,#4077,#4079,.T.);
#4075 = VERTEX_POINT('',#4076);
#4076 = CARTESIAN_POINT('',(23.3,36.,1.6));
#4077 = VERTEX_POINT('',#4078);
#4078 = CARTESIAN_POINT('',(23.3,36.,3.35));
#4079 = LINE('',#4080,#4081);
#4080 = CARTESIAN_POINT('',(23.3,36.,1.6));
#4081 = VECTOR('',#4082,1.);
#4082 = DIRECTION('',(0.,0.,1.));
#4083 = ORIENTED_EDGE('',*,*,#4084,.T.);
#4084 = EDGE_CURVE('',#4075,#4085,#4087,.T.);
#4085 = VERTEX_POINT('',#4086);
#4086 = CARTESIAN_POINT('',(23.3,40.,1.6));
#4087 = LINE('',#4088,#4089);
#4088 = CARTESIAN_POINT('',(23.3,36.,1.6));
#4089 = VECTOR('',#4090,1.);
#4090 = DIRECTION('',(-0.,1.,0.));
#4091 = ORIENTED_EDGE('',*,*,#4092,.T.);
#4092 = EDGE_CURVE('',#4085,#4093,#4095,.T.);
#4093 = VERTEX_POINT('',#4094);
#4094 = CARTESIAN_POINT('',(23.3,40.,3.35));
#4095 = LINE('',#4096,#4097);
#4096 = CARTESIAN_POINT('',(23.3,40.,1.6));
#4097 = VECTOR('',#4098,1.);
#4098 = DIRECTION('',(0.,0.,1.));
#4099 = ORIENTED_EDGE('',*,*,#4100,.F.);
#4100 = EDGE_CURVE('',#4077,#4093,#4101,.T.);
#4101 = LINE('',#4102,#4103);
#4102 = CARTESIAN_POINT('',(23.3,36.,3.35));
#4103 = VECTOR('',#4104,1.);
#4104 = DIRECTION('',(-0.,1.,0.));
#4105 = PLANE('',#4106);
#4106 = AXIS2_PLACEMENT_3D('',#4107,#4108,#4109);
#4107 = CARTESIAN_POINT('',(23.3,36.,1.6));
#4108 = DIRECTION('',(1.,0.,-0.));
#4109 = DIRECTION('',(0.,0.,1.));
#4110 = ADVANCED_FACE('',(#4111),#4145,.T.);
#4111 = FACE_BOUND('',#4112,.T.);
#4112 = EDGE_LOOP('',(#4113,#4123,#4131,#4139));
#4113 = ORIENTED_EDGE('',*,*,#4114,.F.);
#4114 = EDGE_CURVE('',#4115,#4117,#4119,.T.);
#4115 = VERTEX_POINT('',#4116);
#4116 = CARTESIAN_POINT('',(28.3,36.,1.6));
#4117 = VERTEX_POINT('',#4118);
#4118 = CARTESIAN_POINT('',(28.3,36.,3.35));
#4119 = LINE('',#4120,#4121);
#4120 = CARTESIAN_POINT('',(28.3,36.,1.6));
#4121 = VECTOR('',#4122,1.);
#4122 = DIRECTION('',(0.,0.,1.));
#4123 = ORIENTED_EDGE('',*,*,#4124,.T.);
#4124 = EDGE_CURVE('',#4115,#4125,#4127,.T.);
#4125 = VERTEX_POINT('',#4126);
#4126 = CARTESIAN_POINT('',(28.3,40.,1.6));
#4127 = LINE('',#4128,#4129);
#4128 = CARTESIAN_POINT('',(28.3,36.,1.6));
#4129 = VECTOR('',#4130,1.);
#4130 = DIRECTION('',(-0.,1.,0.));
#4131 = ORIENTED_EDGE('',*,*,#4132,.T.);
#4132 = EDGE_CURVE('',#4125,#4133,#4135,.T.);
#4133 = VERTEX_POINT('',#4134);
#4134 = CARTESIAN_POINT('',(28.3,40.,3.35));
#4135 = LINE('',#4136,#4137);
#4136 = CARTESIAN_POINT('',(28.3,40.,1.6));
#4137 = VECTOR('',#4138,1.);
#4138 = DIRECTION('',(0.,0.,1.));
#4139 = ORIENTED_EDGE('',*,*,#4140,.F.);
#4140 = EDGE_CURVE('',#4117,#4133,#4141,.T.);
#4141 = LINE('',#4142,#4143);
#4142 = CARTESIAN_POINT('',(28.3,36.,3.35));
#4143 = VECTOR('',#4144,1.);
#4144 = DIRECTION('',(-0.,1.,0.));
#4145 = PLANE('',#4146);
#4146 = AXIS2_PLACEMENT_3D('',#4147,#4148,#4149);
#4147 = CARTESIAN_POINT('',(28.3,36.,1.6));
#4148 = DIRECTION('',(1.,0.,-0.));
#4149 = DIRECTION('',(0.,0.,1.));
#4150 = ADVANCED_FACE('',(#4151),#4167,.F.);
#4151 = FACE_BOUND('',#4152,.F.);
#4152 = EDGE_LOOP('',(#4153,#4159,#4160,#4166));
#4153 = ORIENTED_EDGE('',*,*,#4154,.F.);
#4154 = EDGE_CURVE('',#4075,#4115,#4155,.T.);
#4155 = LINE('',#4156,#4157);
#4156 = CARTESIAN_POINT('',(23.3,36.,1.6));
#4157 = VECTOR('',#4158,1.);
#4158 = DIRECTION('',(1.,0.,-0.));
#4159 = ORIENTED_EDGE('',*,*,#4074,.T.);
#4160 = ORIENTED_EDGE('',*,*,#4161,.T.);
#4161 = EDGE_CURVE('',#4077,#4117,#4162,.T.);
#4162 = LINE('',#4163,#4164);
#4163 = CARTESIAN_POINT('',(23.3,36.,3.35));
#4164 = VECTOR('',#4165,1.);
#4165 = DIRECTION('',(1.,0.,-0.));
#4166 = ORIENTED_EDGE('',*,*,#4114,.F.);
#4167 = PLANE('',#4168);
#4168 = AXIS2_PLACEMENT_3D('',#4169,#4170,#4171);
#4169 = CARTESIAN_POINT('',(23.3,36.,1.6));
#4170 = DIRECTION('',(-0.,1.,0.));
#4171 = DIRECTION('',(0.,0.,1.));
#4172 = ADVANCED_FACE('',(#4173),#4189,.T.);
#4173 = FACE_BOUND('',#4174,.T.);
#4174 = EDGE_LOOP('',(#4175,#4181,#4182,#4188));
#4175 = ORIENTED_EDGE('',*,*,#4176,.F.);
#4176 = EDGE_CURVE('',#4085,#4125,#4177,.T.);
#4177 = LINE('',#4178,#4179);
#4178 = CARTESIAN_POINT('',(23.3,40.,1.6));
#4179 = VECTOR('',#4180,1.);
#4180 = DIRECTION('',(1.,0.,-0.));
#4181 = ORIENTED_EDGE('',*,*,#4092,.T.);
#4182 = ORIENTED_EDGE('',*,*,#4183,.T.);
#4183 = EDGE_CURVE('',#4093,#4133,#4184,.T.);
#4184 = LINE('',#4185,#4186);
#4185 = CARTESIAN_POINT('',(23.3,40.,3.35));
#4186 = VECTOR('',#4187,1.);
#4187 = DIRECTION('',(1.,0.,-0.));
#4188 = ORIENTED_EDGE('',*,*,#4132,.F.);
#4189 = PLANE('',#4190);
#4190 = AXIS2_PLACEMENT_3D('',#4191,#4192,#4193);
#4191 = CARTESIAN_POINT('',(23.3,40.,1.6));
#4192 = DIRECTION('',(-0.,1.,0.));
#4193 = DIRECTION('',(0.,0.,1.));
#4194 = ADVANCED_FACE('',(#4195),#4201,.F.);
#4195 = FACE_BOUND('',#4196,.F.);
#4196 = EDGE_LOOP('',(#4197,#4198,#4199,#4200));
#4197 = ORIENTED_EDGE('',*,*,#4084,.F.);
#4198 = ORIENTED_EDGE('',*,*,#4154,.T.);
#4199 = ORIENTED_EDGE('',*,*,#4124,.T.);
#4200 = ORIENTED_EDGE('',*,*,#4176,.F.);
#4201 = PLANE('',#4202);
#4202 = AXIS2_PLACEMENT_3D('',#4203,#4204,#4205);
#4203 = CARTESIAN_POINT('',(23.3,36.,1.6));
#4204 = DIRECTION('',(0.,0.,1.));
#4205 = DIRECTION('',(1.,0.,-0.));
#4206 = ADVANCED_FACE('',(#4207),#4213,.T.);
#4207 = FACE_BOUND('',#4208,.T.);
#4208 = EDGE_LOOP('',(#4209,#4210,#4211,#4212));
#4209 = ORIENTED_EDGE('',*,*,#4100,.F.);
#4210 = ORIENTED_EDGE('',*,*,#4161,.T.);
#4211 = ORIENTED_EDGE('',*,*,#4140,.T.);
#4212 = ORIENTED_EDGE('',*,*,#4183,.F.);
#4213 = PLANE('',#4214);
#4214 = AXIS2_PLACEMENT_3D('',#4215,#4216,#4217);
#4215 = CARTESIAN_POINT('',(23.3,36.,3.35));
#4216 = DIRECTION('',(0.,0.,1.));
#4217 = DIRECTION('',(1.,0.,-0.));
#4218 = MANIFOLD_SOLID_BREP('',#4219);
#4219 = CLOSED_SHELL('',(#4220,#4260,#4300,#4322,#4344,#4356));
#4220 = ADVANCED_FACE('',(#4221),#4255,.F.);
#4221 = FACE_BOUND('',#4222,.F.);
#4222 = EDGE_LOOP('',(#4223,#4233,#4241,#4249));
#4223 = ORIENTED_EDGE('',*,*,#4224,.F.);
#4224 = EDGE_CURVE('',#4225,#4227,#4229,.T.);
#4225 = VERTEX_POINT('',#4226);
#4226 = CARTESIAN_POINT('',(23.3,26.2,1.6));
#4227 = VERTEX_POINT('',#4228);
#4228 = CARTESIAN_POINT('',(23.3,26.2,3.35));
#4229 = LINE('',#4230,#4231);
#4230 = CARTESIAN_POINT('',(23.3,26.2,1.6));
#4231 = VECTOR('',#4232,1.);
#4232 = DIRECTION('',(0.,0.,1.));
#4233 = ORIENTED_EDGE('',*,*,#4234,.T.);
#4234 = EDGE_CURVE('',#4225,#4235,#4237,.T.);
#4235 = VERTEX_POINT('',#4236);
#4236 = CARTESIAN_POINT('',(23.3,30.2,1.6));
#4237 = LINE('',#4238,#4239);
#4238 = CARTESIAN_POINT('',(23.3,26.2,1.6));
#4239 = VECTOR('',#4240,1.);
#4240 = DIRECTION('',(-0.,1.,0.));
#4241 = ORIENTED_EDGE('',*,*,#4242,.T.);
#4242 = EDGE_CURVE('',#4235,#4243,#4245,.T.);
#4243 = VERTEX_POINT('',#4244);
#4244 = CARTESIAN_POINT('',(23.3,30.2,3.35));
#4245 = LINE('',#4246,#4247);
#4246 = CARTESIAN_POINT('',(23.3,30.2,1.6));
#4247 = VECTOR('',#4248,1.);
#4248 = DIRECTION('',(0.,0.,1.));
#4249 = ORIENTED_EDGE('',*,*,#4250,.F.);
#4250 = EDGE_CURVE('',#4227,#4243,#4251,.T.);
#4251 = LINE('',#4252,#4253);
#4252 = CARTESIAN_POINT('',(23.3,26.2,3.35));
#4253 = VECTOR('',#4254,1.);
#4254 = DIRECTION('',(-0.,1.,0.));
#4255 = PLANE('',#4256);
#4256 = AXIS2_PLACEMENT_3D('',#4257,#4258,#4259);
#4257 = CARTESIAN_POINT('',(23.3,26.2,1.6));
#4258 = DIRECTION('',(1.,0.,-0.));
#4259 = DIRECTION('',(0.,0.,1.));
#4260 = ADVANCED_FACE('',(#4261),#4295,.T.);
#4261 = FACE_BOUND('',#4262,.T.);
#4262 = EDGE_LOOP('',(#4263,#4273,#4281,#4289));
#4263 = ORIENTED_EDGE('',*,*,#4264,.F.);
#4264 = EDGE_CURVE('',#4265,#4267,#4269,.T.);
#4265 = VERTEX_POINT('',#4266);
#4266 = CARTESIAN_POINT('',(28.3,26.2,1.6));
#4267 = VERTEX_POINT('',#4268);
#4268 = CARTESIAN_POINT('',(28.3,26.2,3.35));
#4269 = LINE('',#4270,#4271);
#4270 = CARTESIAN_POINT('',(28.3,26.2,1.6));
#4271 = VECTOR('',#4272,1.);
#4272 = DIRECTION('',(0.,0.,1.));
#4273 = ORIENTED_EDGE('',*,*,#4274,.T.);
#4274 = EDGE_CURVE('',#4265,#4275,#4277,.T.);
#4275 = VERTEX_POINT('',#4276);
#4276 = CARTESIAN_POINT('',(28.3,30.2,1.6));
#4277 = LINE('',#4278,#4279);
#4278 = CARTESIAN_POINT('',(28.3,26.2,1.6));
#4279 = VECTOR('',#4280,1.);
#4280 = DIRECTION('',(-0.,1.,0.));
#4281 = ORIENTED_EDGE('',*,*,#4282,.T.);
#4282 = EDGE_CURVE('',#4275,#4283,#4285,.T.);
#4283 = VERTEX_POINT('',#4284);
#4284 = CARTESIAN_POINT('',(28.3,30.2,3.35));
#4285 = LINE('',#4286,#4287);
#4286 = CARTESIAN_POINT('',(28.3,30.2,1.6));
#4287 = VECTOR('',#4288,1.);
#4288 = DIRECTION('',(0.,0.,1.));
#4289 = ORIENTED_EDGE('',*,*,#4290,.F.);
#4290 = EDGE_CURVE('',#4267,#4283,#4291,.T.);
#4291 = LINE('',#4292,#4293);
#4292 = CARTESIAN_POINT('',(28.3,26.2,3.35));
#4293 = VECTOR('',#4294,1.);
#4294 = DIRECTION('',(-0.,1.,0.));
#4295 = PLANE('',#4296);
#4296 = AXIS2_PLACEMENT_3D('',#4297,#4298,#4299);
#4297 = CARTESIAN_POINT('',(28.3,26.2,1.6));
#4298 = DIRECTION('',(1.,0.,-0.));
#4299 = DIRECTION('',(0.,0.,1.));
#4300 = ADVANCED_FACE('',(#4301),#4317,.F.);
#4301 = FACE_BOUND('',#4302,.F.);
#4302 = EDGE_LOOP('',(#4303,#4309,#4310,#4316));
#4303 = ORIENTED_EDGE('',*,*,#4304,.F.);
#4304 = EDGE_CURVE('',#4225,#4265,#4305,.T.);
#4305 = LINE('',#4306,#4307);
#4306 = CARTESIAN_POINT('',(23.3,26.2,1.6));
#4307 = VECTOR('',#4308,1.);
#4308 = DIRECTION('',(1.,0.,-0.));
#4309 = ORIENTED_EDGE('',*,*,#4224,.T.);
#4310 = ORIENTED_EDGE('',*,*,#4311,.T.);
#4311 = EDGE_CURVE('',#4227,#4267,#4312,.T.);
#4312 = LINE('',#4313,#4314);
#4313 = CARTESIAN_POINT('',(23.3,26.2,3.35));
#4314 = VECTOR('',#4315,1.);
#4315 = DIRECTION('',(1.,0.,-0.));
#4316 = ORIENTED_EDGE('',*,*,#4264,.F.);
#4317 = PLANE('',#4318);
#4318 = AXIS2_PLACEMENT_3D('',#4319,#4320,#4321);
#4319 = CARTESIAN_POINT('',(23.3,26.2,1.6));
#4320 = DIRECTION('',(-0.,1.,0.));
#4321 = DIRECTION('',(0.,0.,1.));
#4322 = ADVANCED_FACE('',(#4323),#4339,.T.);
#4323 = FACE_BOUND('',#4324,.T.);
#4324 = EDGE_LOOP('',(#4325,#4331,#4332,#4338));
#4325 = ORIENTED_EDGE('',*,*,#4326,.F.);
#4326 = EDGE_CURVE('',#4235,#4275,#4327,.T.);
#4327 = LINE('',#4328,#4329);
#4328 = CARTESIAN_POINT('',(23.3,30.2,1.6));
#4329 = VECTOR('',#4330,1.);
#4330 = DIRECTION('',(1.,0.,-0.));
#4331 = ORIENTED_EDGE('',*,*,#4242,.T.);
#4332 = ORIENTED_EDGE('',*,*,#4333,.T.);
#4333 = EDGE_CURVE('',#4243,#4283,#4334,.T.);
#4334 = LINE('',#4335,#4336);
#4335 = CARTESIAN_POINT('',(23.3,30.2,3.35));
#4336 = VECTOR('',#4337,1.);
#4337 = DIRECTION('',(1.,0.,-0.));
#4338 = ORIENTED_EDGE('',*,*,#4282,.F.);
#4339 = PLANE('',#4340);
#4340 = AXIS2_PLACEMENT_3D('',#4341,#4342,#4343);
#4341 = CARTESIAN_POINT('',(23.3,30.2,1.6));
#4342 = DIRECTION('',(-0.,1.,0.));
#4343 = DIRECTION('',(0.,0.,1.));
#4344 = ADVANCED_FACE('',(#4345),#4351,.F.);
#4345 = FACE_BOUND('',#4346,.F.);
#4346 = EDGE_LOOP('',(#4347,#4348,#4349,#4350));
#4347 = ORIENTED_EDGE('',*,*,#4234,.F.);
#4348 = ORIENTED_EDGE('',*,*,#4304,.T.);
#4349 = ORIENTED_EDGE('',*,*,#4274,.T.);
#4350 = ORIENTED_EDGE('',*,*,#4326,.F.);
#4351 = PLANE('',#4352);
#4352 = AXIS2_PLACEMENT_3D('',#4353,#4354,#4355);
#4353 = CARTESIAN_POINT('',(23.3,26.2,1.6));
#4354 = DIRECTION('',(0.,0.,1.));
#4355 = DIRECTION('',(1.,0.,-0.));
#4356 = ADVANCED_FACE('',(#4357),#4363,.T.);
#4357 = FACE_BOUND('',#4358,.T.);
#4358 = EDGE_LOOP('',(#4359,#4360,#4361,#4362));
#4359 = ORIENTED_EDGE('',*,*,#4250,.F.);
#4360 = ORIENTED_EDGE('',*,*,#4311,.T.);
#4361 = ORIENTED_EDGE('',*,*,#4290,.T.);
#4362 = ORIENTED_EDGE('',*,*,#4333,.F.);
#4363 = PLANE('',#4364);
#4364 = AXIS2_PLACEMENT_3D('',#4365,#4366,#4367);
#4365 = CARTESIAN_POINT('',(23.3,26.2,3.35));
#4366 = DIRECTION('',(0.,0.,1.));
#4367 = DIRECTION('',(1.,0.,-0.));
#4368 = MANIFOLD_SOLID_BREP('',#4369);
#4369 = CLOSED_SHELL('',(#4370,#4410,#4450,#4472,#4494,#4506));
#4370 = ADVANCED_FACE('',(#4371),#4405,.F.);
#4371 = FACE_BOUND('',#4372,.F.);
#4372 = EDGE_LOOP('',(#4373,#4383,#4391,#4399));
#4373 = ORIENTED_EDGE('',*,*,#4374,.F.);
#4374 = EDGE_CURVE('',#4375,#4377,#4379,.T.);
#4375 = VERTEX_POINT('',#4376);
#4376 = CARTESIAN_POINT('',(23.3,16.3,1.6));
#4377 = VERTEX_POINT('',#4378);
#4378 = CARTESIAN_POINT('',(23.3,16.3,3.35));
#4379 = LINE('',#4380,#4381);
#4380 = CARTESIAN_POINT('',(23.3,16.3,1.6));
#4381 = VECTOR('',#4382,1.);
#4382 = DIRECTION('',(0.,0.,1.));
#4383 = ORIENTED_EDGE('',*,*,#4384,.T.);
#4384 = EDGE_CURVE('',#4375,#4385,#4387,.T.);
#4385 = VERTEX_POINT('',#4386);
#4386 = CARTESIAN_POINT('',(23.3,20.3,1.6));
#4387 = LINE('',#4388,#4389);
#4388 = CARTESIAN_POINT('',(23.3,16.3,1.6));
#4389 = VECTOR('',#4390,1.);
#4390 = DIRECTION('',(-0.,1.,0.));
#4391 = ORIENTED_EDGE('',*,*,#4392,.T.);
#4392 = EDGE_CURVE('',#4385,#4393,#4395,.T.);
#4393 = VERTEX_POINT('',#4394);
#4394 = CARTESIAN_POINT('',(23.3,20.3,3.35));
#4395 = LINE('',#4396,#4397);
#4396 = CARTESIAN_POINT('',(23.3,20.3,1.6));
#4397 = VECTOR('',#4398,1.);
#4398 = DIRECTION('',(0.,0.,1.));
#4399 = ORIENTED_EDGE('',*,*,#4400,.F.);
#4400 = EDGE_CURVE('',#4377,#4393,#4401,.T.);
#4401 = LINE('',#4402,#4403);
#4402 = CARTESIAN_POINT('',(23.3,16.3,3.35));
#4403 = VECTOR('',#4404,1.);
#4404 = DIRECTION('',(-0.,1.,0.));
#4405 = PLANE('',#4406);
#4406 = AXIS2_PLACEMENT_3D('',#4407,#4408,#4409);
#4407 = CARTESIAN_POINT('',(23.3,16.3,1.6));
#4408 = DIRECTION('',(1.,0.,-0.));
#4409 = DIRECTION('',(0.,0.,1.));
#4410 = ADVANCED_FACE('',(#4411),#4445,.T.);
#4411 = FACE_BOUND('',#4412,.T.);
#4412 = EDGE_LOOP('',(#4413,#4423,#4431,#4439));
#4413 = ORIENTED_EDGE('',*,*,#4414,.F.);
#4414 = EDGE_CURVE('',#4415,#4417,#4419,.T.);
#4415 = VERTEX_POINT('',#4416);
#4416 = CARTESIAN_POINT('',(28.3,16.3,1.6));
#4417 = VERTEX_POINT('',#4418);
#4418 = CARTESIAN_POINT('',(28.3,16.3,3.35));
#4419 = LINE('',#4420,#4421);
#4420 = CARTESIAN_POINT('',(28.3,16.3,1.6));
#4421 = VECTOR('',#4422,1.);
#4422 = DIRECTION('',(0.,0.,1.));
#4423 = ORIENTED_EDGE('',*,*,#4424,.T.);
#4424 = EDGE_CURVE('',#4415,#4425,#4427,.T.);
#4425 = VERTEX_POINT('',#4426);
#4426 = CARTESIAN_POINT('',(28.3,20.3,1.6));
#4427 = LINE('',#4428,#4429);
#4428 = CARTESIAN_POINT('',(28.3,16.3,1.6));
#4429 = VECTOR('',#4430,1.);
#4430 = DIRECTION('',(-0.,1.,0.));
#4431 = ORIENTED_EDGE('',*,*,#4432,.T.);
#4432 = EDGE_CURVE('',#4425,#4433,#4435,.T.);
#4433 = VERTEX_POINT('',#4434);
#4434 = CARTESIAN_POINT('',(28.3,20.3,3.35));
#4435 = LINE('',#4436,#4437);
#4436 = CARTESIAN_POINT('',(28.3,20.3,1.6));
#4437 = VECTOR('',#4438,1.);
#4438 = DIRECTION('',(0.,0.,1.));
#4439 = ORIENTED_EDGE('',*,*,#4440,.F.);
#4440 = EDGE_CURVE('',#4417,#4433,#4441,.T.);
#4441 = LINE('',#4442,#4443);
#4442 = CARTESIAN_POINT('',(28.3,16.3,3.35));
#4443 = VECTOR('',#4444,1.);
#4444 = DIRECTION('',(-0.,1.,0.));
#4445 = PLANE('',#4446);
#4446 = AXIS2_PLACEMENT_3D('',#4447,#4448,#4449);
#4447 = CARTESIAN_POINT('',(28.3,16.3,1.6));
#4448 = DIRECTION('',(1.,0.,-0.));
#4449 = DIRECTION('',(0.,0.,1.));
#4450 = ADVANCED_FACE('',(#4451),#4467,.F.);
#4451 = FACE_BOUND('',#4452,.F.);
#4452 = EDGE_LOOP('',(#4453,#4459,#4460,#4466));
#4453 = ORIENTED_EDGE('',*,*,#4454,.F.);
#4454 = EDGE_CURVE('',#4375,#4415,#4455,.T.);
#4455 = LINE('',#4456,#4457);
#4456 = CARTESIAN_POINT('',(23.3,16.3,1.6));
#4457 = VECTOR('',#4458,1.);
#4458 = DIRECTION('',(1.,0.,-0.));
#4459 = ORIENTED_EDGE('',*,*,#4374,.T.);
#4460 = ORIENTED_EDGE('',*,*,#4461,.T.);
#4461 = EDGE_CURVE('',#4377,#4417,#4462,.T.);
#4462 = LINE('',#4463,#4464);
#4463 = CARTESIAN_POINT('',(23.3,16.3,3.35));
#4464 = VECTOR('',#4465,1.);
#4465 = DIRECTION('',(1.,0.,-0.));
#4466 = ORIENTED_EDGE('',*,*,#4414,.F.);
#4467 = PLANE('',#4468);
#4468 = AXIS2_PLACEMENT_3D('',#4469,#4470,#4471);
#4469 = CARTESIAN_POINT('',(23.3,16.3,1.6));
#4470 = DIRECTION('',(-0.,1.,0.));
#4471 = DIRECTION('',(0.,0.,1.));
#4472 = ADVANCED_FACE('',(#4473),#4489,.T.);
#4473 = FACE_BOUND('',#4474,.T.);
#4474 = EDGE_LOOP('',(#4475,#4481,#4482,#4488));
#4475 = ORIENTED_EDGE('',*,*,#4476,.F.);
#4476 = EDGE_CURVE('',#4385,#4425,#4477,.T.);
#4477 = LINE('',#4478,#4479);
#4478 = CARTESIAN_POINT('',(23.3,20.3,1.6));
#4479 = VECTOR('',#4480,1.);
#4480 = DIRECTION('',(1.,0.,-0.));
#4481 = ORIENTED_EDGE('',*,*,#4392,.T.);
#4482 = ORIENTED_EDGE('',*,*,#4483,.T.);
#4483 = EDGE_CURVE('',#4393,#4433,#4484,.T.);
#4484 = LINE('',#4485,#4486);
#4485 = CARTESIAN_POINT('',(23.3,20.3,3.35));
#4486 = VECTOR('',#4487,1.);
#4487 = DIRECTION('',(1.,0.,-0.));
#4488 = ORIENTED_EDGE('',*,*,#4432,.F.);
#4489 = PLANE('',#4490);
#4490 = AXIS2_PLACEMENT_3D('',#4491,#4492,#4493);
#4491 = CARTESIAN_POINT('',(23.3,20.3,1.6));
#4492 = DIRECTION('',(-0.,1.,0.));
#4493 = DIRECTION('',(0.,0.,1.));
#4494 = ADVANCED_FACE('',(#4495),#4501,.F.);
#4495 = FACE_BOUND('',#4496,.F.);
#4496 = EDGE_LOOP('',(#4497,#4498,#4499,#4500));
#4497 = ORIENTED_EDGE('',*,*,#4384,.F.);
#4498 = ORIENTED_EDGE('',*,*,#4454,.T.);
#4499 = ORIENTED_EDGE('',*,*,#4424,.T.);
#4500 = ORIENTED_EDGE('',*,*,#4476,.F.);
#4501 = PLANE('',#4502);
#4502 = AXIS2_PLACEMENT_3D('',#4503,#4504,#4505);
#4503 = CARTESIAN_POINT('',(23.3,16.3,1.6));
#4504 = DIRECTION('',(0.,0.,1.));
#4505 = DIRECTION('',(1.,0.,-0.));
#4506 = ADVANCED_FACE('',(#4507),#4513,.T.);
#4507 = FACE_BOUND('',#4508,.T.);
#4508 = EDGE_LOOP('',(#4509,#4510,#4511,#4512));
#4509 = ORIENTED_EDGE('',*,*,#4400,.F.);
#4510 = ORIENTED_EDGE('',*,*,#4461,.T.);
#4511 = ORIENTED_EDGE('',*,*,#4440,.T.);
#4512 = ORIENTED_EDGE('',*,*,#4483,.F.);
#4513 = PLANE('',#4514);
#4514 = AXIS2_PLACEMENT_3D('',#4515,#4516,#4517);
#4515 = CARTESIAN_POINT('',(23.3,16.3,3.35));
#4516 = DIRECTION('',(0.,0.,1.));
#4517 = DIRECTION('',(1.,0.,-0.));
#4518 = MANIFOLD_SOLID_BREP('',#4519);
#4519 = CLOSED_SHELL('',(#4520,#4560,#4600,#4622,#4644,#4656));
#4520 = ADVANCED_FACE('',(#4521),#4555,.F.);
#4521 = FACE_BOUND('',#4522,.F.);
#4522 = EDGE_LOOP('',(#4523,#4533,#4541,#4549));
#4523 = ORIENTED_EDGE('',*,*,#4524,.F.);
#4524 = EDGE_CURVE('',#4525,#4527,#4529,.T.);
#4525 = VERTEX_POINT('',#4526);
#4526 = CARTESIAN_POINT('',(36.2,24.6,1.6));
#4527 = VERTEX_POINT('',#4528);
#4528 = CARTESIAN_POINT('',(36.2,24.6,3.35));
#4529 = LINE('',#4530,#4531);
#4530 = CARTESIAN_POINT('',(36.2,24.6,1.6));
#4531 = VECTOR('',#4532,1.);
#4532 = DIRECTION('',(0.,0.,1.));
#4533 = ORIENTED_EDGE('',*,*,#4534,.T.);
#4534 = EDGE_CURVE('',#4525,#4535,#4537,.T.);
#4535 = VERTEX_POINT('',#4536);
#4536 = CARTESIAN_POINT('',(36.2,29.6,1.6));
#4537 = LINE('',#4538,#4539);
#4538 = CARTESIAN_POINT('',(36.2,24.6,1.6));
#4539 = VECTOR('',#4540,1.);
#4540 = DIRECTION('',(-0.,1.,0.));
#4541 = ORIENTED_EDGE('',*,*,#4542,.T.);
#4542 = EDGE_CURVE('',#4535,#4543,#4545,.T.);
#4543 = VERTEX_POINT('',#4544);
#4544 = CARTESIAN_POINT('',(36.2,29.6,3.35));
#4545 = LINE('',#4546,#4547);
#4546 = CARTESIAN_POINT('',(36.2,29.6,1.6));
#4547 = VECTOR('',#4548,1.);
#4548 = DIRECTION('',(0.,0.,1.));
#4549 = ORIENTED_EDGE('',*,*,#4550,.F.);
#4550 = EDGE_CURVE('',#4527,#4543,#4551,.T.);
#4551 = LINE('',#4552,#4553);
#4552 = CARTESIAN_POINT('',(36.2,24.6,3.35));
#4553 = VECTOR('',#4554,1.);
#4554 = DIRECTION('',(-0.,1.,0.));
#4555 = PLANE('',#4556);
#4556 = AXIS2_PLACEMENT_3D('',#4557,#4558,#4559);
#4557 = CARTESIAN_POINT('',(36.2,24.6,1.6));
#4558 = DIRECTION('',(1.,0.,-0.));
#4559 = DIRECTION('',(0.,0.,1.));
#4560 = ADVANCED_FACE('',(#4561),#4595,.T.);
#4561 = FACE_BOUND('',#4562,.T.);
#4562 = EDGE_LOOP('',(#4563,#4573,#4581,#4589));
#4563 = ORIENTED_EDGE('',*,*,#4564,.F.);
#4564 = EDGE_CURVE('',#4565,#4567,#4569,.T.);
#4565 = VERTEX_POINT('',#4566);
#4566 = CARTESIAN_POINT('',(40.2,24.6,1.6));
#4567 = VERTEX_POINT('',#4568);
#4568 = CARTESIAN_POINT('',(40.2,24.6,3.35));
#4569 = LINE('',#4570,#4571);
#4570 = CARTESIAN_POINT('',(40.2,24.6,1.6));
#4571 = VECTOR('',#4572,1.);
#4572 = DIRECTION('',(0.,0.,1.));
#4573 = ORIENTED_EDGE('',*,*,#4574,.T.);
#4574 = EDGE_CURVE('',#4565,#4575,#4577,.T.);
#4575 = VERTEX_POINT('',#4576);
#4576 = CARTESIAN_POINT('',(40.2,29.6,1.6));
#4577 = LINE('',#4578,#4579);
#4578 = CARTESIAN_POINT('',(40.2,24.6,1.6));
#4579 = VECTOR('',#4580,1.);
#4580 = DIRECTION('',(-0.,1.,0.));
#4581 = ORIENTED_EDGE('',*,*,#4582,.T.);
#4582 = EDGE_CURVE('',#4575,#4583,#4585,.T.);
#4583 = VERTEX_POINT('',#4584);
#4584 = CARTESIAN_POINT('',(40.2,29.6,3.35));
#4585 = LINE('',#4586,#4587);
#4586 = CARTESIAN_POINT('',(40.2,29.6,1.6));
#4587 = VECTOR('',#4588,1.);
#4588 = DIRECTION('',(0.,0.,1.));
#4589 = ORIENTED_EDGE('',*,*,#4590,.F.);
#4590 = EDGE_CURVE('',#4567,#4583,#4591,.T.);
#4591 = LINE('',#4592,#4593);
#4592 = CARTESIAN_POINT('',(40.2,24.6,3.35));
#4593 = VECTOR('',#4594,1.);
#4594 = DIRECTION('',(-0.,1.,0.));
#4595 = PLANE('',#4596);
#4596 = AXIS2_PLACEMENT_3D('',#4597,#4598,#4599);
#4597 = CARTESIAN_POINT('',(40.2,24.6,1.6));
#4598 = DIRECTION('',(1.,0.,-0.));
#4599 = DIRECTION('',(0.,0.,1.));
#4600 = ADVANCED_FACE('',(#4601),#4617,.F.);
#4601 = FACE_BOUND('',#4602,.F.);
#4602 = EDGE_LOOP('',(#4603,#4609,#4610,#4616));
#4603 = ORIENTED_EDGE('',*,*,#4604,.F.);
#4604 = EDGE_CURVE('',#4525,#4565,#4605,.T.);
#4605 = LINE('',#4606,#4607);
#4606 = CARTESIAN_POINT('',(36.2,24.6,1.6));
#4607 = VECTOR('',#4608,1.);
#4608 = DIRECTION('',(1.,0.,-0.));
#4609 = ORIENTED_EDGE('',*,*,#4524,.T.);
#4610 = ORIENTED_EDGE('',*,*,#4611,.T.);
#4611 = EDGE_CURVE('',#4527,#4567,#4612,.T.);
#4612 = LINE('',#4613,#4614);
#4613 = CARTESIAN_POINT('',(36.2,24.6,3.35));
#4614 = VECTOR('',#4615,1.);
#4615 = DIRECTION('',(1.,0.,-0.));
#4616 = ORIENTED_EDGE('',*,*,#4564,.F.);
#4617 = PLANE('',#4618);
#4618 = AXIS2_PLACEMENT_3D('',#4619,#4620,#4621);
#4619 = CARTESIAN_POINT('',(36.2,24.6,1.6));
#4620 = DIRECTION('',(-0.,1.,0.));
#4621 = DIRECTION('',(0.,0.,1.));
#4622 = ADVANCED_FACE('',(#4623),#4639,.T.);
#4623 = FACE_BOUND('',#4624,.T.);
#4624 = EDGE_LOOP('',(#4625,#4631,#4632,#4638));
#4625 = ORIENTED_EDGE('',*,*,#4626,.F.);
#4626 = EDGE_CURVE('',#4535,#4575,#4627,.T.);
#4627 = LINE('',#4628,#4629);
#4628 = CARTESIAN_POINT('',(36.2,29.6,1.6));
#4629 = VECTOR('',#4630,1.);
#4630 = DIRECTION('',(1.,0.,-0.));
#4631 = ORIENTED_EDGE('',*,*,#4542,.T.);
#4632 = ORIENTED_EDGE('',*,*,#4633,.T.);
#4633 = EDGE_CURVE('',#4543,#4583,#4634,.T.);
#4634 = LINE('',#4635,#4636);
#4635 = CARTESIAN_POINT('',(36.2,29.6,3.35));
#4636 = VECTOR('',#4637,1.);
#4637 = DIRECTION('',(1.,0.,-0.));
#4638 = ORIENTED_EDGE('',*,*,#4582,.F.);
#4639 = PLANE('',#4640);
#4640 = AXIS2_PLACEMENT_3D('',#4641,#4642,#4643);
#4641 = CARTESIAN_POINT('',(36.2,29.6,1.6));
#4642 = DIRECTION('',(-0.,1.,0.));
#4643 = DIRECTION('',(0.,0.,1.));
#4644 = ADVANCED_FACE('',(#4645),#4651,.F.);
#4645 = FACE_BOUND('',#4646,.F.);
#4646 = EDGE_LOOP('',(#4647,#4648,#4649,#4650));
#4647 = ORIENTED_EDGE('',*,*,#4534,.F.);
#4648 = ORIENTED_EDGE('',*,*,#4604,.T.);
#4649 = ORIENTED_EDGE('',*,*,#4574,.T.);
#4650 = ORIENTED_EDGE('',*,*,#4626,.F.);
#4651 = PLANE('',#4652);
#4652 = AXIS2_PLACEMENT_3D('',#4653,#4654,#4655);
#4653 = CARTESIAN_POINT('',(36.2,24.6,1.6));
#4654 = DIRECTION('',(0.,0.,1.));
#4655 = DIRECTION('',(1.,0.,-0.));
#4656 = ADVANCED_FACE('',(#4657),#4663,.T.);
#4657 = FACE_BOUND('',#4658,.T.);
#4658 = EDGE_LOOP('',(#4659,#4660,#4661,#4662));
#4659 = ORIENTED_EDGE('',*,*,#4550,.F.);
#4660 = ORIENTED_EDGE('',*,*,#4611,.T.);
#4661 = ORIENTED_EDGE('',*,*,#4590,.T.);
#4662 = ORIENTED_EDGE('',*,*,#4633,.F.);
#4663 = PLANE('',#4664);
#4664 = AXIS2_PLACEMENT_3D('',#4665,#4666,#4667);
#4665 = CARTESIAN_POINT('',(36.2,24.6,3.35));
#4666 = DIRECTION('',(0.,0.,1.));
#4667 = DIRECTION('',(1.,0.,-0.));
#4668 = MANIFOLD_SOLID_BREP('',#4669);
#4669 = CLOSED_SHELL('',(#4670,#4710,#4750,#4772,#4794,#4806));
#4670 = ADVANCED_FACE('',(#4671),#4705,.F.);
#4671 = FACE_BOUND('',#4672,.F.);
#4672 = EDGE_LOOP('',(#4673,#4683,#4691,#4699));
#4673 = ORIENTED_EDGE('',*,*,#4674,.F.);
#4674 = EDGE_CURVE('',#4675,#4677,#4679,.T.);
#4675 = VERTEX_POINT('',#4676);
#4676 = CARTESIAN_POINT('',(55.3,23.7,1.6));
#4677 = VERTEX_POINT('',#4678);
#4678 = CARTESIAN_POINT('',(55.3,23.7,2.5));
#4679 = LINE('',#4680,#4681);
#4680 = CARTESIAN_POINT('',(55.3,23.7,1.6));
#4681 = VECTOR('',#4682,1.);
#4682 = DIRECTION('',(0.,0.,1.));
#4683 = ORIENTED_EDGE('',*,*,#4684,.T.);
#4684 = EDGE_CURVE('',#4675,#4685,#4687,.T.);
#4685 = VERTEX_POINT('',#4686);
#4686 = CARTESIAN_POINT('',(55.3,26.7,1.6));
#4687 = LINE('',#4688,#4689);
#4688 = CARTESIAN_POINT('',(55.3,23.7,1.6));
#4689 = VECTOR('',#4690,1.);
#4690 = DIRECTION('',(-0.,1.,0.));
#4691 = ORIENTED_EDGE('',*,*,#4692,.T.);
#4692 = EDGE_CURVE('',#4685,#4693,#4695,.T.);
#4693 = VERTEX_POINT('',#4694);
#4694 = CARTESIAN_POINT('',(55.3,26.7,2.5));
#4695 = LINE('',#4696,#4697);
#4696 = CARTESIAN_POINT('',(55.3,26.7,1.6));
#4697 = VECTOR('',#4698,1.);
#4698 = DIRECTION('',(0.,0.,1.));
#4699 = ORIENTED_EDGE('',*,*,#4700,.F.);
#4700 = EDGE_CURVE('',#4677,#4693,#4701,.T.);
#4701 = LINE('',#4702,#4703);
#4702 = CARTESIAN_POINT('',(55.3,23.7,2.5));
#4703 = VECTOR('',#4704,1.);
#4704 = DIRECTION('',(-0.,1.,0.));
#4705 = PLANE('',#4706);
#4706 = AXIS2_PLACEMENT_3D('',#4707,#4708,#4709);
#4707 = CARTESIAN_POINT('',(55.3,23.7,1.6));
#4708 = DIRECTION('',(1.,0.,-0.));
#4709 = DIRECTION('',(0.,0.,1.));
#4710 = ADVANCED_FACE('',(#4711),#4745,.T.);
#4711 = FACE_BOUND('',#4712,.T.);
#4712 = EDGE_LOOP('',(#4713,#4723,#4731,#4739));
#4713 = ORIENTED_EDGE('',*,*,#4714,.F.);
#4714 = EDGE_CURVE('',#4715,#4717,#4719,.T.);
#4715 = VERTEX_POINT('',#4716);
#4716 = CARTESIAN_POINT('',(58.3,23.7,1.6));
#4717 = VERTEX_POINT('',#4718);
#4718 = CARTESIAN_POINT('',(58.3,23.7,2.5));
#4719 = LINE('',#4720,#4721);
#4720 = CARTESIAN_POINT('',(58.3,23.7,1.6));
#4721 = VECTOR('',#4722,1.);
#4722 = DIRECTION('',(0.,0.,1.));
#4723 = ORIENTED_EDGE('',*,*,#4724,.T.);
#4724 = EDGE_CURVE('',#4715,#4725,#4727,.T.);
#4725 = VERTEX_POINT('',#4726);
#4726 = CARTESIAN_POINT('',(58.3,26.7,1.6));
#4727 = LINE('',#4728,#4729);
#4728 = CARTESIAN_POINT('',(58.3,23.7,1.6));
#4729 = VECTOR('',#4730,1.);
#4730 = DIRECTION('',(-0.,1.,0.));
#4731 = ORIENTED_EDGE('',*,*,#4732,.T.);
#4732 = EDGE_CURVE('',#4725,#4733,#4735,.T.);
#4733 = VERTEX_POINT('',#4734);
#4734 = CARTESIAN_POINT('',(58.3,26.7,2.5));
#4735 = LINE('',#4736,#4737);
#4736 = CARTESIAN_POINT('',(58.3,26.7,1.6));
#4737 = VECTOR('',#4738,1.);
#4738 = DIRECTION('',(0.,0.,1.));
#4739 = ORIENTED_EDGE('',*,*,#4740,.F.);
#4740 = EDGE_CURVE('',#4717,#4733,#4741,.T.);
#4741 = LINE('',#4742,#4743);
#4742 = CARTESIAN_POINT('',(58.3,23.7,2.5));
#4743 = VECTOR('',#4744,1.);
#4744 = DIRECTION('',(-0.,1.,0.));
#4745 = PLANE('',#4746);
#4746 = AXIS2_PLACEMENT_3D('',#4747,#4748,#4749);
#4747 = CARTESIAN_POINT('',(58.3,23.7,1.6));
#4748 = DIRECTION('',(1.,0.,-0.));
#4749 = DIRECTION('',(0.,0.,1.));
#4750 = ADVANCED_FACE('',(#4751),#4767,.F.);
#4751 = FACE_BOUND('',#4752,.F.);
#4752 = EDGE_LOOP('',(#4753,#4759,#4760,#4766));
#4753 = ORIENTED_EDGE('',*,*,#4754,.F.);
#4754 = EDGE_CURVE('',#4675,#4715,#4755,.T.);
#4755 = LINE('',#4756,#4757);
#4756 = CARTESIAN_POINT('',(55.3,23.7,1.6));
#4757 = VECTOR('',#4758,1.);
#4758 = DIRECTION('',(1.,0.,-0.));
#4759 = ORIENTED_EDGE('',*,*,#4674,.T.);
#4760 = ORIENTED_EDGE('',*,*,#4761,.T.);
#4761 = EDGE_CURVE('',#4677,#4717,#4762,.T.);
#4762 = LINE('',#4763,#4764);
#4763 = CARTESIAN_POINT('',(55.3,23.7,2.5));
#4764 = VECTOR('',#4765,1.);
#4765 = DIRECTION('',(1.,0.,-0.));
#4766 = ORIENTED_EDGE('',*,*,#4714,.F.);
#4767 = PLANE('',#4768);
#4768 = AXIS2_PLACEMENT_3D('',#4769,#4770,#4771);
#4769 = CARTESIAN_POINT('',(55.3,23.7,1.6));
#4770 = DIRECTION('',(-0.,1.,0.));
#4771 = DIRECTION('',(0.,0.,1.));
#4772 = ADVANCED_FACE('',(#4773),#4789,.T.);
#4773 = FACE_BOUND('',#4774,.T.);
#4774 = EDGE_LOOP('',(#4775,#4781,#4782,#4788));
#4775 = ORIENTED_EDGE('',*,*,#4776,.F.);
#4776 = EDGE_CURVE('',#4685,#4725,#4777,.T.);
#4777 = LINE('',#4778,#4779);
#4778 = CARTESIAN_POINT('',(55.3,26.7,1.6));
#4779 = VECTOR('',#4780,1.);
#4780 = DIRECTION('',(1.,0.,-0.));
#4781 = ORIENTED_EDGE('',*,*,#4692,.T.);
#4782 = ORIENTED_EDGE('',*,*,#4783,.T.);
#4783 = EDGE_CURVE('',#4693,#4733,#4784,.T.);
#4784 = LINE('',#4785,#4786);
#4785 = CARTESIAN_POINT('',(55.3,26.7,2.5));
#4786 = VECTOR('',#4787,1.);
#4787 = DIRECTION('',(1.,0.,-0.));
#4788 = ORIENTED_EDGE('',*,*,#4732,.F.);
#4789 = PLANE('',#4790);
#4790 = AXIS2_PLACEMENT_3D('',#4791,#4792,#4793);
#4791 = CARTESIAN_POINT('',(55.3,26.7,1.6));
#4792 = DIRECTION('',(-0.,1.,0.));
#4793 = DIRECTION('',(0.,0.,1.));
#4794 = ADVANCED_FACE('',(#4795),#4801,.F.);
#4795 = FACE_BOUND('',#4796,.F.);
#4796 = EDGE_LOOP('',(#4797,#4798,#4799,#4800));
#4797 = ORIENTED_EDGE('',*,*,#4684,.F.);
#4798 = ORIENTED_EDGE('',*,*,#4754,.T.);
#4799 = ORIENTED_EDGE('',*,*,#4724,.T.);
#4800 = ORIENTED_EDGE('',*,*,#4776,.F.);
#4801 = PLANE('',#4802);
#4802 = AXIS2_PLACEMENT_3D('',#4803,#4804,#4805);
#4803 = CARTESIAN_POINT('',(55.3,23.7,1.6));
#4804 = DIRECTION('',(0.,0.,1.));
#4805 = DIRECTION('',(1.,0.,-0.));
#4806 = ADVANCED_FACE('',(#4807),#4813,.T.);
#4807 = FACE_BOUND('',#4808,.T.);
#4808 = EDGE_LOOP('',(#4809,#4810,#4811,#4812));
#4809 = ORIENTED_EDGE('',*,*,#4700,.F.);
#4810 = ORIENTED_EDGE('',*,*,#4761,.T.);
#4811 = ORIENTED_EDGE('',*,*,#4740,.T.);
#4812 = ORIENTED_EDGE('',*,*,#4783,.F.);
#4813 = PLANE('',#4814);
#4814 = AXIS2_PLACEMENT_3D('',#4815,#4816,#4817);
#4815 = CARTESIAN_POINT('',(55.3,23.7,2.5));
#4816 = DIRECTION('',(0.,0.,1.));
#4817 = DIRECTION('',(1.,0.,-0.));
#4818 = ( GEOMETRIC_REPRESENTATION_CONTEXT(3) 
GLOBAL_UNCERTAINTY_ASSIGNED_CONTEXT((#4822)) 
GLOBAL_UNIT_ASSIGNED_CONTEXT((#4819,#4820,#4821)) REPRESENTATION_CONTEXT
('Context #1','3D Context with UNIT and UNCERTAINTY') );
#4819 = ( LENGTH_UNIT() NAMED_UNIT(*) SI_UNIT(.MILLI.,.METRE.) );
#4820 = ( NAMED_UNIT(*) PLANE_ANGLE_UNIT() SI_UNIT($,.RADIAN.) );
#4821 = ( NAMED_UNIT(*) SI_UNIT($,.STERADIAN.) SOLID_ANGLE_UNIT() );
#4822 = UNCERTAINTY_MEASURE_WITH_UNIT(LENGTH_MEASURE(1.E-07),#4819,
  'distance_accuracy_value','confusion accuracy');
#4823 = CONTEXT_DEPENDENT_SHAPE_REPRESENTATION(#4824,#4826);
#4824 = ( REPRESENTATION_RELATIONSHIP('','',#3617,#10) 
REPRESENTATION_RELATIONSHIP_WITH_TRANSFORMATION(#4825) 
SHAPE_REPRESENTATION_RELATIONSHIP() );
#4825 = ITEM_DEFINED_TRANSFORMATION('','',#11,#67);
#4826 = PRODUCT_DEFINITION_SHAPE('Placement','Placement of an item',
  #4827);
#4827 = NEXT_ASSEMBLY_USAGE_OCCURRENCE('14','ICs','',#5,#3612,$);
#4828 = PRODUCT_RELATED_PRODUCT_CATEGORY('part',$,(#3614));
#4829 = SHAPE_DEFINITION_REPRESENTATION(#4830,#4836);
#4830 = PRODUCT_DEFINITION_SHAPE('','',#4831);
#4831 = PRODUCT_DEFINITION('design','',#4832,#4835);
#4832 = PRODUCT_DEFINITION_FORMATION('','',#4833);
#4833 = PRODUCT('Resistors','Resistors','',(#4834));
#4834 = PRODUCT_CONTEXT('',#2,'mechanical');
#4835 = PRODUCT_DEFINITION_CONTEXT('part definition',#2,'design');
#4836 = SHAPE_REPRESENTATION('',(#11,#4837,#4987,#5137,#5287),#5437);
#4837 = MANIFOLD_SOLID_BREP('',#4838);
#4838 = CLOSED_SHELL('',(#4839,#4879,#4919,#4941,#4963,#4975));
#4839 = ADVANCED_FACE('',(#4840),#4874,.F.);
#4840 = FACE_BOUND('',#4841,.F.);
#4841 = EDGE_LOOP('',(#4842,#4852,#4860,#4868));
#4842 = ORIENTED_EDGE('',*,*,#4843,.F.);
#4843 = EDGE_CURVE('',#4844,#4846,#4848,.T.);
#4844 = VERTEX_POINT('',#4845);
#4845 = CARTESIAN_POINT('',(34.7,33.4,1.6));
#4846 = VERTEX_POINT('',#4847);
#4847 = CARTESIAN_POINT('',(34.7,33.4,2.3));
#4848 = LINE('',#4849,#4850);
#4849 = CARTESIAN_POINT('',(34.7,33.4,1.6));
#4850 = VECTOR('',#4851,1.);
#4851 = DIRECTION('',(0.,0.,1.));
#4852 = ORIENTED_EDGE('',*,*,#4853,.T.);
#4853 = EDGE_CURVE('',#4844,#4854,#4856,.T.);
#4854 = VERTEX_POINT('',#4855);
#4855 = CARTESIAN_POINT('',(34.7,36.6,1.6));
#4856 = LINE('',#4857,#4858);
#4857 = CARTESIAN_POINT('',(34.7,33.4,1.6));
#4858 = VECTOR('',#4859,1.);
#4859 = DIRECTION('',(-0.,1.,0.));
#4860 = ORIENTED_EDGE('',*,*,#4861,.T.);
#4861 = EDGE_CURVE('',#4854,#4862,#4864,.T.);
#4862 = VERTEX_POINT('',#4863);
#4863 = CARTESIAN_POINT('',(34.7,36.6,2.3));
#4864 = LINE('',#4865,#4866);
#4865 = CARTESIAN_POINT('',(34.7,36.6,1.6));
#4866 = VECTOR('',#4867,1.);
#4867 = DIRECTION('',(0.,0.,1.));
#4868 = ORIENTED_EDGE('',*,*,#4869,.F.);
#4869 = EDGE_CURVE('',#4846,#4862,#4870,.T.);
#4870 = LINE('',#4871,#4872);
#4871 = CARTESIAN_POINT('',(34.7,33.4,2.3));
#4872 = VECTOR('',#4873,1.);
#4873 = DIRECTION('',(-0.,1.,0.));
#4874 = PLANE('',#4875);
#4875 = AXIS2_PLACEMENT_3D('',#4876,#4877,#4878);
#4876 = CARTESIAN_POINT('',(34.7,33.4,1.6));
#4877 = DIRECTION('',(1.,0.,-0.));
#4878 = DIRECTION('',(0.,0.,1.));
#4879 = ADVANCED_FACE('',(#4880),#4914,.T.);
#4880 = FACE_BOUND('',#4881,.T.);
#4881 = EDGE_LOOP('',(#4882,#4892,#4900,#4908));
#4882 = ORIENTED_EDGE('',*,*,#4883,.F.);
#4883 = EDGE_CURVE('',#4884,#4886,#4888,.T.);
#4884 = VERTEX_POINT('',#4885);
#4885 = CARTESIAN_POINT('',(41.1,33.4,1.6));
#4886 = VERTEX_POINT('',#4887);
#4887 = CARTESIAN_POINT('',(41.1,33.4,2.3));
#4888 = LINE('',#4889,#4890);
#4889 = CARTESIAN_POINT('',(41.1,33.4,1.6));
#4890 = VECTOR('',#4891,1.);
#4891 = DIRECTION('',(0.,0.,1.));
#4892 = ORIENTED_EDGE('',*,*,#4893,.T.);
#4893 = EDGE_CURVE('',#4884,#4894,#4896,.T.);
#4894 = VERTEX_POINT('',#4895);
#4895 = CARTESIAN_POINT('',(41.1,36.6,1.6));
#4896 = LINE('',#4897,#4898);
#4897 = CARTESIAN_POINT('',(41.1,33.4,1.6));
#4898 = VECTOR('',#4899,1.);
#4899 = DIRECTION('',(-0.,1.,0.));
#4900 = ORIENTED_EDGE('',*,*,#4901,.T.);
#4901 = EDGE_CURVE('',#4894,#4902,#4904,.T.);
#4902 = VERTEX_POINT('',#4903);
#4903 = CARTESIAN_POINT('',(41.1,36.6,2.3));
#4904 = LINE('',#4905,#4906);
#4905 = CARTESIAN_POINT('',(41.1,36.6,1.6));
#4906 = VECTOR('',#4907,1.);
#4907 = DIRECTION('',(0.,0.,1.));
#4908 = ORIENTED_EDGE('',*,*,#4909,.F.);
#4909 = EDGE_CURVE('',#4886,#4902,#4910,.T.);
#4910 = LINE('',#4911,#4912);
#4911 = CARTESIAN_POINT('',(41.1,33.4,2.3));
#4912 = VECTOR('',#4913,1.);
#4913 = DIRECTION('',(-0.,1.,0.));
#4914 = PLANE('',#4915);
#4915 = AXIS2_PLACEMENT_3D('',#4916,#4917,#4918);
#4916 = CARTESIAN_POINT('',(41.1,33.4,1.6));
#4917 = DIRECTION('',(1.,0.,-0.));
#4918 = DIRECTION('',(0.,0.,1.));
#4919 = ADVANCED_FACE('',(#4920),#4936,.F.);
#4920 = FACE_BOUND('',#4921,.F.);
#4921 = EDGE_LOOP('',(#4922,#4928,#4929,#4935));
#4922 = ORIENTED_EDGE('',*,*,#4923,.F.);
#4923 = EDGE_CURVE('',#4844,#4884,#4924,.T.);
#4924 = LINE('',#4925,#4926);
#4925 = CARTESIAN_POINT('',(34.7,33.4,1.6));
#4926 = VECTOR('',#4927,1.);
#4927 = DIRECTION('',(1.,0.,-0.));
#4928 = ORIENTED_EDGE('',*,*,#4843,.T.);
#4929 = ORIENTED_EDGE('',*,*,#4930,.T.);
#4930 = EDGE_CURVE('',#4846,#4886,#4931,.T.);
#4931 = LINE('',#4932,#4933);
#4932 = CARTESIAN_POINT('',(34.7,33.4,2.3));
#4933 = VECTOR('',#4934,1.);
#4934 = DIRECTION('',(1.,0.,-0.));
#4935 = ORIENTED_EDGE('',*,*,#4883,.F.);
#4936 = PLANE('',#4937);
#4937 = AXIS2_PLACEMENT_3D('',#4938,#4939,#4940);
#4938 = CARTESIAN_POINT('',(34.7,33.4,1.6));
#4939 = DIRECTION('',(-0.,1.,0.));
#4940 = DIRECTION('',(0.,0.,1.));
#4941 = ADVANCED_FACE('',(#4942),#4958,.T.);
#4942 = FACE_BOUND('',#4943,.T.);
#4943 = EDGE_LOOP('',(#4944,#4950,#4951,#4957));
#4944 = ORIENTED_EDGE('',*,*,#4945,.F.);
#4945 = EDGE_CURVE('',#4854,#4894,#4946,.T.);
#4946 = LINE('',#4947,#4948);
#4947 = CARTESIAN_POINT('',(34.7,36.6,1.6));
#4948 = VECTOR('',#4949,1.);
#4949 = DIRECTION('',(1.,0.,-0.));
#4950 = ORIENTED_EDGE('',*,*,#4861,.T.);
#4951 = ORIENTED_EDGE('',*,*,#4952,.T.);
#4952 = EDGE_CURVE('',#4862,#4902,#4953,.T.);
#4953 = LINE('',#4954,#4955);
#4954 = CARTESIAN_POINT('',(34.7,36.6,2.3));
#4955 = VECTOR('',#4956,1.);
#4956 = DIRECTION('',(1.,0.,-0.));
#4957 = ORIENTED_EDGE('',*,*,#4901,.F.);
#4958 = PLANE('',#4959);
#4959 = AXIS2_PLACEMENT_3D('',#4960,#4961,#4962);
#4960 = CARTESIAN_POINT('',(34.7,36.6,1.6));
#4961 = DIRECTION('',(-0.,1.,0.));
#4962 = DIRECTION('',(0.,0.,1.));
#4963 = ADVANCED_FACE('',(#4964),#4970,.F.);
#4964 = FACE_BOUND('',#4965,.F.);
#4965 = EDGE_LOOP('',(#4966,#4967,#4968,#4969));
#4966 = ORIENTED_EDGE('',*,*,#4853,.F.);
#4967 = ORIENTED_EDGE('',*,*,#4923,.T.);
#4968 = ORIENTED_EDGE('',*,*,#4893,.T.);
#4969 = ORIENTED_EDGE('',*,*,#4945,.F.);
#4970 = PLANE('',#4971);
#4971 = AXIS2_PLACEMENT_3D('',#4972,#4973,#4974);
#4972 = CARTESIAN_POINT('',(34.7,33.4,1.6));
#4973 = DIRECTION('',(0.,0.,1.));
#4974 = DIRECTION('',(1.,0.,-0.));
#4975 = ADVANCED_FACE('',(#4976),#4982,.T.);
#4976 = FACE_BOUND('',#4977,.T.);
#4977 = EDGE_LOOP('',(#4978,#4979,#4980,#4981));
#4978 = ORIENTED_EDGE('',*,*,#4869,.F.);
#4979 = ORIENTED_EDGE('',*,*,#4930,.T.);
#4980 = ORIENTED_EDGE('',*,*,#4909,.T.);
#4981 = ORIENTED_EDGE('',*,*,#4952,.F.);
#4982 = PLANE('',#4983);
#4983 = AXIS2_PLACEMENT_3D('',#4984,#4985,#4986);
#4984 = CARTESIAN_POINT('',(34.7,33.4,2.3));
#4985 = DIRECTION('',(0.,0.,1.));
#4986 = DIRECTION('',(1.,0.,-0.));
#4987 = MANIFOLD_SOLID_BREP('',#4988);
#4988 = CLOSED_SHELL('',(#4989,#5029,#5069,#5091,#5113,#5125));
#4989 = ADVANCED_FACE('',(#4990),#5024,.F.);
#4990 = FACE_BOUND('',#4991,.F.);
#4991 = EDGE_LOOP('',(#4992,#5002,#5010,#5018));
#4992 = ORIENTED_EDGE('',*,*,#4993,.F.);
#4993 = EDGE_CURVE('',#4994,#4996,#4998,.T.);
#4994 = VERTEX_POINT('',#4995);
#4995 = CARTESIAN_POINT('',(35.5,39.35,1.6));
#4996 = VERTEX_POINT('',#4997);
#4997 = CARTESIAN_POINT('',(35.5,39.35,2.3));
#4998 = LINE('',#4999,#5000);
#4999 = CARTESIAN_POINT('',(35.5,39.35,1.6));
#5000 = VECTOR('',#5001,1.);
#5001 = DIRECTION('',(0.,0.,1.));
#5002 = ORIENTED_EDGE('',*,*,#5003,.T.);
#5003 = EDGE_CURVE('',#4994,#5004,#5006,.T.);
#5004 = VERTEX_POINT('',#5005);
#5005 = CARTESIAN_POINT('',(35.5,41.85,1.6));
#5006 = LINE('',#5007,#5008);
#5007 = CARTESIAN_POINT('',(35.5,39.35,1.6));
#5008 = VECTOR('',#5009,1.);
#5009 = DIRECTION('',(-0.,1.,0.));
#5010 = ORIENTED_EDGE('',*,*,#5011,.T.);
#5011 = EDGE_CURVE('',#5004,#5012,#5014,.T.);
#5012 = VERTEX_POINT('',#5013);
#5013 = CARTESIAN_POINT('',(35.5,41.85,2.3));
#5014 = LINE('',#5015,#5016);
#5015 = CARTESIAN_POINT('',(35.5,41.85,1.6));
#5016 = VECTOR('',#5017,1.);
#5017 = DIRECTION('',(0.,0.,1.));
#5018 = ORIENTED_EDGE('',*,*,#5019,.F.);
#5019 = EDGE_CURVE('',#4996,#5012,#5020,.T.);
#5020 = LINE('',#5021,#5022);
#5021 = CARTESIAN_POINT('',(35.5,39.35,2.3));
#5022 = VECTOR('',#5023,1.);
#5023 = DIRECTION('',(-0.,1.,0.));
#5024 = PLANE('',#5025);
#5025 = AXIS2_PLACEMENT_3D('',#5026,#5027,#5028);
#5026 = CARTESIAN_POINT('',(35.5,39.35,1.6));
#5027 = DIRECTION('',(1.,0.,-0.));
#5028 = DIRECTION('',(0.,0.,1.));
#5029 = ADVANCED_FACE('',(#5030),#5064,.T.);
#5030 = FACE_BOUND('',#5031,.T.);
#5031 = EDGE_LOOP('',(#5032,#5042,#5050,#5058));
#5032 = ORIENTED_EDGE('',*,*,#5033,.F.);
#5033 = EDGE_CURVE('',#5034,#5036,#5038,.T.);
#5034 = VERTEX_POINT('',#5035);
#5035 = CARTESIAN_POINT('',(40.5,39.35,1.6));
#5036 = VERTEX_POINT('',#5037);
#5037 = CARTESIAN_POINT('',(40.5,39.35,2.3));
#5038 = LINE('',#5039,#5040);
#5039 = CARTESIAN_POINT('',(40.5,39.35,1.6));
#5040 = VECTOR('',#5041,1.);
#5041 = DIRECTION('',(0.,0.,1.));
#5042 = ORIENTED_EDGE('',*,*,#5043,.T.);
#5043 = EDGE_CURVE('',#5034,#5044,#5046,.T.);
#5044 = VERTEX_POINT('',#5045);
#5045 = CARTESIAN_POINT('',(40.5,41.85,1.6));
#5046 = LINE('',#5047,#5048);
#5047 = CARTESIAN_POINT('',(40.5,39.35,1.6));
#5048 = VECTOR('',#5049,1.);
#5049 = DIRECTION('',(-0.,1.,0.));
#5050 = ORIENTED_EDGE('',*,*,#5051,.T.);
#5051 = EDGE_CURVE('',#5044,#5052,#5054,.T.);
#5052 = VERTEX_POINT('',#5053);
#5053 = CARTESIAN_POINT('',(40.5,41.85,2.3));
#5054 = LINE('',#5055,#5056);
#5055 = CARTESIAN_POINT('',(40.5,41.85,1.6));
#5056 = VECTOR('',#5057,1.);
#5057 = DIRECTION('',(0.,0.,1.));
#5058 = ORIENTED_EDGE('',*,*,#5059,.F.);
#5059 = EDGE_CURVE('',#5036,#5052,#5060,.T.);
#5060 = LINE('',#5061,#5062);
#5061 = CARTESIAN_POINT('',(40.5,39.35,2.3));
#5062 = VECTOR('',#5063,1.);
#5063 = DIRECTION('',(-0.,1.,0.));
#5064 = PLANE('',#5065);
#5065 = AXIS2_PLACEMENT_3D('',#5066,#5067,#5068);
#5066 = CARTESIAN_POINT('',(40.5,39.35,1.6));
#5067 = DIRECTION('',(1.,0.,-0.));
#5068 = DIRECTION('',(0.,0.,1.));
#5069 = ADVANCED_FACE('',(#5070),#5086,.F.);
#5070 = FACE_BOUND('',#5071,.F.);
#5071 = EDGE_LOOP('',(#5072,#5078,#5079,#5085));
#5072 = ORIENTED_EDGE('',*,*,#5073,.F.);
#5073 = EDGE_CURVE('',#4994,#5034,#5074,.T.);
#5074 = LINE('',#5075,#5076);
#5075 = CARTESIAN_POINT('',(35.5,39.35,1.6));
#5076 = VECTOR('',#5077,1.);
#5077 = DIRECTION('',(1.,0.,-0.));
#5078 = ORIENTED_EDGE('',*,*,#4993,.T.);
#5079 = ORIENTED_EDGE('',*,*,#5080,.T.);
#5080 = EDGE_CURVE('',#4996,#5036,#5081,.T.);
#5081 = LINE('',#5082,#5083);
#5082 = CARTESIAN_POINT('',(35.5,39.35,2.3));
#5083 = VECTOR('',#5084,1.);
#5084 = DIRECTION('',(1.,0.,-0.));
#5085 = ORIENTED_EDGE('',*,*,#5033,.F.);
#5086 = PLANE('',#5087);
#5087 = AXIS2_PLACEMENT_3D('',#5088,#5089,#5090);
#5088 = CARTESIAN_POINT('',(35.5,39.35,1.6));
#5089 = DIRECTION('',(-0.,1.,0.));
#5090 = DIRECTION('',(0.,0.,1.));
#5091 = ADVANCED_FACE('',(#5092),#5108,.T.);
#5092 = FACE_BOUND('',#5093,.T.);
#5093 = EDGE_LOOP('',(#5094,#5100,#5101,#5107));
#5094 = ORIENTED_EDGE('',*,*,#5095,.F.);
#5095 = EDGE_CURVE('',#5004,#5044,#5096,.T.);
#5096 = LINE('',#5097,#5098);
#5097 = CARTESIAN_POINT('',(35.5,41.85,1.6));
#5098 = VECTOR('',#5099,1.);
#5099 = DIRECTION('',(1.,0.,-0.));
#5100 = ORIENTED_EDGE('',*,*,#5011,.T.);
#5101 = ORIENTED_EDGE('',*,*,#5102,.T.);
#5102 = EDGE_CURVE('',#5012,#5052,#5103,.T.);
#5103 = LINE('',#5104,#5105);
#5104 = CARTESIAN_POINT('',(35.5,41.85,2.3));
#5105 = VECTOR('',#5106,1.);
#5106 = DIRECTION('',(1.,0.,-0.));
#5107 = ORIENTED_EDGE('',*,*,#5051,.F.);
#5108 = PLANE('',#5109);
#5109 = AXIS2_PLACEMENT_3D('',#5110,#5111,#5112);
#5110 = CARTESIAN_POINT('',(35.5,41.85,1.6));
#5111 = DIRECTION('',(-0.,1.,0.));
#5112 = DIRECTION('',(0.,0.,1.));
#5113 = ADVANCED_FACE('',(#5114),#5120,.F.);
#5114 = FACE_BOUND('',#5115,.F.);
#5115 = EDGE_LOOP('',(#5116,#5117,#5118,#5119));
#5116 = ORIENTED_EDGE('',*,*,#5003,.F.);
#5117 = ORIENTED_EDGE('',*,*,#5073,.T.);
#5118 = ORIENTED_EDGE('',*,*,#5043,.T.);
#5119 = ORIENTED_EDGE('',*,*,#5095,.F.);
#5120 = PLANE('',#5121);
#5121 = AXIS2_PLACEMENT_3D('',#5122,#5123,#5124);
#5122 = CARTESIAN_POINT('',(35.5,39.35,1.6));
#5123 = DIRECTION('',(0.,0.,1.));
#5124 = DIRECTION('',(1.,0.,-0.));
#5125 = ADVANCED_FACE('',(#5126),#5132,.T.);
#5126 = FACE_BOUND('',#5127,.T.);
#5127 = EDGE_LOOP('',(#5128,#5129,#5130,#5131));
#5128 = ORIENTED_EDGE('',*,*,#5019,.F.);
#5129 = ORIENTED_EDGE('',*,*,#5080,.T.);
#5130 = ORIENTED_EDGE('',*,*,#5059,.T.);
#5131 = ORIENTED_EDGE('',*,*,#5102,.F.);
#5132 = PLANE('',#5133);
#5133 = AXIS2_PLACEMENT_3D('',#5134,#5135,#5136);
#5134 = CARTESIAN_POINT('',(35.5,39.35,2.3));
#5135 = DIRECTION('',(0.,0.,1.));
#5136 = DIRECTION('',(1.,0.,-0.));
#5137 = MANIFOLD_SOLID_BREP('',#5138);
#5138 = CLOSED_SHELL('',(#5139,#5179,#5219,#5241,#5263,#5275));
#5139 = ADVANCED_FACE('',(#5140),#5174,.F.);
#5140 = FACE_BOUND('',#5141,.F.);
#5141 = EDGE_LOOP('',(#5142,#5152,#5160,#5168));
#5142 = ORIENTED_EDGE('',*,*,#5143,.F.);
#5143 = EDGE_CURVE('',#5144,#5146,#5148,.T.);
#5144 = VERTEX_POINT('',#5145);
#5145 = CARTESIAN_POINT('',(70.,16.3,1.6));
#5146 = VERTEX_POINT('',#5147);
#5147 = CARTESIAN_POINT('',(70.,16.3,2.3));
#5148 = LINE('',#5149,#5150);
#5149 = CARTESIAN_POINT('',(70.,16.3,1.6));
#5150 = VECTOR('',#5151,1.);
#5151 = DIRECTION('',(0.,0.,1.));
#5152 = ORIENTED_EDGE('',*,*,#5153,.T.);
#5153 = EDGE_CURVE('',#5144,#5154,#5156,.T.);
#5154 = VERTEX_POINT('',#5155);
#5155 = CARTESIAN_POINT('',(70.,22.7,1.6));
#5156 = LINE('',#5157,#5158);
#5157 = CARTESIAN_POINT('',(70.,16.3,1.6));
#5158 = VECTOR('',#5159,1.);
#5159 = DIRECTION('',(-0.,1.,0.));
#5160 = ORIENTED_EDGE('',*,*,#5161,.T.);
#5161 = EDGE_CURVE('',#5154,#5162,#5164,.T.);
#5162 = VERTEX_POINT('',#5163);
#5163 = CARTESIAN_POINT('',(70.,22.7,2.3));
#5164 = LINE('',#5165,#5166);
#5165 = CARTESIAN_POINT('',(70.,22.7,1.6));
#5166 = VECTOR('',#5167,1.);
#5167 = DIRECTION('',(0.,0.,1.));
#5168 = ORIENTED_EDGE('',*,*,#5169,.F.);
#5169 = EDGE_CURVE('',#5146,#5162,#5170,.T.);
#5170 = LINE('',#5171,#5172);
#5171 = CARTESIAN_POINT('',(70.,16.3,2.3));
#5172 = VECTOR('',#5173,1.);
#5173 = DIRECTION('',(-0.,1.,0.));
#5174 = PLANE('',#5175);
#5175 = AXIS2_PLACEMENT_3D('',#5176,#5177,#5178);
#5176 = CARTESIAN_POINT('',(70.,16.3,1.6));
#5177 = DIRECTION('',(1.,0.,-0.));
#5178 = DIRECTION('',(0.,0.,1.));
#5179 = ADVANCED_FACE('',(#5180),#5214,.T.);
#5180 = FACE_BOUND('',#5181,.T.);
#5181 = EDGE_LOOP('',(#5182,#5192,#5200,#5208));
#5182 = ORIENTED_EDGE('',*,*,#5183,.F.);
#5183 = EDGE_CURVE('',#5184,#5186,#5188,.T.);
#5184 = VERTEX_POINT('',#5185);
#5185 = CARTESIAN_POINT('',(73.2,16.3,1.6));
#5186 = VERTEX_POINT('',#5187);
#5187 = CARTESIAN_POINT('',(73.2,16.3,2.3));
#5188 = LINE('',#5189,#5190);
#5189 = CARTESIAN_POINT('',(73.2,16.3,1.6));
#5190 = VECTOR('',#5191,1.);
#5191 = DIRECTION('',(0.,0.,1.));
#5192 = ORIENTED_EDGE('',*,*,#5193,.T.);
#5193 = EDGE_CURVE('',#5184,#5194,#5196,.T.);
#5194 = VERTEX_POINT('',#5195);
#5195 = CARTESIAN_POINT('',(73.2,22.7,1.6));
#5196 = LINE('',#5197,#5198);
#5197 = CARTESIAN_POINT('',(73.2,16.3,1.6));
#5198 = VECTOR('',#5199,1.);
#5199 = DIRECTION('',(-0.,1.,0.));
#5200 = ORIENTED_EDGE('',*,*,#5201,.T.);
#5201 = EDGE_CURVE('',#5194,#5202,#5204,.T.);
#5202 = VERTEX_POINT('',#5203);
#5203 = CARTESIAN_POINT('',(73.2,22.7,2.3));
#5204 = LINE('',#5205,#5206);
#5205 = CARTESIAN_POINT('',(73.2,22.7,1.6));
#5206 = VECTOR('',#5207,1.);
#5207 = DIRECTION('',(0.,0.,1.));
#5208 = ORIENTED_EDGE('',*,*,#5209,.F.);
#5209 = EDGE_CURVE('',#5186,#5202,#5210,.T.);
#5210 = LINE('',#5211,#5212);
#5211 = CARTESIAN_POINT('',(73.2,16.3,2.3));
#5212 = VECTOR('',#5213,1.);
#5213 = DIRECTION('',(-0.,1.,0.));
#5214 = PLANE('',#5215);
#5215 = AXIS2_PLACEMENT_3D('',#5216,#5217,#5218);
#5216 = CARTESIAN_POINT('',(73.2,16.3,1.6));
#5217 = DIRECTION('',(1.,0.,-0.));
#5218 = DIRECTION('',(0.,0.,1.));
#5219 = ADVANCED_FACE('',(#5220),#5236,.F.);
#5220 = FACE_BOUND('',#5221,.F.);
#5221 = EDGE_LOOP('',(#5222,#5228,#5229,#5235));
#5222 = ORIENTED_EDGE('',*,*,#5223,.F.);
#5223 = EDGE_CURVE('',#5144,#5184,#5224,.T.);
#5224 = LINE('',#5225,#5226);
#5225 = CARTESIAN_POINT('',(70.,16.3,1.6));
#5226 = VECTOR('',#5227,1.);
#5227 = DIRECTION('',(1.,0.,-0.));
#5228 = ORIENTED_EDGE('',*,*,#5143,.T.);
#5229 = ORIENTED_EDGE('',*,*,#5230,.T.);
#5230 = EDGE_CURVE('',#5146,#5186,#5231,.T.);
#5231 = LINE('',#5232,#5233);
#5232 = CARTESIAN_POINT('',(70.,16.3,2.3));
#5233 = VECTOR('',#5234,1.);
#5234 = DIRECTION('',(1.,0.,-0.));
#5235 = ORIENTED_EDGE('',*,*,#5183,.F.);
#5236 = PLANE('',#5237);
#5237 = AXIS2_PLACEMENT_3D('',#5238,#5239,#5240);
#5238 = CARTESIAN_POINT('',(70.,16.3,1.6));
#5239 = DIRECTION('',(-0.,1.,0.));
#5240 = DIRECTION('',(0.,0.,1.));
#5241 = ADVANCED_FACE('',(#5242),#5258,.T.);
#5242 = FACE_BOUND('',#5243,.T.);
#5243 = EDGE_LOOP('',(#5244,#5250,#5251,#5257));
#5244 = ORIENTED_EDGE('',*,*,#5245,.F.);
#5245 = EDGE_CURVE('',#5154,#5194,#5246,.T.);
#5246 = LINE('',#5247,#5248);
#5247 = CARTESIAN_POINT('',(70.,22.7,1.6));
#5248 = VECTOR('',#5249,1.);
#5249 = DIRECTION('',(1.,0.,-0.));
#5250 = ORIENTED_EDGE('',*,*,#5161,.T.);
#5251 = ORIENTED_EDGE('',*,*,#5252,.T.);
#5252 = EDGE_CURVE('',#5162,#5202,#5253,.T.);
#5253 = LINE('',#5254,#5255);
#5254 = CARTESIAN_POINT('',(70.,22.7,2.3));
#5255 = VECTOR('',#5256,1.);
#5256 = DIRECTION('',(1.,0.,-0.));
#5257 = ORIENTED_EDGE('',*,*,#5201,.F.);
#5258 = PLANE('',#5259);
#5259 = AXIS2_PLACEMENT_3D('',#5260,#5261,#5262);
#5260 = CARTESIAN_POINT('',(70.,22.7,1.6));
#5261 = DIRECTION('',(-0.,1.,0.));
#5262 = DIRECTION('',(0.,0.,1.));
#5263 = ADVANCED_FACE('',(#5264),#5270,.F.);
#5264 = FACE_BOUND('',#5265,.F.);
#5265 = EDGE_LOOP('',(#5266,#5267,#5268,#5269));
#5266 = ORIENTED_EDGE('',*,*,#5153,.F.);
#5267 = ORIENTED_EDGE('',*,*,#5223,.T.);
#5268 = ORIENTED_EDGE('',*,*,#5193,.T.);
#5269 = ORIENTED_EDGE('',*,*,#5245,.F.);
#5270 = PLANE('',#5271);
#5271 = AXIS2_PLACEMENT_3D('',#5272,#5273,#5274);
#5272 = CARTESIAN_POINT('',(70.,16.3,1.6));
#5273 = DIRECTION('',(0.,0.,1.));
#5274 = DIRECTION('',(1.,0.,-0.));
#5275 = ADVANCED_FACE('',(#5276),#5282,.T.);
#5276 = FACE_BOUND('',#5277,.T.);
#5277 = EDGE_LOOP('',(#5278,#5279,#5280,#5281));
#5278 = ORIENTED_EDGE('',*,*,#5169,.F.);
#5279 = ORIENTED_EDGE('',*,*,#5230,.T.);
#5280 = ORIENTED_EDGE('',*,*,#5209,.T.);
#5281 = ORIENTED_EDGE('',*,*,#5252,.F.);
#5282 = PLANE('',#5283);
#5283 = AXIS2_PLACEMENT_3D('',#5284,#5285,#5286);
#5284 = CARTESIAN_POINT('',(70.,16.3,2.3));
#5285 = DIRECTION('',(0.,0.,1.));
#5286 = DIRECTION('',(1.,0.,-0.));
#5287 = MANIFOLD_SOLID_BREP('',#5288);
#5288 = CLOSED_SHELL('',(#5289,#5329,#5369,#5391,#5413,#5425));
#5289 = ADVANCED_FACE('',(#5290),#5324,.F.);
#5290 = FACE_BOUND('',#5291,.F.);
#5291 = EDGE_LOOP('',(#5292,#5302,#5310,#5318));
#5292 = ORIENTED_EDGE('',*,*,#5293,.F.);
#5293 = EDGE_CURVE('',#5294,#5296,#5298,.T.);
#5294 = VERTEX_POINT('',#5295);
#5295 = CARTESIAN_POINT('',(70.,8.7,1.6));
#5296 = VERTEX_POINT('',#5297);
#5297 = CARTESIAN_POINT('',(70.,8.7,2.3));
#5298 = LINE('',#5299,#5300);
#5299 = CARTESIAN_POINT('',(70.,8.7,1.6));
#5300 = VECTOR('',#5301,1.);
#5301 = DIRECTION('',(0.,0.,1.));
#5302 = ORIENTED_EDGE('',*,*,#5303,.T.);
#5303 = EDGE_CURVE('',#5294,#5304,#5306,.T.);
#5304 = VERTEX_POINT('',#5305);
#5305 = CARTESIAN_POINT('',(70.,15.1,1.6));
#5306 = LINE('',#5307,#5308);
#5307 = CARTESIAN_POINT('',(70.,8.7,1.6));
#5308 = VECTOR('',#5309,1.);
#5309 = DIRECTION('',(-0.,1.,0.));
#5310 = ORIENTED_EDGE('',*,*,#5311,.T.);
#5311 = EDGE_CURVE('',#5304,#5312,#5314,.T.);
#5312 = VERTEX_POINT('',#5313);
#5313 = CARTESIAN_POINT('',(70.,15.1,2.3));
#5314 = LINE('',#5315,#5316);
#5315 = CARTESIAN_POINT('',(70.,15.1,1.6));
#5316 = VECTOR('',#5317,1.);
#5317 = DIRECTION('',(0.,0.,1.));
#5318 = ORIENTED_EDGE('',*,*,#5319,.F.);
#5319 = EDGE_CURVE('',#5296,#5312,#5320,.T.);
#5320 = LINE('',#5321,#5322);
#5321 = CARTESIAN_POINT('',(70.,8.7,2.3));
#5322 = VECTOR('',#5323,1.);
#5323 = DIRECTION('',(-0.,1.,0.));
#5324 = PLANE('',#5325);
#5325 = AXIS2_PLACEMENT_3D('',#5326,#5327,#5328);
#5326 = CARTESIAN_POINT('',(70.,8.7,1.6));
#5327 = DIRECTION('',(1.,0.,-0.));
#5328 = DIRECTION('',(0.,0.,1.));
#5329 = ADVANCED_FACE('',(#5330),#5364,.T.);
#5330 = FACE_BOUND('',#5331,.T.);
#5331 = EDGE_LOOP('',(#5332,#5342,#5350,#5358));
#5332 = ORIENTED_EDGE('',*,*,#5333,.F.);
#5333 = EDGE_CURVE('',#5334,#5336,#5338,.T.);
#5334 = VERTEX_POINT('',#5335);
#5335 = CARTESIAN_POINT('',(73.2,8.7,1.6));
#5336 = VERTEX_POINT('',#5337);
#5337 = CARTESIAN_POINT('',(73.2,8.7,2.3));
#5338 = LINE('',#5339,#5340);
#5339 = CARTESIAN_POINT('',(73.2,8.7,1.6));
#5340 = VECTOR('',#5341,1.);
#5341 = DIRECTION('',(0.,0.,1.));
#5342 = ORIENTED_EDGE('',*,*,#5343,.T.);
#5343 = EDGE_CURVE('',#5334,#5344,#5346,.T.);
#5344 = VERTEX_POINT('',#5345);
#5345 = CARTESIAN_POINT('',(73.2,15.1,1.6));
#5346 = LINE('',#5347,#5348);
#5347 = CARTESIAN_POINT('',(73.2,8.7,1.6));
#5348 = VECTOR('',#5349,1.);
#5349 = DIRECTION('',(-0.,1.,0.));
#5350 = ORIENTED_EDGE('',*,*,#5351,.T.);
#5351 = EDGE_CURVE('',#5344,#5352,#5354,.T.);
#5352 = VERTEX_POINT('',#5353);
#5353 = CARTESIAN_POINT('',(73.2,15.1,2.3));
#5354 = LINE('',#5355,#5356);
#5355 = CARTESIAN_POINT('',(73.2,15.1,1.6));
#5356 = VECTOR('',#5357,1.);
#5357 = DIRECTION('',(0.,0.,1.));
#5358 = ORIENTED_EDGE('',*,*,#5359,.F.);
#5359 = EDGE_CURVE('',#5336,#5352,#5360,.T.);
#5360 = LINE('',#5361,#5362);
#5361 = CARTESIAN_POINT('',(73.2,8.7,2.3));
#5362 = VECTOR('',#5363,1.);
#5363 = DIRECTION('',(-0.,1.,0.));
#5364 = PLANE('',#5365);
#5365 = AXIS2_PLACEMENT_3D('',#5366,#5367,#5368);
#5366 = CARTESIAN_POINT('',(73.2,8.7,1.6));
#5367 = DIRECTION('',(1.,0.,-0.));
#5368 = DIRECTION('',(0.,0.,1.));
#5369 = ADVANCED_FACE('',(#5370),#5386,.F.);
#5370 = FACE_BOUND('',#5371,.F.);
#5371 = EDGE_LOOP('',(#5372,#5378,#5379,#5385));
#5372 = ORIENTED_EDGE('',*,*,#5373,.F.);
#5373 = EDGE_CURVE('',#5294,#5334,#5374,.T.);
#5374 = LINE('',#5375,#5376);
#5375 = CARTESIAN_POINT('',(70.,8.7,1.6));
#5376 = VECTOR('',#5377,1.);
#5377 = DIRECTION('',(1.,0.,-0.));
#5378 = ORIENTED_EDGE('',*,*,#5293,.T.);
#5379 = ORIENTED_EDGE('',*,*,#5380,.T.);
#5380 = EDGE_CURVE('',#5296,#5336,#5381,.T.);
#5381 = LINE('',#5382,#5383);
#5382 = CARTESIAN_POINT('',(70.,8.7,2.3));
#5383 = VECTOR('',#5384,1.);
#5384 = DIRECTION('',(1.,0.,-0.));
#5385 = ORIENTED_EDGE('',*,*,#5333,.F.);
#5386 = PLANE('',#5387);
#5387 = AXIS2_PLACEMENT_3D('',#5388,#5389,#5390);
#5388 = CARTESIAN_POINT('',(70.,8.7,1.6));
#5389 = DIRECTION('',(-0.,1.,0.));
#5390 = DIRECTION('',(0.,0.,1.));
#5391 = ADVANCED_FACE('',(#5392),#5408,.T.);
#5392 = FACE_BOUND('',#5393,.T.);
#5393 = EDGE_LOOP('',(#5394,#5400,#5401,#5407));
#5394 = ORIENTED_EDGE('',*,*,#5395,.F.);
#5395 = EDGE_CURVE('',#5304,#5344,#5396,.T.);
#5396 = LINE('',#5397,#5398);
#5397 = CARTESIAN_POINT('',(70.,15.1,1.6));
#5398 = VECTOR('',#5399,1.);
#5399 = DIRECTION('',(1.,0.,-0.));
#5400 = ORIENTED_EDGE('',*,*,#5311,.T.);
#5401 = ORIENTED_EDGE('',*,*,#5402,.T.);
#5402 = EDGE_CURVE('',#5312,#5352,#5403,.T.);
#5403 = LINE('',#5404,#5405);
#5404 = CARTESIAN_POINT('',(70.,15.1,2.3));
#5405 = VECTOR('',#5406,1.);
#5406 = DIRECTION('',(1.,0.,-0.));
#5407 = ORIENTED_EDGE('',*,*,#5351,.F.);
#5408 = PLANE('',#5409);
#5409 = AXIS2_PLACEMENT_3D('',#5410,#5411,#5412);
#5410 = CARTESIAN_POINT('',(70.,15.1,1.6));
#5411 = DIRECTION('',(-0.,1.,0.));
#5412 = DIRECTION('',(0.,0.,1.));
#5413 = ADVANCED_FACE('',(#5414),#5420,.F.);
#5414 = FACE_BOUND('',#5415,.F.);
#5415 = EDGE_LOOP('',(#5416,#5417,#5418,#5419));
#5416 = ORIENTED_EDGE('',*,*,#5303,.F.);
#5417 = ORIENTED_EDGE('',*,*,#5373,.T.);
#5418 = ORIENTED_EDGE('',*,*,#5343,.T.);
#5419 = ORIENTED_EDGE('',*,*,#5395,.F.);
#5420 = PLANE('',#5421);
#5421 = AXIS2_PLACEMENT_3D('',#5422,#5423,#5424);
#5422 = CARTESIAN_POINT('',(70.,8.7,1.6));
#5423 = DIRECTION('',(0.,0.,1.));
#5424 = DIRECTION('',(1.,0.,-0.));
#5425 = ADVANCED_FACE('',(#5426),#5432,.T.);
#5426 = FACE_BOUND('',#5427,.T.);
#5427 = EDGE_LOOP('',(#5428,#5429,#5430,#5431));
#5428 = ORIENTED_EDGE('',*,*,#5319,.F.);
#5429 = ORIENTED_EDGE('',*,*,#5380,.T.);
#5430 = ORIENTED_EDGE('',*,*,#5359,.T.);
#5431 = ORIENTED_EDGE('',*,*,#5402,.F.);
#5432 = PLANE('',#5433);
#5433 = AXIS2_PLACEMENT_3D('',#5434,#5435,#5436);
#5434 = CARTESIAN_POINT('',(70.,8.7,2.3));
#5435 = DIRECTION('',(0.,0.,1.));
#5436 = DIRECTION('',(1.,0.,-0.));
#5437 = ( GEOMETRIC_REPRESENTATION_CONTEXT(3) 
GLOBAL_UNCERTAINTY_ASSIGNED_CONTEXT((#5441)) 
GLOBAL_UNIT_ASSIGNED_CONTEXT((#5438,#5439,#5440)) REPRESENTATION_CONTEXT
('Context #1','3D Context with UNIT and UNCERTAINTY') );
#5438 = ( LENGTH_UNIT() NAMED_UNIT(*) SI_UNIT(.MILLI.,.METRE.) );
#5439 = ( NAMED_UNIT(*) PLANE_ANGLE_UNIT() SI_UNIT($,.RADIAN.) );
#5440 = ( NAMED_UNIT(*) SI_UNIT($,.STERADIAN.) SOLID_ANGLE_UNIT() );
#5441 = UNCERTAINTY_MEASURE_WITH_UNIT(LENGTH_MEASURE(1.E-07),#5438,
  'distance_accuracy_value','confusion accuracy');
#5442 = CONTEXT_DEPENDENT_SHAPE_REPRESENTATION(#5443,#5445);
#5443 = ( REPRESENTATION_RELATIONSHIP('','',#4836,#10) 
REPRESENTATION_RELATIONSHIP_WITH_TRANSFORMATION(#5444) 
SHAPE_REPRESENTATION_RELATIONSHIP() );
#5444 = ITEM_DEFINED_TRANSFORMATION('','',#11,#71);
#5445 = PRODUCT_DEFINITION_SHAPE('Placement','Placement of an item',
  #5446);
#5446 = NEXT_ASSEMBLY_USAGE_OCCURRENCE('15','Resistors','',#5,#4831,$);
#5447 = PRODUCT_RELATED_PRODUCT_CATEGORY('part',$,(#4833));
#5448 = SHAPE_DEFINITION_REPRESENTATION(#5449,#5455);
#5449 = PRODUCT_DEFINITION_SHAPE('','',#5450);
#5450 = PRODUCT_DEFINITION('design','',#5451,#5454);
#5451 = PRODUCT_DEFINITION_FORMATION('','',#5452);
#5452 = PRODUCT('Pogo pin carrier','Pogo pin carrier','',(#5453));
#5453 = PRODUCT_CONTEXT('',#2,'mechanical');
#5454 = PRODUCT_DEFINITION_CONTEXT('part definition',#2,'design');
#5455 = ADVANCED_BREP_SHAPE_REPRESENTATION('',(#11,#5456),#5606);
#5456 = MANIFOLD_SOLID_BREP('',#5457);
#5457 = CLOSED_SHELL('',(#5458,#5498,#5538,#5560,#5582,#5594));
#5458 = ADVANCED_FACE('',(#5459),#5493,.F.);
#5459 = FACE_BOUND('',#5460,.F.);
#5460 = EDGE_LOOP('',(#5461,#5471,#5479,#5487));
#5461 = ORIENTED_EDGE('',*,*,#5462,.F.);
#5462 = EDGE_CURVE('',#5463,#5465,#5467,.T.);
#5463 = VERTEX_POINT('',#5464);
#5464 = CARTESIAN_POINT('',(70.1,0.93,1.6));
#5465 = VERTEX_POINT('',#5466);
#5466 = CARTESIAN_POINT('',(70.1,0.93,4.1));
#5467 = LINE('',#5468,#5469);
#5468 = CARTESIAN_POINT('',(70.1,0.93,1.6));
#5469 = VECTOR('',#5470,1.);
#5470 = DIRECTION('',(0.,0.,1.));
#5471 = ORIENTED_EDGE('',*,*,#5472,.T.);
#5472 = EDGE_CURVE('',#5463,#5473,#5475,.T.);
#5473 = VERTEX_POINT('',#5474);
#5474 = CARTESIAN_POINT('',(70.1,3.53,1.6));
#5475 = LINE('',#5476,#5477);
#5476 = CARTESIAN_POINT('',(70.1,0.93,1.6));
#5477 = VECTOR('',#5478,1.);
#5478 = DIRECTION('',(-0.,1.,0.));
#5479 = ORIENTED_EDGE('',*,*,#5480,.T.);
#5480 = EDGE_CURVE('',#5473,#5481,#5483,.T.);
#5481 = VERTEX_POINT('',#5482);
#5482 = CARTESIAN_POINT('',(70.1,3.53,4.1));
#5483 = LINE('',#5484,#5485);
#5484 = CARTESIAN_POINT('',(70.1,3.53,1.6));
#5485 = VECTOR('',#5486,1.);
#5486 = DIRECTION('',(0.,0.,1.));
#5487 = ORIENTED_EDGE('',*,*,#5488,.F.);
#5488 = EDGE_CURVE('',#5465,#5481,#5489,.T.);
#5489 = LINE('',#5490,#5491);
#5490 = CARTESIAN_POINT('',(70.1,0.93,4.1));
#5491 = VECTOR('',#5492,1.);
#5492 = DIRECTION('',(-0.,1.,0.));
#5493 = PLANE('',#5494);
#5494 = AXIS2_PLACEMENT_3D('',#5495,#5496,#5497);
#5495 = CARTESIAN_POINT('',(70.1,0.93,1.6));
#5496 = DIRECTION('',(1.,0.,-0.));
#5497 = DIRECTION('',(0.,0.,1.));
#5498 = ADVANCED_FACE('',(#5499),#5533,.T.);
#5499 = FACE_BOUND('',#5500,.T.);
#5500 = EDGE_LOOP('',(#5501,#5511,#5519,#5527));
#5501 = ORIENTED_EDGE('',*,*,#5502,.F.);
#5502 = EDGE_CURVE('',#5503,#5505,#5507,.T.);
#5503 = VERTEX_POINT('',#5504);
#5504 = CARTESIAN_POINT('',(75.5,0.93,1.6));
#5505 = VERTEX_POINT('',#5506);
#5506 = CARTESIAN_POINT('',(75.5,0.93,4.1));
#5507 = LINE('',#5508,#5509);
#5508 = CARTESIAN_POINT('',(75.5,0.93,1.6));
#5509 = VECTOR('',#5510,1.);
#5510 = DIRECTION('',(0.,0.,1.));
#5511 = ORIENTED_EDGE('',*,*,#5512,.T.);
#5512 = EDGE_CURVE('',#5503,#5513,#5515,.T.);
#5513 = VERTEX_POINT('',#5514);
#5514 = CARTESIAN_POINT('',(75.5,3.53,1.6));
#5515 = LINE('',#5516,#5517);
#5516 = CARTESIAN_POINT('',(75.5,0.93,1.6));
#5517 = VECTOR('',#5518,1.);
#5518 = DIRECTION('',(-0.,1.,0.));
#5519 = ORIENTED_EDGE('',*,*,#5520,.T.);
#5520 = EDGE_CURVE('',#5513,#5521,#5523,.T.);
#5521 = VERTEX_POINT('',#5522);
#5522 = CARTESIAN_POINT('',(75.5,3.53,4.1));
#5523 = LINE('',#5524,#5525);
#5524 = CARTESIAN_POINT('',(75.5,3.53,1.6));
#5525 = VECTOR('',#5526,1.);
#5526 = DIRECTION('',(0.,0.,1.));
#5527 = ORIENTED_EDGE('',*,*,#5528,.F.);
#5528 = EDGE_CURVE('',#5505,#5521,#5529,.T.);
#5529 = LINE('',#5530,#5531);
#5530 = CARTESIAN_POINT('',(75.5,0.93,4.1));
#5531 = VECTOR('',#5532,1.);
#5532 = DIRECTION('',(-0.,1.,0.));
#5533 = PLANE('',#5534);
#5534 = AXIS2_PLACEMENT_3D('',#5535,#5536,#5537);
#5535 = CARTESIAN_POINT('',(75.5,0.93,1.6));
#5536 = DIRECTION('',(1.,0.,-0.));
#5537 = DIRECTION('',(0.,0.,1.));
#5538 = ADVANCED_FACE('',(#5539),#5555,.F.);
#5539 = FACE_BOUND('',#5540,.F.);
#5540 = EDGE_LOOP('',(#5541,#5547,#5548,#5554));
#5541 = ORIENTED_EDGE('',*,*,#5542,.F.);
#5542 = EDGE_CURVE('',#5463,#5503,#5543,.T.);
#5543 = LINE('',#5544,#5545);
#5544 = CARTESIAN_POINT('',(70.1,0.93,1.6));
#5545 = VECTOR('',#5546,1.);
#5546 = DIRECTION('',(1.,0.,-0.));
#5547 = ORIENTED_EDGE('',*,*,#5462,.T.);
#5548 = ORIENTED_EDGE('',*,*,#5549,.T.);
#5549 = EDGE_CURVE('',#5465,#5505,#5550,.T.);
#5550 = LINE('',#5551,#5552);
#5551 = CARTESIAN_POINT('',(70.1,0.93,4.1));
#5552 = VECTOR('',#5553,1.);
#5553 = DIRECTION('',(1.,0.,-0.));
#5554 = ORIENTED_EDGE('',*,*,#5502,.F.);
#5555 = PLANE('',#5556);
#5556 = AXIS2_PLACEMENT_3D('',#5557,#5558,#5559);
#5557 = CARTESIAN_POINT('',(70.1,0.93,1.6));
#5558 = DIRECTION('',(-0.,1.,0.));
#5559 = DIRECTION('',(0.,0.,1.));
#5560 = ADVANCED_FACE('',(#5561),#5577,.T.);
#5561 = FACE_BOUND('',#5562,.T.);
#5562 = EDGE_LOOP('',(#5563,#5569,#5570,#5576));
#5563 = ORIENTED_EDGE('',*,*,#5564,.F.);
#5564 = EDGE_CURVE('',#5473,#5513,#5565,.T.);
#5565 = LINE('',#5566,#5567);
#5566 = CARTESIAN_POINT('',(70.1,3.53,1.6));
#5567 = VECTOR('',#5568,1.);
#5568 = DIRECTION('',(1.,0.,-0.));
#5569 = ORIENTED_EDGE('',*,*,#5480,.T.);
#5570 = ORIENTED_EDGE('',*,*,#5571,.T.);
#5571 = EDGE_CURVE('',#5481,#5521,#5572,.T.);
#5572 = LINE('',#5573,#5574);
#5573 = CARTESIAN_POINT('',(70.1,3.53,4.1));
#5574 = VECTOR('',#5575,1.);
#5575 = DIRECTION('',(1.,0.,-0.));
#5576 = ORIENTED_EDGE('',*,*,#5520,.F.);
#5577 = PLANE('',#5578);
#5578 = AXIS2_PLACEMENT_3D('',#5579,#5580,#5581);
#5579 = CARTESIAN_POINT('',(70.1,3.53,1.6));
#5580 = DIRECTION('',(-0.,1.,0.));
#5581 = DIRECTION('',(0.,0.,1.));
#5582 = ADVANCED_FACE('',(#5583),#5589,.F.);
#5583 = FACE_BOUND('',#5584,.F.);
#5584 = EDGE_LOOP('',(#5585,#5586,#5587,#5588));
#5585 = ORIENTED_EDGE('',*,*,#5472,.F.);
#5586 = ORIENTED_EDGE('',*,*,#5542,.T.);
#5587 = ORIENTED_EDGE('',*,*,#5512,.T.);
#5588 = ORIENTED_EDGE('',*,*,#5564,.F.);
#5589 = PLANE('',#5590);
#5590 = AXIS2_PLACEMENT_3D('',#5591,#5592,#5593);
#5591 = CARTESIAN_POINT('',(70.1,0.93,1.6));
#5592 = DIRECTION('',(0.,0.,1.));
#5593 = DIRECTION('',(1.,0.,-0.));
#5594 = ADVANCED_FACE('',(#5595),#5601,.T.);
#5595 = FACE_BOUND('',#5596,.T.);
#5596 = EDGE_LOOP('',(#5597,#5598,#5599,#5600));
#5597 = ORIENTED_EDGE('',*,*,#5488,.F.);
#5598 = ORIENTED_EDGE('',*,*,#5549,.T.);
#5599 = ORIENTED_EDGE('',*,*,#5528,.T.);
#5600 = ORIENTED_EDGE('',*,*,#5571,.F.);
#5601 = PLANE('',#5602);
#5602 = AXIS2_PLACEMENT_3D('',#5603,#5604,#5605);
#5603 = CARTESIAN_POINT('',(70.1,0.93,4.1));
#5604 = DIRECTION('',(0.,0.,1.));
#5605 = DIRECTION('',(1.,0.,-0.));
#5606 = ( GEOMETRIC_REPRESENTATION_CONTEXT(3) 
GLOBAL_UNCERTAINTY_ASSIGNED_CONTEXT((#5610)) 
GLOBAL_UNIT_ASSIGNED_CONTEXT((#5607,#5608,#5609)) REPRESENTATION_CONTEXT
('Context #1','3D Context with UNIT and UNCERTAINTY') );
#5607 = ( LENGTH_UNIT() NAMED_UNIT(*) SI_UNIT(.MILLI.,.METRE.) );
#5608 = ( NAMED_UNIT(*) PLANE_ANGLE_UNIT() SI_UNIT($,.RADIAN.) );
#5609 = ( NAMED_UNIT(*) SI_UNIT($,.STERADIAN.) SOLID_ANGLE_UNIT() );
#5610 = UNCERTAINTY_MEASURE_WITH_UNIT(LENGTH_MEASURE(1.E-07),#5607,
  'distance_accuracy_value','confusion accuracy');
#5611 = CONTEXT_DEPENDENT_SHAPE_REPRESENTATION(#5612,#5614);
#5612 = ( REPRESENTATION_RELATIONSHIP('','',#5455,#10) 
REPRESENTATION_RELATIONSHIP_WITH_TRANSFORMATION(#5613) 
SHAPE_REPRESENTATION_RELATIONSHIP() );
#5613 = ITEM_DEFINED_TRANSFORMATION('','',#11,#75);
#5614 = PRODUCT_DEFINITION_SHAPE('Placement','Placement of an item',
  #5615);
#5615 = NEXT_ASSEMBLY_USAGE_OCCURRENCE('16','Pogo pin carrier','',#5,
  #5450,$);
#5616 = PRODUCT_RELATED_PRODUCT_CATEGORY('part',$,(#5452));
#5617 = SHAPE_DEFINITION_REPRESENTATION(#5618,#5624);
#5618 = PRODUCT_DEFINITION_SHAPE('','',#5619);
#5619 = PRODUCT_DEFINITION('design','',#5620,#5623);
#5620 = PRODUCT_DEFINITION_FORMATION('','',#5621);
#5621 = PRODUCT('Pogo pins','Pogo pins','',(#5622));
#5622 = PRODUCT_CONTEXT('',#2,'mechanical');
#5623 = PRODUCT_DEFINITION_CONTEXT('part definition',#2,'design');
#5624 = SHAPE_REPRESENTATION('',(#11,#5625,#5678,#5731,#5784,#5837,#5890
    ),#5943);
#5625 = MANIFOLD_SOLID_BREP('',#5626);
#5626 = CLOSED_SHELL('',(#5627,#5660,#5669));
#5627 = ADVANCED_FACE('',(#5628),#5655,.T.);
#5628 = FACE_BOUND('',#5629,.T.);
#5629 = EDGE_LOOP('',(#5630,#5639,#5647,#5654));
#5630 = ORIENTED_EDGE('',*,*,#5631,.F.);
#5631 = EDGE_CURVE('',#5632,#5632,#5634,.T.);
#5632 = VERTEX_POINT('',#5633);
#5633 = CARTESIAN_POINT('',(77.38,2.23,8.6));
#5634 = CIRCLE('',#5635,0.75);
#5635 = AXIS2_PLACEMENT_3D('',#5636,#5637,#5638);
#5636 = CARTESIAN_POINT('',(76.63,2.23,8.6));
#5637 = DIRECTION('',(0.,0.,1.));
#5638 = DIRECTION('',(1.,0.,-0.));
#5639 = ORIENTED_EDGE('',*,*,#5640,.F.);
#5640 = EDGE_CURVE('',#5641,#5632,#5643,.T.);
#5641 = VERTEX_POINT('',#5642);
#5642 = CARTESIAN_POINT('',(77.38,2.23,1.6));
#5643 = LINE('',#5644,#5645);
#5644 = CARTESIAN_POINT('',(77.38,2.23,1.6));
#5645 = VECTOR('',#5646,1.);
#5646 = DIRECTION('',(0.,0.,1.));
#5647 = ORIENTED_EDGE('',*,*,#5648,.T.);
#5648 = EDGE_CURVE('',#5641,#5641,#5649,.T.);
#5649 = CIRCLE('',#5650,0.75);
#5650 = AXIS2_PLACEMENT_3D('',#5651,#5652,#5653);
#5651 = CARTESIAN_POINT('',(76.63,2.23,1.6));
#5652 = DIRECTION('',(0.,0.,1.));
#5653 = DIRECTION('',(1.,0.,-0.));
#5654 = ORIENTED_EDGE('',*,*,#5640,.T.);
#5655 = CYLINDRICAL_SURFACE('',#5656,0.75);
#5656 = AXIS2_PLACEMENT_3D('',#5657,#5658,#5659);
#5657 = CARTESIAN_POINT('',(76.63,2.23,1.6));
#5658 = DIRECTION('',(0.,0.,1.));
#5659 = DIRECTION('',(1.,0.,-0.));
#5660 = ADVANCED_FACE('',(#5661),#5664,.T.);
#5661 = FACE_BOUND('',#5662,.T.);
#5662 = EDGE_LOOP('',(#5663));
#5663 = ORIENTED_EDGE('',*,*,#5631,.T.);
#5664 = PLANE('',#5665);
#5665 = AXIS2_PLACEMENT_3D('',#5666,#5667,#5668);
#5666 = CARTESIAN_POINT('',(76.63,2.23,8.6));
#5667 = DIRECTION('',(0.,0.,1.));
#5668 = DIRECTION('',(1.,0.,-0.));
#5669 = ADVANCED_FACE('',(#5670),#5673,.F.);
#5670 = FACE_BOUND('',#5671,.T.);
#5671 = EDGE_LOOP('',(#5672));
#5672 = ORIENTED_EDGE('',*,*,#5648,.F.);
#5673 = PLANE('',#5674);
#5674 = AXIS2_PLACEMENT_3D('',#5675,#5676,#5677);
#5675 = CARTESIAN_POINT('',(76.63,2.23,1.6));
#5676 = DIRECTION('',(0.,0.,1.));
#5677 = DIRECTION('',(1.,0.,-0.));
#5678 = MANIFOLD_SOLID_BREP('',#5679);
#5679 = CLOSED_SHELL('',(#5680,#5713,#5722));
#5680 = ADVANCED_FACE('',(#5681),#5708,.T.);
#5681 = FACE_BOUND('',#5682,.T.);
#5682 = EDGE_LOOP('',(#5683,#5692,#5700,#5707));
#5683 = ORIENTED_EDGE('',*,*,#5684,.F.);
#5684 = EDGE_CURVE('',#5685,#5685,#5687,.T.);
#5685 = VERTEX_POINT('',#5686);
#5686 = CARTESIAN_POINT('',(77.13,2.23,9.6));
#5687 = CIRCLE('',#5688,0.5);
#5688 = AXIS2_PLACEMENT_3D('',#5689,#5690,#5691);
#5689 = CARTESIAN_POINT('',(76.63,2.23,9.6));
#5690 = DIRECTION('',(0.,0.,1.));
#5691 = DIRECTION('',(1.,0.,-0.));
#5692 = ORIENTED_EDGE('',*,*,#5693,.F.);
#5693 = EDGE_CURVE('',#5694,#5685,#5696,.T.);
#5694 = VERTEX_POINT('',#5695);
#5695 = CARTESIAN_POINT('',(77.13,2.23,8.6));
#5696 = LINE('',#5697,#5698);
#5697 = CARTESIAN_POINT('',(77.13,2.23,8.6));
#5698 = VECTOR('',#5699,1.);
#5699 = DIRECTION('',(0.,0.,1.));
#5700 = ORIENTED_EDGE('',*,*,#5701,.T.);
#5701 = EDGE_CURVE('',#5694,#5694,#5702,.T.);
#5702 = CIRCLE('',#5703,0.5);
#5703 = AXIS2_PLACEMENT_3D('',#5704,#5705,#5706);
#5704 = CARTESIAN_POINT('',(76.63,2.23,8.6));
#5705 = DIRECTION('',(0.,0.,1.));
#5706 = DIRECTION('',(1.,0.,-0.));
#5707 = ORIENTED_EDGE('',*,*,#5693,.T.);
#5708 = CYLINDRICAL_SURFACE('',#5709,0.5);
#5709 = AXIS2_PLACEMENT_3D('',#5710,#5711,#5712);
#5710 = CARTESIAN_POINT('',(76.63,2.23,8.6));
#5711 = DIRECTION('',(0.,0.,1.));
#5712 = DIRECTION('',(1.,0.,-0.));
#5713 = ADVANCED_FACE('',(#5714),#5717,.T.);
#5714 = FACE_BOUND('',#5715,.T.);
#5715 = EDGE_LOOP('',(#5716));
#5716 = ORIENTED_EDGE('',*,*,#5684,.T.);
#5717 = PLANE('',#5718);
#5718 = AXIS2_PLACEMENT_3D('',#5719,#5720,#5721);
#5719 = CARTESIAN_POINT('',(76.63,2.23,9.6));
#5720 = DIRECTION('',(0.,0.,1.));
#5721 = DIRECTION('',(1.,0.,-0.));
#5722 = ADVANCED_FACE('',(#5723),#5726,.F.);
#5723 = FACE_BOUND('',#5724,.T.);
#5724 = EDGE_LOOP('',(#5725));
#5725 = ORIENTED_EDGE('',*,*,#5701,.F.);
#5726 = PLANE('',#5727);
#5727 = AXIS2_PLACEMENT_3D('',#5728,#5729,#5730);
#5728 = CARTESIAN_POINT('',(76.63,2.23,8.6));
#5729 = DIRECTION('',(0.,0.,1.));
#5730 = DIRECTION('',(1.,0.,-0.));
#5731 = MANIFOLD_SOLID_BREP('',#5732);
#5732 = CLOSED_SHELL('',(#5733,#5766,#5775));
#5733 = ADVANCED_FACE('',(#5734),#5761,.T.);
#5734 = FACE_BOUND('',#5735,.T.);
#5735 = EDGE_LOOP('',(#5736,#5745,#5753,#5760));
#5736 = ORIENTED_EDGE('',*,*,#5737,.F.);
#5737 = EDGE_CURVE('',#5738,#5738,#5740,.T.);
#5738 = VERTEX_POINT('',#5739);
#5739 = CARTESIAN_POINT('',(74.84,2.23,8.6));
#5740 = CIRCLE('',#5741,0.75);
#5741 = AXIS2_PLACEMENT_3D('',#5742,#5743,#5744);
#5742 = CARTESIAN_POINT('',(74.09,2.23,8.6));
#5743 = DIRECTION('',(0.,0.,1.));
#5744 = DIRECTION('',(1.,0.,-0.));
#5745 = ORIENTED_EDGE('',*,*,#5746,.F.);
#5746 = EDGE_CURVE('',#5747,#5738,#5749,.T.);
#5747 = VERTEX_POINT('',#5748);
#5748 = CARTESIAN_POINT('',(74.84,2.23,1.6));
#5749 = LINE('',#5750,#5751);
#5750 = CARTESIAN_POINT('',(74.84,2.23,1.6));
#5751 = VECTOR('',#5752,1.);
#5752 = DIRECTION('',(0.,0.,1.));
#5753 = ORIENTED_EDGE('',*,*,#5754,.T.);
#5754 = EDGE_CURVE('',#5747,#5747,#5755,.T.);
#5755 = CIRCLE('',#5756,0.75);
#5756 = AXIS2_PLACEMENT_3D('',#5757,#5758,#5759);
#5757 = CARTESIAN_POINT('',(74.09,2.23,1.6));
#5758 = DIRECTION('',(0.,0.,1.));
#5759 = DIRECTION('',(1.,0.,-0.));
#5760 = ORIENTED_EDGE('',*,*,#5746,.T.);
#5761 = CYLINDRICAL_SURFACE('',#5762,0.75);
#5762 = AXIS2_PLACEMENT_3D('',#5763,#5764,#5765);
#5763 = CARTESIAN_POINT('',(74.09,2.23,1.6));
#5764 = DIRECTION('',(0.,0.,1.));
#5765 = DIRECTION('',(1.,0.,-0.));
#5766 = ADVANCED_FACE('',(#5767),#5770,.T.);
#5767 = FACE_BOUND('',#5768,.T.);
#5768 = EDGE_LOOP('',(#5769));
#5769 = ORIENTED_EDGE('',*,*,#5737,.T.);
#5770 = PLANE('',#5771);
#5771 = AXIS2_PLACEMENT_3D('',#5772,#5773,#5774);
#5772 = CARTESIAN_POINT('',(74.09,2.23,8.6));
#5773 = DIRECTION('',(0.,0.,1.));
#5774 = DIRECTION('',(1.,0.,-0.));
#5775 = ADVANCED_FACE('',(#5776),#5779,.F.);
#5776 = FACE_BOUND('',#5777,.T.);
#5777 = EDGE_LOOP('',(#5778));
#5778 = ORIENTED_EDGE('',*,*,#5754,.F.);
#5779 = PLANE('',#5780);
#5780 = AXIS2_PLACEMENT_3D('',#5781,#5782,#5783);
#5781 = CARTESIAN_POINT('',(74.09,2.23,1.6));
#5782 = DIRECTION('',(0.,0.,1.));
#5783 = DIRECTION('',(1.,0.,-0.));
#5784 = MANIFOLD_SOLID_BREP('',#5785);
#5785 = CLOSED_SHELL('',(#5786,#5819,#5828));
#5786 = ADVANCED_FACE('',(#5787),#5814,.T.);
#5787 = FACE_BOUND('',#5788,.T.);
#5788 = EDGE_LOOP('',(#5789,#5798,#5806,#5813));
#5789 = ORIENTED_EDGE('',*,*,#5790,.F.);
#5790 = EDGE_CURVE('',#5791,#5791,#5793,.T.);
#5791 = VERTEX_POINT('',#5792);
#5792 = CARTESIAN_POINT('',(74.59,2.23,9.6));
#5793 = CIRCLE('',#5794,0.5);
#5794 = AXIS2_PLACEMENT_3D('',#5795,#5796,#5797);
#5795 = CARTESIAN_POINT('',(74.09,2.23,9.6));
#5796 = DIRECTION('',(0.,0.,1.));
#5797 = DIRECTION('',(1.,0.,-0.));
#5798 = ORIENTED_EDGE('',*,*,#5799,.F.);
#5799 = EDGE_CURVE('',#5800,#5791,#5802,.T.);
#5800 = VERTEX_POINT('',#5801);
#5801 = CARTESIAN_POINT('',(74.59,2.23,8.6));
#5802 = LINE('',#5803,#5804);
#5803 = CARTESIAN_POINT('',(74.59,2.23,8.6));
#5804 = VECTOR('',#5805,1.);
#5805 = DIRECTION('',(0.,0.,1.));
#5806 = ORIENTED_EDGE('',*,*,#5807,.T.);
#5807 = EDGE_CURVE('',#5800,#5800,#5808,.T.);
#5808 = CIRCLE('',#5809,0.5);
#5809 = AXIS2_PLACEMENT_3D('',#5810,#5811,#5812);
#5810 = CARTESIAN_POINT('',(74.09,2.23,8.6));
#5811 = DIRECTION('',(0.,0.,1.));
#5812 = DIRECTION('',(1.,0.,-0.));
#5813 = ORIENTED_EDGE('',*,*,#5799,.T.);
#5814 = CYLINDRICAL_SURFACE('',#5815,0.5);
#5815 = AXIS2_PLACEMENT_3D('',#5816,#5817,#5818);
#5816 = CARTESIAN_POINT('',(74.09,2.23,8.6));
#5817 = DIRECTION('',(0.,0.,1.));
#5818 = DIRECTION('',(1.,0.,-0.));
#5819 = ADVANCED_FACE('',(#5820),#5823,.T.);
#5820 = FACE_BOUND('',#5821,.T.);
#5821 = EDGE_LOOP('',(#5822));
#5822 = ORIENTED_EDGE('',*,*,#5790,.T.);
#5823 = PLANE('',#5824);
#5824 = AXIS2_PLACEMENT_3D('',#5825,#5826,#5827);
#5825 = CARTESIAN_POINT('',(74.09,2.23,9.6));
#5826 = DIRECTION('',(0.,0.,1.));
#5827 = DIRECTION('',(1.,0.,-0.));
#5828 = ADVANCED_FACE('',(#5829),#5832,.F.);
#5829 = FACE_BOUND('',#5830,.T.);
#5830 = EDGE_LOOP('',(#5831));
#5831 = ORIENTED_EDGE('',*,*,#5807,.F.);
#5832 = PLANE('',#5833);
#5833 = AXIS2_PLACEMENT_3D('',#5834,#5835,#5836);
#5834 = CARTESIAN_POINT('',(74.09,2.23,8.6));
#5835 = DIRECTION('',(0.,0.,1.));
#5836 = DIRECTION('',(1.,0.,-0.));
#5837 = MANIFOLD_SOLID_BREP('',#5838);
#5838 = CLOSED_SHELL('',(#5839,#5872,#5881));
#5839 = ADVANCED_FACE('',(#5840),#5867,.T.);
#5840 = FACE_BOUND('',#5841,.T.);
#5841 = EDGE_LOOP('',(#5842,#5851,#5859,#5866));
#5842 = ORIENTED_EDGE('',*,*,#5843,.F.);
#5843 = EDGE_CURVE('',#5844,#5844,#5846,.T.);
#5844 = VERTEX_POINT('',#5845);
#5845 = CARTESIAN_POINT('',(72.3,2.23,8.6));
#5846 = CIRCLE('',#5847,0.75);
#5847 = AXIS2_PLACEMENT_3D('',#5848,#5849,#5850);
#5848 = CARTESIAN_POINT('',(71.55,2.23,8.6));
#5849 = DIRECTION('',(0.,0.,1.));
#5850 = DIRECTION('',(1.,0.,-0.));
#5851 = ORIENTED_EDGE('',*,*,#5852,.F.);
#5852 = EDGE_CURVE('',#5853,#5844,#5855,.T.);
#5853 = VERTEX_POINT('',#5854);
#5854 = CARTESIAN_POINT('',(72.3,2.23,1.6));
#5855 = LINE('',#5856,#5857);
#5856 = CARTESIAN_POINT('',(72.3,2.23,1.6));
#5857 = VECTOR('',#5858,1.);
#5858 = DIRECTION('',(0.,0.,1.));
#5859 = ORIENTED_EDGE('',*,*,#5860,.T.);
#5860 = EDGE_CURVE('',#5853,#5853,#5861,.T.);
#5861 = CIRCLE('',#5862,0.75);
#5862 = AXIS2_PLACEMENT_3D('',#5863,#5864,#5865);
#5863 = CARTESIAN_POINT('',(71.55,2.23,1.6));
#5864 = DIRECTION('',(0.,0.,1.));
#5865 = DIRECTION('',(1.,0.,-0.));
#5866 = ORIENTED_EDGE('',*,*,#5852,.T.);
#5867 = CYLINDRICAL_SURFACE('',#5868,0.75);
#5868 = AXIS2_PLACEMENT_3D('',#5869,#5870,#5871);
#5869 = CARTESIAN_POINT('',(71.55,2.23,1.6));
#5870 = DIRECTION('',(0.,0.,1.));
#5871 = DIRECTION('',(1.,0.,-0.));
#5872 = ADVANCED_FACE('',(#5873),#5876,.T.);
#5873 = FACE_BOUND('',#5874,.T.);
#5874 = EDGE_LOOP('',(#5875));
#5875 = ORIENTED_EDGE('',*,*,#5843,.T.);
#5876 = PLANE('',#5877);
#5877 = AXIS2_PLACEMENT_3D('',#5878,#5879,#5880);
#5878 = CARTESIAN_POINT('',(71.55,2.23,8.6));
#5879 = DIRECTION('',(0.,0.,1.));
#5880 = DIRECTION('',(1.,0.,-0.));
#5881 = ADVANCED_FACE('',(#5882),#5885,.F.);
#5882 = FACE_BOUND('',#5883,.T.);
#5883 = EDGE_LOOP('',(#5884));
#5884 = ORIENTED_EDGE('',*,*,#5860,.F.);
#5885 = PLANE('',#5886);
#5886 = AXIS2_PLACEMENT_3D('',#5887,#5888,#5889);
#5887 = CARTESIAN_POINT('',(71.55,2.23,1.6));
#5888 = DIRECTION('',(0.,0.,1.));
#5889 = DIRECTION('',(1.,0.,-0.));
#5890 = MANIFOLD_SOLID_BREP('',#5891);
#5891 = CLOSED_SHELL('',(#5892,#5925,#5934));
#5892 = ADVANCED_FACE('',(#5893),#5920,.T.);
#5893 = FACE_BOUND('',#5894,.T.);
#5894 = EDGE_LOOP('',(#5895,#5904,#5912,#5919));
#5895 = ORIENTED_EDGE('',*,*,#5896,.F.);
#5896 = EDGE_CURVE('',#5897,#5897,#5899,.T.);
#5897 = VERTEX_POINT('',#5898);
#5898 = CARTESIAN_POINT('',(72.05,2.23,9.6));
#5899 = CIRCLE('',#5900,0.5);
#5900 = AXIS2_PLACEMENT_3D('',#5901,#5902,#5903);
#5901 = CARTESIAN_POINT('',(71.55,2.23,9.6));
#5902 = DIRECTION('',(0.,0.,1.));
#5903 = DIRECTION('',(1.,0.,-0.));
#5904 = ORIENTED_EDGE('',*,*,#5905,.F.);
#5905 = EDGE_CURVE('',#5906,#5897,#5908,.T.);
#5906 = VERTEX_POINT('',#5907);
#5907 = CARTESIAN_POINT('',(72.05,2.23,8.6));
#5908 = LINE('',#5909,#5910);
#5909 = CARTESIAN_POINT('',(72.05,2.23,8.6));
#5910 = VECTOR('',#5911,1.);
#5911 = DIRECTION('',(0.,0.,1.));
#5912 = ORIENTED_EDGE('',*,*,#5913,.T.);
#5913 = EDGE_CURVE('',#5906,#5906,#5914,.T.);
#5914 = CIRCLE('',#5915,0.5);
#5915 = AXIS2_PLACEMENT_3D('',#5916,#5917,#5918);
#5916 = CARTESIAN_POINT('',(71.55,2.23,8.6));
#5917 = DIRECTION('',(0.,0.,1.));
#5918 = DIRECTION('',(1.,0.,-0.));
#5919 = ORIENTED_EDGE('',*,*,#5905,.T.);
#5920 = CYLINDRICAL_SURFACE('',#5921,0.5);
#5921 = AXIS2_PLACEMENT_3D('',#5922,#5923,#5924);
#5922 = CARTESIAN_POINT('',(71.55,2.23,8.6));
#5923 = DIRECTION('',(0.,0.,1.));
#5924 = DIRECTION('',(1.,0.,-0.));
#5925 = ADVANCED_FACE('',(#5926),#5929,.T.);
#5926 = FACE_BOUND('',#5927,.T.);
#5927 = EDGE_LOOP('',(#5928));
#5928 = ORIENTED_EDGE('',*,*,#5896,.T.);
#5929 = PLANE('',#5930);
#5930 = AXIS2_PLACEMENT_3D('',#5931,#5932,#5933);
#5931 = CARTESIAN_POINT('',(71.55,2.23,9.6));
#5932 = DIRECTION('',(0.,0.,1.));
#5933 = DIRECTION('',(1.,0.,-0.));
#5934 = ADVANCED_FACE('',(#5935),#5938,.F.);
#5935 = FACE_BOUND('',#5936,.T.);
#5936 = EDGE_LOOP('',(#5937));
#5937 = ORIENTED_EDGE('',*,*,#5913,.F.);
#5938 = PLANE('',#5939);
#5939 = AXIS2_PLACEMENT_3D('',#5940,#5941,#5942);
#5940 = CARTESIAN_POINT('',(71.55,2.23,8.6));
#5941 = DIRECTION('',(0.,0.,1.));
#5942 = DIRECTION('',(1.,0.,-0.));
#5943 = ( GEOMETRIC_REPRESENTATION_CONTEXT(3) 
GLOBAL_UNCERTAINTY_ASSIGNED_CONTEXT((#5947)) 
GLOBAL_UNIT_ASSIGNED_CONTEXT((#5944,#5945,#5946)) REPRESENTATION_CONTEXT
('Context #1','3D Context with UNIT and UNCERTAINTY') );
#5944 = ( LENGTH_UNIT() NAMED_UNIT(*) SI_UNIT(.MILLI.,.METRE.) );
#5945 = ( NAMED_UNIT(*) PLANE_ANGLE_UNIT() SI_UNIT($,.RADIAN.) );
#5946 = ( NAMED_UNIT(*) SI_UNIT($,.STERADIAN.) SOLID_ANGLE_UNIT() );
#5947 = UNCERTAINTY_MEASURE_WITH_UNIT(LENGTH_MEASURE(1.E-07),#5944,
  'distance_accuracy_value','confusion accuracy');
#5948 = CONTEXT_DEPENDENT_SHAPE_REPRESENTATION(#5949,#5951);
#5949 = ( REPRESENTATION_RELATIONSHIP('','',#5624,#10) 
REPRESENTATION_RELATIONSHIP_WITH_TRANSFORMATION(#5950) 
SHAPE_REPRESENTATION_RELATIONSHIP() );
#5950 = ITEM_DEFINED_TRANSFORMATION('','',#11,#79);
#5951 = PRODUCT_DEFINITION_SHAPE('Placement','Placement of an item',
  #5952);
#5952 = NEXT_ASSEMBLY_USAGE_OCCURRENCE('17','Pogo pins','',#5,#5619,$);
#5953 = PRODUCT_RELATED_PRODUCT_CATEGORY('part',$,(#5621));
#5954 = SHAPE_DEFINITION_REPRESENTATION(#5955,#5961);
#5955 = PRODUCT_DEFINITION_SHAPE('','',#5956);
#5956 = PRODUCT_DEFINITION('design','',#5957,#5960);
#5957 = PRODUCT_DEFINITION_FORMATION('','',#5958);
#5958 = PRODUCT('Standoffs M2.5 (kit)','Standoffs M2.5 (kit)','',(#5959)
  );
#5959 = PRODUCT_CONTEXT('',#2,'mechanical');
#5960 = PRODUCT_DEFINITION_CONTEXT('part definition',#2,'design');
#5961 = SHAPE_REPRESENTATION('',(#11,#5962,#6217,#6472,#6727),#6982);
#5962 = MANIFOLD_SOLID_BREP('',#5963);
#5963 = CLOSED_SHELL('',(#5964,#6004,#6035,#6066,#6110,#6154,#6171,#6188
    ,#6200));
#5964 = ADVANCED_FACE('',(#5965),#5999,.F.);
#5965 = FACE_BOUND('',#5966,.F.);
#5966 = EDGE_LOOP('',(#5967,#5977,#5985,#5993));
#5967 = ORIENTED_EDGE('',*,*,#5968,.T.);
#5968 = EDGE_CURVE('',#5969,#5971,#5973,.T.);
#5969 = VERTEX_POINT('',#5970);
#5970 = CARTESIAN_POINT('',(26.386751345948,3.5,1.6));
#5971 = VERTEX_POINT('',#5972);
#5972 = CARTESIAN_POINT('',(26.386751345948,3.5,11.6));
#5973 = LINE('',#5974,#5975);
#5974 = CARTESIAN_POINT('',(26.386751345948,3.5,1.6));
#5975 = VECTOR('',#5976,1.);
#5976 = DIRECTION('',(0.,0.,1.));
#5977 = ORIENTED_EDGE('',*,*,#5978,.T.);
#5978 = EDGE_CURVE('',#5971,#5979,#5981,.T.);
#5979 = VERTEX_POINT('',#5980);
#5980 = CARTESIAN_POINT('',(24.943375672974,6.,11.6));
#5981 = LINE('',#5982,#5983);
#5982 = CARTESIAN_POINT('',(26.386751345948,3.5,11.6));
#5983 = VECTOR('',#5984,1.);
#5984 = DIRECTION('',(-0.5,0.866025403784,0.));
#5985 = ORIENTED_EDGE('',*,*,#5986,.F.);
#5986 = EDGE_CURVE('',#5987,#5979,#5989,.T.);
#5987 = VERTEX_POINT('',#5988);
#5988 = CARTESIAN_POINT('',(24.943375672974,6.,1.6));
#5989 = LINE('',#5990,#5991);
#5990 = CARTESIAN_POINT('',(24.943375672974,6.,1.6));
#5991 = VECTOR('',#5992,1.);
#5992 = DIRECTION('',(0.,0.,1.));
#5993 = ORIENTED_EDGE('',*,*,#5994,.F.);
#5994 = EDGE_CURVE('',#5969,#5987,#5995,.T.);
#5995 = LINE('',#5996,#5997);
#5996 = CARTESIAN_POINT('',(26.386751345948,3.5,1.6));
#5997 = VECTOR('',#5998,1.);
#5998 = DIRECTION('',(-0.5,0.866025403784,0.));
#5999 = PLANE('',#6000);
#6000 = AXIS2_PLACEMENT_3D('',#6001,#6002,#6003);
#6001 = CARTESIAN_POINT('',(26.386751345948,3.5,1.6));
#6002 = DIRECTION('',(-0.866025403784,-0.5,0.));
#6003 = DIRECTION('',(-0.5,0.866025403784,0.));
#6004 = ADVANCED_FACE('',(#6005),#6030,.F.);
#6005 = FACE_BOUND('',#6006,.F.);
#6006 = EDGE_LOOP('',(#6007,#6017,#6023,#6024));
#6007 = ORIENTED_EDGE('',*,*,#6008,.T.);
#6008 = EDGE_CURVE('',#6009,#6011,#6013,.T.);
#6009 = VERTEX_POINT('',#6010);
#6010 = CARTESIAN_POINT('',(24.943375672974,1.,1.6));
#6011 = VERTEX_POINT('',#6012);
#6012 = CARTESIAN_POINT('',(24.943375672974,1.,11.6));
#6013 = LINE('',#6014,#6015);
#6014 = CARTESIAN_POINT('',(24.943375672974,1.,1.6));
#6015 = VECTOR('',#6016,1.);
#6016 = DIRECTION('',(0.,0.,1.));
#6017 = ORIENTED_EDGE('',*,*,#6018,.T.);
#6018 = EDGE_CURVE('',#6011,#5971,#6019,.T.);
#6019 = LINE('',#6020,#6021);
#6020 = CARTESIAN_POINT('',(24.943375672974,1.,11.6));
#6021 = VECTOR('',#6022,1.);
#6022 = DIRECTION('',(0.5,0.866025403784,0.));
#6023 = ORIENTED_EDGE('',*,*,#5968,.F.);
#6024 = ORIENTED_EDGE('',*,*,#6025,.F.);
#6025 = EDGE_CURVE('',#6009,#5969,#6026,.T.);
#6026 = LINE('',#6027,#6028);
#6027 = CARTESIAN_POINT('',(24.943375672974,1.,1.6));
#6028 = VECTOR('',#6029,1.);
#6029 = DIRECTION('',(0.5,0.866025403784,0.));
#6030 = PLANE('',#6031);
#6031 = AXIS2_PLACEMENT_3D('',#6032,#6033,#6034);
#6032 = CARTESIAN_POINT('',(24.943375672974,1.,1.6));
#6033 = DIRECTION('',(-0.866025403784,0.5,0.));
#6034 = DIRECTION('',(0.5,0.866025403784,0.));
#6035 = ADVANCED_FACE('',(#6036),#6061,.F.);
#6036 = FACE_BOUND('',#6037,.F.);
#6037 = EDGE_LOOP('',(#6038,#6039,#6047,#6055));
#6038 = ORIENTED_EDGE('',*,*,#5986,.T.);
#6039 = ORIENTED_EDGE('',*,*,#6040,.T.);
#6040 = EDGE_CURVE('',#5979,#6041,#6043,.T.);
#6041 = VERTEX_POINT('',#6042);
#6042 = CARTESIAN_POINT('',(22.056624327026,6.,11.6));
#6043 = LINE('',#6044,#6045);
#6044 = CARTESIAN_POINT('',(24.943375672974,6.,11.6));
#6045 = VECTOR('',#6046,1.);
#6046 = DIRECTION('',(-1.,0.,0.));
#6047 = ORIENTED_EDGE('',*,*,#6048,.F.);
#6048 = EDGE_CURVE('',#6049,#6041,#6051,.T.);
#6049 = VERTEX_POINT('',#6050);
#6050 = CARTESIAN_POINT('',(22.056624327026,6.,1.6));
#6051 = LINE('',#6052,#6053);
#6052 = CARTESIAN_POINT('',(22.056624327026,6.,1.6));
#6053 = VECTOR('',#6054,1.);
#6054 = DIRECTION('',(0.,0.,1.));
#6055 = ORIENTED_EDGE('',*,*,#6056,.F.);
#6056 = EDGE_CURVE('',#5987,#6049,#6057,.T.);
#6057 = LINE('',#6058,#6059);
#6058 = CARTESIAN_POINT('',(24.943375672974,6.,1.6));
#6059 = VECTOR('',#6060,1.);
#6060 = DIRECTION('',(-1.,0.,0.));
#6061 = PLANE('',#6062);
#6062 = AXIS2_PLACEMENT_3D('',#6063,#6064,#6065);
#6063 = CARTESIAN_POINT('',(24.943375672974,6.,1.6));
#6064 = DIRECTION('',(0.,-1.,0.));
#6065 = DIRECTION('',(-1.,0.,0.));
#6066 = ADVANCED_FACE('',(#6067,#6094),#6105,.F.);
#6067 = FACE_BOUND('',#6068,.F.);
#6068 = EDGE_LOOP('',(#6069,#6070,#6071,#6079,#6087,#6093));
#6069 = ORIENTED_EDGE('',*,*,#5994,.T.);
#6070 = ORIENTED_EDGE('',*,*,#6056,.T.);
#6071 = ORIENTED_EDGE('',*,*,#6072,.T.);
#6072 = EDGE_CURVE('',#6049,#6073,#6075,.T.);
#6073 = VERTEX_POINT('',#6074);
#6074 = CARTESIAN_POINT('',(20.613248654052,3.5,1.6));
#6075 = LINE('',#6076,#6077);
#6076 = CARTESIAN_POINT('',(22.056624327026,6.,1.6));
#6077 = VECTOR('',#6078,1.);
#6078 = DIRECTION('',(-0.5,-0.866025403784,0.));
#6079 = ORIENTED_EDGE('',*,*,#6080,.T.);
#6080 = EDGE_CURVE('',#6073,#6081,#6083,.T.);
#6081 = VERTEX_POINT('',#6082);
#6082 = CARTESIAN_POINT('',(22.056624327026,1.,1.6));
#6083 = LINE('',#6084,#6085);
#6084 = CARTESIAN_POINT('',(20.613248654052,3.5,1.6));
#6085 = VECTOR('',#6086,1.);
#6086 = DIRECTION('',(0.5,-0.866025403784,0.));
#6087 = ORIENTED_EDGE('',*,*,#6088,.T.);
#6088 = EDGE_CURVE('',#6081,#6009,#6089,.T.);
#6089 = LINE('',#6090,#6091);
#6090 = CARTESIAN_POINT('',(22.056624327026,1.,1.6));
#6091 = VECTOR('',#6092,1.);
#6092 = DIRECTION('',(1.,-1.538370149107E-16,0.));
#6093 = ORIENTED_EDGE('',*,*,#6025,.T.);
#6094 = FACE_BOUND('',#6095,.F.);
#6095 = EDGE_LOOP('',(#6096));
#6096 = ORIENTED_EDGE('',*,*,#6097,.F.);
#6097 = EDGE_CURVE('',#6098,#6098,#6100,.T.);
#6098 = VERTEX_POINT('',#6099);
#6099 = CARTESIAN_POINT('',(24.75,3.5,1.6));
#6100 = CIRCLE('',#6101,1.25);
#6101 = AXIS2_PLACEMENT_3D('',#6102,#6103,#6104);
#6102 = CARTESIAN_POINT('',(23.5,3.5,1.6));
#6103 = DIRECTION('',(0.,0.,1.));
#6104 = DIRECTION('',(1.,0.,-0.));
#6105 = PLANE('',#6106);
#6106 = AXIS2_PLACEMENT_3D('',#6107,#6108,#6109);
#6107 = CARTESIAN_POINT('',(23.5,3.5,1.6));
#6108 = DIRECTION('',(0.,0.,1.));
#6109 = DIRECTION('',(1.,0.,-0.));
#6110 = ADVANCED_FACE('',(#6111,#6138),#6149,.T.);
#6111 = FACE_BOUND('',#6112,.T.);
#6112 = EDGE_LOOP('',(#6113,#6114,#6115,#6123,#6131,#6137));
#6113 = ORIENTED_EDGE('',*,*,#5978,.T.);
#6114 = ORIENTED_EDGE('',*,*,#6040,.T.);
#6115 = ORIENTED_EDGE('',*,*,#6116,.T.);
#6116 = EDGE_CURVE('',#6041,#6117,#6119,.T.);
#6117 = VERTEX_POINT('',#6118);
#6118 = CARTESIAN_POINT('',(20.613248654052,3.5,11.6));
#6119 = LINE('',#6120,#6121);
#6120 = CARTESIAN_POINT('',(22.056624327026,6.,11.6));
#6121 = VECTOR('',#6122,1.);
#6122 = DIRECTION('',(-0.5,-0.866025403784,0.));
#6123 = ORIENTED_EDGE('',*,*,#6124,.T.);
#6124 = EDGE_CURVE('',#6117,#6125,#6127,.T.);
#6125 = VERTEX_POINT('',#6126);
#6126 = CARTESIAN_POINT('',(22.056624327026,1.,11.6));
#6127 = LINE('',#6128,#6129);
#6128 = CARTESIAN_POINT('',(20.613248654052,3.5,11.6));
#6129 = VECTOR('',#6130,1.);
#6130 = DIRECTION('',(0.5,-0.866025403784,0.));
#6131 = ORIENTED_EDGE('',*,*,#6132,.T.);
#6132 = EDGE_CURVE('',#6125,#6011,#6133,.T.);
#6133 = LINE('',#6134,#6135);
#6134 = CARTESIAN_POINT('',(22.056624327026,1.,11.6));
#6135 = VECTOR('',#6136,1.);
#6136 = DIRECTION('',(1.,-1.538370149107E-16,0.));
#6137 = ORIENTED_EDGE('',*,*,#6018,.T.);
#6138 = FACE_BOUND('',#6139,.T.);
#6139 = EDGE_LOOP('',(#6140));
#6140 = ORIENTED_EDGE('',*,*,#6141,.F.);
#6141 = EDGE_CURVE('',#6142,#6142,#6144,.T.);
#6142 = VERTEX_POINT('',#6143);
#6143 = CARTESIAN_POINT('',(24.75,3.5,11.6));
#6144 = CIRCLE('',#6145,1.25);
#6145 = AXIS2_PLACEMENT_3D('',#6146,#6147,#6148);
#6146 = CARTESIAN_POINT('',(23.5,3.5,11.6));
#6147 = DIRECTION('',(0.,0.,1.));
#6148 = DIRECTION('',(1.,0.,-0.));
#6149 = PLANE('',#6150);
#6150 = AXIS2_PLACEMENT_3D('',#6151,#6152,#6153);
#6151 = CARTESIAN_POINT('',(23.5,3.5,11.6));
#6152 = DIRECTION('',(0.,0.,1.));
#6153 = DIRECTION('',(1.,0.,-0.));
#6154 = ADVANCED_FACE('',(#6155),#6166,.F.);
#6155 = FACE_BOUND('',#6156,.F.);
#6156 = EDGE_LOOP('',(#6157,#6163,#6164,#6165));
#6157 = ORIENTED_EDGE('',*,*,#6158,.T.);
#6158 = EDGE_CURVE('',#6081,#6125,#6159,.T.);
#6159 = LINE('',#6160,#6161);
#6160 = CARTESIAN_POINT('',(22.056624327026,1.,1.6));
#6161 = VECTOR('',#6162,1.);
#6162 = DIRECTION('',(0.,0.,1.));
#6163 = ORIENTED_EDGE('',*,*,#6132,.T.);
#6164 = ORIENTED_EDGE('',*,*,#6008,.F.);
#6165 = ORIENTED_EDGE('',*,*,#6088,.F.);
#6166 = PLANE('',#6167);
#6167 = AXIS2_PLACEMENT_3D('',#6168,#6169,#6170);
#6168 = CARTESIAN_POINT('',(22.056624327026,1.,1.6));
#6169 = DIRECTION('',(1.538370149107E-16,1.,-0.));
#6170 = DIRECTION('',(1.,-1.538370149107E-16,0.));
#6171 = ADVANCED_FACE('',(#6172),#6183,.F.);
#6172 = FACE_BOUND('',#6173,.F.);
#6173 = EDGE_LOOP('',(#6174,#6175,#6176,#6182));
#6174 = ORIENTED_EDGE('',*,*,#6048,.T.);
#6175 = ORIENTED_EDGE('',*,*,#6116,.T.);
#6176 = ORIENTED_EDGE('',*,*,#6177,.F.);
#6177 = EDGE_CURVE('',#6073,#6117,#6178,.T.);
#6178 = LINE('',#6179,#6180);
#6179 = CARTESIAN_POINT('',(20.613248654052,3.5,1.6));
#6180 = VECTOR('',#6181,1.);
#6181 = DIRECTION('',(0.,0.,1.));
#6182 = ORIENTED_EDGE('',*,*,#6072,.F.);
#6183 = PLANE('',#6184);
#6184 = AXIS2_PLACEMENT_3D('',#6185,#6186,#6187);
#6185 = CARTESIAN_POINT('',(22.056624327026,6.,1.6));
#6186 = DIRECTION('',(0.866025403784,-0.5,0.));
#6187 = DIRECTION('',(-0.5,-0.866025403784,0.));
#6188 = ADVANCED_FACE('',(#6189),#6195,.F.);
#6189 = FACE_BOUND('',#6190,.F.);
#6190 = EDGE_LOOP('',(#6191,#6192,#6193,#6194));
#6191 = ORIENTED_EDGE('',*,*,#6177,.T.);
#6192 = ORIENTED_EDGE('',*,*,#6124,.T.);
#6193 = ORIENTED_EDGE('',*,*,#6158,.F.);
#6194 = ORIENTED_EDGE('',*,*,#6080,.F.);
#6195 = PLANE('',#6196);
#6196 = AXIS2_PLACEMENT_3D('',#6197,#6198,#6199);
#6197 = CARTESIAN_POINT('',(20.613248654052,3.5,1.6));
#6198 = DIRECTION('',(0.866025403784,0.5,-0.));
#6199 = DIRECTION('',(0.5,-0.866025403784,0.));
#6200 = ADVANCED_FACE('',(#6201),#6212,.F.);
#6201 = FACE_BOUND('',#6202,.F.);
#6202 = EDGE_LOOP('',(#6203,#6204,#6210,#6211));
#6203 = ORIENTED_EDGE('',*,*,#6141,.F.);
#6204 = ORIENTED_EDGE('',*,*,#6205,.F.);
#6205 = EDGE_CURVE('',#6098,#6142,#6206,.T.);
#6206 = LINE('',#6207,#6208);
#6207 = CARTESIAN_POINT('',(24.75,3.5,0.6));
#6208 = VECTOR('',#6209,1.);
#6209 = DIRECTION('',(0.,0.,1.));
#6210 = ORIENTED_EDGE('',*,*,#6097,.T.);
#6211 = ORIENTED_EDGE('',*,*,#6205,.T.);
#6212 = CYLINDRICAL_SURFACE('',#6213,1.25);
#6213 = AXIS2_PLACEMENT_3D('',#6214,#6215,#6216);
#6214 = CARTESIAN_POINT('',(23.5,3.5,0.6));
#6215 = DIRECTION('',(0.,0.,1.));
#6216 = DIRECTION('',(1.,0.,-0.));
#6217 = MANIFOLD_SOLID_BREP('',#6218);
#6218 = CLOSED_SHELL('',(#6219,#6259,#6290,#6321,#6365,#6409,#6426,#6443
    ,#6455));
#6219 = ADVANCED_FACE('',(#6220),#6254,.F.);
#6220 = FACE_BOUND('',#6221,.F.);
#6221 = EDGE_LOOP('',(#6222,#6232,#6240,#6248));
#6222 = ORIENTED_EDGE('',*,*,#6223,.T.);
#6223 = EDGE_CURVE('',#6224,#6226,#6228,.T.);
#6224 = VERTEX_POINT('',#6225);
#6225 = CARTESIAN_POINT('',(84.386751345948,3.5,1.6));
#6226 = VERTEX_POINT('',#6227);
#6227 = CARTESIAN_POINT('',(84.386751345948,3.5,11.6));
#6228 = LINE('',#6229,#6230);
#6229 = CARTESIAN_POINT('',(84.386751345948,3.5,1.6));
#6230 = VECTOR('',#6231,1.);
#6231 = DIRECTION('',(0.,0.,1.));
#6232 = ORIENTED_EDGE('',*,*,#6233,.T.);
#6233 = EDGE_CURVE('',#6226,#6234,#6236,.T.);
#6234 = VERTEX_POINT('',#6235);
#6235 = CARTESIAN_POINT('',(82.943375672974,6.,11.6));
#6236 = LINE('',#6237,#6238);
#6237 = CARTESIAN_POINT('',(84.386751345948,3.5,11.6));
#6238 = VECTOR('',#6239,1.);
#6239 = DIRECTION('',(-0.5,0.866025403784,0.));
#6240 = ORIENTED_EDGE('',*,*,#6241,.F.);
#6241 = EDGE_CURVE('',#6242,#6234,#6244,.T.);
#6242 = VERTEX_POINT('',#6243);
#6243 = CARTESIAN_POINT('',(82.943375672974,6.,1.6));
#6244 = LINE('',#6245,#6246);
#6245 = CARTESIAN_POINT('',(82.943375672974,6.,1.6));
#6246 = VECTOR('',#6247,1.);
#6247 = DIRECTION('',(0.,0.,1.));
#6248 = ORIENTED_EDGE('',*,*,#6249,.F.);
#6249 = EDGE_CURVE('',#6224,#6242,#6250,.T.);
#6250 = LINE('',#6251,#6252);
#6251 = CARTESIAN_POINT('',(84.386751345948,3.5,1.6));
#6252 = VECTOR('',#6253,1.);
#6253 = DIRECTION('',(-0.5,0.866025403784,0.));
#6254 = PLANE('',#6255);
#6255 = AXIS2_PLACEMENT_3D('',#6256,#6257,#6258);
#6256 = CARTESIAN_POINT('',(84.386751345948,3.5,1.6));
#6257 = DIRECTION('',(-0.866025403784,-0.5,0.));
#6258 = DIRECTION('',(-0.5,0.866025403784,0.));
#6259 = ADVANCED_FACE('',(#6260),#6285,.F.);
#6260 = FACE_BOUND('',#6261,.F.);
#6261 = EDGE_LOOP('',(#6262,#6272,#6278,#6279));
#6262 = ORIENTED_EDGE('',*,*,#6263,.T.);
#6263 = EDGE_CURVE('',#6264,#6266,#6268,.T.);
#6264 = VERTEX_POINT('',#6265);
#6265 = CARTESIAN_POINT('',(82.943375672974,1.,1.6));
#6266 = VERTEX_POINT('',#6267);
#6267 = CARTESIAN_POINT('',(82.943375672974,1.,11.6));
#6268 = LINE('',#6269,#6270);
#6269 = CARTESIAN_POINT('',(82.943375672974,1.,1.6));
#6270 = VECTOR('',#6271,1.);
#6271 = DIRECTION('',(0.,0.,1.));
#6272 = ORIENTED_EDGE('',*,*,#6273,.T.);
#6273 = EDGE_CURVE('',#6266,#6226,#6274,.T.);
#6274 = LINE('',#6275,#6276);
#6275 = CARTESIAN_POINT('',(82.943375672974,1.,11.6));
#6276 = VECTOR('',#6277,1.);
#6277 = DIRECTION('',(0.5,0.866025403784,0.));
#6278 = ORIENTED_EDGE('',*,*,#6223,.F.);
#6279 = ORIENTED_EDGE('',*,*,#6280,.F.);
#6280 = EDGE_CURVE('',#6264,#6224,#6281,.T.);
#6281 = LINE('',#6282,#6283);
#6282 = CARTESIAN_POINT('',(82.943375672974,1.,1.6));
#6283 = VECTOR('',#6284,1.);
#6284 = DIRECTION('',(0.5,0.866025403784,0.));
#6285 = PLANE('',#6286);
#6286 = AXIS2_PLACEMENT_3D('',#6287,#6288,#6289);
#6287 = CARTESIAN_POINT('',(82.943375672974,1.,1.6));
#6288 = DIRECTION('',(-0.866025403784,0.5,0.));
#6289 = DIRECTION('',(0.5,0.866025403784,0.));
#6290 = ADVANCED_FACE('',(#6291),#6316,.F.);
#6291 = FACE_BOUND('',#6292,.F.);
#6292 = EDGE_LOOP('',(#6293,#6294,#6302,#6310));
#6293 = ORIENTED_EDGE('',*,*,#6241,.T.);
#6294 = ORIENTED_EDGE('',*,*,#6295,.T.);
#6295 = EDGE_CURVE('',#6234,#6296,#6298,.T.);
#6296 = VERTEX_POINT('',#6297);
#6297 = CARTESIAN_POINT('',(80.056624327026,6.,11.6));
#6298 = LINE('',#6299,#6300);
#6299 = CARTESIAN_POINT('',(82.943375672974,6.,11.6));
#6300 = VECTOR('',#6301,1.);
#6301 = DIRECTION('',(-1.,0.,0.));
#6302 = ORIENTED_EDGE('',*,*,#6303,.F.);
#6303 = EDGE_CURVE('',#6304,#6296,#6306,.T.);
#6304 = VERTEX_POINT('',#6305);
#6305 = CARTESIAN_POINT('',(80.056624327026,6.,1.6));
#6306 = LINE('',#6307,#6308);
#6307 = CARTESIAN_POINT('',(80.056624327026,6.,1.6));
#6308 = VECTOR('',#6309,1.);
#6309 = DIRECTION('',(0.,0.,1.));
#6310 = ORIENTED_EDGE('',*,*,#6311,.F.);
#6311 = EDGE_CURVE('',#6242,#6304,#6312,.T.);
#6312 = LINE('',#6313,#6314);
#6313 = CARTESIAN_POINT('',(82.943375672974,6.,1.6));
#6314 = VECTOR('',#6315,1.);
#6315 = DIRECTION('',(-1.,0.,0.));
#6316 = PLANE('',#6317);
#6317 = AXIS2_PLACEMENT_3D('',#6318,#6319,#6320);
#6318 = CARTESIAN_POINT('',(82.943375672974,6.,1.6));
#6319 = DIRECTION('',(0.,-1.,0.));
#6320 = DIRECTION('',(-1.,0.,0.));
#6321 = ADVANCED_FACE('',(#6322,#6349),#6360,.F.);
#6322 = FACE_BOUND('',#6323,.F.);
#6323 = EDGE_LOOP('',(#6324,#6325,#6326,#6334,#6342,#6348));
#6324 = ORIENTED_EDGE('',*,*,#6249,.T.);
#6325 = ORIENTED_EDGE('',*,*,#6311,.T.);
#6326 = ORIENTED_EDGE('',*,*,#6327,.T.);
#6327 = EDGE_CURVE('',#6304,#6328,#6330,.T.);
#6328 = VERTEX_POINT('',#6329);
#6329 = CARTESIAN_POINT('',(78.613248654052,3.5,1.6));
#6330 = LINE('',#6331,#6332);
#6331 = CARTESIAN_POINT('',(80.056624327026,6.,1.6));
#6332 = VECTOR('',#6333,1.);
#6333 = DIRECTION('',(-0.5,-0.866025403784,0.));
#6334 = ORIENTED_EDGE('',*,*,#6335,.T.);
#6335 = EDGE_CURVE('',#6328,#6336,#6338,.T.);
#6336 = VERTEX_POINT('',#6337);
#6337 = CARTESIAN_POINT('',(80.056624327026,1.,1.6));
#6338 = LINE('',#6339,#6340);
#6339 = CARTESIAN_POINT('',(78.613248654052,3.5,1.6));
#6340 = VECTOR('',#6341,1.);
#6341 = DIRECTION('',(0.5,-0.866025403784,0.));
#6342 = ORIENTED_EDGE('',*,*,#6343,.T.);
#6343 = EDGE_CURVE('',#6336,#6264,#6344,.T.);
#6344 = LINE('',#6345,#6346);
#6345 = CARTESIAN_POINT('',(80.056624327026,1.,1.6));
#6346 = VECTOR('',#6347,1.);
#6347 = DIRECTION('',(1.,-1.538370149107E-16,0.));
#6348 = ORIENTED_EDGE('',*,*,#6280,.T.);
#6349 = FACE_BOUND('',#6350,.F.);
#6350 = EDGE_LOOP('',(#6351));
#6351 = ORIENTED_EDGE('',*,*,#6352,.F.);
#6352 = EDGE_CURVE('',#6353,#6353,#6355,.T.);
#6353 = VERTEX_POINT('',#6354);
#6354 = CARTESIAN_POINT('',(82.75,3.5,1.6));
#6355 = CIRCLE('',#6356,1.25);
#6356 = AXIS2_PLACEMENT_3D('',#6357,#6358,#6359);
#6357 = CARTESIAN_POINT('',(81.5,3.5,1.6));
#6358 = DIRECTION('',(0.,0.,1.));
#6359 = DIRECTION('',(1.,0.,-0.));
#6360 = PLANE('',#6361);
#6361 = AXIS2_PLACEMENT_3D('',#6362,#6363,#6364);
#6362 = CARTESIAN_POINT('',(81.5,3.5,1.6));
#6363 = DIRECTION('',(0.,0.,1.));
#6364 = DIRECTION('',(1.,0.,-0.));
#6365 = ADVANCED_FACE('',(#6366,#6393),#6404,.T.);
#6366 = FACE_BOUND('',#6367,.T.);
#6367 = EDGE_LOOP('',(#6368,#6369,#6370,#6378,#6386,#6392));
#6368 = ORIENTED_EDGE('',*,*,#6233,.T.);
#6369 = ORIENTED_EDGE('',*,*,#6295,.T.);
#6370 = ORIENTED_EDGE('',*,*,#6371,.T.);
#6371 = EDGE_CURVE('',#6296,#6372,#6374,.T.);
#6372 = VERTEX_POINT('',#6373);
#6373 = CARTESIAN_POINT('',(78.613248654052,3.5,11.6));
#6374 = LINE('',#6375,#6376);
#6375 = CARTESIAN_POINT('',(80.056624327026,6.,11.6));
#6376 = VECTOR('',#6377,1.);
#6377 = DIRECTION('',(-0.5,-0.866025403784,0.));
#6378 = ORIENTED_EDGE('',*,*,#6379,.T.);
#6379 = EDGE_CURVE('',#6372,#6380,#6382,.T.);
#6380 = VERTEX_POINT('',#6381);
#6381 = CARTESIAN_POINT('',(80.056624327026,1.,11.6));
#6382 = LINE('',#6383,#6384);
#6383 = CARTESIAN_POINT('',(78.613248654052,3.5,11.6));
#6384 = VECTOR('',#6385,1.);
#6385 = DIRECTION('',(0.5,-0.866025403784,0.));
#6386 = ORIENTED_EDGE('',*,*,#6387,.T.);
#6387 = EDGE_CURVE('',#6380,#6266,#6388,.T.);
#6388 = LINE('',#6389,#6390);
#6389 = CARTESIAN_POINT('',(80.056624327026,1.,11.6));
#6390 = VECTOR('',#6391,1.);
#6391 = DIRECTION('',(1.,-1.538370149107E-16,0.));
#6392 = ORIENTED_EDGE('',*,*,#6273,.T.);
#6393 = FACE_BOUND('',#6394,.T.);
#6394 = EDGE_LOOP('',(#6395));
#6395 = ORIENTED_EDGE('',*,*,#6396,.F.);
#6396 = EDGE_CURVE('',#6397,#6397,#6399,.T.);
#6397 = VERTEX_POINT('',#6398);
#6398 = CARTESIAN_POINT('',(82.75,3.5,11.6));
#6399 = CIRCLE('',#6400,1.25);
#6400 = AXIS2_PLACEMENT_3D('',#6401,#6402,#6403);
#6401 = CARTESIAN_POINT('',(81.5,3.5,11.6));
#6402 = DIRECTION('',(0.,0.,1.));
#6403 = DIRECTION('',(1.,0.,-0.));
#6404 = PLANE('',#6405);
#6405 = AXIS2_PLACEMENT_3D('',#6406,#6407,#6408);
#6406 = CARTESIAN_POINT('',(81.5,3.5,11.6));
#6407 = DIRECTION('',(0.,0.,1.));
#6408 = DIRECTION('',(1.,0.,-0.));
#6409 = ADVANCED_FACE('',(#6410),#6421,.F.);
#6410 = FACE_BOUND('',#6411,.F.);
#6411 = EDGE_LOOP('',(#6412,#6418,#6419,#6420));
#6412 = ORIENTED_EDGE('',*,*,#6413,.T.);
#6413 = EDGE_CURVE('',#6336,#6380,#6414,.T.);
#6414 = LINE('',#6415,#6416);
#6415 = CARTESIAN_POINT('',(80.056624327026,1.,1.6));
#6416 = VECTOR('',#6417,1.);
#6417 = DIRECTION('',(0.,0.,1.));
#6418 = ORIENTED_EDGE('',*,*,#6387,.T.);
#6419 = ORIENTED_EDGE('',*,*,#6263,.F.);
#6420 = ORIENTED_EDGE('',*,*,#6343,.F.);
#6421 = PLANE('',#6422);
#6422 = AXIS2_PLACEMENT_3D('',#6423,#6424,#6425);
#6423 = CARTESIAN_POINT('',(80.056624327026,1.,1.6));
#6424 = DIRECTION('',(1.538370149107E-16,1.,-0.));
#6425 = DIRECTION('',(1.,-1.538370149107E-16,0.));
#6426 = ADVANCED_FACE('',(#6427),#6438,.F.);
#6427 = FACE_BOUND('',#6428,.F.);
#6428 = EDGE_LOOP('',(#6429,#6430,#6431,#6437));
#6429 = ORIENTED_EDGE('',*,*,#6303,.T.);
#6430 = ORIENTED_EDGE('',*,*,#6371,.T.);
#6431 = ORIENTED_EDGE('',*,*,#6432,.F.);
#6432 = EDGE_CURVE('',#6328,#6372,#6433,.T.);
#6433 = LINE('',#6434,#6435);
#6434 = CARTESIAN_POINT('',(78.613248654052,3.5,1.6));
#6435 = VECTOR('',#6436,1.);
#6436 = DIRECTION('',(0.,0.,1.));
#6437 = ORIENTED_EDGE('',*,*,#6327,.F.);
#6438 = PLANE('',#6439);
#6439 = AXIS2_PLACEMENT_3D('',#6440,#6441,#6442);
#6440 = CARTESIAN_POINT('',(80.056624327026,6.,1.6));
#6441 = DIRECTION('',(0.866025403784,-0.5,0.));
#6442 = DIRECTION('',(-0.5,-0.866025403784,0.));
#6443 = ADVANCED_FACE('',(#6444),#6450,.F.);
#6444 = FACE_BOUND('',#6445,.F.);
#6445 = EDGE_LOOP('',(#6446,#6447,#6448,#6449));
#6446 = ORIENTED_EDGE('',*,*,#6432,.T.);
#6447 = ORIENTED_EDGE('',*,*,#6379,.T.);
#6448 = ORIENTED_EDGE('',*,*,#6413,.F.);
#6449 = ORIENTED_EDGE('',*,*,#6335,.F.);
#6450 = PLANE('',#6451);
#6451 = AXIS2_PLACEMENT_3D('',#6452,#6453,#6454);
#6452 = CARTESIAN_POINT('',(78.613248654052,3.5,1.6));
#6453 = DIRECTION('',(0.866025403784,0.5,-0.));
#6454 = DIRECTION('',(0.5,-0.866025403784,0.));
#6455 = ADVANCED_FACE('',(#6456),#6467,.F.);
#6456 = FACE_BOUND('',#6457,.F.);
#6457 = EDGE_LOOP('',(#6458,#6459,#6465,#6466));
#6458 = ORIENTED_EDGE('',*,*,#6396,.F.);
#6459 = ORIENTED_EDGE('',*,*,#6460,.F.);
#6460 = EDGE_CURVE('',#6353,#6397,#6461,.T.);
#6461 = LINE('',#6462,#6463);
#6462 = CARTESIAN_POINT('',(82.75,3.5,0.6));
#6463 = VECTOR('',#6464,1.);
#6464 = DIRECTION('',(0.,0.,1.));
#6465 = ORIENTED_EDGE('',*,*,#6352,.T.);
#6466 = ORIENTED_EDGE('',*,*,#6460,.T.);
#6467 = CYLINDRICAL_SURFACE('',#6468,1.25);
#6468 = AXIS2_PLACEMENT_3D('',#6469,#6470,#6471);
#6469 = CARTESIAN_POINT('',(81.5,3.5,0.6));
#6470 = DIRECTION('',(0.,0.,1.));
#6471 = DIRECTION('',(1.,0.,-0.));
#6472 = MANIFOLD_SOLID_BREP('',#6473);
#6473 = CLOSED_SHELL('',(#6474,#6514,#6545,#6576,#6620,#6664,#6681,#6698
    ,#6710));
#6474 = ADVANCED_FACE('',(#6475),#6509,.F.);
#6475 = FACE_BOUND('',#6476,.F.);
#6476 = EDGE_LOOP('',(#6477,#6487,#6495,#6503));
#6477 = ORIENTED_EDGE('',*,*,#6478,.T.);
#6478 = EDGE_CURVE('',#6479,#6481,#6483,.T.);
#6479 = VERTEX_POINT('',#6480);
#6480 = CARTESIAN_POINT('',(26.386751345948,52.5,1.6));
#6481 = VERTEX_POINT('',#6482);
#6482 = CARTESIAN_POINT('',(26.386751345948,52.5,11.6));
#6483 = LINE('',#6484,#6485);
#6484 = CARTESIAN_POINT('',(26.386751345948,52.5,1.6));
#6485 = VECTOR('',#6486,1.);
#6486 = DIRECTION('',(0.,0.,1.));
#6487 = ORIENTED_EDGE('',*,*,#6488,.T.);
#6488 = EDGE_CURVE('',#6481,#6489,#6491,.T.);
#6489 = VERTEX_POINT('',#6490);
#6490 = CARTESIAN_POINT('',(24.943375672974,55.,11.6));
#6491 = LINE('',#6492,#6493);
#6492 = CARTESIAN_POINT('',(26.386751345948,52.5,11.6));
#6493 = VECTOR('',#6494,1.);
#6494 = DIRECTION('',(-0.5,0.866025403784,0.));
#6495 = ORIENTED_EDGE('',*,*,#6496,.F.);
#6496 = EDGE_CURVE('',#6497,#6489,#6499,.T.);
#6497 = VERTEX_POINT('',#6498);
#6498 = CARTESIAN_POINT('',(24.943375672974,55.,1.6));
#6499 = LINE('',#6500,#6501);
#6500 = CARTESIAN_POINT('',(24.943375672974,55.,1.6));
#6501 = VECTOR('',#6502,1.);
#6502 = DIRECTION('',(0.,0.,1.));
#6503 = ORIENTED_EDGE('',*,*,#6504,.F.);
#6504 = EDGE_CURVE('',#6479,#6497,#6505,.T.);
#6505 = LINE('',#6506,#6507);
#6506 = CARTESIAN_POINT('',(26.386751345948,52.5,1.6));
#6507 = VECTOR('',#6508,1.);
#6508 = DIRECTION('',(-0.5,0.866025403784,0.));
#6509 = PLANE('',#6510);
#6510 = AXIS2_PLACEMENT_3D('',#6511,#6512,#6513);
#6511 = CARTESIAN_POINT('',(26.386751345948,52.5,1.6));
#6512 = DIRECTION('',(-0.866025403784,-0.5,0.));
#6513 = DIRECTION('',(-0.5,0.866025403784,0.));
#6514 = ADVANCED_FACE('',(#6515),#6540,.F.);
#6515 = FACE_BOUND('',#6516,.F.);
#6516 = EDGE_LOOP('',(#6517,#6527,#6533,#6534));
#6517 = ORIENTED_EDGE('',*,*,#6518,.T.);
#6518 = EDGE_CURVE('',#6519,#6521,#6523,.T.);
#6519 = VERTEX_POINT('',#6520);
#6520 = CARTESIAN_POINT('',(24.943375672974,50.,1.6));
#6521 = VERTEX_POINT('',#6522);
#6522 = CARTESIAN_POINT('',(24.943375672974,50.,11.6));
#6523 = LINE('',#6524,#6525);
#6524 = CARTESIAN_POINT('',(24.943375672974,50.,1.6));
#6525 = VECTOR('',#6526,1.);
#6526 = DIRECTION('',(0.,0.,1.));
#6527 = ORIENTED_EDGE('',*,*,#6528,.T.);
#6528 = EDGE_CURVE('',#6521,#6481,#6529,.T.);
#6529 = LINE('',#6530,#6531);
#6530 = CARTESIAN_POINT('',(24.943375672974,50.,11.6));
#6531 = VECTOR('',#6532,1.);
#6532 = DIRECTION('',(0.5,0.866025403784,0.));
#6533 = ORIENTED_EDGE('',*,*,#6478,.F.);
#6534 = ORIENTED_EDGE('',*,*,#6535,.F.);
#6535 = EDGE_CURVE('',#6519,#6479,#6536,.T.);
#6536 = LINE('',#6537,#6538);
#6537 = CARTESIAN_POINT('',(24.943375672974,50.,1.6));
#6538 = VECTOR('',#6539,1.);
#6539 = DIRECTION('',(0.5,0.866025403784,0.));
#6540 = PLANE('',#6541);
#6541 = AXIS2_PLACEMENT_3D('',#6542,#6543,#6544);
#6542 = CARTESIAN_POINT('',(24.943375672974,50.,1.6));
#6543 = DIRECTION('',(-0.866025403784,0.5,0.));
#6544 = DIRECTION('',(0.5,0.866025403784,0.));
#6545 = ADVANCED_FACE('',(#6546),#6571,.F.);
#6546 = FACE_BOUND('',#6547,.F.);
#6547 = EDGE_LOOP('',(#6548,#6549,#6557,#6565));
#6548 = ORIENTED_EDGE('',*,*,#6496,.T.);
#6549 = ORIENTED_EDGE('',*,*,#6550,.T.);
#6550 = EDGE_CURVE('',#6489,#6551,#6553,.T.);
#6551 = VERTEX_POINT('',#6552);
#6552 = CARTESIAN_POINT('',(22.056624327026,55.,11.6));
#6553 = LINE('',#6554,#6555);
#6554 = CARTESIAN_POINT('',(24.943375672974,55.,11.6));
#6555 = VECTOR('',#6556,1.);
#6556 = DIRECTION('',(-1.,0.,0.));
#6557 = ORIENTED_EDGE('',*,*,#6558,.F.);
#6558 = EDGE_CURVE('',#6559,#6551,#6561,.T.);
#6559 = VERTEX_POINT('',#6560);
#6560 = CARTESIAN_POINT('',(22.056624327026,55.,1.6));
#6561 = LINE('',#6562,#6563);
#6562 = CARTESIAN_POINT('',(22.056624327026,55.,1.6));
#6563 = VECTOR('',#6564,1.);
#6564 = DIRECTION('',(0.,0.,1.));
#6565 = ORIENTED_EDGE('',*,*,#6566,.F.);
#6566 = EDGE_CURVE('',#6497,#6559,#6567,.T.);
#6567 = LINE('',#6568,#6569);
#6568 = CARTESIAN_POINT('',(24.943375672974,55.,1.6));
#6569 = VECTOR('',#6570,1.);
#6570 = DIRECTION('',(-1.,0.,0.));
#6571 = PLANE('',#6572);
#6572 = AXIS2_PLACEMENT_3D('',#6573,#6574,#6575);
#6573 = CARTESIAN_POINT('',(24.943375672974,55.,1.6));
#6574 = DIRECTION('',(0.,-1.,0.));
#6575 = DIRECTION('',(-1.,0.,0.));
#6576 = ADVANCED_FACE('',(#6577,#6604),#6615,.F.);
#6577 = FACE_BOUND('',#6578,.F.);
#6578 = EDGE_LOOP('',(#6579,#6580,#6581,#6589,#6597,#6603));
#6579 = ORIENTED_EDGE('',*,*,#6504,.T.);
#6580 = ORIENTED_EDGE('',*,*,#6566,.T.);
#6581 = ORIENTED_EDGE('',*,*,#6582,.T.);
#6582 = EDGE_CURVE('',#6559,#6583,#6585,.T.);
#6583 = VERTEX_POINT('',#6584);
#6584 = CARTESIAN_POINT('',(20.613248654052,52.5,1.6));
#6585 = LINE('',#6586,#6587);
#6586 = CARTESIAN_POINT('',(22.056624327026,55.,1.6));
#6587 = VECTOR('',#6588,1.);
#6588 = DIRECTION('',(-0.5,-0.866025403784,0.));
#6589 = ORIENTED_EDGE('',*,*,#6590,.T.);
#6590 = EDGE_CURVE('',#6583,#6591,#6593,.T.);
#6591 = VERTEX_POINT('',#6592);
#6592 = CARTESIAN_POINT('',(22.056624327026,50.,1.6));
#6593 = LINE('',#6594,#6595);
#6594 = CARTESIAN_POINT('',(20.613248654052,52.5,1.6));
#6595 = VECTOR('',#6596,1.);
#6596 = DIRECTION('',(0.5,-0.866025403784,0.));
#6597 = ORIENTED_EDGE('',*,*,#6598,.T.);
#6598 = EDGE_CURVE('',#6591,#6519,#6599,.T.);
#6599 = LINE('',#6600,#6601);
#6600 = CARTESIAN_POINT('',(22.056624327026,50.,1.6));
#6601 = VECTOR('',#6602,1.);
#6602 = DIRECTION('',(1.,0.,0.));
#6603 = ORIENTED_EDGE('',*,*,#6535,.T.);
#6604 = FACE_BOUND('',#6605,.F.);
#6605 = EDGE_LOOP('',(#6606));
#6606 = ORIENTED_EDGE('',*,*,#6607,.F.);
#6607 = EDGE_CURVE('',#6608,#6608,#6610,.T.);
#6608 = VERTEX_POINT('',#6609);
#6609 = CARTESIAN_POINT('',(24.75,52.5,1.6));
#6610 = CIRCLE('',#6611,1.25);
#6611 = AXIS2_PLACEMENT_3D('',#6612,#6613,#6614);
#6612 = CARTESIAN_POINT('',(23.5,52.5,1.6));
#6613 = DIRECTION('',(0.,0.,1.));
#6614 = DIRECTION('',(1.,0.,-0.));
#6615 = PLANE('',#6616);
#6616 = AXIS2_PLACEMENT_3D('',#6617,#6618,#6619);
#6617 = CARTESIAN_POINT('',(23.5,52.5,1.6));
#6618 = DIRECTION('',(0.,0.,1.));
#6619 = DIRECTION('',(1.,0.,-0.));
#6620 = ADVANCED_FACE('',(#6621,#6648),#6659,.T.);
#6621 = FACE_BOUND('',#6622,.T.);
#6622 = EDGE_LOOP('',(#6623,#6624,#6625,#6633,#6641,#6647));
#6623 = ORIENTED_EDGE('',*,*,#6488,.T.);
#6624 = ORIENTED_EDGE('',*,*,#6550,.T.);
#6625 = ORIENTED_EDGE('',*,*,#6626,.T.);
#6626 = EDGE_CURVE('',#6551,#6627,#6629,.T.);
#6627 = VERTEX_POINT('',#6628);
#6628 = CARTESIAN_POINT('',(20.613248654052,52.5,11.6));
#6629 = LINE('',#6630,#6631);
#6630 = CARTESIAN_POINT('',(22.056624327026,55.,11.6));
#6631 = VECTOR('',#6632,1.);
#6632 = DIRECTION('',(-0.5,-0.866025403784,0.));
#6633 = ORIENTED_EDGE('',*,*,#6634,.T.);
#6634 = EDGE_CURVE('',#6627,#6635,#6637,.T.);
#6635 = VERTEX_POINT('',#6636);
#6636 = CARTESIAN_POINT('',(22.056624327026,50.,11.6));
#6637 = LINE('',#6638,#6639);
#6638 = CARTESIAN_POINT('',(20.613248654052,52.5,11.6));
#6639 = VECTOR('',#6640,1.);
#6640 = DIRECTION('',(0.5,-0.866025403784,0.));
#6641 = ORIENTED_EDGE('',*,*,#6642,.T.);
#6642 = EDGE_CURVE('',#6635,#6521,#6643,.T.);
#6643 = LINE('',#6644,#6645);
#6644 = CARTESIAN_POINT('',(22.056624327026,50.,11.6));
#6645 = VECTOR('',#6646,1.);
#6646 = DIRECTION('',(1.,0.,0.));
#6647 = ORIENTED_EDGE('',*,*,#6528,.T.);
#6648 = FACE_BOUND('',#6649,.T.);
#6649 = EDGE_LOOP('',(#6650));
#6650 = ORIENTED_EDGE('',*,*,#6651,.F.);
#6651 = EDGE_CURVE('',#6652,#6652,#6654,.T.);
#6652 = VERTEX_POINT('',#6653);
#6653 = CARTESIAN_POINT('',(24.75,52.5,11.6));
#6654 = CIRCLE('',#6655,1.25);
#6655 = AXIS2_PLACEMENT_3D('',#6656,#6657,#6658);
#6656 = CARTESIAN_POINT('',(23.5,52.5,11.6));
#6657 = DIRECTION('',(0.,0.,1.));
#6658 = DIRECTION('',(1.,0.,-0.));
#6659 = PLANE('',#6660);
#6660 = AXIS2_PLACEMENT_3D('',#6661,#6662,#6663);
#6661 = CARTESIAN_POINT('',(23.5,52.5,11.6));
#6662 = DIRECTION('',(0.,0.,1.));
#6663 = DIRECTION('',(1.,0.,-0.));
#6664 = ADVANCED_FACE('',(#6665),#6676,.F.);
#6665 = FACE_BOUND('',#6666,.F.);
#6666 = EDGE_LOOP('',(#6667,#6673,#6674,#6675));
#6667 = ORIENTED_EDGE('',*,*,#6668,.T.);
#6668 = EDGE_CURVE('',#6591,#6635,#6669,.T.);
#6669 = LINE('',#6670,#6671);
#6670 = CARTESIAN_POINT('',(22.056624327026,50.,1.6));
#6671 = VECTOR('',#6672,1.);
#6672 = DIRECTION('',(0.,0.,1.));
#6673 = ORIENTED_EDGE('',*,*,#6642,.T.);
#6674 = ORIENTED_EDGE('',*,*,#6518,.F.);
#6675 = ORIENTED_EDGE('',*,*,#6598,.F.);
#6676 = PLANE('',#6677);
#6677 = AXIS2_PLACEMENT_3D('',#6678,#6679,#6680);
#6678 = CARTESIAN_POINT('',(22.056624327026,50.,1.6));
#6679 = DIRECTION('',(0.,1.,0.));
#6680 = DIRECTION('',(1.,0.,0.));
#6681 = ADVANCED_FACE('',(#6682),#6693,.F.);
#6682 = FACE_BOUND('',#6683,.F.);
#6683 = EDGE_LOOP('',(#6684,#6685,#6686,#6692));
#6684 = ORIENTED_EDGE('',*,*,#6558,.T.);
#6685 = ORIENTED_EDGE('',*,*,#6626,.T.);
#6686 = ORIENTED_EDGE('',*,*,#6687,.F.);
#6687 = EDGE_CURVE('',#6583,#6627,#6688,.T.);
#6688 = LINE('',#6689,#6690);
#6689 = CARTESIAN_POINT('',(20.613248654052,52.5,1.6));
#6690 = VECTOR('',#6691,1.);
#6691 = DIRECTION('',(0.,0.,1.));
#6692 = ORIENTED_EDGE('',*,*,#6582,.F.);
#6693 = PLANE('',#6694);
#6694 = AXIS2_PLACEMENT_3D('',#6695,#6696,#6697);
#6695 = CARTESIAN_POINT('',(22.056624327026,55.,1.6));
#6696 = DIRECTION('',(0.866025403784,-0.5,0.));
#6697 = DIRECTION('',(-0.5,-0.866025403784,0.));
#6698 = ADVANCED_FACE('',(#6699),#6705,.F.);
#6699 = FACE_BOUND('',#6700,.F.);
#6700 = EDGE_LOOP('',(#6701,#6702,#6703,#6704));
#6701 = ORIENTED_EDGE('',*,*,#6687,.T.);
#6702 = ORIENTED_EDGE('',*,*,#6634,.T.);
#6703 = ORIENTED_EDGE('',*,*,#6668,.F.);
#6704 = ORIENTED_EDGE('',*,*,#6590,.F.);
#6705 = PLANE('',#6706);
#6706 = AXIS2_PLACEMENT_3D('',#6707,#6708,#6709);
#6707 = CARTESIAN_POINT('',(20.613248654052,52.5,1.6));
#6708 = DIRECTION('',(0.866025403784,0.5,-0.));
#6709 = DIRECTION('',(0.5,-0.866025403784,0.));
#6710 = ADVANCED_FACE('',(#6711),#6722,.F.);
#6711 = FACE_BOUND('',#6712,.F.);
#6712 = EDGE_LOOP('',(#6713,#6714,#6720,#6721));
#6713 = ORIENTED_EDGE('',*,*,#6651,.F.);
#6714 = ORIENTED_EDGE('',*,*,#6715,.F.);
#6715 = EDGE_CURVE('',#6608,#6652,#6716,.T.);
#6716 = LINE('',#6717,#6718);
#6717 = CARTESIAN_POINT('',(24.75,52.5,0.6));
#6718 = VECTOR('',#6719,1.);
#6719 = DIRECTION('',(0.,0.,1.));
#6720 = ORIENTED_EDGE('',*,*,#6607,.T.);
#6721 = ORIENTED_EDGE('',*,*,#6715,.T.);
#6722 = CYLINDRICAL_SURFACE('',#6723,1.25);
#6723 = AXIS2_PLACEMENT_3D('',#6724,#6725,#6726);
#6724 = CARTESIAN_POINT('',(23.5,52.5,0.6));
#6725 = DIRECTION('',(0.,0.,1.));
#6726 = DIRECTION('',(1.,0.,-0.));
#6727 = MANIFOLD_SOLID_BREP('',#6728);
#6728 = CLOSED_SHELL('',(#6729,#6769,#6800,#6831,#6875,#6919,#6936,#6953
    ,#6965));
#6729 = ADVANCED_FACE('',(#6730),#6764,.F.);
#6730 = FACE_BOUND('',#6731,.F.);
#6731 = EDGE_LOOP('',(#6732,#6742,#6750,#6758));
#6732 = ORIENTED_EDGE('',*,*,#6733,.T.);
#6733 = EDGE_CURVE('',#6734,#6736,#6738,.T.);
#6734 = VERTEX_POINT('',#6735);
#6735 = CARTESIAN_POINT('',(84.386751345948,52.5,1.6));
#6736 = VERTEX_POINT('',#6737);
#6737 = CARTESIAN_POINT('',(84.386751345948,52.5,11.6));
#6738 = LINE('',#6739,#6740);
#6739 = CARTESIAN_POINT('',(84.386751345948,52.5,1.6));
#6740 = VECTOR('',#6741,1.);
#6741 = DIRECTION('',(0.,0.,1.));
#6742 = ORIENTED_EDGE('',*,*,#6743,.T.);
#6743 = EDGE_CURVE('',#6736,#6744,#6746,.T.);
#6744 = VERTEX_POINT('',#6745);
#6745 = CARTESIAN_POINT('',(82.943375672974,55.,11.6));
#6746 = LINE('',#6747,#6748);
#6747 = CARTESIAN_POINT('',(84.386751345948,52.5,11.6));
#6748 = VECTOR('',#6749,1.);
#6749 = DIRECTION('',(-0.5,0.866025403784,0.));
#6750 = ORIENTED_EDGE('',*,*,#6751,.F.);
#6751 = EDGE_CURVE('',#6752,#6744,#6754,.T.);
#6752 = VERTEX_POINT('',#6753);
#6753 = CARTESIAN_POINT('',(82.943375672974,55.,1.6));
#6754 = LINE('',#6755,#6756);
#6755 = CARTESIAN_POINT('',(82.943375672974,55.,1.6));
#6756 = VECTOR('',#6757,1.);
#6757 = DIRECTION('',(0.,0.,1.));
#6758 = ORIENTED_EDGE('',*,*,#6759,.F.);
#6759 = EDGE_CURVE('',#6734,#6752,#6760,.T.);
#6760 = LINE('',#6761,#6762);
#6761 = CARTESIAN_POINT('',(84.386751345948,52.5,1.6));
#6762 = VECTOR('',#6763,1.);
#6763 = DIRECTION('',(-0.5,0.866025403784,0.));
#6764 = PLANE('',#6765);
#6765 = AXIS2_PLACEMENT_3D('',#6766,#6767,#6768);
#6766 = CARTESIAN_POINT('',(84.386751345948,52.5,1.6));
#6767 = DIRECTION('',(-0.866025403784,-0.5,0.));
#6768 = DIRECTION('',(-0.5,0.866025403784,0.));
#6769 = ADVANCED_FACE('',(#6770),#6795,.F.);
#6770 = FACE_BOUND('',#6771,.F.);
#6771 = EDGE_LOOP('',(#6772,#6782,#6788,#6789));
#6772 = ORIENTED_EDGE('',*,*,#6773,.T.);
#6773 = EDGE_CURVE('',#6774,#6776,#6778,.T.);
#6774 = VERTEX_POINT('',#6775);
#6775 = CARTESIAN_POINT('',(82.943375672974,50.,1.6));
#6776 = VERTEX_POINT('',#6777);
#6777 = CARTESIAN_POINT('',(82.943375672974,50.,11.6));
#6778 = LINE('',#6779,#6780);
#6779 = CARTESIAN_POINT('',(82.943375672974,50.,1.6));
#6780 = VECTOR('',#6781,1.);
#6781 = DIRECTION('',(0.,0.,1.));
#6782 = ORIENTED_EDGE('',*,*,#6783,.T.);
#6783 = EDGE_CURVE('',#6776,#6736,#6784,.T.);
#6784 = LINE('',#6785,#6786);
#6785 = CARTESIAN_POINT('',(82.943375672974,50.,11.6));
#6786 = VECTOR('',#6787,1.);
#6787 = DIRECTION('',(0.5,0.866025403784,0.));
#6788 = ORIENTED_EDGE('',*,*,#6733,.F.);
#6789 = ORIENTED_EDGE('',*,*,#6790,.F.);
#6790 = EDGE_CURVE('',#6774,#6734,#6791,.T.);
#6791 = LINE('',#6792,#6793);
#6792 = CARTESIAN_POINT('',(82.943375672974,50.,1.6));
#6793 = VECTOR('',#6794,1.);
#6794 = DIRECTION('',(0.5,0.866025403784,0.));
#6795 = PLANE('',#6796);
#6796 = AXIS2_PLACEMENT_3D('',#6797,#6798,#6799);
#6797 = CARTESIAN_POINT('',(82.943375672974,50.,1.6));
#6798 = DIRECTION('',(-0.866025403784,0.5,0.));
#6799 = DIRECTION('',(0.5,0.866025403784,0.));
#6800 = ADVANCED_FACE('',(#6801),#6826,.F.);
#6801 = FACE_BOUND('',#6802,.F.);
#6802 = EDGE_LOOP('',(#6803,#6804,#6812,#6820));
#6803 = ORIENTED_EDGE('',*,*,#6751,.T.);
#6804 = ORIENTED_EDGE('',*,*,#6805,.T.);
#6805 = EDGE_CURVE('',#6744,#6806,#6808,.T.);
#6806 = VERTEX_POINT('',#6807);
#6807 = CARTESIAN_POINT('',(80.056624327026,55.,11.6));
#6808 = LINE('',#6809,#6810);
#6809 = CARTESIAN_POINT('',(82.943375672974,55.,11.6));
#6810 = VECTOR('',#6811,1.);
#6811 = DIRECTION('',(-1.,0.,0.));
#6812 = ORIENTED_EDGE('',*,*,#6813,.F.);
#6813 = EDGE_CURVE('',#6814,#6806,#6816,.T.);
#6814 = VERTEX_POINT('',#6815);
#6815 = CARTESIAN_POINT('',(80.056624327026,55.,1.6));
#6816 = LINE('',#6817,#6818);
#6817 = CARTESIAN_POINT('',(80.056624327026,55.,1.6));
#6818 = VECTOR('',#6819,1.);
#6819 = DIRECTION('',(0.,0.,1.));
#6820 = ORIENTED_EDGE('',*,*,#6821,.F.);
#6821 = EDGE_CURVE('',#6752,#6814,#6822,.T.);
#6822 = LINE('',#6823,#6824);
#6823 = CARTESIAN_POINT('',(82.943375672974,55.,1.6));
#6824 = VECTOR('',#6825,1.);
#6825 = DIRECTION('',(-1.,0.,0.));
#6826 = PLANE('',#6827);
#6827 = AXIS2_PLACEMENT_3D('',#6828,#6829,#6830);
#6828 = CARTESIAN_POINT('',(82.943375672974,55.,1.6));
#6829 = DIRECTION('',(0.,-1.,0.));
#6830 = DIRECTION('',(-1.,0.,0.));
#6831 = ADVANCED_FACE('',(#6832,#6859),#6870,.F.);
#6832 = FACE_BOUND('',#6833,.F.);
#6833 = EDGE_LOOP('',(#6834,#6835,#6836,#6844,#6852,#6858));
#6834 = ORIENTED_EDGE('',*,*,#6759,.T.);
#6835 = ORIENTED_EDGE('',*,*,#6821,.T.);
#6836 = ORIENTED_EDGE('',*,*,#6837,.T.);
#6837 = EDGE_CURVE('',#6814,#6838,#6840,.T.);
#6838 = VERTEX_POINT('',#6839);
#6839 = CARTESIAN_POINT('',(78.613248654052,52.5,1.6));
#6840 = LINE('',#6841,#6842);
#6841 = CARTESIAN_POINT('',(80.056624327026,55.,1.6));
#6842 = VECTOR('',#6843,1.);
#6843 = DIRECTION('',(-0.5,-0.866025403784,0.));
#6844 = ORIENTED_EDGE('',*,*,#6845,.T.);
#6845 = EDGE_CURVE('',#6838,#6846,#6848,.T.);
#6846 = VERTEX_POINT('',#6847);
#6847 = CARTESIAN_POINT('',(80.056624327026,50.,1.6));
#6848 = LINE('',#6849,#6850);
#6849 = CARTESIAN_POINT('',(78.613248654052,52.5,1.6));
#6850 = VECTOR('',#6851,1.);
#6851 = DIRECTION('',(0.5,-0.866025403784,0.));
#6852 = ORIENTED_EDGE('',*,*,#6853,.T.);
#6853 = EDGE_CURVE('',#6846,#6774,#6854,.T.);
#6854 = LINE('',#6855,#6856);
#6855 = CARTESIAN_POINT('',(80.056624327026,50.,1.6));
#6856 = VECTOR('',#6857,1.);
#6857 = DIRECTION('',(1.,0.,0.));
#6858 = ORIENTED_EDGE('',*,*,#6790,.T.);
#6859 = FACE_BOUND('',#6860,.F.);
#6860 = EDGE_LOOP('',(#6861));
#6861 = ORIENTED_EDGE('',*,*,#6862,.F.);
#6862 = EDGE_CURVE('',#6863,#6863,#6865,.T.);
#6863 = VERTEX_POINT('',#6864);
#6864 = CARTESIAN_POINT('',(82.75,52.5,1.6));
#6865 = CIRCLE('',#6866,1.25);
#6866 = AXIS2_PLACEMENT_3D('',#6867,#6868,#6869);
#6867 = CARTESIAN_POINT('',(81.5,52.5,1.6));
#6868 = DIRECTION('',(0.,0.,1.));
#6869 = DIRECTION('',(1.,0.,-0.));
#6870 = PLANE('',#6871);
#6871 = AXIS2_PLACEMENT_3D('',#6872,#6873,#6874);
#6872 = CARTESIAN_POINT('',(81.5,52.5,1.6));
#6873 = DIRECTION('',(0.,0.,1.));
#6874 = DIRECTION('',(1.,0.,-0.));
#6875 = ADVANCED_FACE('',(#6876,#6903),#6914,.T.);
#6876 = FACE_BOUND('',#6877,.T.);
#6877 = EDGE_LOOP('',(#6878,#6879,#6880,#6888,#6896,#6902));
#6878 = ORIENTED_EDGE('',*,*,#6743,.T.);
#6879 = ORIENTED_EDGE('',*,*,#6805,.T.);
#6880 = ORIENTED_EDGE('',*,*,#6881,.T.);
#6881 = EDGE_CURVE('',#6806,#6882,#6884,.T.);
#6882 = VERTEX_POINT('',#6883);
#6883 = CARTESIAN_POINT('',(78.613248654052,52.5,11.6));
#6884 = LINE('',#6885,#6886);
#6885 = CARTESIAN_POINT('',(80.056624327026,55.,11.6));
#6886 = VECTOR('',#6887,1.);
#6887 = DIRECTION('',(-0.5,-0.866025403784,0.));
#6888 = ORIENTED_EDGE('',*,*,#6889,.T.);
#6889 = EDGE_CURVE('',#6882,#6890,#6892,.T.);
#6890 = VERTEX_POINT('',#6891);
#6891 = CARTESIAN_POINT('',(80.056624327026,50.,11.6));
#6892 = LINE('',#6893,#6894);
#6893 = CARTESIAN_POINT('',(78.613248654052,52.5,11.6));
#6894 = VECTOR('',#6895,1.);
#6895 = DIRECTION('',(0.5,-0.866025403784,0.));
#6896 = ORIENTED_EDGE('',*,*,#6897,.T.);
#6897 = EDGE_CURVE('',#6890,#6776,#6898,.T.);
#6898 = LINE('',#6899,#6900);
#6899 = CARTESIAN_POINT('',(80.056624327026,50.,11.6));
#6900 = VECTOR('',#6901,1.);
#6901 = DIRECTION('',(1.,0.,0.));
#6902 = ORIENTED_EDGE('',*,*,#6783,.T.);
#6903 = FACE_BOUND('',#6904,.T.);
#6904 = EDGE_LOOP('',(#6905));
#6905 = ORIENTED_EDGE('',*,*,#6906,.F.);
#6906 = EDGE_CURVE('',#6907,#6907,#6909,.T.);
#6907 = VERTEX_POINT('',#6908);
#6908 = CARTESIAN_POINT('',(82.75,52.5,11.6));
#6909 = CIRCLE('',#6910,1.25);
#6910 = AXIS2_PLACEMENT_3D('',#6911,#6912,#6913);
#6911 = CARTESIAN_POINT('',(81.5,52.5,11.6));
#6912 = DIRECTION('',(0.,0.,1.));
#6913 = DIRECTION('',(1.,0.,-0.));
#6914 = PLANE('',#6915);
#6915 = AXIS2_PLACEMENT_3D('',#6916,#6917,#6918);
#6916 = CARTESIAN_POINT('',(81.5,52.5,11.6));
#6917 = DIRECTION('',(0.,0.,1.));
#6918 = DIRECTION('',(1.,0.,-0.));
#6919 = ADVANCED_FACE('',(#6920),#6931,.F.);
#6920 = FACE_BOUND('',#6921,.F.);
#6921 = EDGE_LOOP('',(#6922,#6928,#6929,#6930));
#6922 = ORIENTED_EDGE('',*,*,#6923,.T.);
#6923 = EDGE_CURVE('',#6846,#6890,#6924,.T.);
#6924 = LINE('',#6925,#6926);
#6925 = CARTESIAN_POINT('',(80.056624327026,50.,1.6));
#6926 = VECTOR('',#6927,1.);
#6927 = DIRECTION('',(0.,0.,1.));
#6928 = ORIENTED_EDGE('',*,*,#6897,.T.);
#6929 = ORIENTED_EDGE('',*,*,#6773,.F.);
#6930 = ORIENTED_EDGE('',*,*,#6853,.F.);
#6931 = PLANE('',#6932);
#6932 = AXIS2_PLACEMENT_3D('',#6933,#6934,#6935);
#6933 = CARTESIAN_POINT('',(80.056624327026,50.,1.6));
#6934 = DIRECTION('',(0.,1.,0.));
#6935 = DIRECTION('',(1.,0.,0.));
#6936 = ADVANCED_FACE('',(#6937),#6948,.F.);
#6937 = FACE_BOUND('',#6938,.F.);
#6938 = EDGE_LOOP('',(#6939,#6940,#6941,#6947));
#6939 = ORIENTED_EDGE('',*,*,#6813,.T.);
#6940 = ORIENTED_EDGE('',*,*,#6881,.T.);
#6941 = ORIENTED_EDGE('',*,*,#6942,.F.);
#6942 = EDGE_CURVE('',#6838,#6882,#6943,.T.);
#6943 = LINE('',#6944,#6945);
#6944 = CARTESIAN_POINT('',(78.613248654052,52.5,1.6));
#6945 = VECTOR('',#6946,1.);
#6946 = DIRECTION('',(0.,0.,1.));
#6947 = ORIENTED_EDGE('',*,*,#6837,.F.);
#6948 = PLANE('',#6949);
#6949 = AXIS2_PLACEMENT_3D('',#6950,#6951,#6952);
#6950 = CARTESIAN_POINT('',(80.056624327026,55.,1.6));
#6951 = DIRECTION('',(0.866025403784,-0.5,0.));
#6952 = DIRECTION('',(-0.5,-0.866025403784,0.));
#6953 = ADVANCED_FACE('',(#6954),#6960,.F.);
#6954 = FACE_BOUND('',#6955,.F.);
#6955 = EDGE_LOOP('',(#6956,#6957,#6958,#6959));
#6956 = ORIENTED_EDGE('',*,*,#6942,.T.);
#6957 = ORIENTED_EDGE('',*,*,#6889,.T.);
#6958 = ORIENTED_EDGE('',*,*,#6923,.F.);
#6959 = ORIENTED_EDGE('',*,*,#6845,.F.);
#6960 = PLANE('',#6961);
#6961 = AXIS2_PLACEMENT_3D('',#6962,#6963,#6964);
#6962 = CARTESIAN_POINT('',(78.613248654052,52.5,1.6));
#6963 = DIRECTION('',(0.866025403784,0.5,-0.));
#6964 = DIRECTION('',(0.5,-0.866025403784,0.));
#6965 = ADVANCED_FACE('',(#6966),#6977,.F.);
#6966 = FACE_BOUND('',#6967,.F.);
#6967 = EDGE_LOOP('',(#6968,#6969,#6975,#6976));
#6968 = ORIENTED_EDGE('',*,*,#6906,.F.);
#6969 = ORIENTED_EDGE('',*,*,#6970,.F.);
#6970 = EDGE_CURVE('',#6863,#6907,#6971,.T.);
#6971 = LINE('',#6972,#6973);
#6972 = CARTESIAN_POINT('',(82.75,52.5,0.6));
#6973 = VECTOR('',#6974,1.);
#6974 = DIRECTION('',(0.,0.,1.));
#6975 = ORIENTED_EDGE('',*,*,#6862,.T.);
#6976 = ORIENTED_EDGE('',*,*,#6970,.T.);
#6977 = CYLINDRICAL_SURFACE('',#6978,1.25);
#6978 = AXIS2_PLACEMENT_3D('',#6979,#6980,#6981);
#6979 = CARTESIAN_POINT('',(81.5,52.5,0.6));
#6980 = DIRECTION('',(0.,0.,1.));
#6981 = DIRECTION('',(1.,0.,-0.));
#6982 = ( GEOMETRIC_REPRESENTATION_CONTEXT(3) 
GLOBAL_UNCERTAINTY_ASSIGNED_CONTEXT((#6986)) 
GLOBAL_UNIT_ASSIGNED_CONTEXT((#6983,#6984,#6985)) REPRESENTATION_CONTEXT
('Context #1','3D Context with UNIT and UNCERTAINTY') );
#6983 = ( LENGTH_UNIT() NAMED_UNIT(*) SI_UNIT(.MILLI.,.METRE.) );
#6984 = ( NAMED_UNIT(*) PLANE_ANGLE_UNIT() SI_UNIT($,.RADIAN.) );
#6985 = ( NAMED_UNIT(*) SI_UNIT($,.STERADIAN.) SOLID_ANGLE_UNIT() );
#6986 = UNCERTAINTY_MEASURE_WITH_UNIT(LENGTH_MEASURE(1.E-07),#6983,
  'distance_accuracy_value','confusion accuracy');
#6987 = CONTEXT_DEPENDENT_SHAPE_REPRESENTATION(#6988,#6990);
#6988 = ( REPRESENTATION_RELATIONSHIP('','',#5961,#10) 
REPRESENTATION_RELATIONSHIP_WITH_TRANSFORMATION(#6989) 
SHAPE_REPRESENTATION_RELATIONSHIP() );
#6989 = ITEM_DEFINED_TRANSFORMATION('','',#11,#83);
#6990 = PRODUCT_DEFINITION_SHAPE('Placement','Placement of an item',
  #6991);
#6991 = NEXT_ASSEMBLY_USAGE_OCCURRENCE('18','Standoffs M2.5 (kit)','',#5
  ,#5956,$);
#6992 = PRODUCT_RELATED_PRODUCT_CATEGORY('part',$,(#5958));
ENDSEC;
END-ISO-10303-21;
